customer_id,churned,churn_date,churn_reason,churn_probability_raw,clv_egp
C10001,1,2024-11-22,Price,0.4719,14208.93
C10002,0,,No churn,0.4264,12054.74
C10003,1,2024-07-25,Moving,0.7347,39227.81
C10004,1,2024-08-16,Competitor offer,0.5806,23863.79
C10005,0,,No churn,0.1957,3547.45
C10006,0,,No churn,0.2098,14549.38
C10007,0,,No churn,0.1449,7747.36
C10008,1,2024-12-10,Network quality,0.6904,6295.84
C10009,0,,No churn,0.2023,11912.37
C10010,1,2024-12-07,Network quality,0.9064,21004.1
C10011,0,,No churn,0.1813,8131.53
C10012,1,2024-12-16,Competitor offer,0.1429,7879.19
C10013,0,,No churn,0.662,31737.47
C10014,0,,No churn,0.0373,11539.99
C10015,1,2024-07-08,Price,0.3737,7742.02
C10016,1,2024-07-11,Competitor offer,0.4605,10702.77
C10017,0,,No churn,0.5015,28218.42
C10018,0,,No churn,0.8376,25376.36
C10019,0,,No churn,0.0839,7385.14
C10020,1,2024-12-05,Price,0.4925,16810.03
C10021,0,,No churn,0.5649,32537.28
C10022,1,2024-07-26,Competitor offer,0.7952,7989.42
C10023,1,2024-09-14,Price,0.8294,18764.08
C10024,0,,No churn,0.3545,6549.74
C10025,1,2024-10-02,Poor service,0.2787,12453.17
C10026,0,,No churn,0.2222,9353.92
C10027,1,2024-08-28,Moving,0.2492,5648.71
C10028,1,2024-10-15,Poor service,0.4623,10186.58
C10029,1,2024-08-14,Poor service,0.9031,16549.23
C10030,0,,No churn,0.3851,13921.64
C10031,1,2024-07-15,Network quality,0.7483,10593.36
C10032,1,2024-07-23,Price,0.2331,8925.23
C10033,0,,No churn,0.6329,28064.63
C10034,0,,No churn,0.7378,8570.83
C10035,0,,No churn,0.4572,18815.82
C10036,0,,No churn,0.2403,18962.5
C10037,1,2024-10-08,Other,0.2852,20918.33
C10038,1,2024-09-20,Competitor offer,0.3644,29305.58
C10039,0,,No churn,0.2164,18015.63
C10040,1,2024-10-10,Network quality,0.3452,26444.05
C10041,0,,No churn,0.2129,24614.91
C10042,1,2024-11-16,Price,0.9143,18188.54
C10043,0,,No churn,0.5379,25679.03
C10044,0,,No churn,0.0854,9766.57
C10045,0,,No churn,0.389,17391.21
C10046,0,,No churn,0.3707,25083.32
C10047,0,,No churn,0.2796,7470.53
C10048,0,,No churn,0.2573,7863.85
C10049,1,2024-12-01,Poor service,0.3252,13520.92
C10050,1,2024-11-15,Moving,0.6393,41841.77
C10051,0,,No churn,0.5274,4650.66
C10052,0,,No churn,0.1665,2638.86
C10053,1,2024-07-19,Competitor offer,0.7932,21079.16
C10054,0,,No churn,0.2461,13942.09
C10055,1,2024-07-13,Competitor offer,0.4078,19411.38
C10056,0,,No churn,0.3175,9193.52
C10057,1,2024-11-05,Other,0.6475,13562.81
C10058,0,,No churn,0.1227,6135.93
C10059,0,,No churn,0.3803,19269.51
C10060,0,,No churn,0.5475,6455.42
C10061,1,2024-11-08,Competitor offer,0.57,15503.14
C10062,0,,No churn,0.2454,19615.96
C10063,1,2024-12-27,Competitor offer,0.7751,19492.79
C10064,0,,No churn,0.4572,5633.46
C10065,0,,No churn,0.1332,27049.75
C10066,1,2024-12-21,Price,0.3272,10103.1
C10067,0,,No churn,0.438,6873.62
C10068,1,2024-12-11,Network quality,0.2015,9722.78
C10069,1,2024-08-12,Competitor offer,0.8764,21996.98
C10070,1,2024-07-21,Price,0.5999,16306.98
C10071,0,,No churn,0.2455,6351.43
C10072,1,2024-12-06,Price,0.524,22372.92
C10073,1,2024-07-19,Poor service,0.124,5624.46
C10074,1,2024-10-14,Poor service,0.378,5240.25
C10075,0,,No churn,0.4201,33965.81
C10076,0,,No churn,0.2791,6453.1
C10077,0,,No churn,0.4648,10981.79
C10078,1,2024-10-27,Other,0.345,7913.54
C10079,0,,No churn,0.6115,10569.53
C10080,0,,No churn,0.2195,13051.19
C10081,1,2024-12-25,Network quality,0.6264,9006.48
C10082,1,2024-09-18,Poor service,0.8808,44622.37
C10083,1,2024-08-05,Competitor offer,0.7038,38448.28
C10084,1,2024-10-14,Price,0.6689,10697.65
C10085,0,,No churn,0.2003,21108.92
C10086,0,,No churn,0.1762,11288.65
C10087,0,,No churn,0.616,23820.94
C10088,1,2024-12-03,Other,0.3361,9022.42
C10089,1,2024-11-10,Competitor offer,0.6921,21283.0
C10090,1,2024-08-22,Competitor offer,0.2717,9546.77
C10091,1,2024-11-04,Poor service,0.6884,67528.41
C10092,1,2024-11-10,Price,0.7105,18249.67
C10093,0,,No churn,0.0741,13434.32
C10094,1,2024-07-09,Network quality,0.4848,41950.55
C10095,1,2024-08-12,Competitor offer,0.8498,7639.51
C10096,1,2024-10-27,Network quality,0.4842,5574.7
C10097,0,,No churn,0.7878,41376.83
C10098,0,,No churn,0.2073,13624.0
C10099,1,2024-07-16,Price,0.3681,11768.86
C10100,1,2024-09-05,Poor service,0.6867,37299.06
C10101,0,,No churn,0.5721,30048.26
C10102,1,2024-11-14,Price,0.5023,55682.27
C10103,1,2024-07-24,Price,0.478,41685.72
C10104,1,2024-08-11,Poor service,0.5436,6096.55
C10105,0,,No churn,0.4613,8538.43
C10106,1,2024-10-08,Other,0.3332,2280.76
C10107,0,,No churn,0.6149,25084.69
C10108,1,2024-07-19,Network quality,0.9453,29931.7
C10109,1,2024-11-07,Network quality,0.8367,37125.1
C10110,0,,No churn,0.7335,19540.94
C10111,1,2024-08-14,Price,0.6091,23359.76
C10112,0,,No churn,0.1876,5955.5
C10113,0,,No churn,0.2126,13560.72
C10114,0,,No churn,0.0642,5927.1
C10115,0,,No churn,0.6017,21475.83
C10116,1,2024-07-14,Poor service,0.4525,5958.74
C10117,1,2024-10-12,Poor service,0.1953,11205.49
C10118,0,,No churn,0.2764,16926.99
C10119,1,2024-12-15,Price,0.8519,12376.13
C10120,0,,No churn,0.3506,20432.51
C10121,1,2024-12-25,Competitor offer,0.8786,19924.5
C10122,1,2024-12-05,Poor service,0.7095,13743.79
C10123,0,,No churn,0.208,24076.0
C10124,1,2024-09-19,Price,0.7295,48556.96
C10125,0,,No churn,0.1212,4189.36
C10126,1,2024-12-12,Competitor offer,0.1641,16566.4
C10127,1,2024-11-21,Poor service,0.6669,18554.78
C10128,0,,No churn,0.3467,20122.49
C10129,0,,No churn,0.2557,8368.8
C10130,0,,No churn,0.2418,11973.74
C10131,0,,No churn,0.5899,39755.29
C10132,0,,No churn,0.6626,13094.6
C10133,0,,No churn,0.0897,17660.23
C10134,0,,No churn,0.1018,6313.48
C10135,0,,No churn,0.6219,7372.8
C10136,0,,No churn,0.2949,3568.35
C10137,0,,No churn,0.4603,10426.2
C10138,1,2024-11-10,Price,0.7499,6455.82
C10139,0,,No churn,0.1342,9271.53
C10140,0,,No churn,0.4995,24002.59
C10141,1,2024-07-17,Competitor offer,0.7376,16613.28
C10142,0,,No churn,0.2796,6903.35
C10143,0,,No churn,0.2985,4316.76
C10144,1,2024-07-10,Price,0.8789,10840.53
C10145,0,,No churn,0.2502,17140.33
C10146,1,2024-11-16,Moving,0.6062,10709.96
C10147,0,,No churn,0.1714,14481.54
C10148,1,2024-07-13,Competitor offer,0.2441,5051.5
C10149,1,2024-08-25,Network quality,0.6444,5979.74
C10150,1,2024-12-03,Moving,0.5918,27782.6
C10151,1,2024-09-25,Other,0.1873,4212.61
C10152,1,2024-10-10,Network quality,0.7004,34191.84
C10153,0,,No churn,0.5452,21791.83
C10154,0,,No churn,0.5682,4699.86
C10155,0,,No churn,0.175,10157.61
C10156,0,,No churn,0.1737,3110.19
C10157,1,2024-08-07,Network quality,0.314,11116.71
C10158,0,,No churn,0.3198,18659.28
C10159,1,2024-10-28,Network quality,0.9223,25287.61
C10160,1,2024-09-12,Poor service,0.129,20932.56
C10161,1,2024-10-02,Moving,0.4724,19273.63
C10162,1,2024-11-05,Network quality,0.2488,15193.73
C10163,0,,No churn,0.6717,16929.29
C10164,0,,No churn,0.2361,25075.25
C10165,0,,No churn,0.6165,24658.98
C10166,0,,No churn,0.1372,8104.99
C10167,0,,No churn,0.3211,15201.32
C10168,1,2024-10-28,Other,0.2489,11331.82
C10169,0,,No churn,0.4181,6964.46
C10170,0,,No churn,0.5351,7275.93
C10171,1,2024-07-15,Network quality,0.3618,10749.29
C10172,1,2024-10-22,Price,0.1886,4364.55
C10173,0,,No churn,0.2611,31233.3
C10174,0,,No churn,0.5269,11369.6
C10175,0,,No churn,0.205,5852.3
C10176,0,,No churn,0.6253,45650.21
C10177,0,,No churn,0.4862,4885.64
C10178,1,2024-10-24,Network quality,0.6686,21860.17
C10179,1,2024-12-27,Price,0.7992,9127.84
C10180,1,2024-11-23,Price,0.8987,10466.09
C10181,1,2024-08-09,Price,0.3133,27394.92
C10182,1,2024-09-28,Poor service,0.3525,6071.4
C10183,1,2024-07-18,Price,0.9135,30754.59
C10184,0,,No churn,0.1797,4200.22
C10185,0,,No churn,0.1042,6135.14
C10186,0,,No churn,0.1917,15908.99
C10187,0,,No churn,0.6952,25816.85
C10188,1,2024-10-23,Network quality,0.2885,15738.7
C10189,0,,No churn,0.1975,17912.48
C10190,1,2024-08-21,Network quality,0.6883,12595.09
C10191,0,,No churn,0.7391,33556.67
C10192,0,,No churn,0.2545,2737.31
C10193,0,,No churn,0.4249,38742.55
C10194,1,2024-08-08,Poor service,0.815,10913.07
C10195,1,2024-08-10,Competitor offer,0.571,10263.26
C10196,0,,No churn,0.4221,15998.46
C10197,0,,No churn,0.4126,13331.55
C10198,0,,No churn,0.1956,6286.47
C10199,0,,No churn,0.2273,8508.4
C10200,0,,No churn,0.582,7467.13
C10201,1,2024-12-11,Network quality,0.6925,39710.32
C10202,1,2024-11-03,Moving,0.3696,7040.02
C10203,1,2024-12-04,Other,0.8584,29785.61
C10204,0,,No churn,0.4937,22696.32
C10205,1,2024-10-22,Price,0.7902,11876.5
C10206,0,,No churn,0.4503,6956.53
C10207,1,2024-11-24,Competitor offer,0.2922,6886.35
C10208,1,2024-08-24,Network quality,0.1769,3008.53
C10209,1,2024-09-03,Network quality,0.5471,31290.68
C10210,0,,No churn,0.2407,26862.16
C10211,1,2024-12-16,Other,0.4993,9191.74
C10212,0,,No churn,0.5594,6336.53
C10213,1,2024-09-28,Price,0.5018,13123.43
C10214,0,,No churn,0.3376,10379.36
C10215,0,,No churn,0.3743,9676.84
C10216,0,,No churn,0.2147,14251.01
C10217,0,,No churn,0.3323,5700.39
C10218,0,,No churn,0.6781,5314.22
C10219,0,,No churn,0.1088,15417.75
C10220,0,,No churn,0.1504,13037.54
C10221,0,,No churn,0.2637,10637.95
C10222,1,2024-10-28,Price,0.0767,7708.83
C10223,0,,No churn,0.3293,7662.36
C10224,0,,No churn,0.2846,12511.33
C10225,1,2024-07-09,Network quality,0.452,19346.19
C10226,1,2024-12-21,Price,0.5048,18545.16
C10227,0,,No churn,0.3205,6698.44
C10228,0,,No churn,0.7458,14108.73
C10229,1,2024-12-14,Network quality,0.2439,5078.37
C10230,0,,No churn,0.5053,4509.88
C10231,0,,No churn,0.2076,2577.03
C10232,1,2024-08-05,Moving,0.3541,15246.12
C10233,1,2024-07-02,Moving,0.3383,16316.53
C10234,0,,No churn,0.3806,14223.3
C10235,1,2024-09-14,Network quality,0.2613,22595.42
C10236,0,,No churn,0.122,5640.23
C10237,1,2024-09-02,Price,0.8555,7788.33
C10238,0,,No churn,0.3629,29750.44
C10239,0,,No churn,0.4369,20935.53
C10240,0,,No churn,0.3068,5388.64
C10241,0,,No churn,0.3559,6315.89
C10242,1,2024-12-07,Price,0.5992,5562.07
C10243,0,,No churn,0.5591,12976.42
C10244,0,,No churn,0.3748,7361.24
C10245,1,2024-08-19,Poor service,0.664,13918.16
C10246,0,,No churn,0.3264,23116.93
C10247,0,,No churn,0.1826,7359.15
C10248,0,,No churn,0.4072,7916.1
C10249,0,,No churn,0.2516,12502.77
C10250,0,,No churn,0.4014,12040.87
C10251,1,2024-09-18,Moving,0.7211,15293.75
C10252,0,,No churn,0.528,11620.48
C10253,1,2024-08-27,Poor service,0.8262,11231.31
C10254,1,2024-08-03,Other,0.3466,10596.69
C10255,0,,No churn,0.5005,22131.55
C10256,1,2024-07-19,Price,0.3995,13104.98
C10257,1,2024-09-14,Price,0.7018,10794.06
C10258,1,2024-09-19,Competitor offer,0.8566,14119.95
C10259,0,,No churn,0.2817,21904.17
C10260,0,,No churn,0.2282,13289.85
C10261,1,2024-12-21,Competitor offer,0.5841,12678.57
C10262,0,,No churn,0.6638,26997.74
C10263,0,,No churn,0.2024,4953.37
C10264,0,,No churn,0.3703,19629.16
C10265,0,,No churn,0.403,22489.15
C10266,0,,No churn,0.1588,20822.23
C10267,0,,No churn,0.2286,7846.16
C10268,0,,No churn,0.1575,10783.94
C10269,1,2024-10-27,Moving,0.7506,25202.73
C10270,1,2024-10-12,Poor service,0.8203,25094.35
C10271,1,2024-08-16,Poor service,0.3461,9780.77
C10272,0,,No churn,0.084,8378.91
C10273,1,2024-10-15,Poor service,0.8353,7826.93
C10274,1,2024-09-18,Poor service,0.3901,31955.52
C10275,1,2024-07-24,Competitor offer,0.4101,16462.3
C10276,1,2024-09-02,Poor service,0.5588,28048.98
C10277,1,2024-11-17,Poor service,0.2435,14490.07
C10278,0,,No churn,0.245,3224.93
C10279,1,2024-08-20,Competitor offer,0.7895,16652.94
C10280,1,2024-12-27,Other,0.4081,7020.72
C10281,1,2024-11-24,Moving,0.7183,10210.67
C10282,0,,No churn,0.3545,12535.43
C10283,1,2024-09-03,Price,0.4954,4991.0
C10284,0,,No churn,0.5281,31605.3
C10285,0,,No churn,0.3157,13843.02
C10286,0,,No churn,0.3524,4690.42
C10287,0,,No churn,0.213,6808.35
C10288,0,,No churn,0.3603,25010.37
C10289,1,2024-11-22,Price,0.8652,40025.69
C10290,1,2024-10-25,Network quality,0.2035,10970.08
C10291,0,,No churn,0.1125,12625.29
C10292,0,,No churn,0.325,8639.37
C10293,0,,No churn,0.3684,12524.11
C10294,0,,No churn,0.5428,23077.44
C10295,0,,No churn,0.5459,5980.92
C10296,1,2024-07-08,Network quality,0.1605,7368.21
C10297,1,2024-09-20,Network quality,0.1521,16508.23
C10298,1,2024-11-06,Other,0.8489,21036.75
C10299,0,,No churn,0.2996,13862.17
C10300,0,,No churn,0.1667,8500.24
C10301,0,,No churn,0.1567,5508.68
C10302,1,2024-11-15,Price,0.4869,32961.86
C10303,0,,No churn,0.0506,2442.15
C10304,1,2024-08-02,Poor service,0.67,19952.35
C10305,0,,No churn,0.1789,18090.63
C10306,1,2024-10-27,Price,0.8993,32795.07
C10307,0,,No churn,0.4004,14188.58
C10308,0,,No churn,0.3484,8130.73
C10309,0,,No churn,0.3405,7592.47
C10310,0,,No churn,0.2283,13348.42
C10311,1,2024-12-25,Moving,0.9468,12775.68
C10312,1,2024-09-06,Poor service,0.5495,32898.18
C10313,0,,No churn,0.1069,7598.24
C10314,1,2024-12-20,Competitor offer,0.6038,17971.89
C10315,1,2024-08-19,Price,0.8754,25520.27
C10316,0,,No churn,0.5633,8342.09
C10317,0,,No churn,0.4384,18856.35
C10318,1,2024-10-03,Price,0.3614,3178.29
C10319,0,,No churn,0.3522,23590.15
C10320,0,,No churn,0.5813,33295.1
C10321,0,,No churn,0.1683,18108.65
C10322,1,2024-09-24,Price,0.1729,13683.5
C10323,0,,No churn,0.4605,9971.16
C10324,1,2024-07-06,Other,0.6377,19352.07
C10325,0,,No churn,0.2584,20619.94
C10326,0,,No churn,0.3323,3867.71
C10327,1,2024-08-08,Moving,0.912,25095.54
C10328,0,,No churn,0.7614,26904.52
C10329,1,2024-10-27,Poor service,0.6799,14841.01
C10330,0,,No churn,0.214,14391.67
C10331,1,2024-09-28,Price,0.4376,21860.38
C10332,1,2024-12-14,Price,0.4632,21238.28
C10333,1,2024-09-18,Competitor offer,0.5227,40677.64
C10334,1,2024-12-14,Network quality,0.7874,14973.37
C10335,0,,No churn,0.6024,20729.25
C10336,0,,No churn,0.1157,10322.21
C10337,0,,No churn,0.5922,29001.15
C10338,0,,No churn,0.1786,11150.07
C10339,0,,No churn,0.1382,8919.38
C10340,0,,No churn,0.176,23777.52
C10341,0,,No churn,0.3738,5348.76
C10342,0,,No churn,0.1177,15761.31
C10343,0,,No churn,0.1699,5460.06
C10344,0,,No churn,0.2949,11795.66
C10345,1,2024-12-14,Competitor offer,0.373,26253.96
C10346,0,,No churn,0.2707,5266.61
C10347,1,2024-12-12,Moving,0.84,10304.62
C10348,0,,No churn,0.6513,33362.17
C10349,0,,No churn,0.3159,17172.21
C10350,0,,No churn,0.3825,9133.46
C10351,1,2024-08-22,Price,0.8775,54665.08
C10352,1,2024-09-18,Competitor offer,0.242,18705.64
C10353,0,,No churn,0.2814,8893.26
C10354,1,2024-08-20,Competitor offer,0.4066,32844.21
C10355,0,,No churn,0.4861,6468.96
C10356,1,2024-12-06,Price,0.607,11952.96
C10357,0,,No churn,0.2397,4458.31
C10358,0,,No churn,0.3003,4038.23
C10359,0,,No churn,0.3549,3508.36
C10360,0,,No churn,0.3545,12517.03
C10361,0,,No churn,0.8553,26369.62
C10362,0,,No churn,0.2024,16331.14
C10363,0,,No churn,0.3711,15028.98
C10364,0,,No churn,0.41,24508.92
C10365,0,,No churn,0.1794,9400.64
C10366,0,,No churn,0.5868,10400.05
C10367,1,2024-12-25,Competitor offer,0.7058,33195.22
C10368,1,2024-11-06,Moving,0.7336,36294.42
C10369,0,,No churn,0.2466,5735.81
C10370,0,,No churn,0.1879,11828.87
C10371,0,,No churn,0.0898,7007.64
C10372,0,,No churn,0.1822,19428.62
C10373,0,,No churn,0.6615,6528.88
C10374,0,,No churn,0.108,5106.43
C10375,0,,No churn,0.5826,15679.99
C10376,1,2024-10-14,Competitor offer,0.3937,12024.61
C10377,0,,No churn,0.3177,4428.34
C10378,0,,No churn,0.1886,8524.27
C10379,0,,No churn,0.1532,11893.12
C10380,0,,No churn,0.2094,4953.67
C10381,0,,No churn,0.1074,6790.73
C10382,1,2024-11-15,Price,0.874,34914.92
C10383,0,,No churn,0.4491,12199.42
C10384,1,2024-12-19,Network quality,0.4031,7045.14
C10385,0,,No churn,0.3378,33291.07
C10386,0,,No churn,0.2313,8138.31
C10387,0,,No churn,0.0745,8610.22
C10388,0,,No churn,0.3055,12136.13
C10389,0,,No churn,0.4009,6857.29
C10390,0,,No churn,0.5244,18209.82
C10391,0,,No churn,0.2372,2765.59
C10392,1,2024-12-27,Price,0.4109,6486.67
C10393,0,,No churn,0.2868,5981.96
C10394,1,2024-08-10,Price,0.7262,47732.28
C10395,0,,No churn,0.2925,11546.12
C10396,0,,No churn,0.7664,53030.72
C10397,0,,No churn,0.2017,13112.86
C10398,0,,No churn,0.2427,7937.53
C10399,1,2024-08-22,Competitor offer,0.7335,5868.89
C10400,0,,No churn,0.4768,6467.4
C10401,0,,No churn,0.0638,5477.24
C10402,0,,No churn,0.2649,4363.96
C10403,1,2024-07-19,Price,0.4305,8844.53
C10404,0,,No churn,0.2944,11928.31
C10405,0,,No churn,0.7692,33485.54
C10406,0,,No churn,0.6107,7705.6
C10407,1,2024-10-03,Price,0.8765,21033.54
C10408,1,2024-12-23,Competitor offer,0.7123,17482.13
C10409,1,2024-08-09,Competitor offer,0.2387,17351.46
C10410,0,,No churn,0.3647,29045.38
C10411,0,,No churn,0.0956,8697.27
C10412,0,,No churn,0.0608,10803.27
C10413,0,,No churn,0.1034,14104.13
C10414,0,,No churn,0.1902,15083.16
C10415,0,,No churn,0.3756,12841.42
C10416,1,2024-07-12,Poor service,0.5185,10223.07
C10417,0,,No churn,0.4167,3395.33
C10418,1,2024-11-03,Competitor offer,0.6353,10550.92
C10419,1,2024-12-16,Network quality,0.2332,5076.09
C10420,0,,No churn,0.0843,3731.6
C10421,0,,No churn,0.6877,15429.23
C10422,0,,No churn,0.4841,11323.37
C10423,1,2024-08-08,Price,0.3614,3278.3
C10424,1,2024-07-04,Moving,0.4478,7063.57
C10425,0,,No churn,0.2943,7759.27
C10426,0,,No churn,0.2345,9997.78
C10427,1,2024-11-10,Network quality,0.395,33394.95
C10428,1,2024-07-15,Price,0.7768,22743.66
C10429,0,,No churn,0.3144,6106.78
C10430,1,2024-12-14,Poor service,0.7968,19935.33
C10431,0,,No churn,0.4885,26226.62
C10432,1,2024-10-09,Price,0.4454,19852.03
C10433,0,,No churn,0.1723,7246.29
C10434,0,,No churn,0.2047,11294.29
C10435,0,,No churn,0.4463,12622.86
C10436,0,,No churn,0.2043,6162.93
C10437,0,,No churn,0.2789,2786.55
C10438,0,,No churn,0.2501,5143.11
C10439,1,2024-09-10,Network quality,0.8731,6574.87
C10440,0,,No churn,0.4934,4935.05
C10441,0,,No churn,0.5369,16154.02
C10442,1,2024-09-15,Network quality,0.7126,36104.75
C10443,1,2024-11-11,Competitor offer,0.603,58962.0
C10444,1,2024-10-25,Network quality,0.9505,10930.81
C10445,1,2024-11-13,Competitor offer,0.3781,12076.28
C10446,0,,No churn,0.7645,7025.79
C10447,0,,No churn,0.3622,22150.82
C10448,0,,No churn,0.2501,6756.37
C10449,1,2024-08-25,Network quality,0.2836,10057.98
C10450,1,2024-08-02,Other,0.7562,14184.9
C10451,0,,No churn,0.3552,9743.75
C10452,1,2024-11-01,Poor service,0.3254,6947.4
C10453,1,2024-09-05,Price,0.7836,8182.62
C10454,1,2024-12-06,Other,0.8485,45600.82
C10455,1,2024-12-28,Network quality,0.4517,9160.58
C10456,0,,No churn,0.1814,11283.09
C10457,1,2024-07-26,Network quality,0.3333,14413.66
C10458,0,,No churn,0.2548,23865.32
C10459,1,2024-12-19,Network quality,0.849,39210.76
C10460,0,,No churn,0.2712,4026.09
C10461,0,,No churn,0.8359,13169.58
C10462,1,2024-11-09,Other,0.281,8316.14
C10463,0,,No churn,0.4852,5004.78
C10464,0,,No churn,0.4443,9965.03
C10465,1,2024-10-24,Poor service,0.9039,26986.73
C10466,0,,No churn,0.1329,7424.8
C10467,1,2024-12-26,Competitor offer,0.6774,16053.18
C10468,0,,No churn,0.1305,15111.64
C10469,1,2024-12-02,Poor service,0.692,10265.09
C10470,1,2024-11-21,Network quality,0.2139,8709.8
C10471,1,2024-08-05,Price,0.435,19460.8
C10472,1,2024-10-23,Poor service,0.9215,34504.45
C10473,1,2024-07-27,Network quality,0.7061,12569.05
C10474,1,2024-09-28,Poor service,0.3191,12469.67
C10475,1,2024-09-27,Network quality,0.2433,12196.91
C10476,1,2024-11-08,Network quality,0.5231,26025.95
C10477,1,2024-08-04,Price,0.2924,9396.67
C10478,0,,No churn,0.2182,2872.72
C10479,1,2024-12-17,Poor service,0.5851,9311.51
C10480,1,2024-10-23,Competitor offer,0.6094,13124.48
C10481,0,,No churn,0.1965,15522.08
C10482,0,,No churn,0.2659,16174.76
C10483,0,,No churn,0.2887,11776.86
C10484,0,,No churn,0.14,11507.08
C10485,0,,No churn,0.2024,9166.96
C10486,0,,No churn,0.3432,13234.21
C10487,0,,No churn,0.0937,7215.97
C10488,0,,No churn,0.2831,15966.42
C10489,1,2024-12-11,Poor service,0.4966,6373.48
C10490,0,,No churn,0.1071,13302.62
C10491,0,,No churn,0.1059,12639.35
C10492,0,,No churn,0.575,2882.11
C10493,1,2024-07-14,Price,0.2746,7129.59
C10494,1,2024-07-02,Price,0.7817,27868.33
C10495,0,,No churn,0.2065,6984.18
C10496,1,2024-10-21,Competitor offer,0.1782,9954.67
C10497,0,,No churn,0.2955,9229.74
C10498,0,,No churn,0.1547,7708.42
C10499,0,,No churn,0.5094,16777.22
C10500,1,2024-07-21,Network quality,0.7518,52295.41
C10501,0,,No churn,0.1553,11688.0
C10502,0,,No churn,0.4488,22033.51
C10503,1,2024-10-11,Competitor offer,0.3787,13956.41
C10504,1,2024-12-02,Competitor offer,0.8803,12937.1
C10505,0,,No churn,0.1419,6504.45
C10506,1,2024-12-05,Network quality,0.6986,17642.57
C10507,0,,No churn,0.4612,10895.15
C10508,0,,No churn,0.3174,8354.32
C10509,1,2024-09-07,Competitor offer,0.8062,38205.64
C10510,1,2024-11-14,Price,0.345,9965.19
C10511,0,,No churn,0.1975,3167.15
C10512,0,,No churn,0.2472,11253.82
C10513,0,,No churn,0.2607,5098.01
C10514,1,2024-10-08,Network quality,0.5781,3918.23
C10515,0,,No churn,0.3549,5517.5
C10516,1,2024-11-28,Competitor offer,0.5336,5255.84
C10517,0,,No churn,0.3646,28000.42
C10518,0,,No churn,0.261,7950.88
C10519,0,,No churn,0.093,10265.47
C10520,0,,No churn,0.1653,7080.73
C10521,0,,No churn,0.4424,8796.68
C10522,0,,No churn,0.1142,8723.71
C10523,1,2024-11-12,Network quality,0.6341,26391.03
C10524,1,2024-09-20,Moving,0.6368,9213.79
C10525,0,,No churn,0.5316,6147.9
C10526,0,,No churn,0.2531,19675.81
C10527,1,2024-09-23,Network quality,0.9261,39245.41
C10528,1,2024-09-10,Poor service,0.3615,12630.66
C10529,0,,No churn,0.3248,11678.28
C10530,1,2024-12-19,Price,0.8418,16250.19
C10531,0,,No churn,0.4075,11755.84
C10532,0,,No churn,0.067,6101.44
C10533,0,,No churn,0.4756,18099.91
C10534,0,,No churn,0.1927,17798.84
C10535,0,,No churn,0.25,4604.41
C10536,0,,No churn,0.2921,13207.7
C10537,1,2024-10-10,Network quality,0.3195,4939.39
C10538,0,,No churn,0.1883,6347.71
C10539,1,2024-07-15,Poor service,0.6476,18078.73
C10540,0,,No churn,0.141,9530.89
C10541,0,,No churn,0.8428,19699.44
C10542,0,,No churn,0.1504,15693.6
C10543,0,,No churn,0.4644,19871.93
C10544,0,,No churn,0.7094,15619.85
C10545,0,,No churn,0.1244,10031.0
C10546,1,2024-12-05,Network quality,0.4815,3857.69
C10547,1,2024-12-20,Network quality,0.5334,31320.38
C10548,1,2024-11-09,Competitor offer,0.4657,7754.11
C10549,0,,No churn,0.2406,17177.66
C10550,0,,No churn,0.262,12280.62
C10551,1,2024-09-25,Poor service,0.427,8602.98
C10552,0,,No churn,0.4036,5448.88
C10553,1,2024-08-04,Price,0.8109,61720.94
C10554,1,2024-08-09,Price,0.6416,25340.47
C10555,0,,No churn,0.1883,10493.0
C10556,0,,No churn,0.2196,2552.87
C10557,0,,No churn,0.4442,11287.15
C10558,0,,No churn,0.1797,5982.35
C10559,1,2024-07-20,Competitor offer,0.404,8658.55
C10560,0,,No churn,0.1036,4013.43
C10561,1,2024-10-08,Competitor offer,0.1942,5215.5
C10562,0,,No churn,0.2805,18688.38
C10563,0,,No churn,0.5739,15236.82
C10564,0,,No churn,0.2452,13159.09
C10565,1,2024-07-18,Poor service,0.368,24152.26
C10566,0,,No churn,0.3399,10202.42
C10567,0,,No churn,0.2596,2953.16
C10568,1,2024-12-10,Network quality,0.5371,4667.02
C10569,1,2024-10-03,Price,0.9278,11512.33
C10570,0,,No churn,0.1145,8418.36
C10571,0,,No churn,0.8831,20553.75
C10572,0,,No churn,0.0653,10061.52
C10573,0,,No churn,0.2567,4160.27
C10574,0,,No churn,0.3043,15332.49
C10575,0,,No churn,0.1916,10222.41
C10576,1,2024-12-21,Competitor offer,0.7169,44938.9
C10577,1,2024-09-10,Price,0.9538,29987.04
C10578,1,2024-09-20,Poor service,0.7636,31071.88
C10579,1,2024-09-28,Poor service,0.1319,16261.13
C10580,0,,No churn,0.9491,17812.77
C10581,0,,No churn,0.1095,2300.46
C10582,0,,No churn,0.4469,13494.89
C10583,0,,No churn,0.0975,13884.05
C10584,1,2024-10-01,Moving,0.2285,5465.73
C10585,0,,No churn,0.2464,5607.53
C10586,1,2024-11-15,Price,0.871,17982.04
C10587,0,,No churn,0.3224,11426.42
C10588,1,2024-12-11,Network quality,0.4655,19624.15
C10589,0,,No churn,0.3795,9580.02
C10590,1,2024-10-25,Price,0.6926,26624.18
C10591,1,2024-11-01,Poor service,0.5175,20403.61
C10592,0,,No churn,0.184,4026.04
C10593,0,,No churn,0.3906,5655.14
C10594,0,,No churn,0.183,9405.28
C10595,1,2024-07-18,Competitor offer,0.5873,19355.87
C10596,0,,No churn,0.1172,10090.13
C10597,0,,No churn,0.278,6311.18
C10598,0,,No churn,0.8147,18409.76
C10599,1,2024-10-14,Network quality,0.6515,15757.65
C10600,1,2024-07-13,Network quality,0.576,33674.95
C10601,0,,No churn,0.1327,10689.52
C10602,1,2024-10-06,Competitor offer,0.6353,6906.91
C10603,0,,No churn,0.0909,8822.9
C10604,0,,No churn,0.1378,7564.1
C10605,0,,No churn,0.1164,5293.04
C10606,1,2024-11-09,Moving,0.6779,45505.89
C10607,1,2024-11-22,Other,0.7112,9441.94
C10608,0,,No churn,0.1484,10509.3
C10609,1,2024-07-02,Network quality,0.1942,15596.94
C10610,0,,No churn,0.5333,9350.59
C10611,0,,No churn,0.4804,16401.1
C10612,0,,No churn,0.3716,13440.61
C10613,0,,No churn,0.1116,8867.85
C10614,0,,No churn,0.6194,5746.67
C10615,0,,No churn,0.7727,35494.38
C10616,0,,No churn,0.348,28579.81
C10617,1,2024-10-27,Network quality,0.3464,23151.16
C10618,0,,No churn,0.5301,7862.01
C10619,0,,No churn,0.1553,14660.11
C10620,1,2024-09-03,Network quality,0.8737,25590.49
C10621,0,,No churn,0.2312,21268.54
C10622,1,2024-07-25,Competitor offer,0.7951,14233.27
C10623,0,,No churn,0.8399,10916.05
C10624,0,,No churn,0.2586,6685.88
C10625,0,,No churn,0.4718,7120.46
C10626,0,,No churn,0.1573,14369.73
C10627,0,,No churn,0.3472,13903.95
C10628,0,,No churn,0.2481,23190.65
C10629,0,,No churn,0.1212,4400.19
C10630,1,2024-11-09,Other,0.2805,7425.01
C10631,1,2024-11-06,Price,0.4993,18165.04
C10632,0,,No churn,0.2404,19672.86
C10633,0,,No churn,0.0662,7028.9
C10634,1,2024-11-23,Price,0.5549,5622.08
C10635,1,2024-07-07,Network quality,0.6463,16263.44
C10636,0,,No churn,0.2686,2588.33
C10637,1,2024-11-11,Price,0.167,6083.47
C10638,0,,No churn,0.3296,8190.54
C10639,0,,No churn,0.3738,20614.43
C10640,0,,No churn,0.1448,16143.2
C10641,0,,No churn,0.1911,15838.03
C10642,0,,No churn,0.1658,18626.05
C10643,0,,No churn,0.3797,28532.27
C10644,0,,No churn,0.3736,11254.24
C10645,1,2024-12-20,Price,0.2959,2899.79
C10646,0,,No churn,0.3336,5059.68
C10647,0,,No churn,0.1242,11852.76
C10648,0,,No churn,0.2592,7098.72
C10649,0,,No churn,0.3046,4274.84
C10650,0,,No churn,0.8641,14054.69
C10651,0,,No churn,0.7896,28908.26
C10652,0,,No churn,0.6385,9265.9
C10653,1,2024-10-26,Poor service,0.9541,8584.99
C10654,1,2024-10-18,Price,0.2925,4203.68
C10655,1,2024-11-02,Network quality,0.4215,4581.53
C10656,1,2024-10-22,Competitor offer,0.7788,8222.52
C10657,0,,No churn,0.5965,21749.13
C10658,1,2024-11-02,Price,0.2736,5346.01
C10659,0,,No churn,0.1068,15075.15
C10660,0,,No churn,0.6893,25838.39
C10661,1,2024-09-04,Network quality,0.7954,4672.24
C10662,0,,No churn,0.2253,4824.98
C10663,0,,No churn,0.2903,14950.12
C10664,1,2024-07-24,Network quality,0.6181,29948.97
C10665,1,2024-07-03,Poor service,0.574,18643.87
C10666,1,2024-08-22,Competitor offer,0.4381,24062.81
C10667,0,,No churn,0.1978,17694.66
C10668,0,,No churn,0.0764,7103.95
C10669,1,2024-07-16,Other,0.4161,17038.92
C10670,0,,No churn,0.1082,11683.73
C10671,0,,No churn,0.1546,10255.69
C10672,0,,No churn,0.4529,51971.81
C10673,1,2024-08-15,Network quality,0.4701,25315.37
C10674,0,,No churn,0.2435,14540.78
C10675,0,,No churn,0.3358,13926.8
C10676,0,,No churn,0.0672,11396.94
C10677,0,,No churn,0.1377,13818.37
C10678,0,,No churn,0.5705,6252.21
C10679,1,2024-08-06,Poor service,0.5382,35452.28
C10680,0,,No churn,0.0581,3879.26
C10681,0,,No churn,0.085,7385.63
C10682,0,,No churn,0.1579,9377.25
C10683,1,2024-07-03,Network quality,0.8662,32692.88
C10684,0,,No churn,0.7389,22656.81
C10685,1,2024-10-17,Poor service,0.111,9065.23
C10686,1,2024-08-05,Price,0.7287,18729.09
C10687,0,,No churn,0.4837,13248.14
C10688,1,2024-10-15,Competitor offer,0.275,5313.24
C10689,1,2024-12-21,Network quality,0.7079,11377.84
C10690,1,2024-08-02,Other,0.8171,28515.81
C10691,1,2024-07-12,Other,0.8057,45252.25
C10692,1,2024-07-16,Network quality,0.532,34776.53
C10693,0,,No churn,0.4301,7454.13
C10694,1,2024-07-16,Network quality,0.9098,18816.91
C10695,1,2024-10-21,Network quality,0.8628,5597.34
C10696,0,,No churn,0.2466,4610.76
C10697,1,2024-12-01,Price,0.7747,47149.6
C10698,1,2024-10-12,Price,0.8288,43275.48
C10699,0,,No churn,0.2095,8647.51
C10700,1,2024-07-15,Competitor offer,0.2446,3515.95
C10701,0,,No churn,0.1854,8906.05
C10702,1,2024-08-21,Other,0.2436,14502.48
C10703,0,,No churn,0.2002,2514.04
C10704,1,2024-07-14,Network quality,0.3101,8937.02
C10705,0,,No churn,0.3426,31725.55
C10706,0,,No churn,0.081,16263.39
C10707,1,2024-10-26,Network quality,0.742,12992.24
C10708,1,2024-12-12,Poor service,0.51,23010.22
C10709,0,,No churn,0.2494,4705.01
C10710,0,,No churn,0.2815,3194.49
C10711,1,2024-10-16,Competitor offer,0.3313,8383.52
C10712,0,,No churn,0.0689,11116.68
C10713,0,,No churn,0.1682,5987.26
C10714,1,2024-09-06,Network quality,0.8169,34090.89
C10715,1,2024-08-23,Poor service,0.7615,42631.15
C10716,0,,No churn,0.5963,12089.29
C10717,0,,No churn,0.2757,15968.91
C10718,0,,No churn,0.139,11106.54
C10719,0,,No churn,0.2665,8638.35
C10720,0,,No churn,0.3939,21497.0
C10721,1,2024-11-01,Other,0.2628,9208.01
C10722,1,2024-09-14,Network quality,0.5414,8886.35
C10723,0,,No churn,0.3402,8874.91
C10724,1,2024-10-11,Competitor offer,0.807,45169.08
C10725,0,,No churn,0.0536,9389.3
C10726,0,,No churn,0.168,8948.2
C10727,1,2024-12-18,Price,0.2636,15884.73
C10728,0,,No churn,0.3024,22247.26
C10729,0,,No churn,0.2476,13533.02
C10730,1,2024-07-22,Price,0.4523,34484.07
C10731,0,,No churn,0.2456,6377.3
C10732,0,,No churn,0.0874,22237.45
C10733,0,,No churn,0.3944,4562.3
C10734,1,2024-09-26,Network quality,0.839,30910.95
C10735,0,,No churn,0.1511,15289.39
C10736,1,2024-12-24,Other,0.538,7687.58
C10737,0,,No churn,0.1354,14086.27
C10738,1,2024-12-07,Moving,0.5923,4206.93
C10739,0,,No churn,0.2604,16673.13
C10740,0,,No churn,0.6094,15823.49
C10741,0,,No churn,0.17,9098.12
C10742,1,2024-12-23,Network quality,0.3852,11510.92
C10743,0,,No churn,0.2493,4154.35
C10744,0,,No churn,0.1586,11920.56
C10745,0,,No churn,0.302,5866.85
C10746,1,2024-11-27,Competitor offer,0.8145,31830.09
C10747,1,2024-08-17,Competitor offer,0.3819,5773.12
C10748,0,,No churn,0.3317,11341.57
C10749,1,2024-10-10,Poor service,0.8084,14889.72
C10750,1,2024-09-07,Price,0.5896,19309.32
C10751,1,2024-11-22,Price,0.2084,9585.48
C10752,1,2024-07-01,Price,0.7427,50538.93
C10753,1,2024-11-23,Price,0.8104,54957.14
C10754,0,,No churn,0.4253,18121.28
C10755,0,,No churn,0.407,24262.47
C10756,1,2024-11-01,Competitor offer,0.2185,10692.48
C10757,0,,No churn,0.7393,28018.55
C10758,1,2024-09-16,Price,0.7454,17949.86
C10759,1,2024-09-16,Price,0.8908,17313.3
C10760,0,,No churn,0.2218,7076.14
C10761,0,,No churn,0.1959,12609.28
C10762,0,,No churn,0.3967,8963.09
C10763,1,2024-09-22,Poor service,0.8039,45863.18
C10764,0,,No churn,0.1951,5222.32
C10765,1,2024-09-12,Price,0.7957,40861.9
C10766,0,,No churn,0.1695,3768.0
C10767,0,,No churn,0.1624,14413.25
C10768,1,2024-09-27,Network quality,0.8215,30255.38
C10769,0,,No churn,0.102,21195.05
C10770,0,,No churn,0.2178,5118.69
C10771,1,2024-10-13,Network quality,0.5102,21469.53
C10772,0,,No churn,0.4282,6104.43
C10773,0,,No churn,0.4936,13097.04
C10774,1,2024-11-10,Network quality,0.5612,15950.23
C10775,1,2024-09-24,Competitor offer,0.7163,22045.16
C10776,1,2024-12-11,Poor service,0.2666,12983.6
C10777,0,,No churn,0.3372,11903.22
C10778,0,,No churn,0.4158,27331.7
C10779,0,,No churn,0.6731,20751.41
C10780,1,2024-11-10,Competitor offer,0.4121,12122.15
C10781,0,,No churn,0.1337,9073.79
C10782,1,2024-07-13,Other,0.6761,26889.05
C10783,0,,No churn,0.2113,12913.01
C10784,1,2024-11-04,Other,0.5642,29255.62
C10785,0,,No churn,0.4628,6181.27
C10786,1,2024-12-24,Moving,0.4244,5467.73
C10787,1,2024-07-03,Competitor offer,0.8216,19879.92
C10788,1,2024-10-24,Network quality,0.9148,27197.1
C10789,1,2024-10-28,Network quality,0.4422,15919.5
C10790,1,2024-09-27,Moving,0.2619,7365.13
C10791,1,2024-11-21,Moving,0.8875,35782.72
C10792,1,2024-07-08,Other,0.8293,22956.32
C10793,1,2024-12-16,Moving,0.4038,12332.65
C10794,0,,No churn,0.0856,12176.56
C10795,1,2024-09-18,Price,0.7693,59631.46
C10796,0,,No churn,0.5678,23155.67
C10797,0,,No churn,0.1047,2683.11
C10798,0,,No churn,0.0746,10175.65
C10799,0,,No churn,0.161,9928.1
C10800,0,,No churn,0.3436,12227.49
C10801,0,,No churn,0.2954,5476.31
C10802,1,2024-12-18,Network quality,0.3524,5487.66
C10803,0,,No churn,0.4429,11384.22
C10804,0,,No churn,0.1293,23168.56
C10805,1,2024-07-07,Price,0.2763,34469.31
C10806,0,,No churn,0.1059,7395.35
C10807,0,,No churn,0.1307,12551.55
C10808,1,2024-10-15,Price,0.7595,21941.24
C10809,1,2024-11-18,Network quality,0.3859,9965.94
C10810,0,,No churn,0.3437,6119.92
C10811,0,,No churn,0.1372,15375.14
C10812,0,,No churn,0.8295,9663.24
C10813,0,,No churn,0.9045,6905.87
C10814,1,2024-09-04,Other,0.7081,27025.57
C10815,0,,No churn,0.2642,4827.52
C10816,1,2024-11-03,Moving,0.545,5466.45
C10817,1,2024-08-06,Network quality,0.6689,5647.75
C10818,1,2024-08-20,Price,0.6423,9298.12
C10819,1,2024-08-28,Network quality,0.7325,5811.13
C10820,0,,No churn,0.3433,7584.45
C10821,1,2024-08-05,Price,0.3666,13360.7
C10822,0,,No churn,0.1798,13117.18
C10823,0,,No churn,0.1774,7077.96
C10824,0,,No churn,0.1081,20691.45
C10825,1,2024-09-03,Network quality,0.4464,15557.8
C10826,0,,No churn,0.5182,12565.36
C10827,0,,No churn,0.1295,10687.41
C10828,1,2024-10-10,Network quality,0.3358,16972.53
C10829,0,,No churn,0.2756,24372.29
C10830,0,,No churn,0.5029,45005.99
C10831,0,,No churn,0.2466,11116.05
C10832,0,,No churn,0.4154,20091.51
C10833,0,,No churn,0.3759,6164.84
C10834,0,,No churn,0.1831,11714.15
C10835,0,,No churn,0.4884,22075.07
C10836,1,2024-07-28,Competitor offer,0.2418,10532.61
C10837,1,2024-12-22,Poor service,0.2771,16356.81
C10838,1,2024-09-01,Poor service,0.1985,6580.5
C10839,0,,No churn,0.5133,12277.33
C10840,1,2024-08-20,Price,0.6795,24914.78
C10841,1,2024-08-26,Poor service,0.627,8335.7
C10842,1,2024-08-07,Network quality,0.3681,6570.82
C10843,1,2024-11-03,Price,0.7856,26219.13
C10844,0,,No churn,0.1423,12940.86
C10845,0,,No churn,0.4126,5920.32
C10846,0,,No churn,0.5341,7628.55
C10847,1,2024-09-02,Price,0.3733,20731.98
C10848,0,,No churn,0.1063,5071.02
C10849,0,,No churn,0.234,13010.89
C10850,0,,No churn,0.1372,19085.18
C10851,1,2024-10-23,Price,0.6971,9268.41
C10852,1,2024-12-13,Price,0.4774,6993.44
C10853,0,,No churn,0.3022,7418.06
C10854,1,2024-12-09,Poor service,0.7316,14499.9
C10855,1,2024-11-18,Other,0.8024,58018.33
C10856,1,2024-11-17,Poor service,0.7066,18811.31
C10857,0,,No churn,0.4639,26403.74
C10858,0,,No churn,0.5113,7362.96
C10859,0,,No churn,0.2091,3187.89
C10860,0,,No churn,0.1688,7807.02
C10861,0,,No churn,0.1873,10449.27
C10862,1,2024-08-27,Competitor offer,0.3496,4995.5
C10863,0,,No churn,0.2918,20367.91
C10864,0,,No churn,0.1788,12946.43
C10865,1,2024-10-19,Network quality,0.3679,17918.74
C10866,0,,No churn,0.4929,6059.37
C10867,0,,No churn,0.124,26206.07
C10868,0,,No churn,0.2334,9647.18
C10869,0,,No churn,0.3187,20022.16
C10870,0,,No churn,0.2504,12116.33
C10871,0,,No churn,0.1964,24774.89
C10872,1,2024-09-18,Competitor offer,0.662,15504.34
C10873,1,2024-11-19,Competitor offer,0.6228,20829.07
C10874,0,,No churn,0.1739,2629.25
C10875,0,,No churn,0.4237,7134.83
C10876,0,,No churn,0.3194,12722.0
C10877,1,2024-12-06,Poor service,0.4727,8132.69
C10878,0,,No churn,0.2108,6249.3
C10879,1,2024-12-28,Competitor offer,0.487,15596.62
C10880,0,,No churn,0.063,17879.94
C10881,0,,No churn,0.7116,27508.38
C10882,0,,No churn,0.5422,28697.2
C10883,1,2024-09-19,Price,0.736,7214.93
C10884,1,2024-11-14,Moving,0.3373,21118.21
C10885,1,2024-10-15,Price,0.5149,13648.66
C10886,1,2024-11-15,Moving,0.2377,7067.49
C10887,0,,No churn,0.3001,14131.1
C10888,0,,No churn,0.6314,10619.71
C10889,0,,No churn,0.1149,3342.82
C10890,0,,No churn,0.1292,6921.91
C10891,0,,No churn,0.189,11517.01
C10892,0,,No churn,0.2599,10999.46
C10893,0,,No churn,0.7819,51913.6
C10894,1,2024-12-01,Network quality,0.877,40823.36
C10895,0,,No churn,0.5074,16619.45
C10896,0,,No churn,0.4296,22198.05
C10897,0,,No churn,0.1488,12151.68
C10898,1,2024-08-23,Competitor offer,0.6765,31038.98
C10899,1,2024-11-03,Competitor offer,0.4823,8300.2
C10900,0,,No churn,0.1251,9591.87
C10901,0,,No churn,0.2806,22315.72
C10902,0,,No churn,0.0666,8878.78
C10903,0,,No churn,0.8135,13062.85
C10904,0,,No churn,0.3641,10877.21
C10905,0,,No churn,0.6282,12674.59
C10906,1,2024-08-14,Network quality,0.3462,9376.16
C10907,0,,No churn,0.1219,5141.29
C10908,1,2024-12-03,Network quality,0.8345,7672.43
C10909,1,2024-11-08,Price,0.7153,27102.46
C10910,1,2024-10-06,Competitor offer,0.3048,8116.77
C10911,1,2024-09-09,Price,0.3341,23516.53
C10912,0,,No churn,0.3417,6653.33
C10913,1,2024-12-26,Poor service,0.4176,7135.33
C10914,1,2024-10-05,Price,0.2735,5275.52
C10915,0,,No churn,0.6085,9569.12
C10916,0,,No churn,0.2107,15498.57
C10917,1,2024-11-17,Price,0.5633,14969.03
C10918,1,2024-10-05,Network quality,0.4359,26868.56
C10919,0,,No churn,0.6055,29065.2
C10920,0,,No churn,0.267,15050.52
C10921,0,,No churn,0.1907,4000.68
C10922,0,,No churn,0.3191,21232.59
C10923,1,2024-11-23,Competitor offer,0.7675,15090.89
C10924,0,,No churn,0.3804,36298.08
C10925,0,,No churn,0.2996,7527.4
C10926,0,,No churn,0.4137,17473.0
C10927,1,2024-11-24,Price,0.4359,5713.36
C10928,0,,No churn,0.0691,10620.93
C10929,1,2024-09-15,Competitor offer,0.8682,29265.37
C10930,0,,No churn,0.1946,9099.06
C10931,0,,No churn,0.168,6666.99
C10932,1,2024-10-22,Poor service,0.8435,54159.54
C10933,1,2024-12-13,Network quality,0.4254,18611.54
C10934,1,2024-11-16,Other,0.1767,6651.35
C10935,1,2024-10-04,Price,0.2843,10928.99
C10936,0,,No churn,0.6625,22963.21
C10937,1,2024-09-22,Competitor offer,0.3594,3402.34
C10938,0,,No churn,0.7895,16661.28
C10939,0,,No churn,0.5914,9459.91
C10940,0,,No churn,0.4262,3689.36
C10941,0,,No churn,0.2144,5861.28
C10942,0,,No churn,0.3777,10785.8
C10943,1,2024-11-26,Price,0.5689,31504.11
C10944,0,,No churn,0.4016,4992.89
C10945,0,,No churn,0.6383,16855.98
C10946,0,,No churn,0.2122,10807.03
C10947,0,,No churn,0.3981,7151.99
C10948,1,2024-10-10,Competitor offer,0.8195,16858.15
C10949,1,2024-09-26,Competitor offer,0.5234,9530.07
C10950,0,,No churn,0.2382,21556.47
C10951,1,2024-10-02,Price,0.5826,11581.28
C10952,0,,No churn,0.2175,3271.07
C10953,0,,No churn,0.1654,21160.69
C10954,1,2024-09-23,Price,0.4572,5486.62
C10955,1,2024-08-10,Price,0.7977,43308.28
C10956,1,2024-11-06,Price,0.7832,5849.99
C10957,0,,No churn,0.3423,2984.09
C10958,0,,No churn,0.4464,7877.59
C10959,0,,No churn,0.3349,16375.89
C10960,1,2024-10-18,Competitor offer,0.1387,6143.79
C10961,0,,No churn,0.7457,18337.33
C10962,0,,No churn,0.0599,5807.79
C10963,0,,No churn,0.1552,10797.69
C10964,0,,No churn,0.3009,17854.88
C10965,1,2024-08-16,Price,0.3805,5069.16
C10966,0,,No churn,0.1429,5403.86
C10967,0,,No churn,0.398,44901.5
C10968,0,,No churn,0.2045,10672.09
C10969,0,,No churn,0.3032,10193.33
C10970,0,,No churn,0.7393,27608.92
C10971,1,2024-07-09,Other,0.8415,10617.15
C10972,1,2024-08-11,Price,0.5655,12006.68
C10973,0,,No churn,0.6864,7213.1
C10974,0,,No churn,0.0865,6300.1
C10975,0,,No churn,0.0532,11723.54
C10976,1,2024-10-04,Price,0.2499,11230.55
C10977,0,,No churn,0.1582,6637.8
C10978,1,2024-07-14,Price,0.2099,10594.97
C10979,1,2024-09-26,Poor service,0.4946,5199.3
C10980,1,2024-12-07,Price,0.6517,33010.77
C10981,0,,No churn,0.3101,3526.67
C10982,0,,No churn,0.1949,4465.16
C10983,0,,No churn,0.2447,29612.13
C10984,1,2024-08-18,Competitor offer,0.6317,7892.98
C10985,1,2024-07-10,Price,0.3138,11964.78
C10986,0,,No churn,0.3091,22552.8
C10987,1,2024-07-11,Network quality,0.6006,25221.09
C10988,0,,No churn,0.2158,12554.11
C10989,1,2024-10-07,Network quality,0.398,30545.36
C10990,0,,No churn,0.4934,31293.53
C10991,0,,No churn,0.393,3467.09
C10992,1,2024-11-27,Poor service,0.327,4421.22
C10993,0,,No churn,0.2933,21276.61
C10994,1,2024-10-24,Competitor offer,0.4487,8133.95
C10995,0,,No churn,0.6162,7934.87
C10996,1,2024-08-17,Competitor offer,0.3451,18044.88
C10997,1,2024-12-22,Competitor offer,0.3444,10150.08
C10998,1,2024-09-19,Network quality,0.8271,14011.84
C10999,0,,No churn,0.3715,18840.06
C11000,1,2024-07-10,Price,0.7215,11455.9
C11001,1,2024-10-23,Price,0.869,22357.06
C11002,1,2024-08-17,Other,0.6365,25057.49
C11003,1,2024-11-19,Competitor offer,0.7128,9795.92
C11004,1,2024-10-20,Competitor offer,0.4608,29161.44
C11005,1,2024-11-01,Network quality,0.5104,12367.79
C11006,1,2024-08-02,Competitor offer,0.4959,22668.73
C11007,0,,No churn,0.6547,8243.8
C11008,1,2024-11-07,Other,0.2545,12759.26
C11009,0,,No churn,0.6476,18426.31
C11010,0,,No churn,0.6391,26118.65
C11011,1,2024-07-10,Price,0.6287,40521.46
C11012,0,,No churn,0.2059,4612.99
C11013,0,,No churn,0.0824,9839.6
C11014,0,,No churn,0.5613,17742.41
C11015,1,2024-09-17,Moving,0.7898,19975.85
C11016,1,2024-11-14,Competitor offer,0.6909,28319.2
C11017,0,,No churn,0.3643,3457.1
C11018,0,,No churn,0.2072,6883.21
C11019,0,,No churn,0.6451,19099.02
C11020,0,,No churn,0.4209,6874.08
C11021,1,2024-11-24,Network quality,0.8121,18612.21
C11022,0,,No churn,0.1276,9842.4
C11023,0,,No churn,0.2668,8828.03
C11024,1,2024-10-10,Moving,0.8968,25351.17
C11025,1,2024-12-10,Competitor offer,0.6949,28412.06
C11026,0,,No churn,0.1684,14104.87
C11027,0,,No churn,0.3937,3476.44
C11028,0,,No churn,0.3215,13030.81
C11029,1,2024-12-22,Poor service,0.7205,40001.54
C11030,1,2024-09-11,Price,0.7455,12083.34
C11031,0,,No churn,0.3142,14987.89
C11032,1,2024-12-17,Other,0.7813,32137.43
C11033,0,,No churn,0.1614,4294.86
C11034,1,2024-08-21,Network quality,0.7794,13182.25
C11035,1,2024-08-12,Price,0.8815,7862.93
C11036,0,,No churn,0.4522,16326.73
C11037,1,2024-08-13,Moving,0.5427,39854.37
C11038,1,2024-07-09,Poor service,0.5366,34340.05
C11039,0,,No churn,0.2351,4388.58
C11040,0,,No churn,0.6897,13592.35
C11041,1,2024-12-04,Price,0.9402,9854.84
C11042,0,,No churn,0.6866,21767.13
C11043,0,,No churn,0.1758,10598.0
C11044,0,,No churn,0.352,35230.94
C11045,1,2024-10-06,Network quality,0.5373,9692.99
C11046,0,,No churn,0.3338,2853.45
C11047,1,2024-07-15,Poor service,0.2692,8841.93
C11048,0,,No churn,0.3675,21522.56
C11049,1,2024-09-21,Competitor offer,0.7529,6567.92
C11050,0,,No churn,0.335,7816.57
C11051,1,2024-12-21,Competitor offer,0.7266,12645.0
C11052,0,,No churn,0.3354,23379.43
C11053,0,,No churn,0.2564,7504.22
C11054,0,,No churn,0.6192,12244.85
C11055,0,,No churn,0.3911,11512.87
C11056,1,2024-11-12,Moving,0.7271,42470.1
C11057,1,2024-10-08,Price,0.6978,9008.4
C11058,1,2024-10-05,Other,0.4155,10272.7
C11059,1,2024-12-16,Price,0.6195,37005.76
C11060,0,,No churn,0.2162,10057.64
C11061,1,2024-12-11,Competitor offer,0.4235,6998.95
C11062,0,,No churn,0.1554,6528.44
C11063,0,,No churn,0.5606,12584.71
C11064,0,,No churn,0.1008,6212.93
C11065,0,,No churn,0.3059,9830.64
C11066,0,,No churn,0.1204,11805.53
C11067,1,2024-08-05,Competitor offer,0.5394,11450.57
C11068,1,2024-10-18,Poor service,0.6029,31354.44
C11069,0,,No churn,0.255,14808.43
C11070,0,,No churn,0.1896,18651.61
C11071,0,,No churn,0.1757,10628.43
C11072,0,,No churn,0.2386,9286.59
C11073,0,,No churn,0.1577,5081.14
C11074,1,2024-11-19,Price,0.6302,10699.39
C11075,1,2024-12-19,Price,0.3229,21306.28
C11076,1,2024-08-05,Price,0.4092,20135.25
C11077,0,,No churn,0.1175,16314.74
C11078,1,2024-10-11,Moving,0.8749,8070.12
C11079,0,,No churn,0.0984,3414.39
C11080,0,,No churn,0.6259,36179.96
C11081,0,,No churn,0.8583,26588.41
C11082,0,,No churn,0.2074,3776.16
C11083,0,,No churn,0.6429,30358.69
C11084,1,2024-07-09,Network quality,0.8686,37231.66
C11085,0,,No churn,0.4018,30260.47
C11086,0,,No churn,0.6266,23590.62
C11087,0,,No churn,0.2536,26622.02
C11088,0,,No churn,0.1941,5151.01
C11089,1,2024-09-09,Other,0.8057,16313.51
C11090,0,,No churn,0.6502,28853.23
C11091,1,2024-12-23,Network quality,0.7246,22779.31
C11092,0,,No churn,0.1799,6837.44
C11093,0,,No churn,0.2575,7523.46
C11094,0,,No churn,0.1869,13924.31
C11095,0,,No churn,0.4453,13555.29
C11096,0,,No churn,0.3618,8697.52
C11097,0,,No churn,0.138,3543.96
C11098,0,,No churn,0.2801,5837.26
C11099,0,,No churn,0.2202,16885.06
C11100,0,,No churn,0.2351,3475.74
C11101,1,2024-11-23,Competitor offer,0.579,18295.06
C11102,0,,No churn,0.1978,7811.88
C11103,0,,No churn,0.2726,11975.36
C11104,1,2024-08-22,Price,0.3781,19392.39
C11105,1,2024-10-28,Price,0.7203,10484.33
C11106,1,2024-09-13,Competitor offer,0.3463,13822.51
C11107,0,,No churn,0.4475,21778.71
C11108,1,2024-11-03,Price,0.2847,11537.7
C11109,0,,No churn,0.1346,12652.1
C11110,0,,No churn,0.2783,5321.28
C11111,0,,No churn,0.2085,13761.07
C11112,0,,No churn,0.098,12010.1
C11113,1,2024-11-20,Competitor offer,0.2875,14445.26
C11114,0,,No churn,0.1834,7250.74
C11115,1,2024-10-24,Price,0.8121,38215.14
C11116,0,,No churn,0.4905,35029.97
C11117,0,,No churn,0.484,23267.54
C11118,1,2024-09-26,Poor service,0.2146,11087.16
C11119,0,,No churn,0.1333,3866.65
C11120,0,,No churn,0.1182,6951.18
C11121,0,,No churn,0.3499,29199.24
C11122,1,2024-11-19,Poor service,0.6323,43706.71
C11123,0,,No churn,0.3572,13044.65
C11124,1,2024-12-13,Price,0.2529,17579.6
C11125,0,,No churn,0.0885,18268.33
C11126,0,,No churn,0.2392,8350.21
C11127,1,2024-09-19,Price,0.7791,36050.53
C11128,0,,No churn,0.2333,8504.72
C11129,0,,No churn,0.5568,30565.56
C11130,1,2024-09-15,Poor service,0.5666,19976.76
C11131,1,2024-09-13,Price,0.3644,10518.52
C11132,0,,No churn,0.2016,12165.77
C11133,1,2024-08-12,Price,0.8719,14582.62
C11134,0,,No churn,0.2125,6852.83
C11135,1,2024-07-27,Poor service,0.6008,21010.98
C11136,1,2024-10-21,Competitor offer,0.1256,2684.06
C11137,0,,No churn,0.4817,12840.5
C11138,0,,No churn,0.1138,7708.96
C11139,0,,No churn,0.1064,13004.59
C11140,1,2024-10-04,Price,0.4213,6576.39
C11141,1,2024-08-21,Price,0.5874,12068.41
C11142,0,,No churn,0.4569,24739.03
C11143,1,2024-07-01,Poor service,0.887,39640.74
C11144,0,,No churn,0.251,4402.65
C11145,0,,No churn,0.233,19519.37
C11146,1,2024-11-20,Price,0.1605,13268.61
C11147,1,2024-11-09,Competitor offer,0.2803,24761.7
C11148,0,,No churn,0.706,25156.96
C11149,0,,No churn,0.818,19239.39
C11150,0,,No churn,0.3934,32450.92
C11151,1,2024-11-08,Poor service,0.5833,26517.0
C11152,1,2024-11-07,Price,0.2122,3889.37
C11153,0,,No churn,0.4,18485.96
C11154,0,,No churn,0.0613,6005.19
C11155,0,,No churn,0.074,16202.98
C11156,0,,No churn,0.2561,10620.3
C11157,0,,No churn,0.2896,3555.72
C11158,1,2024-07-16,Competitor offer,0.7878,26660.61
C11159,0,,No churn,0.584,13326.79
C11160,1,2024-09-27,Competitor offer,0.1444,9447.72
C11161,0,,No churn,0.1652,13352.99
C11162,1,2024-12-25,Network quality,0.8684,39990.79
C11163,0,,No churn,0.2207,15870.65
C11164,0,,No churn,0.378,28965.6
C11165,0,,No churn,0.5162,7316.22
C11166,1,2024-07-28,Network quality,0.8015,13255.99
C11167,0,,No churn,0.1249,10208.61
C11168,1,2024-07-15,Network quality,0.3831,18056.66
C11169,1,2024-11-05,Competitor offer,0.903,12105.87
C11170,0,,No churn,0.1953,3468.91
C11171,0,,No churn,0.2469,13166.7
C11172,0,,No churn,0.0687,10671.74
C11173,1,2024-07-04,Poor service,0.2586,5829.41
C11174,1,2024-11-26,Competitor offer,0.9014,12316.28
C11175,1,2024-10-24,Price,0.6221,13822.94
C11176,0,,No churn,0.4225,11481.66
C11177,1,2024-10-16,Moving,0.1594,7249.54
C11178,0,,No churn,0.1504,8625.44
C11179,0,,No churn,0.1638,17235.53
C11180,1,2024-09-26,Price,0.4716,11407.34
C11181,0,,No churn,0.526,18532.95
C11182,1,2024-11-25,Competitor offer,0.5547,40130.72
C11183,0,,No churn,0.1359,24016.85
C11184,1,2024-08-20,Poor service,0.8521,19722.61
C11185,1,2024-07-04,Network quality,0.8116,12773.27
C11186,0,,No churn,0.0436,17656.12
C11187,0,,No churn,0.4148,24287.45
C11188,1,2024-12-27,Network quality,0.441,7304.59
C11189,0,,No churn,0.4067,9006.66
C11190,1,2024-07-28,Price,0.6576,46627.91
C11191,0,,No churn,0.3432,23495.07
C11192,0,,No churn,0.193,10383.16
C11193,0,,No churn,0.2312,7673.45
C11194,0,,No churn,0.1472,3826.62
C11195,1,2024-11-23,Network quality,0.5405,8306.21
C11196,1,2024-09-11,Network quality,0.7915,26730.44
C11197,0,,No churn,0.1671,13591.27
C11198,0,,No churn,0.2781,4755.93
C11199,0,,No churn,0.3704,21029.33
C11200,1,2024-12-10,Network quality,0.1391,9101.45
C11201,0,,No churn,0.1224,7198.42
C11202,0,,No churn,0.3913,22193.36
C11203,0,,No churn,0.0861,19002.34
C11204,0,,No churn,0.1376,7882.04
C11205,1,2024-07-14,Price,0.8495,56647.78
C11206,0,,No churn,0.5636,18047.97
C11207,1,2024-12-27,Competitor offer,0.524,24684.48
C11208,0,,No churn,0.1793,13688.09
C11209,0,,No churn,0.3032,4983.45
C11210,0,,No churn,0.1128,10578.4
C11211,1,2024-09-22,Poor service,0.787,9778.95
C11212,0,,No churn,0.092,8638.15
C11213,0,,No churn,0.2023,13291.41
C11214,1,2024-07-08,Other,0.7714,28641.5
C11215,0,,No churn,0.2513,18525.09
C11216,0,,No churn,0.3019,5189.41
C11217,1,2024-09-04,Network quality,0.6013,8692.55
C11218,1,2024-08-05,Competitor offer,0.8075,11505.06
C11219,1,2024-07-13,Competitor offer,0.3234,5714.44
C11220,1,2024-08-15,Competitor offer,0.813,43709.73
C11221,1,2024-08-09,Network quality,0.8335,20825.64
C11222,0,,No churn,0.4316,17409.92
C11223,0,,No churn,0.0657,6385.42
C11224,0,,No churn,0.1307,6567.86
C11225,0,,No churn,0.4736,7602.68
C11226,0,,No churn,0.0963,17315.36
C11227,0,,No churn,0.5557,11789.36
C11228,0,,No churn,0.2766,19809.47
C11229,0,,No churn,0.685,41318.4
C11230,1,2024-08-22,Competitor offer,0.1921,9734.34
C11231,0,,No churn,0.616,6364.73
C11232,0,,No churn,0.227,27247.09
C11233,0,,No churn,0.7633,31607.35
C11234,1,2024-07-11,Competitor offer,0.5067,20741.05
C11235,1,2024-11-10,Competitor offer,0.4068,3499.23
C11236,0,,No churn,0.3914,3859.78
C11237,0,,No churn,0.244,6209.67
C11238,1,2024-08-18,Competitor offer,0.3626,18561.4
C11239,0,,No churn,0.1518,15456.39
C11240,1,2024-10-03,Other,0.6987,9798.36
C11241,0,,No churn,0.0835,6115.92
C11242,0,,No churn,0.1661,18948.05
C11243,1,2024-09-02,Price,0.9307,14239.56
C11244,0,,No churn,0.0506,11508.69
C11245,0,,No churn,0.4885,28564.3
C11246,1,2024-07-11,Competitor offer,0.4871,10802.98
C11247,1,2024-08-24,Network quality,0.3816,8717.77
C11248,0,,No churn,0.2185,5511.93
C11249,1,2024-08-04,Competitor offer,0.5504,28518.25
C11250,0,,No churn,0.3261,3714.98
C11251,0,,No churn,0.401,5138.64
C11252,0,,No churn,0.6494,13435.51
C11253,0,,No churn,0.2871,6661.67
C11254,1,2024-09-12,Price,0.6889,10559.7
C11255,0,,No churn,0.1877,21684.15
C11256,1,2024-09-26,Price,0.6137,34487.1
C11257,0,,No churn,0.0521,9004.77
C11258,0,,No churn,0.1389,8255.53
C11259,1,2024-12-14,Price,0.8974,10568.71
C11260,0,,No churn,0.2936,11557.08
C11261,0,,No churn,0.455,6281.77
C11262,1,2024-09-21,Moving,0.563,21309.66
C11263,0,,No churn,0.1072,13115.06
C11264,0,,No churn,0.0948,13913.54
C11265,1,2024-10-20,Price,0.831,9973.44
C11266,1,2024-08-12,Moving,0.7736,14332.42
C11267,1,2024-12-24,Price,0.3669,11976.51
C11268,1,2024-07-11,Price,0.1355,9536.27
C11269,0,,No churn,0.1528,17980.71
C11270,0,,No churn,0.3474,6629.54
C11271,1,2024-11-14,Competitor offer,0.7929,25766.93
C11272,0,,No churn,0.7041,21738.2
C11273,1,2024-09-08,Poor service,0.1878,7817.36
C11274,1,2024-09-04,Competitor offer,0.926,41640.69
C11275,0,,No churn,0.348,6231.43
C11276,0,,No churn,0.6463,10211.38
C11277,0,,No churn,0.093,6762.37
C11278,0,,No churn,0.2376,3687.25
C11279,1,2024-10-17,Competitor offer,0.5248,30279.61
C11280,0,,No churn,0.3162,8672.72
C11281,0,,No churn,0.4698,17557.61
C11282,1,2024-12-10,Price,0.6693,8048.54
C11283,1,2024-12-26,Price,0.3217,17437.31
C11284,1,2024-12-10,Other,0.7884,36320.08
C11285,0,,No churn,0.3592,11694.12
C11286,0,,No churn,0.7021,18393.99
C11287,1,2024-12-20,Network quality,0.6292,8105.95
C11288,0,,No churn,0.3734,6113.83
C11289,0,,No churn,0.2636,19569.87
C11290,0,,No churn,0.1323,6728.79
C11291,1,2024-10-23,Network quality,0.3269,21656.08
C11292,1,2024-09-02,Price,0.2174,4350.33
C11293,0,,No churn,0.1575,16113.92
C11294,0,,No churn,0.2368,4392.39
C11295,0,,No churn,0.4674,11735.75
C11296,1,2024-08-21,Price,0.3008,25248.46
C11297,1,2024-10-09,Competitor offer,0.4392,6576.59
C11298,0,,No churn,0.1034,2951.33
C11299,1,2024-07-28,Poor service,0.7872,38299.6
C11300,0,,No churn,0.4177,4503.29
C11301,1,2024-07-09,Price,0.0761,16541.02
C11302,1,2024-10-01,Competitor offer,0.4707,13407.33
C11303,0,,No churn,0.2126,9271.85
C11304,1,2024-10-20,Network quality,0.7885,33203.35
C11305,0,,No churn,0.6592,49616.62
C11306,1,2024-11-26,Price,0.3607,10140.02
C11307,0,,No churn,0.5424,11992.73
C11308,0,,No churn,0.3088,3900.96
C11309,1,2024-12-25,Poor service,0.8813,24371.39
C11310,1,2024-09-21,Price,0.8003,19426.35
C11311,1,2024-09-24,Network quality,0.7522,26270.57
C11312,1,2024-11-18,Competitor offer,0.5494,17793.57
C11313,1,2024-10-18,Moving,0.6125,17428.69
C11314,0,,No churn,0.245,14183.11
C11315,1,2024-08-06,Price,0.6112,25449.13
C11316,1,2024-12-03,Competitor offer,0.1861,7640.27
C11317,1,2024-08-23,Other,0.5345,13387.47
C11318,0,,No churn,0.3554,9047.12
C11319,1,2024-11-22,Competitor offer,0.8957,11391.62
C11320,0,,No churn,0.0759,13437.53
C11321,1,2024-09-28,Price,0.1992,6996.01
C11322,0,,No churn,0.1482,3193.06
C11323,0,,No churn,0.7527,52054.95
C11324,1,2024-10-21,Other,0.444,16697.73
C11325,0,,No churn,0.7001,16757.34
C11326,0,,No churn,0.2281,12714.9
C11327,0,,No churn,0.2464,5112.89
C11328,0,,No churn,0.5804,19455.37
C11329,0,,No churn,0.8061,27273.55
C11330,1,2024-09-20,Competitor offer,0.5212,6389.47
C11331,0,,No churn,0.3746,37946.43
C11332,0,,No churn,0.4187,6936.94
C11333,0,,No churn,0.3275,13635.69
C11334,0,,No churn,0.3372,31657.19
C11335,1,2024-12-27,Price,0.8227,46305.73
C11336,0,,No churn,0.2918,2743.63
C11337,0,,No churn,0.1764,15796.2
C11338,1,2024-10-10,Network quality,0.8338,24531.89
C11339,0,,No churn,0.3692,11099.3
C11340,0,,No churn,0.5111,26829.93
C11341,1,2024-11-27,Network quality,0.7567,27073.0
C11342,0,,No churn,0.1666,4413.95
C11343,0,,No churn,0.2713,7103.35
C11344,1,2024-09-17,Other,0.9289,11720.62
C11345,1,2024-07-22,Network quality,0.5167,14768.35
C11346,1,2024-08-10,Network quality,0.3822,14162.2
C11347,1,2024-08-19,Price,0.7154,20263.09
C11348,1,2024-07-14,Price,0.1683,4042.02
C11349,0,,No churn,0.4602,33197.36
C11350,1,2024-10-15,Price,0.8577,8138.62
C11351,1,2024-12-14,Competitor offer,0.5831,29720.87
C11352,1,2024-11-16,Competitor offer,0.2829,5112.36
C11353,0,,No churn,0.4375,7965.87
C11354,0,,No churn,0.4682,31378.31
C11355,1,2024-09-13,Competitor offer,0.5503,5019.63
C11356,0,,No churn,0.1641,16832.42
C11357,0,,No churn,0.3528,6080.52
C11358,0,,No churn,0.4396,21591.01
C11359,0,,No churn,0.1387,14917.21
C11360,0,,No churn,0.2071,14077.95
C11361,0,,No churn,0.2852,8985.78
C11362,0,,No churn,0.3109,25172.72
C11363,0,,No churn,0.9152,12686.79
C11364,1,2024-11-19,Network quality,0.4644,17768.79
C11365,0,,No churn,0.1988,5751.35
C11366,1,2024-07-11,Competitor offer,0.5961,20385.38
C11367,0,,No churn,0.202,3945.53
C11368,0,,No churn,0.1535,10664.36
C11369,0,,No churn,0.2505,13435.17
C11370,1,2024-11-21,Network quality,0.289,7269.54
C11371,0,,No churn,0.061,8274.01
C11372,0,,No churn,0.569,14951.16
C11373,0,,No churn,0.2775,3128.06
C11374,0,,No churn,0.7268,17501.77
C11375,1,2024-09-08,Price,0.4224,7029.78
C11376,1,2024-10-04,Competitor offer,0.3667,6008.98
C11377,1,2024-10-28,Moving,0.7546,16903.57
C11378,0,,No churn,0.1702,11781.26
C11379,0,,No churn,0.248,19275.95
C11380,0,,No churn,0.1159,10766.03
C11381,1,2024-08-14,Price,0.7209,16821.02
C11382,1,2024-11-13,Competitor offer,0.9,25539.98
C11383,1,2024-11-02,Poor service,0.0416,7554.62
C11384,0,,No churn,0.4969,3606.73
C11385,1,2024-07-14,Moving,0.3883,5215.95
C11386,0,,No churn,0.4571,17171.08
C11387,0,,No churn,0.0577,6518.61
C11388,1,2024-10-25,Price,0.4149,7921.58
C11389,1,2024-12-20,Price,0.5744,17703.65
C11390,1,2024-08-05,Price,0.7466,56752.12
C11391,1,2024-07-08,Price,0.7157,30379.4
C11392,1,2024-08-16,Competitor offer,0.5271,3312.71
C11393,0,,No churn,0.4116,8324.88
C11394,1,2024-12-08,Other,0.5688,8524.21
C11395,0,,No churn,0.5917,27996.68
C11396,1,2024-08-11,Price,0.1369,3211.06
C11397,1,2024-07-18,Other,0.4389,11371.02
C11398,0,,No churn,0.7228,9437.17
C11399,0,,No churn,0.5915,16465.44
C11400,0,,No churn,0.7071,14074.03
C11401,0,,No churn,0.3368,21515.44
C11402,0,,No churn,0.3938,12782.34
C11403,0,,No churn,0.1579,12633.61
C11404,0,,No churn,0.3242,5389.11
C11405,0,,No churn,0.3567,11254.4
C11406,1,2024-11-08,Competitor offer,0.7898,46621.74
C11407,1,2024-10-26,Price,0.5856,24599.64
C11408,1,2024-07-03,Competitor offer,0.7746,7611.06
C11409,1,2024-09-27,Other,0.942,10478.77
C11410,0,,No churn,0.1766,7290.51
C11411,0,,No churn,0.1775,15146.26
C11412,0,,No churn,0.149,16339.53
C11413,1,2024-10-04,Moving,0.11,13295.63
C11414,1,2024-12-22,Network quality,0.2702,5401.78
C11415,0,,No churn,0.2134,12921.76
C11416,1,2024-10-14,Competitor offer,0.5799,21076.26
C11417,1,2024-09-11,Poor service,0.787,46578.45
C11418,0,,No churn,0.5191,11079.38
C11419,0,,No churn,0.1828,21483.45
C11420,0,,No churn,0.3904,22942.48
C11421,0,,No churn,0.482,13836.41
C11422,0,,No churn,0.1776,12004.1
C11423,0,,No churn,0.335,8128.38
C11424,0,,No churn,0.3122,5227.68
C11425,1,2024-09-20,Price,0.3059,13019.81
C11426,0,,No churn,0.1898,10558.87
C11427,0,,No churn,0.6667,29983.23
C11428,0,,No churn,0.24,23592.7
C11429,1,2024-07-11,Poor service,0.153,11445.48
C11430,1,2024-12-28,Poor service,0.2406,10841.57
C11431,0,,No churn,0.3979,10022.56
C11432,0,,No churn,0.6852,9686.34
C11433,0,,No churn,0.1381,2879.93
C11434,1,2024-11-04,Poor service,0.2122,6578.05
C11435,1,2024-09-21,Competitor offer,0.9262,11519.58
C11436,1,2024-10-09,Network quality,0.7397,30912.79
C11437,1,2024-09-24,Competitor offer,0.4755,11712.75
C11438,1,2024-11-20,Network quality,0.5626,29731.34
C11439,0,,No churn,0.3359,11550.56
C11440,1,2024-09-12,Network quality,0.2033,7387.34
C11441,0,,No churn,0.2969,19831.31
C11442,0,,No churn,0.2053,3662.28
C11443,1,2024-07-07,Competitor offer,0.9038,55570.83
C11444,0,,No churn,0.2133,8682.61
C11445,1,2024-12-07,Network quality,0.5343,18145.9
C11446,0,,No churn,0.7507,20004.24
C11447,1,2024-07-13,Network quality,0.2974,10481.9
C11448,0,,No churn,0.4973,24044.43
C11449,0,,No churn,0.2354,10592.9
C11450,1,2024-12-27,Price,0.3376,22367.48
C11451,1,2024-08-11,Price,0.9167,27680.65
C11452,0,,No churn,0.369,17258.58
C11453,0,,No churn,0.3024,12007.13
C11454,0,,No churn,0.6651,19102.28
C11455,0,,No churn,0.2002,13401.73
C11456,1,2024-08-28,Price,0.51,7268.06
C11457,0,,No churn,0.641,21065.68
C11458,1,2024-10-21,Price,0.4586,4118.25
C11459,1,2024-09-02,Price,0.7891,24341.3
C11460,1,2024-10-11,Poor service,0.7835,12503.52
C11461,0,,No churn,0.2743,3809.3
C11462,1,2024-12-27,Moving,0.8493,13189.72
C11463,0,,No churn,0.8867,28698.85
C11464,1,2024-07-09,Network quality,0.7457,30081.67
C11465,1,2024-11-01,Poor service,0.6716,18009.18
C11466,1,2024-12-28,Price,0.3073,10623.23
C11467,0,,No churn,0.2796,12181.98
C11468,0,,No churn,0.1554,17232.13
C11469,0,,No churn,0.348,4294.36
C11470,1,2024-08-01,Moving,0.5353,4979.63
C11471,0,,No churn,0.2247,7620.44
C11472,0,,No churn,0.321,21994.64
C11473,1,2024-11-01,Poor service,0.6036,17851.86
C11474,0,,No churn,0.3902,7289.28
C11475,0,,No churn,0.2938,2500.26
C11476,0,,No churn,0.3695,13715.1
C11477,0,,No churn,0.4524,14927.78
C11478,0,,No churn,0.3466,7038.63
C11479,1,2024-12-16,Poor service,0.1037,4821.8
C11480,0,,No churn,0.2011,10590.46
C11481,1,2024-10-12,Network quality,0.3514,5128.12
C11482,1,2024-08-01,Competitor offer,0.596,7596.14
C11483,1,2024-11-22,Other,0.7569,35099.32
C11484,1,2024-08-04,Moving,0.4458,6384.99
C11485,1,2024-08-16,Network quality,0.4169,2469.01
C11486,1,2024-08-27,Competitor offer,0.8739,24320.27
C11487,1,2024-10-11,Competitor offer,0.2625,6979.94
C11488,1,2024-07-17,Other,0.7366,44859.13
C11489,1,2024-08-09,Competitor offer,0.0861,12103.37
C11490,0,,No churn,0.2582,27300.21
C11491,1,2024-12-05,Other,0.1895,11871.18
C11492,0,,No churn,0.1618,5093.79
C11493,1,2024-07-04,Competitor offer,0.8003,13176.29
C11494,1,2024-09-24,Price,0.413,25514.04
C11495,1,2024-10-15,Price,0.4227,4095.27
C11496,1,2024-09-08,Network quality,0.3809,9661.32
C11497,1,2024-08-03,Competitor offer,0.514,23927.31
C11498,0,,No churn,0.1847,4462.72
C11499,1,2024-12-18,Network quality,0.6131,35283.8
C11500,0,,No churn,0.2519,13142.58
C11501,0,,No churn,0.1629,10419.52
C11502,1,2024-11-11,Moving,0.3292,25936.16
C11503,1,2024-12-19,Price,0.913,17581.82
C11504,0,,No churn,0.2147,9416.08
C11505,0,,No churn,0.4318,4387.92
C11506,1,2024-12-03,Price,0.9386,31926.96
C11507,0,,No churn,0.1681,16004.21
C11508,1,2024-12-18,Price,0.1091,7008.97
C11509,0,,No churn,0.3029,5031.3
C11510,1,2024-11-03,Price,0.6786,15553.96
C11511,0,,No churn,0.4264,6869.05
C11512,1,2024-12-02,Poor service,0.5844,7211.05
C11513,0,,No churn,0.0841,15977.99
C11514,0,,No churn,0.1171,15631.57
C11515,1,2024-07-07,Moving,0.8232,49031.99
C11516,1,2024-09-21,Moving,0.2323,5809.71
C11517,0,,No churn,0.2204,13972.33
C11518,0,,No churn,0.3231,15704.56
C11519,1,2024-10-18,Price,0.7808,19290.49
C11520,1,2024-10-02,Poor service,0.8762,7696.82
C11521,0,,No churn,0.2894,2937.42
C11522,0,,No churn,0.3014,21643.32
C11523,0,,No churn,0.1734,15560.85
C11524,0,,No churn,0.2473,13600.48
C11525,0,,No churn,0.6144,32971.09
C11526,0,,No churn,0.2112,10047.82
C11527,1,2024-07-11,Poor service,0.1719,10618.9
C11528,1,2024-12-01,Poor service,0.1845,12916.69
C11529,1,2024-08-09,Other,0.8355,22878.74
C11530,1,2024-10-06,Poor service,0.4678,23790.3
C11531,0,,No churn,0.6953,10523.86
C11532,0,,No churn,0.7677,35246.83
C11533,0,,No churn,0.3408,4505.97
C11534,0,,No churn,0.315,7206.39
C11535,0,,No churn,0.4021,6370.7
C11536,0,,No churn,0.7802,53356.62
C11537,1,2024-12-16,Network quality,0.838,13730.61
C11538,1,2024-07-09,Poor service,0.3961,4537.9
C11539,0,,No churn,0.5185,11176.97
C11540,1,2024-08-19,Price,0.545,17241.58
C11541,0,,No churn,0.2176,18431.03
C11542,1,2024-08-26,Competitor offer,0.5116,6400.95
C11543,0,,No churn,0.3952,33559.8
C11544,0,,No churn,0.5607,12492.35
C11545,1,2024-12-16,Competitor offer,0.5758,10634.35
C11546,0,,No churn,0.3987,17623.93
C11547,0,,No churn,0.3646,24370.0
C11548,1,2024-12-21,Competitor offer,0.5711,5325.16
C11549,1,2024-12-05,Price,0.653,8194.69
C11550,0,,No churn,0.324,10781.0
C11551,0,,No churn,0.2891,15182.25
C11552,1,2024-11-13,Price,0.6552,29780.11
C11553,1,2024-10-08,Network quality,0.1941,22877.19
C11554,0,,No churn,0.3052,6723.07
C11555,0,,No churn,0.4753,21371.52
C11556,1,2024-12-16,Other,0.8287,22352.02
C11557,0,,No churn,0.2282,13457.49
C11558,1,2024-07-21,Price,0.7949,31572.27
C11559,1,2024-08-18,Poor service,0.2094,20212.67
C11560,0,,No churn,0.3062,39568.37
C11561,0,,No churn,0.5688,9911.91
C11562,0,,No churn,0.0889,7642.05
C11563,1,2024-08-02,Competitor offer,0.827,29189.29
C11564,0,,No churn,0.316,5104.29
C11565,0,,No churn,0.223,7224.31
C11566,0,,No churn,0.4444,5298.75
C11567,1,2024-12-25,Network quality,0.5672,14951.42
C11568,1,2024-08-28,Network quality,0.5476,9384.99
C11569,1,2024-08-22,Price,0.7882,8553.66
C11570,0,,No churn,0.216,17126.56
C11571,1,2024-09-05,Moving,0.4415,32623.47
C11572,1,2024-09-21,Price,0.7938,40428.57
C11573,1,2024-10-13,Other,0.4848,3821.68
C11574,0,,No churn,0.0998,18386.78
C11575,1,2024-09-02,Moving,0.2145,8180.8
C11576,1,2024-11-15,Other,0.8387,26745.93
C11577,1,2024-12-20,Competitor offer,0.8271,21452.17
C11578,0,,No churn,0.2771,24014.19
C11579,1,2024-09-09,Price,0.6885,15946.06
C11580,1,2024-09-06,Competitor offer,0.7914,15356.98
C11581,0,,No churn,0.1723,10845.08
C11582,1,2024-09-20,Competitor offer,0.4243,12401.86
C11583,1,2024-11-27,Poor service,0.789,30410.94
C11584,1,2024-12-11,Price,0.7602,8884.18
C11585,1,2024-07-08,Price,0.9257,11780.47
C11586,0,,No churn,0.4603,18887.78
C11587,0,,No churn,0.1891,13148.05
C11588,1,2024-11-12,Competitor offer,0.8087,31798.45
C11589,0,,No churn,0.1255,3396.66
C11590,0,,No churn,0.2343,9538.17
C11591,0,,No churn,0.1717,4814.75
C11592,0,,No churn,0.0765,5656.22
C11593,1,2024-07-18,Other,0.867,25494.91
C11594,1,2024-12-23,Network quality,0.2478,3312.46
C11595,1,2024-09-04,Poor service,0.2541,1923.71
C11596,1,2024-09-02,Competitor offer,0.7957,22058.4
C11597,0,,No churn,0.286,9235.36
C11598,0,,No churn,0.2062,17858.96
C11599,0,,No churn,0.162,4211.95
C11600,0,,No churn,0.3752,8375.59
C11601,1,2024-08-06,Poor service,0.2815,14072.12
C11602,0,,No churn,0.1682,15976.02
C11603,1,2024-10-18,Price,0.4383,11233.06
C11604,0,,No churn,0.5074,13300.82
C11605,0,,No churn,0.3146,14950.45
C11606,1,2024-10-27,Moving,0.1752,10563.61
C11607,0,,No churn,0.28,5972.3
C11608,1,2024-10-09,Competitor offer,0.5468,16095.91
C11609,0,,No churn,0.7196,20119.62
C11610,1,2024-07-18,Competitor offer,0.9185,11646.54
C11611,0,,No churn,0.2623,4140.61
C11612,0,,No churn,0.0915,4501.23
C11613,0,,No churn,0.4599,7328.49
C11614,1,2024-12-25,Poor service,0.8832,21564.49
C11615,0,,No churn,0.1407,8474.86
C11616,0,,No churn,0.3804,19394.52
C11617,1,2024-09-13,Poor service,0.9073,13307.62
C11618,0,,No churn,0.3501,11294.44
C11619,1,2024-08-24,Network quality,0.4451,17210.38
C11620,0,,No churn,0.7024,18544.07
C11621,1,2024-10-27,Poor service,0.8716,10279.55
C11622,1,2024-07-09,Competitor offer,0.8753,37075.47
C11623,1,2024-07-17,Price,0.2794,5261.37
C11624,0,,No churn,0.5491,30486.88
C11625,0,,No churn,0.5881,18135.22
C11626,1,2024-08-28,Price,0.6142,15472.3
C11627,1,2024-11-23,Price,0.1732,12795.13
C11628,1,2024-08-24,Network quality,0.7275,19853.03
C11629,1,2024-08-27,Moving,0.1637,4803.47
C11630,0,,No churn,0.5152,5124.82
C11631,1,2024-08-22,Poor service,0.7974,6382.83
C11632,0,,No churn,0.2122,9573.34
C11633,1,2024-10-14,Price,0.8177,7145.96
C11634,0,,No churn,0.2828,9784.37
C11635,0,,No churn,0.5623,18610.68
C11636,1,2024-07-22,Network quality,0.8315,16481.44
C11637,0,,No churn,0.1837,17410.56
C11638,0,,No churn,0.4061,13060.35
C11639,1,2024-07-11,Price,0.8608,24644.47
C11640,1,2024-09-09,Price,0.3094,24608.8
C11641,1,2024-10-04,Price,0.4127,13072.08
C11642,1,2024-08-24,Price,0.8785,42476.04
C11643,0,,No churn,0.3794,14903.99
C11644,0,,No churn,0.2304,17910.98
C11645,1,2024-11-18,Price,0.8722,18960.76
C11646,1,2024-09-27,Price,0.145,5692.66
C11647,0,,No churn,0.6715,16974.43
C11648,0,,No churn,0.3715,7494.04
C11649,1,2024-10-15,Price,0.1132,10503.64
C11650,0,,No churn,0.243,4236.71
C11651,1,2024-12-19,Price,0.184,12405.64
C11652,1,2024-07-11,Price,0.5796,8972.93
C11653,0,,No churn,0.1895,4934.47
C11654,0,,No churn,0.7742,11188.26
C11655,1,2024-08-13,Moving,0.6519,56008.47
C11656,1,2024-09-20,Price,0.8044,10493.69
C11657,0,,No churn,0.3926,8406.69
C11658,0,,No churn,0.2556,3472.19
C11659,0,,No churn,0.2526,11716.46
C11660,1,2024-12-23,Price,0.4422,6777.65
C11661,0,,No churn,0.2156,4315.22
C11662,0,,No churn,0.3311,8531.51
C11663,0,,No churn,0.2735,6998.19
C11664,1,2024-08-25,Poor service,0.5693,18234.87
C11665,0,,No churn,0.4409,10239.79
C11666,0,,No churn,0.294,13826.88
C11667,0,,No churn,0.376,16947.06
C11668,0,,No churn,0.3446,9771.65
C11669,0,,No churn,0.2922,21459.56
C11670,0,,No churn,0.1771,11834.41
C11671,0,,No churn,0.2721,23309.96
C11672,1,2024-07-10,Price,0.3788,22591.69
C11673,1,2024-09-15,Price,0.1038,12757.9
C11674,0,,No churn,0.1422,8859.7
C11675,0,,No churn,0.26,3762.89
C11676,1,2024-10-02,Price,0.59,10941.27
C11677,0,,No churn,0.3499,22301.09
C11678,0,,No churn,0.0578,11279.01
C11679,0,,No churn,0.2398,13453.45
C11680,1,2024-12-02,Network quality,0.2215,5434.62
C11681,0,,No churn,0.2129,17103.28
C11682,1,2024-07-20,Competitor offer,0.3273,10738.94
C11683,1,2024-10-12,Competitor offer,0.1298,11004.81
C11684,1,2024-12-27,Competitor offer,0.7327,43723.16
C11685,0,,No churn,0.2153,14345.03
C11686,0,,No churn,0.1734,5758.68
C11687,0,,No churn,0.2861,7620.84
C11688,0,,No churn,0.4087,3740.95
C11689,0,,No churn,0.416,19181.72
C11690,0,,No churn,0.1125,15859.86
C11691,1,2024-12-09,Competitor offer,0.4009,6600.37
C11692,0,,No churn,0.8378,27532.55
C11693,1,2024-09-09,Other,0.1761,12361.32
C11694,0,,No churn,0.6749,12161.22
C11695,0,,No churn,0.1026,14781.01
C11696,0,,No churn,0.2134,9241.8
C11697,1,2024-09-10,Poor service,0.7376,30928.07
C11698,0,,No churn,0.6414,24687.19
C11699,1,2024-11-24,Network quality,0.0798,7252.08
C11700,1,2024-12-07,Network quality,0.6166,3967.34
C11701,0,,No churn,0.4292,27014.35
C11702,0,,No churn,0.6732,40002.46
C11703,1,2024-09-26,Poor service,0.2089,6680.49
C11704,1,2024-08-08,Price,0.2314,16777.49
C11705,0,,No churn,0.0688,5935.76
C11706,0,,No churn,0.6049,44989.59
C11707,0,,No churn,0.4249,11752.34
C11708,1,2024-08-20,Network quality,0.2704,20237.61
C11709,0,,No churn,0.3199,7390.95
C11710,0,,No churn,0.36,12373.94
C11711,1,2024-10-05,Network quality,0.8953,33366.8
C11712,1,2024-08-04,Price,0.2393,5868.15
C11713,1,2024-11-05,Network quality,0.4995,2979.24
C11714,1,2024-08-24,Price,0.6917,12534.08
C11715,1,2024-11-22,Moving,0.639,22190.38
C11716,0,,No churn,0.214,11959.53
C11717,1,2024-08-16,Poor service,0.2403,5887.87
C11718,0,,No churn,0.2966,14118.19
C11719,0,,No churn,0.2082,6831.05
C11720,0,,No churn,0.3158,8250.6
C11721,0,,No churn,0.3481,3481.99
C11722,0,,No churn,0.1536,23339.38
C11723,1,2024-10-27,Price,0.2355,19158.96
C11724,1,2024-10-21,Competitor offer,0.6745,31934.81
C11725,1,2024-07-28,Poor service,0.3281,8950.31
C11726,1,2024-11-15,Competitor offer,0.7638,32663.32
C11727,1,2024-08-02,Poor service,0.9116,38984.76
C11728,0,,No churn,0.1483,19773.81
C11729,0,,No churn,0.2927,8507.41
C11730,1,2024-08-07,Competitor offer,0.4665,14352.77
C11731,0,,No churn,0.3913,13604.75
C11732,0,,No churn,0.2491,6374.77
C11733,0,,No churn,0.3742,15833.23
C11734,0,,No churn,0.0658,8027.57
C11735,1,2024-11-03,Network quality,0.831,30888.97
C11736,0,,No churn,0.1502,17721.61
C11737,0,,No churn,0.1887,8261.07
C11738,0,,No churn,0.2137,4058.79
C11739,0,,No churn,0.4344,21073.27
C11740,1,2024-10-09,Moving,0.5835,5127.05
C11741,1,2024-07-26,Network quality,0.8675,20169.51
C11742,1,2024-11-16,Network quality,0.3855,9857.71
C11743,0,,No churn,0.8357,49052.28
C11744,1,2024-08-24,Price,0.4553,10617.69
C11745,0,,No churn,0.1801,5170.05
C11746,0,,No churn,0.0766,11591.52
C11747,0,,No churn,0.3283,4899.72
C11748,0,,No churn,0.5737,8526.7
C11749,1,2024-10-18,Poor service,0.2512,17485.44
C11750,0,,No churn,0.183,7592.7
C11751,0,,No churn,0.4874,26769.15
C11752,0,,No churn,0.2955,4345.28
C11753,1,2024-11-09,Moving,0.7275,15866.71
C11754,1,2024-12-01,Moving,0.5076,3807.58
C11755,1,2024-08-25,Price,0.2427,19822.56
C11756,1,2024-09-17,Price,0.6595,13166.49
C11757,0,,No churn,0.4336,12541.87
C11758,0,,No churn,0.2405,7525.2
C11759,0,,No churn,0.1517,11890.66
C11760,1,2024-08-12,Competitor offer,0.8699,28307.4
C11761,0,,No churn,0.4545,38467.45
C11762,0,,No churn,0.0938,8713.3
C11763,1,2024-07-02,Poor service,0.4399,3133.14
C11764,0,,No churn,0.1058,13079.14
C11765,1,2024-12-08,Moving,0.2909,6832.08
C11766,1,2024-10-10,Network quality,0.3189,8454.88
C11767,0,,No churn,0.2789,13356.36
C11768,1,2024-10-13,Network quality,0.3879,32986.75
C11769,0,,No churn,0.2269,7939.34
C11770,1,2024-10-17,Price,0.7943,14733.81
C11771,0,,No churn,0.192,4369.18
C11772,0,,No churn,0.4908,13831.54
C11773,0,,No churn,0.0819,4981.28
C11774,0,,No churn,0.1876,8898.39
C11775,0,,No churn,0.2046,12719.39
C11776,0,,No churn,0.2728,3402.08
C11777,1,2024-11-05,Price,0.5891,17140.78
C11778,0,,No churn,0.1998,17999.59
C11779,0,,No churn,0.2913,4092.03
C11780,0,,No churn,0.0793,5400.3
C11781,0,,No churn,0.202,4504.98
C11782,1,2024-09-11,Competitor offer,0.683,32881.33
C11783,1,2024-07-22,Competitor offer,0.4636,17758.4
C11784,0,,No churn,0.333,6165.88
C11785,0,,No churn,0.1479,6691.48
C11786,0,,No churn,0.4016,41423.05
C11787,1,2024-11-02,Network quality,0.2722,23459.7
C11788,1,2024-08-26,Poor service,0.8368,40440.1
C11789,0,,No churn,0.449,7697.4
C11790,0,,No churn,0.2398,7748.66
C11791,1,2024-08-21,Price,0.7606,8501.81
C11792,1,2024-10-26,Moving,0.432,18156.62
C11793,0,,No churn,0.3746,12723.72
C11794,1,2024-11-19,Price,0.3319,7909.55
C11795,1,2024-11-26,Network quality,0.5672,7212.0
C11796,0,,No churn,0.1183,19155.28
C11797,1,2024-09-13,Moving,0.7744,21879.57
C11798,0,,No churn,0.7008,18183.25
C11799,1,2024-09-05,Network quality,0.1627,12597.88
C11800,0,,No churn,0.2015,11978.81
C11801,0,,No churn,0.2459,2958.58
C11802,1,2024-11-04,Moving,0.43,8176.58
C11803,1,2024-10-27,Price,0.4113,9091.07
C11804,0,,No churn,0.5188,8024.74
C11805,1,2024-10-05,Network quality,0.587,22077.74
C11806,1,2024-09-28,Competitor offer,0.5231,18010.55
C11807,1,2024-12-15,Price,0.7655,38466.21
C11808,1,2024-12-20,Network quality,0.7819,29035.8
C11809,1,2024-08-12,Competitor offer,0.5232,15961.62
C11810,1,2024-08-21,Network quality,0.7807,10695.14
C11811,0,,No churn,0.5685,3596.57
C11812,1,2024-11-14,Network quality,0.7,18093.74
C11813,1,2024-12-04,Moving,0.4222,6331.62
C11814,1,2024-12-09,Price,0.6163,6151.68
C11815,0,,No churn,0.4275,16821.97
C11816,1,2024-09-20,Poor service,0.2293,12892.89
C11817,0,,No churn,0.3106,15314.48
C11818,1,2024-11-02,Competitor offer,0.4032,9236.48
C11819,0,,No churn,0.6769,8135.11
C11820,1,2024-11-20,Price,0.767,17521.96
C11821,1,2024-09-19,Network quality,0.5918,31773.85
C11822,0,,No churn,0.3655,4659.9
C11823,1,2024-12-13,Competitor offer,0.2608,3660.29
C11824,0,,No churn,0.898,10183.44
C11825,0,,No churn,0.6624,7165.22
C11826,1,2024-12-23,Price,0.2395,2490.16
C11827,1,2024-12-04,Price,0.2071,9338.26
C11828,0,,No churn,0.5207,29908.84
C11829,1,2024-12-07,Network quality,0.8478,10041.86
C11830,0,,No churn,0.1597,15437.43
C11831,0,,No churn,0.2529,5482.7
C11832,0,,No churn,0.3508,37584.79
C11833,1,2024-07-08,Price,0.4766,10875.76
C11834,0,,No churn,0.1203,9368.37
C11835,1,2024-08-08,Poor service,0.3679,5717.81
C11836,1,2024-09-10,Competitor offer,0.24,5705.56
C11837,0,,No churn,0.3668,13036.22
C11838,0,,No churn,0.6081,14538.94
C11839,0,,No churn,0.1733,6465.08
C11840,0,,No churn,0.1464,2780.93
C11841,0,,No churn,0.3928,5603.27
C11842,1,2024-09-20,Poor service,0.1783,8155.74
C11843,1,2024-08-03,Competitor offer,0.0877,6077.87
C11844,0,,No churn,0.1352,8712.28
C11845,1,2024-07-25,Other,0.4032,4196.51
C11846,0,,No churn,0.0793,8475.55
C11847,1,2024-12-01,Competitor offer,0.724,32271.68
C11848,0,,No churn,0.0954,9517.69
C11849,1,2024-10-21,Price,0.5573,17819.04
C11850,0,,No churn,0.0842,10489.49
C11851,0,,No churn,0.723,31712.57
C11852,0,,No churn,0.0995,8924.7
C11853,0,,No churn,0.6364,10910.9
C11854,1,2024-10-12,Network quality,0.5249,37979.82
C11855,0,,No churn,0.5989,36805.16
C11856,1,2024-11-16,Other,0.4839,8999.84
C11857,1,2024-10-28,Poor service,0.6811,8993.72
C11858,0,,No churn,0.2865,2053.48
C11859,0,,No churn,0.2496,5388.75
C11860,1,2024-12-02,Other,0.8723,53758.27
C11861,0,,No churn,0.248,25297.77
C11862,1,2024-11-01,Other,0.5225,17604.89
C11863,1,2024-08-01,Price,0.8578,12867.24
C11864,0,,No churn,0.2197,9056.7
C11865,0,,No churn,0.1369,11367.27
C11866,0,,No churn,0.1243,6823.03
C11867,1,2024-10-08,Network quality,0.8039,12943.05
C11868,1,2024-12-03,Network quality,0.9054,18228.9
C11869,0,,No churn,0.1323,7608.03
C11870,0,,No churn,0.1421,3033.22
C11871,0,,No churn,0.1991,11244.25
C11872,0,,No churn,0.2077,3241.6
C11873,0,,No churn,0.1485,4643.51
C11874,1,2024-09-11,Competitor offer,0.2864,3376.05
C11875,0,,No churn,0.2711,9740.03
C11876,0,,No churn,0.4521,14250.63
C11877,0,,No churn,0.1897,17532.92
C11878,0,,No churn,0.1782,7047.19
C11879,0,,No churn,0.6848,23440.77
C11880,1,2024-11-02,Competitor offer,0.8849,9759.43
C11881,0,,No churn,0.333,6886.23
C11882,0,,No churn,0.2517,6074.48
C11883,0,,No churn,0.1267,3486.03
C11884,0,,No churn,0.6576,35821.14
C11885,0,,No churn,0.0927,8085.03
C11886,1,2024-10-11,Poor service,0.2238,4699.52
C11887,0,,No churn,0.1403,4544.29
C11888,0,,No churn,0.3972,6238.1
C11889,0,,No churn,0.442,5832.51
C11890,0,,No churn,0.5686,35903.92
C11891,0,,No churn,0.0956,13660.92
C11892,0,,No churn,0.128,6843.01
C11893,0,,No churn,0.5788,33124.75
C11894,0,,No churn,0.9095,17672.78
C11895,1,2024-08-09,Other,0.7807,31002.01
C11896,0,,No churn,0.3176,2682.02
C11897,1,2024-10-02,Competitor offer,0.8168,48818.66
C11898,0,,No churn,0.4129,14616.01
C11899,0,,No churn,0.0349,9429.27
C11900,1,2024-10-03,Competitor offer,0.5055,37295.23
C11901,1,2024-09-05,Other,0.7391,25771.18
C11902,1,2024-11-01,Poor service,0.6658,7447.86
C11903,0,,No churn,0.3664,5040.11
C11904,0,,No churn,0.6414,36350.95
C11905,0,,No churn,0.2023,7121.95
C11906,0,,No churn,0.7615,13270.31
C11907,1,2024-12-18,Network quality,0.563,20977.28
C11908,0,,No churn,0.1495,19350.83
C11909,0,,No churn,0.6097,37784.57
C11910,1,2024-09-13,Other,0.3078,12281.41
C11911,1,2024-09-24,Poor service,0.6231,25258.83
C11912,0,,No churn,0.1617,7103.99
C11913,1,2024-09-19,Network quality,0.8385,34836.45
C11914,1,2024-10-25,Competitor offer,0.5522,16286.24
C11915,1,2024-09-28,Other,0.9324,20816.59
C11916,1,2024-12-27,Other,0.5093,5521.36
C11917,0,,No churn,0.1561,10768.89
C11918,1,2024-08-05,Other,0.1069,2384.44
C11919,0,,No churn,0.1453,11193.79
C11920,0,,No churn,0.1784,8926.09
C11921,0,,No churn,0.3846,14426.26
C11922,0,,No churn,0.4341,18333.98
C11923,0,,No churn,0.1266,15655.17
C11924,0,,No churn,0.4697,13543.14
C11925,0,,No churn,0.3513,7399.17
C11926,1,2024-12-26,Other,0.6815,22451.26
C11927,0,,No churn,0.2039,21218.44
C11928,1,2024-07-05,Network quality,0.5851,18949.64
C11929,0,,No churn,0.2201,5654.8
C11930,0,,No churn,0.1401,10857.82
C11931,0,,No churn,0.2154,6779.15
C11932,0,,No churn,0.5869,7080.47
C11933,0,,No churn,0.3395,4119.5
C11934,0,,No churn,0.2382,16613.68
C11935,1,2024-07-26,Price,0.8482,12224.61
C11936,1,2024-12-26,Competitor offer,0.4896,12393.98
C11937,1,2024-11-08,Price,0.7494,14084.88
C11938,1,2024-10-18,Other,0.792,28869.55
C11939,0,,No churn,0.164,15316.21
C11940,0,,No churn,0.7903,20918.55
C11941,0,,No churn,0.4674,34202.64
C11942,1,2024-07-25,Price,0.707,8719.37
C11943,1,2024-11-23,Network quality,0.5367,16208.46
C11944,0,,No churn,0.1951,9786.88
C11945,1,2024-08-23,Price,0.8708,17114.82
C11946,0,,No churn,0.3702,6242.58
C11947,1,2024-12-05,Price,0.5854,32893.5
C11948,0,,No churn,0.0945,12813.56
C11949,0,,No churn,0.2384,7738.37
C11950,0,,No churn,0.8297,13471.0
C11951,1,2024-07-06,Poor service,0.4935,6169.07
C11952,1,2024-10-08,Network quality,0.7687,10663.29
C11953,1,2024-10-17,Price,0.4313,16265.09
C11954,1,2024-09-24,Moving,0.4413,4707.89
C11955,1,2024-11-25,Other,0.3781,4711.29
C11956,1,2024-07-05,Poor service,0.5528,53447.64
C11957,1,2024-09-28,Network quality,0.3243,23398.08
C11958,1,2024-12-01,Price,0.7547,25317.46
C11959,0,,No churn,0.1913,9875.07
C11960,0,,No churn,0.1928,3546.76
C11961,0,,No churn,0.2492,3635.38
C11962,1,2024-09-21,Other,0.5229,9154.78
C11963,1,2024-12-17,Other,0.6188,29331.61
C11964,1,2024-09-16,Network quality,0.7046,11406.66
C11965,0,,No churn,0.5268,28984.08
C11966,0,,No churn,0.1912,24570.46
C11967,0,,No churn,0.1766,16044.16
C11968,0,,No churn,0.5767,36529.61
C11969,0,,No churn,0.1746,9140.52
C11970,0,,No churn,0.1965,6269.68
C11971,0,,No churn,0.154,16215.41
C11972,1,2024-07-02,Network quality,0.3387,30197.9
C11973,0,,No churn,0.591,35162.99
C11974,0,,No churn,0.3024,9601.61
C11975,1,2024-07-09,Other,0.5595,23524.35
C11976,0,,No churn,0.5139,3759.49
C11977,0,,No churn,0.2448,3398.39
C11978,1,2024-09-16,Price,0.1835,6397.68
C11979,1,2024-12-01,Poor service,0.7572,40671.13
C11980,0,,No churn,0.3501,7408.5
C11981,1,2024-08-12,Network quality,0.7687,25189.31
C11982,0,,No churn,0.6515,23117.2
C11983,0,,No churn,0.33,4291.22
C11984,1,2024-08-23,Network quality,0.5491,11279.49
C11985,0,,No churn,0.3659,6962.36
C11986,0,,No churn,0.0728,7843.12
C11987,1,2024-12-02,Price,0.8203,23126.93
C11988,1,2024-12-04,Price,0.6816,46235.66
C11989,0,,No churn,0.3605,9904.23
C11990,1,2024-07-22,Network quality,0.9096,41249.28
C11991,1,2024-12-21,Poor service,0.2687,21844.11
C11992,0,,No churn,0.1498,7068.27
C11993,0,,No churn,0.2819,32363.48
C11994,1,2024-12-18,Competitor offer,0.4118,10741.93
C11995,0,,No churn,0.4122,14883.71
C11996,0,,No churn,0.2156,12949.36
C11997,0,,No churn,0.1245,24713.65
C11998,0,,No churn,0.0937,17336.12
C11999,0,,No churn,0.4846,7712.59
C12000,1,2024-07-09,Competitor offer,0.4756,19302.37
C12001,0,,No churn,0.5925,21463.41
C12002,0,,No churn,0.2872,14923.8
C12003,1,2024-12-01,Price,0.807,11983.65
C12004,1,2024-11-20,Other,0.5275,35493.02
C12005,0,,No churn,0.2103,3636.47
C12006,0,,No churn,0.4457,15599.38
C12007,1,2024-08-09,Network quality,0.8581,14696.18
C12008,1,2024-09-01,Other,0.0874,23617.04
C12009,1,2024-12-03,Network quality,0.3618,7882.63
C12010,1,2024-07-03,Other,0.8862,20128.42
C12011,0,,No churn,0.7914,12130.52
C12012,0,,No churn,0.1022,16530.67
C12013,1,2024-08-02,Competitor offer,0.4964,12166.83
C12014,1,2024-11-25,Competitor offer,0.861,32437.09
C12015,1,2024-08-24,Poor service,0.3407,6689.89
C12016,1,2024-12-26,Price,0.5128,25239.3
C12017,1,2024-11-21,Competitor offer,0.8757,27746.37
C12018,0,,No churn,0.1467,14314.35
C12019,0,,No churn,0.5547,14219.1
C12020,1,2024-12-04,Competitor offer,0.6202,15079.06
C12021,1,2024-07-15,Network quality,0.4945,11075.68
C12022,0,,No churn,0.2726,18659.02
C12023,1,2024-07-23,Moving,0.3196,8386.06
C12024,0,,No churn,0.2046,7800.55
C12025,0,,No churn,0.2994,5647.01
C12026,0,,No churn,0.2307,5279.62
C12027,0,,No churn,0.3275,20658.92
C12028,0,,No churn,0.299,9018.72
C12029,0,,No churn,0.2631,21895.62
C12030,0,,No churn,0.6256,29089.43
C12031,1,2024-08-15,Price,0.7739,42216.37
C12032,1,2024-07-05,Price,0.5654,12790.23
C12033,0,,No churn,0.2433,10160.14
C12034,1,2024-08-14,Price,0.2811,19576.65
C12035,0,,No churn,0.3406,13765.95
C12036,0,,No churn,0.2045,2630.75
C12037,1,2024-11-28,Price,0.3611,29576.88
C12038,1,2024-07-09,Competitor offer,0.5621,31170.42
C12039,0,,No churn,0.3127,4369.51
C12040,0,,No churn,0.2164,7321.87
C12041,0,,No churn,0.3372,3382.94
C12042,0,,No churn,0.3508,3083.65
C12043,0,,No churn,0.8231,6835.56
C12044,1,2024-08-07,Network quality,0.4312,24866.66
C12045,1,2024-10-15,Competitor offer,0.6474,25126.79
C12046,0,,No churn,0.7814,18397.68
C12047,0,,No churn,0.236,15135.13
C12048,1,2024-08-15,Network quality,0.8062,24793.29
C12049,1,2024-09-27,Poor service,0.2326,15106.71
C12050,0,,No churn,0.1709,10451.61
C12051,0,,No churn,0.2069,23680.76
C12052,1,2024-11-16,Price,0.8012,22950.76
C12053,0,,No churn,0.3041,21765.81
C12054,1,2024-07-28,Price,0.7586,12203.89
C12055,0,,No churn,0.3111,9435.23
C12056,1,2024-11-22,Price,0.2192,7592.43
C12057,0,,No churn,0.373,4849.66
C12058,0,,No churn,0.302,20734.78
C12059,0,,No churn,0.5394,12738.65
C12060,1,2024-07-20,Poor service,0.8406,21573.91
C12061,0,,No churn,0.2936,6399.17
C12062,1,2024-10-20,Poor service,0.6875,26301.66
C12063,0,,No churn,0.2462,12317.07
C12064,1,2024-10-13,Other,0.3193,8901.35
C12065,0,,No churn,0.0908,5845.8
C12066,1,2024-08-15,Network quality,0.3332,32969.14
C12067,1,2024-07-17,Poor service,0.8969,25044.88
C12068,0,,No churn,0.1256,11515.55
C12069,0,,No churn,0.2444,27023.42
C12070,1,2024-07-03,Other,0.1507,9755.15
C12071,0,,No churn,0.3372,2678.9
C12072,1,2024-11-15,Competitor offer,0.8112,14351.66
C12073,1,2024-12-17,Competitor offer,0.3682,4830.79
C12074,0,,No churn,0.3167,23649.48
C12075,1,2024-08-09,Network quality,0.6128,23261.47
C12076,1,2024-12-21,Price,0.1979,7768.85
C12077,0,,No churn,0.3308,3132.52
C12078,1,2024-12-15,Other,0.8393,24389.76
C12079,1,2024-08-11,Network quality,0.7381,27832.79
C12080,1,2024-09-04,Price,0.6603,6268.69
C12081,0,,No churn,0.4992,9371.39
C12082,1,2024-07-12,Moving,0.8313,21310.85
C12083,1,2024-09-23,Other,0.2229,3340.13
C12084,1,2024-07-03,Network quality,0.5368,16543.79
C12085,0,,No churn,0.2893,10545.04
C12086,0,,No churn,0.0848,2590.18
C12087,1,2024-11-12,Poor service,0.6228,20141.12
C12088,1,2024-11-09,Moving,0.3808,14236.89
C12089,0,,No churn,0.2023,13495.62
C12090,1,2024-10-13,Poor service,0.7733,17887.78
C12091,0,,No churn,0.2985,16980.05
C12092,0,,No churn,0.4055,16116.93
C12093,1,2024-10-10,Price,0.6615,26654.51
C12094,1,2024-10-04,Price,0.5583,12456.83
C12095,0,,No churn,0.1386,5099.4
C12096,0,,No churn,0.3224,5327.75
C12097,0,,No churn,0.4187,28049.77
C12098,1,2024-11-05,Other,0.3277,3900.06
C12099,1,2024-09-21,Network quality,0.8658,33646.76
C12100,0,,No churn,0.7248,52224.33
C12101,0,,No churn,0.8745,21434.59
C12102,0,,No churn,0.2033,13886.45
C12103,0,,No churn,0.4919,23596.78
C12104,0,,No churn,0.527,27631.97
C12105,0,,No churn,0.5014,20848.66
C12106,0,,No churn,0.3304,11325.4
C12107,1,2024-11-01,Price,0.2244,3701.53
C12108,1,2024-12-11,Network quality,0.3606,4581.06
C12109,0,,No churn,0.2732,16002.14
C12110,0,,No churn,0.2224,3607.67
C12111,0,,No churn,0.2041,23679.82
C12112,0,,No churn,0.1969,1902.78
C12113,0,,No churn,0.3946,23277.73
C12114,1,2024-07-06,Poor service,0.2479,10313.27
C12115,0,,No churn,0.295,10822.76
C12116,1,2024-07-26,Poor service,0.8095,34829.12
C12117,0,,No churn,0.3249,22055.05
C12118,1,2024-09-27,Competitor offer,0.2919,19167.45
C12119,0,,No churn,0.3674,9508.42
C12120,1,2024-09-01,Poor service,0.7674,14699.93
C12121,1,2024-12-27,Network quality,0.5033,12238.51
C12122,0,,No churn,0.1906,14153.8
C12123,0,,No churn,0.4685,37665.82
C12124,1,2024-09-02,Competitor offer,0.2174,11901.63
C12125,0,,No churn,0.0961,10770.13
C12126,0,,No churn,0.1721,10253.91
C12127,0,,No churn,0.4435,11500.93
C12128,0,,No churn,0.2425,8135.45
C12129,1,2024-12-13,Moving,0.2596,19126.52
C12130,0,,No churn,0.1921,4357.17
C12131,0,,No churn,0.2302,9046.68
C12132,0,,No churn,0.2196,5755.89
C12133,1,2024-12-10,Poor service,0.1807,4247.57
C12134,0,,No churn,0.4419,8922.76
C12135,0,,No churn,0.1486,9112.04
C12136,1,2024-10-19,Poor service,0.8622,40926.42
C12137,1,2024-10-21,Other,0.856,29031.6
C12138,0,,No churn,0.1427,13828.87
C12139,0,,No churn,0.2922,10760.21
C12140,1,2024-07-28,Poor service,0.454,16068.2
C12141,0,,No churn,0.3825,13541.26
C12142,0,,No churn,0.2003,8229.12
C12143,0,,No churn,0.0701,5944.95
C12144,1,2024-09-23,Price,0.452,28430.35
C12145,0,,No churn,0.1637,6100.36
C12146,0,,No churn,0.0363,9414.35
C12147,0,,No churn,0.5337,11314.94
C12148,1,2024-07-06,Competitor offer,0.5233,13540.26
C12149,1,2024-08-20,Network quality,0.2562,13693.42
C12150,0,,No churn,0.0955,21026.99
C12151,0,,No churn,0.2407,6024.71
C12152,1,2024-11-01,Price,0.8206,10584.21
C12153,1,2024-11-18,Price,0.7357,48333.02
C12154,1,2024-09-16,Moving,0.3807,25795.3
C12155,0,,No churn,0.0798,9797.47
C12156,0,,No churn,0.7228,22084.07
C12157,1,2024-08-26,Network quality,0.7071,6453.62
C12158,0,,No churn,0.3177,3827.81
C12159,1,2024-10-19,Network quality,0.5382,10964.04
C12160,0,,No churn,0.6924,25984.22
C12161,1,2024-07-15,Price,0.8767,22518.16
C12162,1,2024-07-13,Competitor offer,0.8655,34195.32
C12163,1,2024-12-20,Network quality,0.3491,19227.22
C12164,0,,No churn,0.5239,21134.01
C12165,0,,No churn,0.1206,8380.85
C12166,1,2024-10-10,Price,0.2674,4144.25
C12167,1,2024-08-23,Moving,0.6588,50988.42
C12168,0,,No churn,0.6402,10565.3
C12169,0,,No churn,0.5595,12436.77
C12170,1,2024-07-25,Network quality,0.2004,8252.04
C12171,1,2024-12-10,Competitor offer,0.3209,5825.96
C12172,0,,No churn,0.491,16720.07
C12173,0,,No churn,0.4338,25844.83
C12174,1,2024-10-15,Moving,0.9042,22732.14
C12175,1,2024-10-13,Poor service,0.7733,9536.34
C12176,1,2024-08-18,Network quality,0.8272,32914.84
C12177,0,,No churn,0.3167,25981.77
C12178,1,2024-08-09,Poor service,0.8294,48456.22
C12179,1,2024-10-05,Competitor offer,0.4988,8003.28
C12180,0,,No churn,0.7817,27467.05
C12181,0,,No churn,0.1665,6241.77
C12182,0,,No churn,0.0929,4058.68
C12183,0,,No churn,0.1991,16081.83
C12184,1,2024-07-05,Network quality,0.7698,8735.62
C12185,1,2024-09-15,Network quality,0.5835,9058.03
C12186,1,2024-08-18,Moving,0.1841,9181.13
C12187,0,,No churn,0.6514,34050.39
C12188,1,2024-07-06,Price,0.7209,29532.81
C12189,0,,No churn,0.1658,3052.69
C12190,0,,No churn,0.2421,13178.81
C12191,0,,No churn,0.2207,4865.78
C12192,1,2024-09-10,Price,0.1991,6543.39
C12193,0,,No churn,0.3831,12190.54
C12194,0,,No churn,0.3383,9735.24
C12195,1,2024-10-18,Competitor offer,0.591,6599.39
C12196,0,,No churn,0.3025,3836.6
C12197,1,2024-07-11,Price,0.5831,24980.83
C12198,1,2024-11-28,Poor service,0.6022,23758.64
C12199,0,,No churn,0.2701,4509.85
C12200,1,2024-12-07,Network quality,0.8003,9332.54
C12201,0,,No churn,0.2092,2896.42
C12202,1,2024-07-01,Price,0.7732,17511.66
C12203,1,2024-11-16,Network quality,0.477,4412.81
C12204,0,,No churn,0.1632,14413.15
C12205,1,2024-07-28,Competitor offer,0.4042,23574.42
C12206,0,,No churn,0.1151,28339.11
C12207,0,,No churn,0.1735,7726.21
C12208,1,2024-09-23,Price,0.5851,13995.86
C12209,1,2024-10-26,Other,0.464,28774.6
C12210,1,2024-10-20,Price,0.3791,14195.57
C12211,1,2024-09-08,Competitor offer,0.7258,46415.45
C12212,1,2024-07-12,Network quality,0.7228,11179.24
C12213,1,2024-09-11,Moving,0.5036,12459.02
C12214,1,2024-12-14,Competitor offer,0.3795,11441.48
C12215,1,2024-08-22,Other,0.2731,7487.24
C12216,1,2024-09-21,Network quality,0.8366,9120.74
C12217,0,,No churn,0.0975,7109.23
C12218,1,2024-11-08,Network quality,0.947,13400.76
C12219,0,,No churn,0.3607,6725.97
C12220,0,,No churn,0.1801,7005.21
C12221,1,2024-09-20,Competitor offer,0.3307,3828.94
C12222,0,,No churn,0.6392,8208.42
C12223,0,,No churn,0.2307,8918.58
C12224,0,,No churn,0.3085,10409.99
C12225,0,,No churn,0.5508,16648.2
C12226,1,2024-09-24,Network quality,0.7279,33082.23
C12227,0,,No churn,0.2547,4368.25
C12228,1,2024-12-20,Price,0.793,26169.28
C12229,0,,No churn,0.2384,7271.91
C12230,0,,No churn,0.1246,8818.71
C12231,0,,No churn,0.396,19725.75
C12232,0,,No churn,0.2239,4506.85
C12233,0,,No churn,0.0961,13925.96
C12234,1,2024-08-03,Moving,0.4842,25532.5
C12235,0,,No churn,0.3748,5382.73
C12236,1,2024-10-16,Network quality,0.5011,25858.27
C12237,0,,No churn,0.4092,7966.68
C12238,0,,No churn,0.5081,5643.98
C12239,0,,No churn,0.15,8270.69
C12240,1,2024-07-24,Price,0.866,34469.65
C12241,0,,No churn,0.2314,6606.47
C12242,1,2024-08-17,Price,0.581,5383.23
C12243,0,,No churn,0.6287,14401.4
C12244,0,,No churn,0.2051,10941.78
C12245,0,,No churn,0.7439,12849.52
C12246,1,2024-08-24,Price,0.3069,7086.88
C12247,0,,No churn,0.7677,15396.51
C12248,1,2024-07-02,Competitor offer,0.4898,13923.38
C12249,0,,No churn,0.3283,14724.78
C12250,1,2024-12-11,Poor service,0.1198,7336.57
C12251,0,,No churn,0.3718,10264.41
C12252,0,,No churn,0.2012,14640.23
C12253,1,2024-12-08,Competitor offer,0.6541,19378.06
C12254,1,2024-11-24,Other,0.3251,5463.88
C12255,0,,No churn,0.5503,37677.46
C12256,0,,No churn,0.4366,13756.46
C12257,0,,No churn,0.1273,5858.13
C12258,0,,No churn,0.1469,13823.07
C12259,1,2024-11-24,Price,0.3403,4841.77
C12260,0,,No churn,0.2855,4637.0
C12261,0,,No churn,0.2704,5939.62
C12262,1,2024-08-14,Network quality,0.8131,14629.77
C12263,0,,No churn,0.1687,6004.74
C12264,0,,No churn,0.1712,12308.9
C12265,0,,No churn,0.7284,34184.43
C12266,1,2024-07-19,Poor service,0.7146,10666.77
C12267,0,,No churn,0.6221,48678.03
C12268,0,,No churn,0.8281,33448.63
C12269,1,2024-11-15,Price,0.1047,2657.89
C12270,0,,No churn,0.4233,20592.8
C12271,0,,No churn,0.1781,12223.47
C12272,1,2024-08-06,Price,0.5863,38687.31
C12273,1,2024-08-19,Price,0.3302,18792.47
C12274,1,2024-11-04,Competitor offer,0.7238,13026.3
C12275,1,2024-10-13,Competitor offer,0.9226,16677.27
C12276,1,2024-12-17,Network quality,0.3588,15330.81
C12277,1,2024-11-19,Other,0.3718,12480.71
C12278,0,,No churn,0.2102,2884.65
C12279,0,,No churn,0.2415,19787.47
C12280,0,,No churn,0.1551,10216.44
C12281,0,,No churn,0.2703,3246.35
C12282,0,,No churn,0.4069,15753.5
C12283,0,,No churn,0.5639,21718.9
C12284,0,,No churn,0.1154,9434.06
C12285,0,,No churn,0.349,8414.88
C12286,0,,No churn,0.4878,6278.11
C12287,1,2024-08-20,Poor service,0.8163,16147.57
C12288,1,2024-07-03,Other,0.3243,3587.02
C12289,1,2024-08-06,Network quality,0.7955,33333.7
C12290,0,,No churn,0.467,4059.59
C12291,1,2024-11-04,Other,0.1227,23983.82
C12292,1,2024-10-07,Price,0.7333,21880.08
C12293,0,,No churn,0.1409,13733.96
C12294,0,,No churn,0.795,8748.07
C12295,0,,No churn,0.3464,5534.27
C12296,1,2024-12-22,Other,0.8602,14670.9
C12297,0,,No churn,0.1473,9789.27
C12298,0,,No churn,0.6291,16501.88
C12299,0,,No churn,0.2824,26837.06
C12300,0,,No churn,0.5137,4373.53
C12301,0,,No churn,0.1732,9214.86
C12302,1,2024-11-28,Price,0.7595,32940.43
C12303,0,,No churn,0.2662,13498.55
C12304,1,2024-12-23,Poor service,0.4004,22265.62
C12305,1,2024-12-08,Competitor offer,0.7742,19864.91
C12306,1,2024-10-20,Price,0.7863,23891.92
C12307,1,2024-12-05,Other,0.3661,16377.19
C12308,1,2024-07-03,Price,0.4138,8645.21
C12309,0,,No churn,0.3305,10054.6
C12310,0,,No churn,0.1984,7773.54
C12311,1,2024-10-16,Other,0.5973,30950.43
C12312,0,,No churn,0.4507,25006.49
C12313,0,,No churn,0.1935,5868.78
C12314,0,,No churn,0.6467,38432.68
C12315,0,,No churn,0.302,4881.21
C12316,1,2024-11-20,Network quality,0.7145,30069.37
C12317,0,,No churn,0.1633,14413.06
C12318,0,,No churn,0.5406,14399.11
C12319,1,2024-09-14,Other,0.5807,11949.12
C12320,0,,No churn,0.0985,7733.62
C12321,1,2024-07-25,Network quality,0.8808,31279.05
C12322,1,2024-12-15,Price,0.413,21560.6
C12323,1,2024-12-07,Poor service,0.6109,52844.75
C12324,0,,No churn,0.0929,8491.23
C12325,1,2024-07-06,Poor service,0.5092,26822.61
C12326,0,,No churn,0.3573,16261.96
C12327,0,,No churn,0.5884,18913.87
C12328,1,2024-10-23,Price,0.4434,29727.54
C12329,0,,No churn,0.384,20608.26
C12330,1,2024-08-08,Moving,0.5054,17034.6
C12331,1,2024-10-19,Network quality,0.4011,20884.43
C12332,1,2024-07-24,Price,0.8689,28692.61
C12333,1,2024-11-18,Price,0.5261,11570.61
C12334,0,,No churn,0.2157,3829.79
C12335,0,,No churn,0.4191,18264.22
C12336,1,2024-08-15,Poor service,0.4593,20525.54
C12337,0,,No churn,0.3755,13583.64
C12338,1,2024-12-18,Competitor offer,0.4046,7497.79
C12339,1,2024-10-01,Competitor offer,0.5903,6620.88
C12340,1,2024-11-09,Competitor offer,0.3234,28407.33
C12341,1,2024-09-17,Network quality,0.5275,38841.57
C12342,1,2024-09-05,Network quality,0.9423,24025.67
C12343,1,2024-11-18,Price,0.7669,18119.26
C12344,1,2024-11-15,Poor service,0.3008,3861.02
C12345,0,,No churn,0.5214,2816.77
C12346,1,2024-08-15,Network quality,0.6711,21733.38
C12347,0,,No churn,0.3077,3553.88
C12348,0,,No churn,0.0695,1962.02
C12349,0,,No churn,0.1788,5656.74
C12350,0,,No churn,0.1532,11540.87
C12351,1,2024-12-17,Poor service,0.9108,22236.77
C12352,0,,No churn,0.2633,12142.41
C12353,0,,No churn,0.2165,9414.86
C12354,0,,No churn,0.258,11851.74
C12355,1,2024-09-08,Poor service,0.1606,7709.71
C12356,1,2024-10-12,Price,0.6986,11011.26
C12357,0,,No churn,0.2739,15481.23
C12358,0,,No churn,0.4256,15686.9
C12359,0,,No churn,0.255,22377.9
C12360,0,,No churn,0.6105,29674.97
C12361,1,2024-10-05,Price,0.126,17165.14
C12362,0,,No churn,0.2002,20194.92
C12363,0,,No churn,0.1594,24807.13
C12364,0,,No churn,0.1164,6536.93
C12365,1,2024-12-27,Network quality,0.8426,12757.39
C12366,1,2024-10-01,Price,0.6534,40516.83
C12367,1,2024-12-04,Poor service,0.8589,27104.74
C12368,1,2024-11-02,Poor service,0.4785,30367.14
C12369,0,,No churn,0.2347,6462.72
C12370,0,,No churn,0.269,12625.2
C12371,0,,No churn,0.2354,12258.36
C12372,0,,No churn,0.2783,15462.23
C12373,0,,No churn,0.5424,20221.66
C12374,1,2024-08-16,Poor service,0.8645,8977.24
C12375,1,2024-10-24,Network quality,0.3904,9533.11
C12376,0,,No churn,0.0899,6336.85
C12377,0,,No churn,0.2099,8674.65
C12378,0,,No churn,0.3053,20413.71
C12379,1,2024-07-17,Moving,0.8836,25714.75
C12380,0,,No churn,0.2927,21420.78
C12381,0,,No churn,0.1996,4710.99
C12382,0,,No churn,0.1751,20734.23
C12383,1,2024-12-04,Network quality,0.2891,11566.92
C12384,0,,No churn,0.66,9806.61
C12385,1,2024-10-28,Network quality,0.1779,12429.66
C12386,0,,No churn,0.3485,10025.47
C12387,0,,No churn,0.3032,12508.38
C12388,1,2024-11-23,Network quality,0.5394,14905.24
C12389,1,2024-12-11,Moving,0.6589,36561.08
C12390,1,2024-11-16,Poor service,0.6227,15994.85
C12391,0,,No churn,0.1601,8077.85
C12392,1,2024-10-23,Poor service,0.4375,11286.85
C12393,0,,No churn,0.3102,12742.72
C12394,1,2024-08-21,Competitor offer,0.9005,14650.72
C12395,0,,No churn,0.1538,8165.31
C12396,0,,No churn,0.221,15368.67
C12397,1,2024-10-09,Competitor offer,0.3822,25402.75
C12398,1,2024-11-03,Competitor offer,0.9153,13016.85
C12399,1,2024-08-28,Competitor offer,0.5597,25143.41
C12400,0,,No churn,0.1046,6621.41
C12401,1,2024-10-21,Price,0.7427,5202.8
C12402,0,,No churn,0.1733,4218.87
C12403,0,,No churn,0.2523,18384.41
C12404,0,,No churn,0.3638,12232.75
C12405,0,,No churn,0.09,13596.04
C12406,0,,No churn,0.3426,3915.31
C12407,0,,No churn,0.2886,33160.8
C12408,0,,No churn,0.7706,5674.35
C12409,0,,No churn,0.2273,12248.03
C12410,1,2024-12-28,Price,0.4156,13644.72
C12411,1,2024-10-09,Poor service,0.7978,42336.4
C12412,0,,No churn,0.4812,6694.91
C12413,1,2024-10-20,Other,0.8163,24526.7
C12414,0,,No churn,0.1152,9359.54
C12415,0,,No churn,0.4736,5331.01
C12416,0,,No churn,0.8843,19121.2
C12417,0,,No churn,0.2687,22741.95
C12418,1,2024-07-02,Competitor offer,0.1851,11217.95
C12419,1,2024-12-18,Competitor offer,0.4617,24369.6
C12420,1,2024-08-16,Competitor offer,0.112,5941.51
C12421,1,2024-09-28,Other,0.5849,16811.21
C12422,0,,No churn,0.2874,15436.38
C12423,1,2024-09-25,Price,0.7443,8439.09
C12424,0,,No churn,0.3615,13709.58
C12425,0,,No churn,0.5603,26310.86
C12426,1,2024-12-17,Price,0.8039,22150.49
C12427,1,2024-11-28,Price,0.8491,15302.05
C12428,1,2024-08-06,Other,0.4548,11135.59
C12429,1,2024-11-17,Price,0.5689,14313.04
C12430,0,,No churn,0.2301,5137.61
C12431,1,2024-12-09,Price,0.2096,12126.23
C12432,1,2024-08-28,Competitor offer,0.6406,22248.98
C12433,0,,No churn,0.1468,4130.3
C12434,1,2024-11-03,Price,0.8562,12133.7
C12435,0,,No churn,0.6393,7342.39
C12436,0,,No churn,0.1925,17501.69
C12437,0,,No churn,0.4469,12165.63
C12438,0,,No churn,0.2371,14455.38
C12439,0,,No churn,0.5112,5545.52
C12440,1,2024-07-06,Moving,0.8245,20300.68
C12441,0,,No churn,0.3239,13076.65
C12442,0,,No churn,0.1934,20283.14
C12443,0,,No churn,0.2595,14774.91
C12444,0,,No churn,0.1093,9989.27
C12445,1,2024-10-08,Other,0.1703,13577.18
C12446,0,,No churn,0.4636,7472.74
C12447,1,2024-11-28,Moving,0.2117,13866.24
C12448,0,,No churn,0.2375,16564.81
C12449,0,,No churn,0.141,23528.0
C12450,0,,No churn,0.2228,3467.81
C12451,1,2024-10-11,Poor service,0.2262,5344.37
C12452,1,2024-09-24,Poor service,0.3979,13484.65
C12453,0,,No churn,0.1811,15448.69
C12454,0,,No churn,0.1171,13716.73
C12455,0,,No churn,0.6,34150.66
C12456,0,,No churn,0.514,1816.16
C12457,1,2024-08-02,Network quality,0.3889,18471.93
C12458,1,2024-12-25,Price,0.8875,15320.39
C12459,0,,No churn,0.2635,11107.17
C12460,0,,No churn,0.3046,10788.69
C12461,0,,No churn,0.2413,9710.5
C12462,0,,No churn,0.3248,11148.72
C12463,0,,No churn,0.709,19411.02
C12464,0,,No churn,0.2301,10431.15
C12465,0,,No churn,0.6207,7118.27
C12466,1,2024-10-02,Poor service,0.6622,8059.47
C12467,1,2024-07-24,Competitor offer,0.3205,18840.42
C12468,1,2024-12-19,Network quality,0.589,18069.22
C12469,1,2024-12-04,Price,0.31,12853.65
C12470,1,2024-09-08,Competitor offer,0.8153,43509.91
C12471,0,,No churn,0.7267,27719.37
C12472,0,,No churn,0.4849,10521.99
C12473,0,,No churn,0.31,9157.63
C12474,1,2024-08-02,Price,0.666,20298.05
C12475,1,2024-08-02,Moving,0.9389,30280.37
C12476,0,,No churn,0.3412,7735.24
C12477,1,2024-08-04,Poor service,0.3256,23356.54
C12478,0,,No churn,0.1357,6332.75
C12479,0,,No churn,0.5956,20962.03
C12480,0,,No churn,0.3658,23581.06
C12481,0,,No churn,0.4373,2961.4
C12482,0,,No churn,0.2271,4696.02
C12483,1,2024-11-27,Network quality,0.1421,1976.54
C12484,1,2024-07-26,Competitor offer,0.7579,9594.32
C12485,0,,No churn,0.8365,39806.86
C12486,1,2024-07-02,Price,0.7783,44148.79
C12487,1,2024-07-01,Competitor offer,0.5758,7414.58
C12488,1,2024-10-06,Other,0.4027,26997.27
C12489,0,,No churn,0.3857,3875.24
C12490,1,2024-12-13,Price,0.8747,41522.78
C12491,1,2024-10-28,Competitor offer,0.4439,38092.62
C12492,0,,No churn,0.413,32695.6
C12493,0,,No churn,0.3999,6964.72
C12494,1,2024-07-11,Network quality,0.7856,29224.5
C12495,1,2024-10-20,Moving,0.5628,13530.05
C12496,0,,No churn,0.1546,13237.08
C12497,0,,No churn,0.4148,14492.12
C12498,1,2024-08-10,Network quality,0.6768,34700.28
C12499,0,,No churn,0.42,18046.04
C12500,1,2024-11-28,Price,0.6557,25300.14
C12501,0,,No churn,0.1573,11933.85
C12502,1,2024-08-15,Moving,0.2421,1809.7
C12503,0,,No churn,0.0963,21298.36
C12504,1,2024-09-21,Other,0.419,21275.09
C12505,1,2024-07-19,Competitor offer,0.3949,11229.63
C12506,1,2024-12-28,Competitor offer,0.4642,7760.06
C12507,0,,No churn,0.8259,18689.45
C12508,0,,No churn,0.0914,4582.25
C12509,0,,No churn,0.3024,7455.24
C12510,1,2024-08-13,Competitor offer,0.7459,12798.15
C12511,1,2024-09-01,Price,0.2455,19167.16
C12512,0,,No churn,0.1727,4212.61
C12513,0,,No churn,0.237,12355.35
C12514,0,,No churn,0.1878,2309.5
C12515,0,,No churn,0.1439,5122.37
C12516,0,,No churn,0.12,8799.26
C12517,0,,No churn,0.7861,8139.67
C12518,0,,No churn,0.2532,7280.92
C12519,0,,No churn,0.3173,5946.74
C12520,0,,No churn,0.2771,3055.54
C12521,1,2024-07-08,Price,0.5321,11871.87
C12522,0,,No churn,0.1914,9980.26
C12523,0,,No churn,0.3619,24420.93
C12524,1,2024-11-22,Price,0.9145,12521.16
C12525,1,2024-10-03,Competitor offer,0.7906,18178.21
C12526,0,,No churn,0.1509,4290.66
C12527,1,2024-09-14,Competitor offer,0.8095,40575.67
C12528,0,,No churn,0.2758,36171.65
C12529,0,,No churn,0.2293,23184.01
C12530,0,,No churn,0.1231,5709.38
C12531,0,,No churn,0.1893,13325.89
C12532,1,2024-10-11,Moving,0.0981,9830.35
C12533,0,,No churn,0.7524,25028.25
C12534,0,,No churn,0.0624,11887.28
C12535,1,2024-08-19,Price,0.494,7644.07
C12536,0,,No churn,0.6666,18251.26
C12537,1,2024-10-18,Competitor offer,0.3428,14913.0
C12538,0,,No churn,0.0858,2901.42
C12539,0,,No churn,0.2306,5127.7
C12540,0,,No churn,0.0705,7581.03
C12541,0,,No churn,0.2027,9423.43
C12542,0,,No churn,0.3492,2934.45
C12543,1,2024-10-07,Price,0.8015,25533.87
C12544,0,,No churn,0.6183,7835.45
C12545,1,2024-08-19,Price,0.4275,18145.93
C12546,0,,No churn,0.8048,16804.81
C12547,1,2024-10-20,Network quality,0.4462,11748.57
C12548,1,2024-08-24,Price,0.146,17164.53
C12549,0,,No churn,0.5103,13591.25
C12550,0,,No churn,0.1914,4486.57
C12551,1,2024-09-15,Network quality,0.348,14305.45
C12552,1,2024-10-16,Network quality,0.476,20627.85
C12553,1,2024-11-11,Price,0.1735,4363.27
C12554,0,,No churn,0.2587,3018.2
C12555,0,,No churn,0.2895,10902.45
C12556,1,2024-12-21,Competitor offer,0.6992,6280.97
C12557,1,2024-11-08,Price,0.1341,8399.02
C12558,0,,No churn,0.2289,22793.86
C12559,1,2024-10-05,Poor service,0.8266,13523.68
C12560,1,2024-12-09,Competitor offer,0.7574,38428.06
C12561,0,,No churn,0.1444,6003.04
C12562,1,2024-08-21,Poor service,0.2675,8995.74
C12563,0,,No churn,0.7303,6895.91
C12564,1,2024-11-27,Network quality,0.6285,17979.86
C12565,0,,No churn,0.3379,6693.72
C12566,1,2024-08-24,Competitor offer,0.5851,9651.34
C12567,1,2024-08-04,Other,0.1396,8888.76
C12568,0,,No churn,0.7073,6280.68
C12569,0,,No churn,0.152,14439.35
C12570,1,2024-12-02,Competitor offer,0.8837,42391.31
C12571,0,,No churn,0.179,4874.46
C12572,1,2024-07-27,Other,0.2725,10230.92
C12573,0,,No churn,0.244,4383.62
C12574,0,,No churn,0.2368,7328.65
C12575,0,,No churn,0.3817,5857.94
C12576,1,2024-10-08,Price,0.7909,19064.37
C12577,0,,No churn,0.6223,31356.56
C12578,1,2024-08-01,Price,0.4188,2913.11
C12579,1,2024-10-21,Network quality,0.5248,14676.07
C12580,1,2024-08-26,Competitor offer,0.4594,10988.7
C12581,1,2024-10-26,Network quality,0.5597,6941.34
C12582,0,,No churn,0.1267,11708.51
C12583,0,,No churn,0.2342,15774.69
C12584,1,2024-12-24,Poor service,0.542,21965.26
C12585,1,2024-09-03,Price,0.8362,57540.71
C12586,0,,No churn,0.1801,1683.98
C12587,0,,No churn,0.2572,6383.87
C12588,1,2024-09-20,Price,0.7024,32541.24
C12589,0,,No churn,0.3839,13170.26
C12590,1,2024-08-12,Price,0.8709,34153.92
C12591,1,2024-10-14,Price,0.459,29781.43
C12592,0,,No churn,0.3961,15338.66
C12593,0,,No churn,0.1776,5775.69
C12594,0,,No churn,0.5451,5647.19
C12595,0,,No churn,0.2029,5317.62
C12596,0,,No churn,0.566,20003.7
C12597,1,2024-11-24,Moving,0.6797,9964.39
C12598,0,,No churn,0.1201,12179.64
C12599,0,,No churn,0.6243,24953.56
C12600,0,,No churn,0.3599,11813.92
C12601,0,,No churn,0.1475,3659.6
C12602,1,2024-07-05,Network quality,0.4385,9793.82
C12603,0,,No churn,0.5654,15184.74
C12604,0,,No churn,0.2887,6583.26
C12605,0,,No churn,0.5535,24019.66
C12606,0,,No churn,0.1921,11514.28
C12607,1,2024-08-13,Competitor offer,0.6734,24794.55
C12608,0,,No churn,0.1157,6305.37
C12609,1,2024-12-04,Competitor offer,0.5628,6546.92
C12610,1,2024-12-01,Price,0.8288,45545.71
C12611,1,2024-09-10,Price,0.3257,13432.57
C12612,0,,No churn,0.2921,3326.13
C12613,0,,No churn,0.1487,7211.04
C12614,1,2024-12-28,Network quality,0.5043,24319.11
C12615,0,,No churn,0.208,13260.17
C12616,0,,No churn,0.247,21445.88
C12617,0,,No churn,0.1868,6617.68
C12618,0,,No churn,0.3615,7401.48
C12619,0,,No churn,0.2251,3665.61
C12620,1,2024-12-08,Competitor offer,0.6971,9198.95
C12621,1,2024-12-14,Competitor offer,0.6488,8685.1
C12622,1,2024-09-16,Competitor offer,0.7298,11927.74
C12623,0,,No churn,0.1718,2648.92
C12624,0,,No churn,0.2863,1590.82
C12625,1,2024-08-20,Poor service,0.4796,5337.49
C12626,0,,No churn,0.3195,6213.74
C12627,0,,No churn,0.2752,7988.24
C12628,1,2024-12-20,Network quality,0.5672,15461.55
C12629,1,2024-07-17,Other,0.2416,21165.12
C12630,0,,No churn,0.22,13969.23
C12631,1,2024-09-23,Price,0.8917,51795.25
C12632,1,2024-12-06,Poor service,0.6759,5342.08
C12633,0,,No churn,0.2016,4899.06
C12634,1,2024-08-11,Price,0.7876,42713.63
C12635,0,,No churn,0.4247,13244.8
C12636,0,,No churn,0.4663,9042.14
C12637,1,2024-10-16,Price,0.5365,24170.06
C12638,1,2024-12-12,Competitor offer,0.2622,4811.19
C12639,1,2024-09-12,Competitor offer,0.6659,11100.47
C12640,1,2024-12-23,Poor service,0.853,7397.36
C12641,0,,No churn,0.2753,11365.38
C12642,1,2024-10-23,Competitor offer,0.3066,2918.18
C12643,1,2024-10-07,Price,0.785,18906.77
C12644,1,2024-08-23,Competitor offer,0.162,6928.03
C12645,1,2024-10-02,Competitor offer,0.5828,9734.43
C12646,1,2024-10-18,Price,0.8232,8624.77
C12647,0,,No churn,0.1041,8977.55
C12648,1,2024-11-22,Price,0.4128,16294.45
C12649,1,2024-07-02,Competitor offer,0.3699,19993.94
C12650,0,,No churn,0.4826,14032.39
C12651,1,2024-10-23,Price,0.6523,7122.01
C12652,1,2024-11-27,Moving,0.9148,11064.23
C12653,1,2024-10-07,Price,0.8184,9023.29
C12654,0,,No churn,0.292,28335.1
C12655,0,,No churn,0.1066,12609.71
C12656,0,,No churn,0.1852,10016.05
C12657,1,2024-08-20,Network quality,0.3161,10025.15
C12658,0,,No churn,0.2048,19430.62
C12659,1,2024-07-17,Competitor offer,0.7428,44427.79
C12660,1,2024-09-09,Price,0.1789,6789.22
C12661,1,2024-10-23,Poor service,0.7417,19339.02
C12662,1,2024-12-10,Poor service,0.2969,11366.2
C12663,0,,No churn,0.3355,11342.36
C12664,1,2024-08-02,Poor service,0.6421,12326.25
C12665,0,,No churn,0.2699,19712.96
C12666,0,,No churn,0.3187,28661.58
C12667,1,2024-09-17,Competitor offer,0.4455,16606.24
C12668,1,2024-10-16,Poor service,0.5809,29446.74
C12669,1,2024-10-23,Other,0.5158,15621.49
C12670,0,,No churn,0.2627,22000.38
C12671,1,2024-11-17,Price,0.4869,8577.03
C12672,1,2024-10-13,Competitor offer,0.3658,21863.46
C12673,1,2024-12-21,Poor service,0.3583,6220.09
C12674,1,2024-10-01,Competitor offer,0.7881,14586.51
C12675,1,2024-07-24,Price,0.251,8341.11
C12676,0,,No churn,0.2942,12001.43
C12677,0,,No churn,0.7093,14137.19
C12678,1,2024-07-18,Poor service,0.6019,16994.45
C12679,1,2024-09-12,Price,0.4693,14548.41
C12680,0,,No churn,0.5789,21913.72
C12681,0,,No churn,0.3441,24523.05
C12682,1,2024-12-26,Poor service,0.8302,42184.44
C12683,1,2024-10-10,Competitor offer,0.8069,14066.97
C12684,0,,No churn,0.3036,12912.63
C12685,0,,No churn,0.5222,24406.8
C12686,0,,No churn,0.3292,6095.4
C12687,0,,No churn,0.4383,4209.36
C12688,1,2024-10-28,Competitor offer,0.6019,22990.68
C12689,0,,No churn,0.2773,12788.42
C12690,0,,No churn,0.7394,15824.68
C12691,1,2024-12-21,Network quality,0.8388,37473.55
C12692,0,,No churn,0.1825,8180.69
C12693,0,,No churn,0.3684,14069.53
C12694,1,2024-07-02,Moving,0.7364,44344.27
C12695,0,,No churn,0.3106,8353.11
C12696,1,2024-10-12,Competitor offer,0.8792,37528.27
C12697,0,,No churn,0.6628,28033.21
C12698,1,2024-09-17,Poor service,0.9596,31549.6
C12699,1,2024-08-16,Network quality,0.2133,3000.48
C12700,0,,No churn,0.3037,6074.78
C12701,0,,No churn,0.0865,9308.45
C12702,0,,No churn,0.0901,16276.97
C12703,1,2024-10-24,Competitor offer,0.6243,16406.9
C12704,0,,No churn,0.222,14197.48
C12705,0,,No churn,0.1064,5822.42
C12706,1,2024-07-28,Poor service,0.7274,8992.8
C12707,0,,No churn,0.3547,17552.43
C12708,0,,No churn,0.2786,2425.61
C12709,0,,No churn,0.2139,2502.59
C12710,0,,No churn,0.0613,11081.11
C12711,0,,No churn,0.9089,37443.67
C12712,0,,No churn,0.3972,17208.34
C12713,1,2024-10-21,Network quality,0.2158,14560.35
C12714,0,,No churn,0.5356,26376.88
C12715,1,2024-12-22,Price,0.6899,19894.18
C12716,1,2024-07-08,Competitor offer,0.4746,8470.4
C12717,0,,No churn,0.3267,19762.47
C12718,0,,No churn,0.1835,15418.39
C12719,0,,No churn,0.2016,8327.51
C12720,0,,No churn,0.205,9167.97
C12721,0,,No churn,0.1855,17329.47
C12722,1,2024-12-15,Price,0.8287,30868.12
C12723,0,,No churn,0.865,44007.32
C12724,0,,No churn,0.329,17232.33
C12725,1,2024-07-11,Price,0.9136,14959.08
C12726,0,,No churn,0.2284,8649.46
C12727,1,2024-09-25,Price,0.6584,8589.47
C12728,1,2024-08-15,Poor service,0.6503,32470.73
C12729,0,,No churn,0.5251,14614.69
C12730,1,2024-11-06,Network quality,0.8326,46632.32
C12731,1,2024-08-26,Price,0.3385,19006.82
C12732,1,2024-08-21,Price,0.4645,22272.65
C12733,1,2024-11-13,Price,0.9117,41486.82
C12734,1,2024-09-01,Network quality,0.2295,12133.96
C12735,1,2024-08-06,Price,0.2815,4030.27
C12736,1,2024-08-09,Poor service,0.9322,9203.61
C12737,0,,No churn,0.3398,25687.24
C12738,0,,No churn,0.186,9209.71
C12739,0,,No churn,0.2927,17889.78
C12740,1,2024-09-14,Competitor offer,0.658,18970.35
C12741,1,2024-09-18,Competitor offer,0.9253,19700.39
C12742,1,2024-08-15,Competitor offer,0.4346,10357.83
C12743,0,,No churn,0.1713,8035.83
C12744,0,,No churn,0.506,14116.34
C12745,1,2024-07-22,Price,0.4671,7921.43
C12746,1,2024-12-25,Network quality,0.2111,7303.59
C12747,0,,No churn,0.8497,20081.6
C12748,0,,No churn,0.4043,10529.89
C12749,1,2024-10-10,Price,0.815,6900.91
C12750,0,,No churn,0.2871,14201.2
C12751,0,,No churn,0.6209,11615.83
C12752,1,2024-12-15,Competitor offer,0.6239,42150.6
C12753,1,2024-07-09,Price,0.8022,38294.18
C12754,1,2024-08-18,Price,0.3177,9035.11
C12755,1,2024-11-20,Competitor offer,0.6092,25883.56
C12756,1,2024-08-23,Other,0.8504,15093.67
C12757,1,2024-07-03,Competitor offer,0.8804,18459.1
C12758,1,2024-12-04,Other,0.9427,30332.67
C12759,0,,No churn,0.7439,26768.95
C12760,1,2024-11-07,Poor service,0.7206,12318.16
C12761,0,,No churn,0.5068,17837.22
C12762,1,2024-09-14,Price,0.8785,39651.78
C12763,1,2024-07-02,Moving,0.123,4789.07
C12764,1,2024-08-22,Poor service,0.4964,10092.96
C12765,0,,No churn,0.8514,20803.5
C12766,0,,No churn,0.1537,18721.87
C12767,0,,No churn,0.3226,5386.8
C12768,0,,No churn,0.074,9388.93
C12769,0,,No churn,0.1864,1931.49
C12770,0,,No churn,0.8985,26050.64
C12771,0,,No churn,0.1067,20255.91
C12772,1,2024-10-24,Other,0.3082,24013.44
C12773,1,2024-09-02,Price,0.6892,17253.82
C12774,0,,No churn,0.3967,19367.61
C12775,0,,No churn,0.6053,25024.68
C12776,0,,No churn,0.2188,6136.55
C12777,0,,No churn,0.6255,23696.9
C12778,1,2024-09-08,Other,0.3334,7781.35
C12779,0,,No churn,0.7794,40732.95
C12780,1,2024-08-08,Price,0.5846,3789.89
C12781,0,,No churn,0.2683,19428.46
C12782,0,,No churn,0.5516,16613.22
C12783,0,,No churn,0.316,12964.7
C12784,1,2024-11-06,Poor service,0.37,8650.79
C12785,0,,No churn,0.0794,16210.38
C12786,1,2024-07-15,Network quality,0.7345,15967.59
C12787,0,,No churn,0.5533,24067.88
C12788,0,,No churn,0.3566,8216.63
C12789,0,,No churn,0.6093,7596.56
C12790,1,2024-08-09,Price,0.5619,3672.89
C12791,1,2024-08-19,Moving,0.2751,23134.86
C12792,1,2024-12-27,Network quality,0.6971,23509.49
C12793,0,,No churn,0.303,14285.41
C12794,0,,No churn,0.4787,20202.66
C12795,0,,No churn,0.1165,5946.53
C12796,1,2024-09-02,Competitor offer,0.3714,2848.78
C12797,0,,No churn,0.1349,10415.75
C12798,0,,No churn,0.1933,6382.41
C12799,1,2024-12-21,Price,0.3422,13204.74
C12800,1,2024-09-08,Network quality,0.5937,22333.91
C12801,1,2024-07-19,Network quality,0.5832,10609.4
C12802,0,,No churn,0.1737,6967.57
C12803,0,,No churn,0.4649,14234.8
C12804,0,,No churn,0.6334,20838.77
C12805,0,,No churn,0.1525,10413.01
C12806,1,2024-11-16,Price,0.1428,4809.98
C12807,0,,No churn,0.2465,12297.99
C12808,0,,No churn,0.3589,5020.75
C12809,1,2024-11-13,Competitor offer,0.3837,11478.0
C12810,0,,No churn,0.5022,11515.18
C12811,0,,No churn,0.1864,6547.02
C12812,0,,No churn,0.4027,31565.46
C12813,1,2024-07-04,Competitor offer,0.4399,15413.59
C12814,0,,No churn,0.493,16785.64
C12815,0,,No churn,0.5744,13300.01
C12816,0,,No churn,0.1052,16615.3
C12817,0,,No churn,0.7262,18504.25
C12818,0,,No churn,0.7718,28020.29
C12819,1,2024-10-22,Network quality,0.2367,11911.14
C12820,0,,No churn,0.1089,9915.11
C12821,1,2024-09-23,Competitor offer,0.4978,13418.7
C12822,0,,No churn,0.1026,14049.52
C12823,0,,No churn,0.1064,12670.82
C12824,0,,No churn,0.4108,10720.35
C12825,0,,No churn,0.2005,16551.16
C12826,0,,No churn,0.1827,22137.87
C12827,1,2024-12-04,Competitor offer,0.7848,5191.45
C12828,1,2024-09-07,Price,0.7343,16997.98
C12829,1,2024-09-11,Network quality,0.2542,11837.66
C12830,0,,No churn,0.576,14523.39
C12831,0,,No churn,0.1678,10557.82
C12832,1,2024-11-17,Price,0.9224,10917.13
C12833,0,,No churn,0.2065,4514.25
C12834,0,,No churn,0.2853,2182.09
C12835,1,2024-10-26,Price,0.8285,36762.45
C12836,1,2024-12-19,Network quality,0.419,15858.3
C12837,0,,No churn,0.5659,23509.77
C12838,0,,No churn,0.1964,19181.42
C12839,0,,No churn,0.215,17826.2
C12840,0,,No churn,0.862,7212.81
C12841,0,,No churn,0.5679,37571.43
C12842,1,2024-10-13,Competitor offer,0.4359,13370.62
C12843,1,2024-12-09,Competitor offer,0.7944,36016.43
C12844,1,2024-10-10,Poor service,0.2303,41814.11
C12845,0,,No churn,0.8742,48686.68
C12846,1,2024-11-02,Moving,0.5874,31779.65
C12847,1,2024-08-21,Poor service,0.7798,25723.21
C12848,0,,No churn,0.1562,5748.21
C12849,1,2024-09-02,Network quality,0.299,10147.87
C12850,1,2024-10-07,Competitor offer,0.7827,12962.23
C12851,0,,No churn,0.3453,13612.95
C12852,0,,No churn,0.2048,3348.21
C12853,0,,No churn,0.1172,3596.58
C12854,0,,No churn,0.6025,39318.87
C12855,0,,No churn,0.2362,9778.12
C12856,1,2024-11-12,Network quality,0.6351,13830.28
C12857,0,,No churn,0.1885,15607.06
C12858,1,2024-08-27,Price,0.937,10615.37
C12859,0,,No churn,0.1441,14869.2
C12860,1,2024-11-05,Price,0.2637,8738.68
C12861,1,2024-09-03,Competitor offer,0.3232,14645.59
C12862,0,,No churn,0.5377,13470.71
C12863,0,,No churn,0.1936,16107.1
C12864,0,,No churn,0.3724,3381.28
C12865,0,,No churn,0.2501,22799.87
C12866,0,,No churn,0.1757,7081.07
C12867,1,2024-11-20,Price,0.6552,25680.28
C12868,0,,No churn,0.1876,19617.46
C12869,0,,No churn,0.0599,13719.27
C12870,0,,No churn,0.0719,7140.63
C12871,1,2024-11-18,Network quality,0.6688,8901.84
C12872,1,2024-12-21,Moving,0.664,46296.45
C12873,1,2024-11-04,Moving,0.5566,38538.9
C12874,1,2024-09-28,Network quality,0.8368,15611.53
C12875,1,2024-07-24,Moving,0.6888,20990.96
C12876,0,,No churn,0.5236,13969.75
C12877,0,,No churn,0.1531,5360.27
C12878,1,2024-09-21,Competitor offer,0.7531,43645.89
C12879,1,2024-11-13,Price,0.1701,8103.18
C12880,1,2024-09-25,Competitor offer,0.5683,4735.04
C12881,0,,No churn,0.6215,25231.58
C12882,1,2024-08-09,Poor service,0.405,14213.93
C12883,0,,No churn,0.2774,15497.04
C12884,0,,No churn,0.4585,11894.69
C12885,0,,No churn,0.1253,5831.02
C12886,1,2024-09-18,Network quality,0.8642,48847.49
C12887,0,,No churn,0.2082,4448.22
C12888,0,,No churn,0.1604,6772.55
C12889,1,2024-12-18,Price,0.6562,8742.47
C12890,1,2024-08-25,Network quality,0.3896,30894.9
C12891,1,2024-09-21,Price,0.2244,13222.77
C12892,0,,No churn,0.2821,18981.77
C12893,0,,No churn,0.3376,6826.69
C12894,0,,No churn,0.1124,5844.63
C12895,0,,No churn,0.2281,22527.23
C12896,1,2024-07-16,Price,0.8648,47991.54
C12897,0,,No churn,0.3731,6169.41
C12898,0,,No churn,0.2531,23764.68
C12899,0,,No churn,0.0794,4137.13
C12900,1,2024-09-28,Price,0.8222,31593.87
C12901,1,2024-09-05,Price,0.7791,10440.15
C12902,0,,No churn,0.1694,7438.84
C12903,1,2024-09-07,Competitor offer,0.6088,17203.0
C12904,0,,No churn,0.2862,8127.0
C12905,1,2024-09-11,Other,0.712,27310.15
C12906,0,,No churn,0.1828,18050.16
C12907,0,,No churn,0.3224,12579.31
C12908,1,2024-12-14,Network quality,0.3556,7261.95
C12909,0,,No churn,0.1251,9856.54
C12910,1,2024-07-08,Competitor offer,0.3197,11432.72
C12911,0,,No churn,0.524,8320.16
C12912,0,,No churn,0.5732,31711.03
C12913,0,,No churn,0.4991,12064.85
C12914,0,,No churn,0.2933,15225.62
C12915,0,,No churn,0.1209,8079.47
C12916,0,,No churn,0.1983,10269.32
C12917,1,2024-10-06,Other,0.3917,13371.14
C12918,1,2024-11-17,Other,0.659,29750.04
C12919,0,,No churn,0.1142,5865.38
C12920,0,,No churn,0.3072,13011.73
C12921,1,2024-09-04,Poor service,0.8425,9734.15
C12922,1,2024-11-16,Network quality,0.3074,20443.26
C12923,1,2024-07-10,Network quality,0.571,12919.54
C12924,0,,No churn,0.3512,6253.61
C12925,1,2024-09-20,Moving,0.47,20547.14
C12926,0,,No churn,0.7668,8409.79
C12927,1,2024-08-04,Price,0.4457,13453.66
C12928,1,2024-11-10,Competitor offer,0.3273,6300.82
C12929,0,,No churn,0.2869,37502.75
C12930,1,2024-09-26,Price,0.7847,12000.03
C12931,1,2024-11-28,Competitor offer,0.3903,9539.18
C12932,0,,No churn,0.269,21643.91
C12933,0,,No churn,0.4688,19164.08
C12934,0,,No churn,0.1383,4692.8
C12935,1,2024-10-28,Network quality,0.6447,18627.72
C12936,0,,No churn,0.3171,25241.6
C12937,1,2024-11-12,Price,0.8208,46730.77
C12938,0,,No churn,0.1289,9089.69
C12939,1,2024-12-23,Network quality,0.547,11731.67
C12940,0,,No churn,0.1297,7421.81
C12941,1,2024-09-07,Network quality,0.6475,21243.57
C12942,1,2024-08-12,Price,0.8408,16019.26
C12943,1,2024-10-27,Competitor offer,0.608,46018.89
C12944,0,,No churn,0.4825,7593.17
C12945,0,,No churn,0.3732,7225.64
C12946,0,,No churn,0.1747,21217.82
C12947,0,,No churn,0.0926,18448.11
C12948,0,,No churn,0.1419,3764.64
C12949,1,2024-09-23,Network quality,0.5977,12502.39
C12950,0,,No churn,0.1112,8944.65
C12951,0,,No churn,0.2239,2258.31
C12952,1,2024-09-27,Poor service,0.843,22264.52
C12953,0,,No churn,0.1907,4366.58
C12954,1,2024-09-08,Competitor offer,0.1071,11049.73
C12955,0,,No churn,0.179,18450.3
C12956,0,,No churn,0.1773,3627.73
C12957,0,,No churn,0.1671,20809.85
C12958,0,,No churn,0.3385,6416.52
C12959,0,,No churn,0.3671,12575.28
C12960,0,,No churn,0.2669,12605.34
C12961,1,2024-10-05,Moving,0.2793,12849.33
C12962,0,,No churn,0.4527,13720.21
C12963,0,,No churn,0.3565,16819.92
C12964,0,,No churn,0.3299,18404.33
C12965,1,2024-09-25,Network quality,0.7942,19287.32
C12966,0,,No churn,0.2679,12630.51
C12967,0,,No churn,0.1113,13299.4
C12968,0,,No churn,0.2026,16063.18
C12969,0,,No churn,0.3612,23552.84
C12970,1,2024-10-09,Price,0.6635,12904.62
C12971,0,,No churn,0.3477,12446.45
C12972,1,2024-08-15,Network quality,0.7319,9263.11
C12973,0,,No churn,0.2628,5779.67
C12974,1,2024-07-12,Poor service,0.408,7614.29
C12975,0,,No churn,0.4651,25039.71
C12976,0,,No churn,0.3129,27416.2
C12977,0,,No churn,0.0537,12805.73
C12978,1,2024-08-13,Competitor offer,0.67,30265.49
C12979,0,,No churn,0.4075,26370.09
C12980,0,,No churn,0.5413,5470.93
C12981,1,2024-07-24,Competitor offer,0.5273,37887.69
C12982,1,2024-12-28,Network quality,0.4304,15760.82
C12983,1,2024-10-22,Price,0.9128,18528.13
C12984,1,2024-12-15,Poor service,0.754,20278.88
C12985,0,,No churn,0.3389,8324.38
C12986,1,2024-09-19,Network quality,0.1905,11417.99
C12987,0,,No churn,0.4256,23774.87
C12988,1,2024-09-02,Competitor offer,0.8745,7130.13
C12989,0,,No churn,0.1467,2889.63
C12990,0,,No churn,0.3429,3724.94
C12991,1,2024-09-22,Competitor offer,0.6063,20909.09
C12992,1,2024-08-04,Competitor offer,0.424,3269.28
C12993,0,,No churn,0.1075,9551.51
C12994,1,2024-09-03,Competitor offer,0.3936,21496.17
C12995,1,2024-11-20,Other,0.6287,19396.93
C12996,1,2024-07-05,Competitor offer,0.5827,4018.75
C12997,0,,No churn,0.6196,7651.21
C12998,1,2024-07-15,Poor service,0.8138,54909.2
C12999,1,2024-09-16,Network quality,0.611,40963.18
C13000,0,,No churn,0.4035,8893.33
C13001,1,2024-07-23,Price,0.7373,23488.59
C13002,1,2024-11-02,Price,0.4771,24269.09
C13003,0,,No churn,0.4213,6018.04
C13004,1,2024-10-05,Competitor offer,0.4378,3760.89
C13005,0,,No churn,0.6869,31223.11
C13006,0,,No churn,0.3864,30785.99
C13007,0,,No churn,0.594,11415.73
C13008,1,2024-10-03,Price,0.2718,15277.06
C13009,1,2024-12-09,Competitor offer,0.7458,29428.37
C13010,0,,No churn,0.1127,10541.21
C13011,0,,No churn,0.2687,13057.91
C13012,0,,No churn,0.0991,4843.32
C13013,1,2024-09-15,Moving,0.8086,10723.33
C13014,0,,No churn,0.2708,5643.08
C13015,1,2024-08-28,Other,0.8458,16356.61
C13016,0,,No churn,0.1524,12400.22
C13017,1,2024-08-20,Network quality,0.4223,8299.62
C13018,0,,No churn,0.5998,8941.32
C13019,0,,No churn,0.6885,44808.44
C13020,0,,No churn,0.3074,21920.73
C13021,1,2024-08-04,Network quality,0.7951,48967.0
C13022,1,2024-11-10,Price,0.8846,17811.34
C13023,1,2024-10-23,Competitor offer,0.3892,14220.21
C13024,1,2024-08-16,Price,0.768,32566.08
C13025,0,,No churn,0.1074,9349.74
C13026,1,2024-11-14,Network quality,0.3333,4600.42
C13027,0,,No churn,0.5819,4247.39
C13028,0,,No churn,0.2728,9172.98
C13029,0,,No churn,0.1762,15881.13
C13030,0,,No churn,0.5047,6980.38
C13031,1,2024-09-01,Competitor offer,0.3934,10269.48
C13032,1,2024-09-11,Competitor offer,0.4279,6886.55
C13033,1,2024-10-26,Price,0.5156,35668.28
C13034,1,2024-09-04,Price,0.447,23241.51
C13035,0,,No churn,0.2412,6516.84
C13036,1,2024-07-17,Price,0.5902,16146.93
C13037,0,,No churn,0.3511,17530.18
C13038,1,2024-12-07,Competitor offer,0.6535,38200.99
C13039,0,,No churn,0.2705,23920.58
C13040,1,2024-07-17,Competitor offer,0.3154,14647.71
C13041,1,2024-12-24,Competitor offer,0.475,25119.78
C13042,0,,No churn,0.1126,15450.85
C13043,0,,No churn,0.4801,4855.69
C13044,0,,No churn,0.1728,7071.95
C13045,0,,No churn,0.329,6541.86
C13046,0,,No churn,0.2095,14026.18
C13047,0,,No churn,0.4501,12390.7
C13048,0,,No churn,0.1399,5515.66
C13049,0,,No churn,0.3762,6744.76
C13050,0,,No churn,0.1536,12874.33
C13051,1,2024-12-16,Poor service,0.4175,10444.15
C13052,0,,No churn,0.472,17062.53
C13053,0,,No churn,0.2129,10422.78
C13054,0,,No churn,0.1982,9202.37
C13055,0,,No churn,0.2947,8503.52
C13056,0,,No churn,0.1621,7088.64
C13057,0,,No churn,0.7918,13622.05
C13058,0,,No churn,0.3907,6457.62
C13059,0,,No churn,0.5361,9930.09
C13060,0,,No churn,0.1639,7064.79
C13061,1,2024-08-15,Other,0.4486,13687.31
C13062,0,,No churn,0.5112,10346.42
C13063,0,,No churn,0.6337,24615.7
C13064,0,,No churn,0.1336,5925.96
C13065,1,2024-10-28,Price,0.7244,32608.26
C13066,1,2024-08-03,Competitor offer,0.6767,23298.64
C13067,1,2024-10-18,Price,0.5069,7163.6
C13068,0,,No churn,0.3339,9305.14
C13069,0,,No churn,0.1246,8178.7
C13070,0,,No churn,0.0585,8558.44
C13071,0,,No churn,0.8599,11600.17
C13072,1,2024-07-10,Network quality,0.6734,29350.35
C13073,1,2024-11-17,Price,0.7921,21430.38
C13074,1,2024-07-13,Poor service,0.8086,53332.11
C13075,1,2024-08-16,Moving,0.6506,12321.76
C13076,0,,No churn,0.233,9915.19
C13077,1,2024-12-15,Poor service,0.8636,11276.35
C13078,0,,No churn,0.1312,6186.82
C13079,0,,No churn,0.3814,10824.02
C13080,1,2024-10-17,Poor service,0.5742,8174.32
C13081,0,,No churn,0.1549,8391.59
C13082,1,2024-09-20,Poor service,0.7648,6975.52
C13083,1,2024-12-12,Network quality,0.9212,33484.73
C13084,1,2024-09-19,Competitor offer,0.4281,6348.49
C13085,1,2024-12-09,Network quality,0.6283,23916.08
C13086,0,,No churn,0.4178,9639.64
C13087,0,,No churn,0.2487,6512.29
C13088,1,2024-12-18,Poor service,0.5855,8849.41
C13089,1,2024-12-04,Competitor offer,0.5922,4130.79
C13090,0,,No churn,0.2681,12066.29
C13091,1,2024-07-18,Poor service,0.1448,12800.64
C13092,1,2024-12-09,Price,0.6708,36947.17
C13093,1,2024-09-07,Network quality,0.5669,29697.53
C13094,0,,No churn,0.5051,19248.18
C13095,0,,No churn,0.2509,7153.41
C13096,1,2024-08-09,Competitor offer,0.5804,5952.26
C13097,1,2024-08-13,Competitor offer,0.707,6247.71
C13098,0,,No churn,0.5342,8120.84
C13099,0,,No churn,0.2894,16855.29
C13100,0,,No churn,0.6668,15125.57
C13101,0,,No churn,0.1538,3936.82
C13102,1,2024-09-08,Price,0.4816,16103.17
C13103,1,2024-10-05,Competitor offer,0.9284,13907.01
C13104,0,,No churn,0.1366,13128.2
C13105,1,2024-07-07,Network quality,0.8918,15098.19
C13106,0,,No churn,0.8422,16664.08
C13107,1,2024-12-25,Price,0.1991,17699.51
C13108,1,2024-11-19,Competitor offer,0.3943,12672.88
C13109,1,2024-10-25,Competitor offer,0.5954,10428.16
C13110,1,2024-08-25,Network quality,0.3512,6989.49
C13111,0,,No churn,0.1625,14201.84
C13112,0,,No churn,0.6308,6676.65
C13113,0,,No churn,0.168,13894.11
C13114,1,2024-09-01,Other,0.8806,32009.08
C13115,0,,No churn,0.4254,16889.18
C13116,1,2024-11-07,Moving,0.6669,27422.38
C13117,0,,No churn,0.0956,11007.94
C13118,0,,No churn,0.3556,12251.42
C13119,0,,No churn,0.2229,10885.28
C13120,0,,No churn,0.1493,8298.75
C13121,1,2024-12-26,Competitor offer,0.7533,16104.76
C13122,1,2024-12-20,Moving,0.7973,12791.9
C13123,1,2024-10-11,Price,0.7022,9833.47
C13124,1,2024-12-20,Competitor offer,0.289,9508.93
C13125,1,2024-08-28,Network quality,0.7264,13721.71
C13126,0,,No churn,0.3357,28120.87
C13127,1,2024-10-02,Competitor offer,0.6424,44368.11
C13128,1,2024-10-27,Other,0.7198,13287.35
C13129,1,2024-12-25,Price,0.4585,40868.79
C13130,0,,No churn,0.2526,5734.59
C13131,0,,No churn,0.1452,11185.95
C13132,0,,No churn,0.2379,12953.21
C13133,0,,No churn,0.2316,4830.63
C13134,0,,No churn,0.2106,10487.43
C13135,1,2024-07-20,Competitor offer,0.675,19797.51
C13136,0,,No churn,0.2513,9689.99
C13137,0,,No churn,0.3403,9349.48
C13138,0,,No churn,0.4921,17027.9
C13139,0,,No churn,0.149,8080.28
C13140,1,2024-07-03,Network quality,0.2752,12763.54
C13141,0,,No churn,0.1058,17113.41
C13142,1,2024-08-15,Competitor offer,0.7986,11970.54
C13143,0,,No churn,0.2051,15330.96
C13144,0,,No churn,0.284,8381.03
C13145,0,,No churn,0.3065,8454.52
C13146,0,,No churn,0.2572,5098.11
C13147,1,2024-10-18,Other,0.4115,19231.58
C13148,0,,No churn,0.1336,14623.58
C13149,0,,No churn,0.1691,4924.9
C13150,0,,No churn,0.51,15751.67
C13151,0,,No churn,0.0853,9006.51
C13152,1,2024-08-22,Price,0.7563,27848.59
C13153,0,,No churn,0.2964,21925.33
C13154,1,2024-12-13,Price,0.5189,6472.23
C13155,1,2024-10-02,Price,0.1644,14411.43
C13156,1,2024-11-15,Competitor offer,0.8695,24722.51
C13157,0,,No churn,0.4044,2439.88
C13158,1,2024-07-11,Price,0.2594,11234.79
C13159,0,,No churn,0.7069,14133.78
C13160,0,,No churn,0.6905,14475.22
C13161,1,2024-12-12,Other,0.8683,9825.29
C13162,0,,No churn,0.111,4171.57
C13163,0,,No churn,0.1943,21763.49
C13164,0,,No churn,0.4198,17353.58
C13165,0,,No churn,0.2828,17090.92
C13166,0,,No churn,0.5208,25442.06
C13167,0,,No churn,0.3105,7076.62
C13168,0,,No churn,0.2039,4884.49
C13169,1,2024-12-13,Competitor offer,0.8441,11745.64
C13170,0,,No churn,0.2574,6822.91
C13171,0,,No churn,0.1741,4846.44
C13172,1,2024-10-18,Competitor offer,0.59,26387.3
C13173,1,2024-10-05,Other,0.1833,16066.38
C13174,1,2024-09-26,Other,0.9564,19410.14
C13175,0,,No churn,0.4645,6658.88
C13176,0,,No churn,0.3514,14607.21
C13177,0,,No churn,0.2611,19754.43
C13178,0,,No churn,0.2976,16867.41
C13179,0,,No churn,0.2482,2589.27
C13180,1,2024-07-04,Network quality,0.4917,25333.46
C13181,0,,No churn,0.1213,12463.21
C13182,0,,No churn,0.0815,11113.36
C13183,0,,No churn,0.8269,26042.1
C13184,0,,No churn,0.194,11870.52
C13185,1,2024-09-26,Competitor offer,0.6401,6158.78
C13186,1,2024-08-22,Competitor offer,0.632,5506.6
C13187,0,,No churn,0.6109,9262.49
C13188,0,,No churn,0.3511,3586.58
C13189,1,2024-12-04,Network quality,0.8656,19685.38
C13190,0,,No churn,0.4391,11690.65
C13191,1,2024-10-12,Price,0.6321,19624.51
C13192,0,,No churn,0.5338,8635.05
C13193,1,2024-12-15,Competitor offer,0.4812,24813.39
C13194,1,2024-11-28,Price,0.9254,20010.43
C13195,1,2024-09-18,Competitor offer,0.7116,13751.96
C13196,0,,No churn,0.1685,8800.0
C13197,0,,No churn,0.4731,15058.7
C13198,0,,No churn,0.2156,8006.68
C13199,0,,No churn,0.2556,11216.17
C13200,1,2024-12-09,Price,0.8839,26636.47
C13201,1,2024-07-17,Price,0.5447,44605.15
C13202,0,,No churn,0.1978,12876.32
C13203,0,,No churn,0.367,14383.53
C13204,0,,No churn,0.1612,23742.12
C13205,0,,No churn,0.1327,12462.07
C13206,0,,No churn,0.2783,9133.59
C13207,0,,No churn,0.9118,14470.38
C13208,0,,No churn,0.0977,11464.27
C13209,0,,No churn,0.229,3589.14
C13210,0,,No churn,0.163,12994.8
C13211,1,2024-08-19,Moving,0.3553,12966.78
C13212,1,2024-11-12,Poor service,0.361,7812.54
C13213,0,,No churn,0.5108,25327.73
C13214,1,2024-08-23,Competitor offer,0.4655,8811.98
C13215,0,,No churn,0.6912,40089.04
C13216,1,2024-12-18,Price,0.3243,14978.66
C13217,0,,No churn,0.3006,11731.74
C13218,1,2024-12-21,Poor service,0.5986,28051.4
C13219,1,2024-07-02,Competitor offer,0.7669,16777.74
C13220,0,,No churn,0.179,14007.14
C13221,1,2024-09-19,Network quality,0.9629,17540.79
C13222,0,,No churn,0.351,6674.1
C13223,1,2024-07-07,Network quality,0.8402,39398.97
C13224,1,2024-08-16,Other,0.5089,18171.6
C13225,0,,No churn,0.1661,12373.77
C13226,1,2024-10-26,Other,0.6144,38678.94
C13227,0,,No churn,0.3253,18262.28
C13228,1,2024-11-10,Network quality,0.2978,16595.15
C13229,0,,No churn,0.2313,7872.49
C13230,1,2024-12-06,Poor service,0.3414,14331.04
C13231,0,,No churn,0.1591,14835.6
C13232,0,,No churn,0.3189,10574.96
C13233,0,,No churn,0.0911,15916.44
C13234,0,,No churn,0.7046,7486.14
C13235,0,,No churn,0.1779,5180.96
C13236,0,,No churn,0.8888,17287.81
C13237,0,,No churn,0.1189,10232.59
C13238,1,2024-10-22,Competitor offer,0.7211,6423.32
C13239,1,2024-09-16,Poor service,0.3879,8287.56
C13240,1,2024-12-19,Competitor offer,0.5993,11941.78
C13241,1,2024-08-09,Competitor offer,0.4483,14713.46
C13242,0,,No churn,0.275,14931.03
C13243,0,,No churn,0.1551,9485.82
C13244,0,,No churn,0.2285,4248.16
C13245,1,2024-07-13,Network quality,0.7209,30769.81
C13246,1,2024-08-21,Competitor offer,0.5183,5268.46
C13247,0,,No churn,0.1043,19569.11
C13248,1,2024-08-14,Competitor offer,0.8189,20225.5
C13249,1,2024-11-10,Competitor offer,0.8554,17270.57
C13250,1,2024-07-12,Competitor offer,0.7394,5298.14
C13251,1,2024-10-16,Network quality,0.4283,9357.81
C13252,1,2024-08-20,Poor service,0.1204,11771.5
C13253,0,,No churn,0.1773,23170.52
C13254,0,,No churn,0.8748,37363.91
C13255,1,2024-08-08,Poor service,0.6693,22144.16
C13256,0,,No churn,0.5881,20940.72
C13257,0,,No churn,0.0733,11463.56
C13258,1,2024-10-12,Poor service,0.1269,9798.08
C13259,1,2024-12-17,Competitor offer,0.0862,5076.82
C13260,0,,No churn,0.1156,4634.89
C13261,0,,No churn,0.0862,3457.57
C13262,1,2024-12-16,Competitor offer,0.3106,6014.19
C13263,0,,No churn,0.3314,10089.09
C13264,0,,No churn,0.2952,14766.29
C13265,0,,No churn,0.2976,8343.22
C13266,0,,No churn,0.326,5964.05
C13267,0,,No churn,0.318,3590.14
C13268,0,,No churn,0.3006,8753.38
C13269,0,,No churn,0.317,25595.89
C13270,0,,No churn,0.8443,47090.72
C13271,1,2024-08-28,Competitor offer,0.7205,36562.32
C13272,0,,No churn,0.1033,9224.45
C13273,0,,No churn,0.5875,23782.25
C13274,0,,No churn,0.1703,13687.34
C13275,0,,No churn,0.1352,11760.2
C13276,0,,No churn,0.6852,10282.38
C13277,1,2024-08-12,Competitor offer,0.5689,8810.91
C13278,1,2024-11-17,Moving,0.3927,12691.59
C13279,0,,No churn,0.6599,12850.22
C13280,1,2024-10-10,Competitor offer,0.3541,3597.54
C13281,1,2024-09-28,Competitor offer,0.7139,22707.77
C13282,0,,No churn,0.574,39945.85
C13283,1,2024-11-03,Competitor offer,0.8606,11425.27
C13284,1,2024-07-06,Price,0.3256,19463.23
C13285,1,2024-11-24,Moving,0.4189,16489.38
C13286,0,,No churn,0.3335,14233.31
C13287,1,2024-09-28,Competitor offer,0.6184,16352.68
C13288,1,2024-08-07,Poor service,0.6591,7907.57
C13289,0,,No churn,0.1224,14716.97
C13290,0,,No churn,0.3103,6019.88
C13291,0,,No churn,0.1878,21276.25
C13292,0,,No churn,0.322,16514.58
C13293,0,,No churn,0.4241,23326.37
C13294,0,,No churn,0.2423,8103.81
C13295,1,2024-07-03,Price,0.3611,22248.34
C13296,1,2024-08-05,Competitor offer,0.6565,31333.39
C13297,1,2024-12-13,Other,0.2311,2547.88
C13298,0,,No churn,0.192,13142.88
C13299,0,,No churn,0.6661,42634.24
C13300,1,2024-12-07,Competitor offer,0.5568,2437.04
C13301,0,,No churn,0.1681,12606.56
C13302,1,2024-11-22,Moving,0.9144,27655.77
C13303,0,,No churn,0.4461,36513.45
C13304,0,,No churn,0.4959,4799.05
C13305,1,2024-08-16,Competitor offer,0.5904,45429.13
C13306,1,2024-09-08,Competitor offer,0.7533,18228.79
C13307,1,2024-10-08,Competitor offer,0.6897,29441.19
C13308,1,2024-12-14,Price,0.7999,25993.74
C13309,1,2024-11-08,Moving,0.3779,24403.11
C13310,0,,No churn,0.1682,7566.56
C13311,0,,No churn,0.2433,27138.41
C13312,0,,No churn,0.343,10348.46
C13313,0,,No churn,0.6135,6075.82
C13314,1,2024-09-21,Other,0.4671,22429.48
C13315,1,2024-09-27,Price,0.8304,15152.46
C13316,1,2024-07-16,Poor service,0.3999,3471.76
C13317,1,2024-08-04,Other,0.8222,26248.18
C13318,0,,No churn,0.4635,12484.31
C13319,0,,No churn,0.1578,7261.72
C13320,0,,No churn,0.2296,4726.09
C13321,0,,No churn,0.3564,23858.77
C13322,0,,No churn,0.6903,16797.16
C13323,1,2024-11-14,Price,0.5991,22548.19
C13324,1,2024-09-12,Network quality,0.3713,10296.01
C13325,0,,No churn,0.6256,10184.29
C13326,1,2024-11-09,Competitor offer,0.7549,7761.73
C13327,0,,No churn,0.3753,5845.26
C13328,0,,No churn,0.2382,3316.69
C13329,1,2024-08-11,Poor service,0.213,5080.51
C13330,1,2024-12-14,Competitor offer,0.3216,4880.76
C13331,0,,No churn,0.3098,15632.34
C13332,0,,No churn,0.2282,8436.68
C13333,0,,No churn,0.2498,10797.61
C13334,0,,No churn,0.1701,4131.2
C13335,0,,No churn,0.3318,8360.01
C13336,0,,No churn,0.5834,6150.32
C13337,0,,No churn,0.1084,3623.93
C13338,0,,No churn,0.1355,13132.57
C13339,1,2024-11-21,Competitor offer,0.7792,7600.68
C13340,0,,No churn,0.1254,14472.22
C13341,1,2024-10-25,Network quality,0.7082,9568.64
C13342,1,2024-07-01,Competitor offer,0.3391,21449.54
C13343,1,2024-11-19,Poor service,0.6444,21477.9
C13344,0,,No churn,0.2269,3128.33
C13345,1,2024-08-16,Price,0.7549,18342.79
C13346,0,,No churn,0.1822,10350.23
C13347,0,,No churn,0.4565,8556.6
C13348,0,,No churn,0.1526,3710.98
C13349,0,,No churn,0.2033,14715.47
C13350,1,2024-09-18,Price,0.5613,30672.32
C13351,1,2024-08-03,Other,0.8631,9762.72
C13352,1,2024-08-14,Network quality,0.8482,40785.79
C13353,0,,No churn,0.1627,6442.03
C13354,1,2024-08-23,Competitor offer,0.5952,31114.38
C13355,1,2024-09-28,Network quality,0.6867,8353.73
C13356,1,2024-08-02,Price,0.3492,15858.09
C13357,0,,No churn,0.438,9986.41
C13358,1,2024-10-16,Price,0.8862,15066.56
C13359,0,,No churn,0.2204,6163.96
C13360,0,,No churn,0.1409,3092.96
C13361,0,,No churn,0.6336,28125.58
C13362,0,,No churn,0.1388,10405.74
C13363,0,,No churn,0.3186,3883.01
C13364,1,2024-11-07,Network quality,0.8235,32080.9
C13365,0,,No churn,0.3396,9546.09
C13366,1,2024-07-08,Moving,0.48,5314.29
C13367,0,,No churn,0.2291,2844.03
C13368,1,2024-09-22,Competitor offer,0.9507,14691.04
C13369,0,,No churn,0.1681,12023.85
C13370,1,2024-11-26,Network quality,0.3686,8146.11
C13371,0,,No churn,0.3857,21726.83
C13372,1,2024-10-02,Price,0.1545,10044.61
C13373,0,,No churn,0.3557,17001.37
C13374,0,,No churn,0.1911,13336.06
C13375,0,,No churn,0.7724,10045.87
C13376,0,,No churn,0.1717,12525.42
C13377,0,,No churn,0.3674,19300.55
C13378,1,2024-07-08,Price,0.1755,1863.16
C13379,0,,No churn,0.1338,5057.35
C13380,0,,No churn,0.2329,3535.26
C13381,0,,No churn,0.427,20552.8
C13382,0,,No churn,0.2471,17000.2
C13383,0,,No churn,0.2478,5963.01
C13384,1,2024-09-18,Poor service,0.7636,16843.46
C13385,1,2024-07-27,Price,0.6361,15247.79
C13386,0,,No churn,0.7321,36317.45
C13387,1,2024-10-11,Network quality,0.7041,10890.25
C13388,0,,No churn,0.2707,8878.66
C13389,0,,No churn,0.3676,4916.9
C13390,0,,No churn,0.2713,17024.32
C13391,1,2024-12-22,Poor service,0.2373,4675.46
C13392,1,2024-10-10,Other,0.3071,8857.78
C13393,0,,No churn,0.1028,7511.77
C13394,0,,No churn,0.1409,7561.82
C13395,0,,No churn,0.1727,13116.38
C13396,0,,No churn,0.4382,15483.2
C13397,1,2024-12-23,Poor service,0.4418,17819.53
C13398,1,2024-10-21,Price,0.6426,17603.58
C13399,0,,No churn,0.524,6805.8
C13400,0,,No churn,0.5927,30693.41
C13401,0,,No churn,0.0568,8743.16
C13402,0,,No churn,0.3723,8499.44
C13403,0,,No churn,0.2534,15081.13
C13404,1,2024-11-06,Poor service,0.6108,6529.38
C13405,0,,No churn,0.3961,2518.49
C13406,0,,No churn,0.0881,8664.75
C13407,0,,No churn,0.2227,11217.34
C13408,0,,No churn,0.1711,6518.62
C13409,0,,No churn,0.1135,8753.85
C13410,0,,No churn,0.1306,5793.88
C13411,0,,No churn,0.2077,8694.54
C13412,1,2024-09-01,Competitor offer,0.8249,23299.6
C13413,1,2024-07-01,Poor service,0.5917,19407.15
C13414,1,2024-12-20,Network quality,0.1876,34473.46
C13415,0,,No churn,0.099,14350.7
C13416,1,2024-07-10,Price,0.855,18864.03
C13417,1,2024-10-06,Competitor offer,0.3745,13491.05
C13418,0,,No churn,0.1216,13476.43
C13419,1,2024-08-05,Poor service,0.7214,6277.93
C13420,1,2024-10-22,Competitor offer,0.35,8487.54
C13421,1,2024-12-20,Poor service,0.9642,15236.27
C13422,1,2024-07-15,Poor service,0.8082,15140.79
C13423,1,2024-11-24,Other,0.8868,33714.08
C13424,0,,No churn,0.2689,10087.73
C13425,1,2024-09-02,Poor service,0.4547,15962.84
C13426,1,2024-12-28,Moving,0.8341,20620.91
C13427,0,,No churn,0.1114,8900.89
C13428,1,2024-11-07,Competitor offer,0.9122,27897.2
C13429,0,,No churn,0.247,5833.2
C13430,0,,No churn,0.1405,14054.95
C13431,1,2024-08-04,Network quality,0.467,14709.97
C13432,1,2024-10-04,Network quality,0.8237,16446.53
C13433,0,,No churn,0.3265,11131.82
C13434,0,,No churn,0.445,11802.11
C13435,0,,No churn,0.0793,8374.42
C13436,0,,No churn,0.3576,6898.52
C13437,0,,No churn,0.4983,23149.16
C13438,1,2024-07-16,Other,0.3554,34368.74
C13439,0,,No churn,0.086,18710.14
C13440,0,,No churn,0.1387,16478.36
C13441,1,2024-11-07,Moving,0.2545,14577.19
C13442,1,2024-07-01,Price,0.3901,19187.39
C13443,0,,No churn,0.2553,11721.59
C13444,0,,No churn,0.1618,13806.93
C13445,1,2024-09-18,Competitor offer,0.776,49370.56
C13446,1,2024-11-22,Price,0.2204,20229.69
C13447,1,2024-07-13,Price,0.374,9958.76
C13448,0,,No churn,0.2527,10977.0
C13449,0,,No churn,0.1804,23567.45
C13450,0,,No churn,0.7897,46596.6
C13451,0,,No churn,0.1884,5856.25
C13452,1,2024-11-19,Price,0.3096,6071.12
C13453,1,2024-11-13,Price,0.8151,18311.83
C13454,0,,No churn,0.1129,7461.13
C13455,1,2024-09-02,Competitor offer,0.5357,6039.04
C13456,1,2024-08-26,Competitor offer,0.9097,37066.7
C13457,1,2024-10-05,Other,0.8398,19897.3
C13458,0,,No churn,0.3195,16583.83
C13459,0,,No churn,0.2935,9699.03
C13460,0,,No churn,0.303,6216.39
C13461,1,2024-11-10,Price,0.8225,18416.93
C13462,1,2024-12-28,Network quality,0.8442,8341.87
C13463,1,2024-10-14,Competitor offer,0.3836,8065.32
C13464,1,2024-08-10,Poor service,0.4855,8203.07
C13465,0,,No churn,0.1989,13974.18
C13466,0,,No churn,0.0881,13033.54
C13467,0,,No churn,0.384,14042.77
C13468,0,,No churn,0.0993,3940.7
C13469,1,2024-12-20,Network quality,0.5263,14692.1
C13470,1,2024-08-24,Price,0.4541,22157.59
C13471,1,2024-10-12,Price,0.8738,24463.0
C13472,1,2024-11-23,Price,0.7884,45974.43
C13473,0,,No churn,0.2277,21882.87
C13474,0,,No churn,0.3502,16076.43
C13475,1,2024-07-12,Network quality,0.3411,11542.63
C13476,0,,No churn,0.2805,33658.11
C13477,1,2024-07-23,Competitor offer,0.4276,12482.71
C13478,0,,No churn,0.2901,26648.95
C13479,0,,No churn,0.2601,8707.34
C13480,0,,No churn,0.1825,11441.86
C13481,0,,No churn,0.4581,35759.95
C13482,1,2024-07-23,Price,0.7111,27707.48
C13483,0,,No churn,0.1224,9407.63
C13484,1,2024-07-23,Network quality,0.7535,31601.78
C13485,1,2024-07-03,Price,0.8691,29597.49
C13486,0,,No churn,0.1589,4708.15
C13487,0,,No churn,0.8178,34245.71
C13488,0,,No churn,0.4223,3390.45
C13489,0,,No churn,0.1741,29907.02
C13490,1,2024-12-12,Price,0.8599,11571.43
C13491,0,,No churn,0.1323,12335.58
C13492,1,2024-10-02,Competitor offer,0.6828,49366.92
C13493,0,,No churn,0.444,4298.7
C13494,1,2024-12-04,Network quality,0.6815,21947.78
C13495,0,,No churn,0.0787,9141.62
C13496,1,2024-08-12,Price,0.8093,16445.89
C13497,1,2024-10-14,Price,0.8644,19612.25
C13498,0,,No churn,0.6141,6498.18
C13499,1,2024-07-20,Network quality,0.5018,12065.06
C13500,1,2024-09-13,Poor service,0.2892,8231.55
C13501,0,,No churn,0.7015,37648.75
C13502,0,,No churn,0.1316,2577.33
C13503,1,2024-07-16,Poor service,0.6884,30905.85
C13504,0,,No churn,0.2848,19304.14
C13505,1,2024-09-16,Moving,0.5328,27425.42
C13506,0,,No churn,0.1524,12302.31
C13507,0,,No churn,0.1051,10555.66
C13508,0,,No churn,0.1677,3406.45
C13509,0,,No churn,0.4079,20059.02
C13510,0,,No churn,0.3721,29898.63
C13511,0,,No churn,0.3841,9436.44
C13512,0,,No churn,0.4246,5381.31
C13513,1,2024-09-14,Competitor offer,0.8046,20876.7
C13514,1,2024-09-28,Competitor offer,0.3204,17113.19
C13515,1,2024-10-15,Poor service,0.3381,12157.48
C13516,1,2024-08-28,Price,0.345,12704.94
C13517,1,2024-11-08,Poor service,0.5843,7150.1
C13518,0,,No churn,0.1719,2454.99
C13519,1,2024-09-01,Price,0.5651,24076.41
C13520,1,2024-07-08,Price,0.4885,14980.37
C13521,1,2024-11-09,Competitor offer,0.8303,4612.72
C13522,1,2024-11-15,Competitor offer,0.3839,10300.52
C13523,1,2024-11-16,Network quality,0.3052,3773.8
C13524,1,2024-08-05,Competitor offer,0.3022,23564.61
C13525,0,,No churn,0.249,15505.44
C13526,0,,No churn,0.1414,3993.73
C13527,0,,No churn,0.0514,10706.17
C13528,1,2024-07-12,Price,0.6401,28333.36
C13529,0,,No churn,0.3547,18116.18
C13530,0,,No churn,0.4842,33595.5
C13531,0,,No churn,0.366,3689.88
C13532,0,,No churn,0.5039,11962.82
C13533,0,,No churn,0.2222,5362.93
C13534,1,2024-11-27,Network quality,0.3131,11886.92
C13535,1,2024-08-11,Other,0.5235,7714.15
C13536,1,2024-10-10,Network quality,0.2698,14782.79
C13537,0,,No churn,0.1038,7570.14
C13538,0,,No churn,0.3871,22138.03
C13539,0,,No churn,0.3725,19469.31
C13540,0,,No churn,0.4562,4052.26
C13541,1,2024-08-02,Price,0.563,18461.07
C13542,1,2024-08-01,Competitor offer,0.5123,13227.45
C13543,1,2024-08-12,Price,0.6262,9584.32
C13544,1,2024-09-28,Poor service,0.6099,18767.92
C13545,0,,No churn,0.2912,4062.2
C13546,0,,No churn,0.2948,10575.9
C13547,0,,No churn,0.5399,4488.54
C13548,0,,No churn,0.2351,12748.85
C13549,0,,No churn,0.2317,8318.06
C13550,1,2024-08-10,Competitor offer,0.3913,11995.67
C13551,1,2024-11-19,Price,0.6233,8871.19
C13552,1,2024-11-19,Price,0.6872,42403.39
C13553,0,,No churn,0.2937,17886.9
C13554,0,,No churn,0.8309,43744.64
C13555,0,,No churn,0.4604,37403.64
C13556,0,,No churn,0.1139,13639.94
C13557,0,,No churn,0.5153,8494.07
C13558,0,,No churn,0.1483,8510.92
C13559,0,,No churn,0.6843,16717.73
C13560,0,,No churn,0.4244,11358.71
C13561,0,,No churn,0.121,20399.31
C13562,1,2024-10-02,Moving,0.3021,15210.41
C13563,0,,No churn,0.687,13945.89
C13564,0,,No churn,0.2029,11830.27
C13565,0,,No churn,0.3607,24631.03
C13566,0,,No churn,0.102,5552.42
C13567,0,,No churn,0.0954,8933.93
C13568,0,,No churn,0.5863,15963.42
C13569,1,2024-09-13,Competitor offer,0.8191,25434.61
C13570,1,2024-12-24,Competitor offer,0.4052,4566.55
C13571,0,,No churn,0.4252,12429.86
C13572,1,2024-12-06,Moving,0.2589,28938.26
C13573,0,,No churn,0.3922,18362.46
C13574,1,2024-12-17,Other,0.1296,3886.39
C13575,1,2024-07-04,Price,0.5062,11025.06
C13576,0,,No churn,0.2097,28571.93
C13577,0,,No churn,0.4381,22981.35
C13578,1,2024-11-10,Price,0.2433,10469.23
C13579,0,,No churn,0.2454,23926.47
C13580,0,,No churn,0.2746,7084.95
C13581,0,,No churn,0.1685,6178.22
C13582,0,,No churn,0.1344,5101.24
C13583,1,2024-07-08,Competitor offer,0.2636,7596.26
C13584,0,,No churn,0.3986,14805.89
C13585,0,,No churn,0.2179,9742.41
C13586,0,,No churn,0.1056,17463.23
C13587,1,2024-07-26,Price,0.6301,27338.38
C13588,1,2024-08-09,Price,0.3683,30445.17
C13589,0,,No churn,0.3561,15741.44
C13590,1,2024-07-16,Competitor offer,0.4609,7045.46
C13591,0,,No churn,0.6601,16268.04
C13592,0,,No churn,0.1681,15351.64
C13593,0,,No churn,0.1422,9572.43
C13594,0,,No churn,0.0954,8651.85
C13595,0,,No churn,0.2721,14605.97
C13596,1,2024-09-14,Price,0.3749,9903.25
C13597,1,2024-08-18,Competitor offer,0.5048,21211.61
C13598,0,,No churn,0.0758,3706.45
C13599,0,,No churn,0.3399,12912.93
C13600,0,,No churn,0.3471,7722.62
C13601,1,2024-12-20,Competitor offer,0.2207,6274.21
C13602,1,2024-09-08,Price,0.2333,6726.92
C13603,0,,No churn,0.2579,3196.04
C13604,0,,No churn,0.3066,2976.74
C13605,0,,No churn,0.4494,12558.21
C13606,1,2024-10-02,Price,0.4117,3578.71
C13607,1,2024-12-25,Price,0.321,9049.95
C13608,1,2024-12-18,Poor service,0.2256,4632.94
C13609,0,,No churn,0.5579,6092.56
C13610,0,,No churn,0.3315,15841.12
C13611,0,,No churn,0.3002,10889.49
C13612,1,2024-11-18,Poor service,0.7405,17087.01
C13613,0,,No churn,0.1254,10551.59
C13614,0,,No churn,0.6088,35801.88
C13615,1,2024-07-21,Moving,0.6035,18819.87
C13616,0,,No churn,0.1752,4622.01
C13617,0,,No churn,0.3357,8253.02
C13618,0,,No churn,0.203,3033.76
C13619,0,,No churn,0.3208,35009.83
C13620,0,,No churn,0.57,8616.37
C13621,1,2024-07-19,Price,0.264,9623.52
C13622,0,,No churn,0.3412,20151.31
C13623,0,,No churn,0.2629,24607.17
C13624,0,,No churn,0.1786,2687.71
C13625,0,,No churn,0.1531,13987.16
C13626,0,,No churn,0.259,9662.74
C13627,1,2024-11-01,Poor service,0.7936,25551.66
C13628,0,,No churn,0.2664,7932.92
C13629,1,2024-07-22,Competitor offer,0.5416,15857.7
C13630,1,2024-08-20,Price,0.8793,10031.01
C13631,1,2024-10-21,Network quality,0.6047,6564.22
C13632,1,2024-07-25,Network quality,0.6171,43381.93
C13633,1,2024-11-01,Other,0.8163,13443.6
C13634,1,2024-08-12,Price,0.2999,6460.15
C13635,1,2024-07-06,Poor service,0.7341,13820.58
C13636,0,,No churn,0.2742,9708.03
C13637,0,,No churn,0.7037,31643.11
C13638,0,,No churn,0.3505,9119.93
C13639,1,2024-09-11,Network quality,0.4473,6557.84
C13640,1,2024-07-20,Price,0.5034,7552.76
C13641,0,,No churn,0.2224,6678.88
C13642,0,,No churn,0.4046,24077.71
C13643,0,,No churn,0.8691,18605.31
C13644,1,2024-09-18,Price,0.3133,4865.24
C13645,0,,No churn,0.3311,16035.85
C13646,0,,No churn,0.3214,5709.68
C13647,1,2024-09-28,Network quality,0.8952,17289.42
C13648,0,,No churn,0.3078,5035.32
C13649,0,,No churn,0.2411,10195.39
C13650,0,,No churn,0.3049,18866.76
C13651,1,2024-08-11,Poor service,0.3708,10403.61
C13652,0,,No churn,0.2336,3987.71
C13653,0,,No churn,0.0777,11202.95
C13654,0,,No churn,0.3365,14793.49
C13655,0,,No churn,0.2682,4693.83
C13656,1,2024-12-12,Poor service,0.6021,16519.58
C13657,0,,No churn,0.4316,8811.14
C13658,1,2024-11-12,Network quality,0.871,42283.08
C13659,1,2024-07-08,Network quality,0.7387,23503.67
C13660,1,2024-08-13,Other,0.7278,9994.06
C13661,1,2024-07-14,Price,0.7218,7547.7
C13662,1,2024-11-10,Price,0.3535,28225.42
C13663,0,,No churn,0.4347,8366.57
C13664,1,2024-11-07,Poor service,0.291,17439.58
C13665,1,2024-07-07,Price,0.7263,18722.87
C13666,1,2024-11-20,Price,0.5396,25979.23
C13667,1,2024-10-07,Competitor offer,0.2434,5513.32
C13668,1,2024-12-11,Competitor offer,0.4951,28727.85
C13669,1,2024-08-16,Poor service,0.6432,5762.19
C13670,1,2024-12-27,Network quality,0.4059,23425.73
C13671,0,,No churn,0.2841,19020.18
C13672,1,2024-09-10,Price,0.5524,29174.69
C13673,1,2024-07-11,Moving,0.7372,22585.34
C13674,0,,No churn,0.0776,10842.41
C13675,0,,No churn,0.1796,8862.35
C13676,0,,No churn,0.2556,15763.1
C13677,0,,No churn,0.3122,8782.98
C13678,1,2024-07-05,Network quality,0.4267,11652.78
C13679,1,2024-09-10,Price,0.5739,14150.4
C13680,0,,No churn,0.0859,12651.72
C13681,1,2024-12-16,Poor service,0.8593,28154.47
C13682,1,2024-12-26,Price,0.8052,14723.75
C13683,1,2024-10-01,Other,0.4477,35421.25
C13684,0,,No churn,0.3325,3584.64
C13685,1,2024-07-15,Network quality,0.4025,20909.36
C13686,0,,No churn,0.3041,18431.05
C13687,0,,No churn,0.2499,13598.54
C13688,1,2024-12-03,Competitor offer,0.5003,25649.83
C13689,0,,No churn,0.3825,4299.91
C13690,0,,No churn,0.1732,7245.99
C13691,0,,No churn,0.1637,5576.5
C13692,0,,No churn,0.3413,19450.22
C13693,0,,No churn,0.1071,9615.84
C13694,0,,No churn,0.3196,11377.81
C13695,1,2024-07-19,Competitor offer,0.3572,28348.98
C13696,0,,No churn,0.2031,4764.57
C13697,1,2024-11-02,Price,0.2219,16928.29
C13698,0,,No churn,0.2843,10230.38
C13699,0,,No churn,0.0927,6829.53
C13700,0,,No churn,0.1467,10792.95
C13701,1,2024-11-21,Competitor offer,0.5588,27339.44
C13702,0,,No churn,0.3624,4493.69
C13703,0,,No churn,0.7519,25720.72
C13704,0,,No churn,0.3614,12552.1
C13705,0,,No churn,0.2981,5372.94
C13706,0,,No churn,0.5182,12394.89
C13707,0,,No churn,0.769,29408.98
C13708,1,2024-09-05,Moving,0.4566,12666.61
C13709,1,2024-12-08,Network quality,0.8247,19338.58
C13710,0,,No churn,0.1977,7742.14
C13711,0,,No churn,0.2608,2967.44
C13712,1,2024-07-22,Competitor offer,0.965,10741.94
C13713,0,,No churn,0.1298,7448.43
C13714,0,,No churn,0.2261,3333.66
C13715,1,2024-09-01,Price,0.7828,13390.58
C13716,1,2024-11-11,Competitor offer,0.8988,29436.27
C13717,1,2024-10-01,Competitor offer,0.949,7162.82
C13718,0,,No churn,0.4509,13967.04
C13719,1,2024-12-11,Poor service,0.5247,26441.17
C13720,0,,No churn,0.5204,7843.04
C13721,1,2024-12-08,Price,0.5073,4969.47
C13722,0,,No churn,0.4716,11602.38
C13723,0,,No churn,0.1047,12475.51
C13724,1,2024-07-24,Poor service,0.3325,5680.25
C13725,1,2024-10-19,Moving,0.3443,11837.11
C13726,1,2024-07-20,Moving,0.2284,6114.84
C13727,0,,No churn,0.0696,2508.47
C13728,1,2024-09-25,Price,0.278,4280.86
C13729,0,,No churn,0.4406,8149.01
C13730,1,2024-09-24,Moving,0.8569,10911.72
C13731,1,2024-09-21,Competitor offer,0.1992,18045.26
C13732,0,,No churn,0.3461,9611.24
C13733,1,2024-10-14,Competitor offer,0.7829,39822.48
C13734,1,2024-12-25,Competitor offer,0.8785,31074.47
C13735,0,,No churn,0.1624,13041.89
C13736,0,,No churn,0.1749,4354.32
C13737,0,,No churn,0.1366,4616.7
C13738,0,,No churn,0.2567,18046.92
C13739,0,,No churn,0.3115,17681.65
C13740,1,2024-08-13,Moving,0.187,10316.18
C13741,0,,No churn,0.4289,12187.94
C13742,0,,No churn,0.3515,10620.03
C13743,1,2024-07-08,Network quality,0.8707,29410.54
C13744,0,,No churn,0.6302,11653.93
C13745,1,2024-07-14,Network quality,0.2231,4483.21
C13746,0,,No churn,0.2584,29374.21
C13747,1,2024-09-03,Network quality,0.6197,46732.97
C13748,0,,No churn,0.1473,7537.24
C13749,1,2024-12-13,Network quality,0.8111,12184.38
C13750,0,,No churn,0.2072,4869.31
C13751,0,,No churn,0.1072,6533.62
C13752,1,2024-09-19,Competitor offer,0.6108,20796.07
C13753,0,,No churn,0.3812,18630.6
C13754,0,,No churn,0.4724,24662.43
C13755,0,,No churn,0.2543,14047.5
C13756,0,,No churn,0.4696,10514.98
C13757,1,2024-12-09,Price,0.8134,15916.59
C13758,1,2024-10-12,Competitor offer,0.5758,5471.62
C13759,0,,No churn,0.0871,3845.54
C13760,0,,No churn,0.4714,22093.91
C13761,0,,No churn,0.2175,2680.14
C13762,1,2024-08-22,Poor service,0.2644,3990.83
C13763,1,2024-10-25,Price,0.9082,12736.09
C13764,1,2024-12-05,Price,0.0976,14506.53
C13765,1,2024-10-08,Competitor offer,0.4573,10682.74
C13766,0,,No churn,0.0982,9665.66
C13767,0,,No churn,0.2675,2226.2
C13768,1,2024-07-12,Price,0.4074,21329.63
C13769,0,,No churn,0.2662,17944.61
C13770,0,,No churn,0.1952,7305.75
C13771,0,,No churn,0.3774,28462.53
C13772,1,2024-10-08,Network quality,0.9192,16816.86
C13773,0,,No churn,0.4335,31185.38
C13774,0,,No churn,0.5295,23812.02
C13775,0,,No churn,0.2857,29824.76
C13776,0,,No churn,0.4732,5856.69
C13777,0,,No churn,0.5302,17096.9
C13778,0,,No churn,0.1104,6070.08
C13779,0,,No churn,0.1822,2088.36
C13780,1,2024-11-23,Price,0.6952,10021.06
C13781,0,,No churn,0.2983,6154.81
C13782,0,,No churn,0.6247,35607.71
C13783,0,,No churn,0.1151,4439.44
C13784,1,2024-12-23,Poor service,0.475,23487.99
C13785,1,2024-08-26,Price,0.5726,28130.4
C13786,0,,No churn,0.4827,11143.71
C13787,0,,No churn,0.1064,10101.58
C13788,1,2024-08-16,Network quality,0.1313,11890.59
C13789,1,2024-11-14,Price,0.9067,12268.17
C13790,1,2024-08-13,Price,0.5079,37287.32
C13791,1,2024-12-16,Other,0.3838,3209.68
C13792,0,,No churn,0.2341,21784.56
C13793,0,,No churn,0.3343,13631.05
C13794,1,2024-09-01,Other,0.8763,15725.8
C13795,0,,No churn,0.0545,8511.54
C13796,1,2024-10-17,Network quality,0.4973,9367.63
C13797,1,2024-07-14,Price,0.7716,34742.94
C13798,0,,No churn,0.2289,11377.43
C13799,0,,No churn,0.1783,18124.12
C13800,0,,No churn,0.7568,21613.07
C13801,0,,No churn,0.3184,5642.25
C13802,0,,No churn,0.3894,4894.54
C13803,1,2024-07-25,Other,0.4297,9361.77
C13804,1,2024-10-25,Competitor offer,0.2188,17651.67
C13805,1,2024-09-01,Other,0.1703,9458.72
C13806,1,2024-11-15,Poor service,0.1829,12666.57
C13807,0,,No churn,0.1458,5539.54
C13808,0,,No churn,0.0955,8250.96
C13809,0,,No churn,0.5751,3981.78
C13810,0,,No churn,0.5138,26996.79
C13811,1,2024-09-19,Price,0.7757,22431.39
C13812,0,,No churn,0.2112,12979.86
C13813,0,,No churn,0.1297,7540.6
C13814,1,2024-09-09,Competitor offer,0.4127,4266.74
C13815,1,2024-12-17,Other,0.5423,4853.06
C13816,1,2024-11-11,Poor service,0.7623,28135.41
C13817,0,,No churn,0.707,18327.14
C13818,0,,No churn,0.1753,14366.61
C13819,0,,No churn,0.2394,15430.5
C13820,1,2024-11-16,Network quality,0.9164,18535.5
C13821,1,2024-12-14,Price,0.8197,23713.9
C13822,1,2024-07-16,Other,0.5424,10616.97
C13823,0,,No churn,0.1446,17740.91
C13824,0,,No churn,0.6102,22830.86
C13825,0,,No churn,0.5432,22387.09
C13826,1,2024-12-03,Competitor offer,0.7627,9855.61
C13827,1,2024-12-12,Competitor offer,0.2239,8802.65
C13828,1,2024-07-22,Competitor offer,0.2159,4571.44
C13829,0,,No churn,0.1648,5366.51
C13830,1,2024-09-17,Competitor offer,0.1903,16581.31
C13831,1,2024-12-07,Competitor offer,0.6611,16145.55
C13832,0,,No churn,0.3721,10083.61
C13833,0,,No churn,0.3426,4631.0
C13834,0,,No churn,0.3355,6725.19
C13835,1,2024-07-05,Competitor offer,0.8687,37626.3
C13836,0,,No churn,0.617,8760.08
C13837,0,,No churn,0.7374,8307.89
C13838,0,,No churn,0.4987,18242.27
C13839,0,,No churn,0.1078,15016.76
C13840,0,,No churn,0.2367,10949.94
C13841,0,,No churn,0.2922,14122.16
C13842,0,,No churn,0.1133,8339.02
C13843,0,,No churn,0.0917,9850.36
C13844,0,,No churn,0.0994,7004.3
C13845,1,2024-09-10,Network quality,0.3524,16855.7
C13846,1,2024-12-18,Price,0.8821,32351.97
C13847,1,2024-07-21,Competitor offer,0.3559,17573.19
C13848,0,,No churn,0.1743,9619.45
C13849,0,,No churn,0.6863,36549.75
C13850,1,2024-11-13,Poor service,0.6833,15764.53
C13851,1,2024-10-14,Price,0.885,30288.43
C13852,1,2024-09-25,Competitor offer,0.7117,14741.38
C13853,1,2024-08-25,Competitor offer,0.5509,3468.72
C13854,0,,No churn,0.2308,7965.87
C13855,0,,No churn,0.3478,11897.39
C13856,1,2024-10-20,Price,0.8448,27176.63
C13857,0,,No churn,0.1328,14133.62
C13858,1,2024-09-12,Price,0.2984,7372.58
C13859,0,,No churn,0.2415,4996.75
C13860,0,,No churn,0.3061,18524.02
C13861,1,2024-11-21,Competitor offer,0.3825,6535.85
C13862,1,2024-09-10,Competitor offer,0.4242,28200.61
C13863,0,,No churn,0.1068,12945.52
C13864,0,,No churn,0.098,10561.15
C13865,0,,No churn,0.0549,8574.91
C13866,1,2024-12-21,Competitor offer,0.6601,5569.06
C13867,1,2024-10-04,Moving,0.921,45730.82
C13868,0,,No churn,0.1129,11288.15
C13869,1,2024-10-10,Moving,0.5791,16728.56
C13870,0,,No churn,0.638,8334.84
C13871,0,,No churn,0.6131,20258.12
C13872,1,2024-08-15,Price,0.6856,17953.97
C13873,0,,No churn,0.5724,12515.51
C13874,0,,No churn,0.7605,28248.05
C13875,0,,No churn,0.7763,29983.99
C13876,0,,No churn,0.6298,4174.67
C13877,0,,No churn,0.5529,35623.63
C13878,0,,No churn,0.2229,14865.19
C13879,0,,No churn,0.4389,4732.39
C13880,0,,No churn,0.1561,3539.8
C13881,1,2024-08-25,Price,0.867,34466.99
C13882,0,,No churn,0.1877,14212.77
C13883,1,2024-08-17,Moving,0.7564,48877.37
C13884,0,,No churn,0.1868,4247.76
C13885,0,,No churn,0.1015,5812.52
C13886,1,2024-08-18,Price,0.3631,3988.91
C13887,0,,No churn,0.4789,15821.7
C13888,0,,No churn,0.2531,7677.98
C13889,1,2024-10-16,Price,0.6499,8499.09
C13890,0,,No churn,0.204,10626.56
C13891,1,2024-11-04,Price,0.7566,19769.51
C13892,0,,No churn,0.3732,21672.98
C13893,1,2024-10-10,Poor service,0.5807,4908.72
C13894,0,,No churn,0.2281,16789.03
C13895,0,,No churn,0.6998,18297.63
C13896,1,2024-09-13,Other,0.8638,27266.88
C13897,1,2024-11-12,Poor service,0.7808,42694.06
C13898,0,,No churn,0.5679,23587.36
C13899,1,2024-12-12,Network quality,0.4675,6279.18
C13900,1,2024-08-14,Price,0.608,7257.76
C13901,0,,No churn,0.8014,20291.28
C13902,0,,No churn,0.2451,13723.08
C13903,1,2024-09-17,Poor service,0.7485,20730.82
C13904,0,,No churn,0.1245,3115.91
C13905,0,,No churn,0.1855,9252.96
C13906,1,2024-08-07,Network quality,0.8911,21942.52
C13907,1,2024-07-22,Network quality,0.5105,3533.97
C13908,1,2024-11-26,Network quality,0.4077,11485.11
C13909,0,,No churn,0.322,7166.63
C13910,1,2024-09-14,Price,0.1613,10669.44
C13911,0,,No churn,0.7092,37116.46
C13912,1,2024-08-06,Moving,0.6033,7947.36
C13913,1,2024-11-09,Other,0.5374,9758.38
C13914,1,2024-08-23,Other,0.4149,5156.07
C13915,0,,No churn,0.2616,10761.46
C13916,1,2024-11-23,Network quality,0.941,32905.08
C13917,0,,No churn,0.4592,6772.04
C13918,1,2024-11-21,Network quality,0.4658,21964.85
C13919,0,,No churn,0.2039,8085.09
C13920,1,2024-11-20,Price,0.7002,36285.46
C13921,1,2024-08-10,Price,0.8836,13418.71
C13922,0,,No churn,0.3437,9385.46
C13923,0,,No churn,0.3135,8279.02
C13924,1,2024-12-28,Other,0.3755,5340.85
C13925,0,,No churn,0.1965,12688.01
C13926,0,,No churn,0.2906,14791.73
C13927,0,,No churn,0.3031,6916.31
C13928,0,,No churn,0.7348,39211.65
C13929,0,,No churn,0.0946,10738.41
C13930,0,,No churn,0.6829,13566.87
C13931,0,,No churn,0.2005,14172.28
C13932,0,,No churn,0.2113,19008.42
C13933,0,,No churn,0.1321,2459.01
C13934,0,,No churn,0.2119,17691.36
C13935,1,2024-09-27,Price,0.4792,21043.43
C13936,0,,No churn,0.836,35572.73
C13937,1,2024-07-27,Poor service,0.4142,23704.21
C13938,0,,No churn,0.293,11947.62
C13939,0,,No churn,0.2609,8256.83
C13940,0,,No churn,0.1307,4366.12
C13941,1,2024-10-11,Competitor offer,0.7821,14318.28
C13942,0,,No churn,0.278,3309.01
C13943,1,2024-08-01,Poor service,0.6907,44622.94
C13944,0,,No churn,0.1899,14755.54
C13945,0,,No churn,0.1585,3996.71
C13946,1,2024-09-22,Moving,0.5729,36853.01
C13947,1,2024-09-08,Competitor offer,0.7061,31936.06
C13948,0,,No churn,0.4955,40977.25
C13949,0,,No churn,0.2534,7675.72
C13950,0,,No churn,0.1197,4780.01
C13951,0,,No churn,0.4935,17868.07
C13952,0,,No churn,0.5558,29760.29
C13953,0,,No churn,0.1781,6767.86
C13954,1,2024-07-05,Other,0.0703,11902.99
C13955,1,2024-09-09,Other,0.1446,5011.07
C13956,1,2024-07-17,Network quality,0.925,34270.02
C13957,1,2024-08-02,Network quality,0.6979,38874.54
C13958,0,,No churn,0.6404,10105.41
C13959,1,2024-07-08,Competitor offer,0.4941,15870.35
C13960,1,2024-07-23,Competitor offer,0.3817,4873.87
C13961,1,2024-08-21,Competitor offer,0.3936,24501.24
C13962,0,,No churn,0.4667,21389.67
C13963,0,,No churn,0.1587,17250.58
C13964,0,,No churn,0.5222,11181.3
C13965,0,,No churn,0.15,11104.49
C13966,0,,No churn,0.563,31733.59
C13967,0,,No churn,0.3179,16097.95
C13968,1,2024-12-20,Price,0.4359,8195.39
C13969,1,2024-09-11,Competitor offer,0.9522,9918.19
C13970,0,,No churn,0.1281,13248.13
C13971,1,2024-07-09,Price,0.5714,16148.05
C13972,1,2024-11-27,Price,0.8402,62193.26
C13973,0,,No churn,0.2423,2703.29
C13974,0,,No churn,0.3348,23405.19
C13975,1,2024-12-12,Price,0.733,24119.13
C13976,0,,No churn,0.7981,34731.33
C13977,1,2024-07-05,Price,0.426,6203.74
C13978,0,,No churn,0.3083,20344.39
C13979,0,,No churn,0.0824,12743.15
C13980,0,,No churn,0.4625,5255.96
C13981,0,,No churn,0.5906,33708.94
C13982,0,,No churn,0.2914,2509.4
C13983,1,2024-08-03,Network quality,0.9269,23023.79
C13984,0,,No churn,0.563,17883.97
C13985,1,2024-12-10,Poor service,0.3895,12010.77
C13986,1,2024-11-16,Network quality,0.905,12498.36
C13987,0,,No churn,0.4687,3577.25
C13988,0,,No churn,0.2515,11351.35
C13989,0,,No churn,0.1727,3110.37
C13990,0,,No churn,0.268,17106.65
C13991,1,2024-11-13,Price,0.9427,7693.99
C13992,1,2024-11-17,Network quality,0.3895,10529.85
C13993,1,2024-09-19,Poor service,0.9349,14570.15
C13994,0,,No churn,0.439,17354.73
C13995,1,2024-09-23,Competitor offer,0.4474,5502.92
C13996,0,,No churn,0.4838,3556.07
C13997,1,2024-08-26,Competitor offer,0.288,6310.43
C13998,1,2024-12-02,Network quality,0.1599,15428.41
C13999,0,,No churn,0.5246,28362.54
C14000,1,2024-12-13,Price,0.703,14783.14
C14001,1,2024-08-26,Competitor offer,0.2892,6837.22
C14002,1,2024-09-23,Network quality,0.4987,31726.39
C14003,0,,No churn,0.2324,17362.65
C14004,1,2024-07-01,Network quality,0.1759,16646.17
C14005,1,2024-08-19,Network quality,0.7675,9847.16
C14006,0,,No churn,0.2639,15758.81
C14007,1,2024-10-15,Moving,0.1782,3564.06
C14008,1,2024-08-03,Network quality,0.5628,4403.0
C14009,0,,No churn,0.2119,14849.77
C14010,0,,No churn,0.3652,10891.1
C14011,1,2024-12-19,Network quality,0.8459,15075.31
C14012,0,,No churn,0.1541,2553.3
C14013,0,,No churn,0.1332,8903.92
C14014,0,,No churn,0.613,9308.29
C14015,1,2024-10-12,Moving,0.3536,6418.22
C14016,1,2024-11-01,Price,0.7161,47945.47
C14017,1,2024-07-20,Competitor offer,0.4122,12343.83
C14018,1,2024-09-02,Poor service,0.7524,11347.07
C14019,0,,No churn,0.2914,20057.31
C14020,0,,No churn,0.5228,4382.76
C14021,0,,No churn,0.8217,7873.06
C14022,0,,No churn,0.2907,4495.21
C14023,0,,No churn,0.119,4122.23
C14024,0,,No churn,0.4122,9984.39
C14025,1,2024-11-03,Competitor offer,0.3669,15030.11
C14026,0,,No churn,0.4439,22882.66
C14027,0,,No churn,0.0925,9133.43
C14028,0,,No churn,0.1415,20217.01
C14029,0,,No churn,0.3858,2447.27
C14030,1,2024-10-20,Network quality,0.2262,20542.13
C14031,1,2024-07-21,Moving,0.8388,20044.88
C14032,0,,No churn,0.2756,5422.87
C14033,0,,No churn,0.321,21345.68
C14034,1,2024-09-02,Network quality,0.5951,9992.2
C14035,1,2024-09-10,Price,0.7405,27252.74
C14036,1,2024-07-25,Competitor offer,0.7263,18973.28
C14037,0,,No churn,0.1824,12968.41
C14038,1,2024-12-04,Competitor offer,0.8104,13934.43
C14039,0,,No churn,0.3486,19465.05
C14040,1,2024-11-16,Competitor offer,0.8017,20185.87
C14041,0,,No churn,0.2228,11069.58
C14042,1,2024-07-02,Competitor offer,0.8651,13541.82
C14043,0,,No churn,0.6145,19813.71
C14044,0,,No churn,0.4259,8335.66
C14045,0,,No churn,0.0812,14505.94
C14046,1,2024-11-25,Price,0.8297,39209.31
C14047,1,2024-10-18,Poor service,0.7696,40497.38
C14048,0,,No churn,0.1409,5831.29
C14049,0,,No churn,0.3063,14046.02
C14050,1,2024-10-19,Price,0.2011,14012.59
C14051,0,,No churn,0.0999,14064.63
C14052,0,,No churn,0.4314,14795.62
C14053,0,,No churn,0.2903,7189.94
C14054,0,,No churn,0.1611,11615.54
C14055,1,2024-09-27,Network quality,0.6915,19253.49
C14056,0,,No churn,0.371,16510.51
C14057,1,2024-07-21,Other,0.3033,15079.81
C14058,1,2024-10-14,Competitor offer,0.8094,11048.18
C14059,1,2024-07-27,Poor service,0.6631,21804.09
C14060,0,,No churn,0.2854,17508.0
C14061,0,,No churn,0.0757,4182.06
C14062,1,2024-09-25,Competitor offer,0.8587,27529.78
C14063,0,,No churn,0.1754,15108.25
C14064,0,,No churn,0.2015,16235.35
C14065,0,,No churn,0.5811,30905.17
C14066,1,2024-07-21,Network quality,0.5517,20548.5
C14067,1,2024-12-11,Poor service,0.8433,9540.43
C14068,1,2024-10-05,Poor service,0.7913,21242.24
C14069,0,,No churn,0.8857,25365.5
C14070,1,2024-08-24,Network quality,0.3303,17453.35
C14071,1,2024-12-18,Moving,0.2887,4049.38
C14072,0,,No churn,0.1867,10418.54
C14073,1,2024-09-11,Competitor offer,0.5714,12401.83
C14074,1,2024-07-02,Poor service,0.9453,26480.23
C14075,0,,No churn,0.1678,10856.86
C14076,0,,No churn,0.4722,42300.66
C14077,1,2024-08-14,Poor service,0.1845,12045.62
C14078,1,2024-11-19,Price,0.2721,17755.94
C14079,1,2024-07-04,Moving,0.4975,29388.34
C14080,0,,No churn,0.2927,4701.84
C14081,0,,No churn,0.1607,6903.9
C14082,0,,No churn,0.4112,13441.73
C14083,0,,No churn,0.5526,15344.35
C14084,0,,No churn,0.1535,6489.91
C14085,1,2024-11-09,Network quality,0.5352,8073.73
C14086,1,2024-08-04,Price,0.743,25316.85
C14087,0,,No churn,0.1529,8319.82
C14088,0,,No churn,0.3758,8168.84
C14089,0,,No churn,0.8881,40320.84
C14090,0,,No churn,0.6742,19340.4
C14091,1,2024-08-12,Competitor offer,0.8888,27103.15
C14092,1,2024-10-21,Competitor offer,0.3898,12682.71
C14093,0,,No churn,0.2587,16923.63
C14094,0,,No churn,0.5215,38433.89
C14095,0,,No churn,0.3975,13192.91
C14096,0,,No churn,0.2399,8828.84
C14097,1,2024-12-26,Moving,0.7419,6236.77
C14098,0,,No churn,0.2206,7009.72
C14099,0,,No churn,0.3218,12858.15
C14100,0,,No churn,0.7794,17862.43
C14101,0,,No churn,0.3255,6003.5
C14102,1,2024-10-22,Poor service,0.8202,7117.09
C14103,1,2024-12-02,Price,0.1651,8212.95
C14104,1,2024-12-19,Network quality,0.1802,13476.88
C14105,1,2024-09-02,Competitor offer,0.8293,10217.25
C14106,1,2024-08-20,Price,0.2135,9427.79
C14107,0,,No churn,0.1305,3718.36
C14108,1,2024-09-09,Price,0.9246,13389.56
C14109,0,,No churn,0.6504,29484.61
C14110,1,2024-12-22,Network quality,0.459,6030.5
C14111,1,2024-08-10,Price,0.2815,13506.61
C14112,0,,No churn,0.5076,21813.34
C14113,0,,No churn,0.2811,16158.28
C14114,1,2024-11-02,Poor service,0.2378,3752.27
C14115,1,2024-11-10,Price,0.4028,4147.61
C14116,0,,No churn,0.1949,18872.53
C14117,1,2024-11-03,Network quality,0.2201,4521.87
C14118,0,,No churn,0.7831,29529.22
C14119,1,2024-11-10,Moving,0.7029,24054.86
C14120,1,2024-08-21,Price,0.539,27718.25
C14121,1,2024-08-02,Other,0.6598,35913.55
C14122,0,,No churn,0.2821,21071.13
C14123,0,,No churn,0.2746,11614.81
C14124,1,2024-10-18,Price,0.6372,33377.45
C14125,0,,No churn,0.1719,10039.92
C14126,0,,No churn,0.769,25324.19
C14127,0,,No churn,0.1501,14177.41
C14128,0,,No churn,0.4564,14380.64
C14129,1,2024-12-24,Price,0.3602,23350.81
C14130,0,,No churn,0.3391,10516.71
C14131,1,2024-09-09,Network quality,0.4819,14210.18
C14132,0,,No churn,0.4966,22662.88
C14133,0,,No churn,0.1304,7461.06
C14134,1,2024-08-01,Network quality,0.6137,40352.46
C14135,1,2024-10-06,Price,0.5734,7627.11
C14136,0,,No churn,0.5318,20561.21
C14137,1,2024-10-23,Price,0.8014,21425.5
C14138,1,2024-10-28,Competitor offer,0.1394,9826.79
C14139,1,2024-09-06,Competitor offer,0.8041,5331.73
C14140,0,,No churn,0.6209,9053.56
C14141,1,2024-07-11,Network quality,0.2825,8684.54
C14142,0,,No churn,0.4206,18043.79
C14143,1,2024-08-06,Network quality,0.938,16427.6
C14144,0,,No churn,0.5232,6090.83
C14145,0,,No churn,0.1541,7400.04
C14146,0,,No churn,0.5996,27010.82
C14147,0,,No churn,0.4014,13584.8
C14148,1,2024-10-23,Poor service,0.7643,7709.82
C14149,0,,No churn,0.2179,11417.59
C14150,1,2024-12-13,Price,0.729,21875.22
C14151,0,,No churn,0.7176,24608.07
C14152,0,,No churn,0.2783,13672.41
C14153,1,2024-09-21,Competitor offer,0.2181,13702.41
C14154,1,2024-12-02,Price,0.2448,2711.79
C14155,0,,No churn,0.3525,17734.85
C14156,0,,No churn,0.5038,4098.97
C14157,1,2024-12-22,Competitor offer,0.7375,37590.5
C14158,0,,No churn,0.1884,8965.51
C14159,0,,No churn,0.3498,12164.61
C14160,1,2024-08-28,Price,0.6108,9124.8
C14161,1,2024-12-21,Competitor offer,0.279,3517.63
C14162,0,,No churn,0.2651,9672.33
C14163,0,,No churn,0.2402,7548.02
C14164,0,,No churn,0.116,7594.64
C14165,0,,No churn,0.1028,6678.8
C14166,0,,No churn,0.2426,3638.1
C14167,0,,No churn,0.2136,7413.36
C14168,0,,No churn,0.2926,18666.91
C14169,1,2024-12-20,Other,0.8071,30163.41
C14170,0,,No churn,0.2091,13750.17
C14171,1,2024-08-12,Other,0.2452,22206.94
C14172,0,,No churn,0.2748,8930.04
C14173,0,,No churn,0.337,6609.42
C14174,0,,No churn,0.7142,28952.99
C14175,1,2024-10-24,Price,0.4623,26090.57
C14176,1,2024-10-03,Price,0.8318,15011.78
C14177,1,2024-07-06,Poor service,0.2788,9197.67
C14178,0,,No churn,0.8337,15554.94
C14179,0,,No churn,0.3659,6252.43
C14180,0,,No churn,0.1683,6909.18
C14181,0,,No churn,0.3525,25651.31
C14182,0,,No churn,0.1031,5337.34
C14183,0,,No churn,0.1372,6747.64
C14184,0,,No churn,0.1264,18306.73
C14185,1,2024-08-06,Price,0.4735,21417.0
C14186,1,2024-11-16,Price,0.6819,21189.37
C14187,0,,No churn,0.0681,7800.04
C14188,1,2024-10-06,Network quality,0.762,26884.27
C14189,1,2024-11-18,Moving,0.8361,13897.73
C14190,0,,No churn,0.3162,13531.91
C14191,0,,No churn,0.1882,7450.47
C14192,0,,No churn,0.2501,3904.04
C14193,0,,No churn,0.1918,8490.15
C14194,1,2024-08-26,Competitor offer,0.4484,5755.33
C14195,1,2024-08-10,Network quality,0.8118,19078.13
C14196,1,2024-11-26,Other,0.8294,29213.03
C14197,0,,No churn,0.4356,7809.45
C14198,0,,No churn,0.1697,14589.43
C14199,0,,No churn,0.3048,13666.06
C14200,1,2024-11-19,Moving,0.8499,24221.82
C14201,1,2024-09-01,Other,0.7289,12676.56
C14202,0,,No churn,0.3228,21975.3
C14203,1,2024-10-11,Price,0.548,7496.98
C14204,0,,No churn,0.632,13553.46
C14205,1,2024-07-07,Poor service,0.8573,10000.16
C14206,1,2024-11-20,Moving,0.8315,34506.1
C14207,0,,No churn,0.23,12739.91
C14208,0,,No churn,0.3167,6757.0
C14209,1,2024-12-06,Competitor offer,0.9011,25631.2
C14210,0,,No churn,0.1996,8484.3
C14211,0,,No churn,0.3714,21565.44
C14212,1,2024-11-13,Price,0.7813,39991.84
C14213,0,,No churn,0.1325,7437.73
C14214,0,,No churn,0.5006,17347.69
C14215,0,,No churn,0.5142,6779.08
C14216,0,,No churn,0.081,10526.9
C14217,0,,No churn,0.3539,11185.92
C14218,0,,No churn,0.1661,26481.52
C14219,1,2024-10-13,Poor service,0.5895,17729.06
C14220,1,2024-10-19,Network quality,0.4651,11818.14
C14221,0,,No churn,0.3592,3195.06
C14222,0,,No churn,0.7069,16433.32
C14223,1,2024-07-04,Other,0.7383,11042.37
C14224,1,2024-09-10,Other,0.3572,12114.05
C14225,0,,No churn,0.4708,11607.25
C14226,1,2024-09-20,Other,0.478,16862.04
C14227,0,,No churn,0.248,14875.26
C14228,0,,No churn,0.533,6941.94
C14229,0,,No churn,0.205,11654.3
C14230,0,,No churn,0.6004,5565.34
C14231,0,,No churn,0.2839,13787.02
C14232,0,,No churn,0.0815,11566.11
C14233,0,,No churn,0.2138,17423.64
C14234,0,,No churn,0.5665,9486.97
C14235,1,2024-12-18,Network quality,0.2718,17325.32
C14236,0,,No churn,0.2109,8201.46
C14237,0,,No churn,0.2626,27175.65
C14238,0,,No churn,0.464,9629.22
C14239,1,2024-12-07,Network quality,0.7936,35337.02
C14240,1,2024-10-16,Price,0.3897,5377.02
C14241,1,2024-11-20,Competitor offer,0.8548,19041.1
C14242,1,2024-08-17,Competitor offer,0.8643,17546.4
C14243,0,,No churn,0.4096,15306.55
C14244,0,,No churn,0.274,17540.49
C14245,1,2024-08-28,Price,0.7544,32634.26
C14246,1,2024-10-17,Poor service,0.6187,26480.26
C14247,0,,No churn,0.1082,6645.58
C14248,0,,No churn,0.0568,10439.6
C14249,0,,No churn,0.1164,9578.59
C14250,0,,No churn,0.7256,16945.96
C14251,0,,No churn,0.3158,12498.88
C14252,0,,No churn,0.2226,20313.0
C14253,1,2024-09-08,Network quality,0.8569,10937.52
C14254,0,,No churn,0.1509,4890.4
C14255,1,2024-12-14,Price,0.7354,18012.63
C14256,0,,No churn,0.0978,5693.47
C14257,0,,No churn,0.2674,15938.42
C14258,1,2024-07-28,Competitor offer,0.8022,8222.11
C14259,1,2024-08-13,Network quality,0.8327,34903.09
C14260,0,,No churn,0.5297,7175.45
C14261,1,2024-11-20,Price,0.5017,28852.62
C14262,1,2024-08-08,Competitor offer,0.7572,22876.12
C14263,0,,No churn,0.3513,6596.95
C14264,0,,No churn,0.2091,13115.79
C14265,0,,No churn,0.0994,11244.53
C14266,1,2024-09-02,Network quality,0.8364,21365.1
C14267,0,,No churn,0.3701,12777.57
C14268,1,2024-09-01,Price,0.7583,8642.53
C14269,0,,No churn,0.3023,13188.94
C14270,0,,No churn,0.4644,4954.81
C14271,1,2024-11-07,Poor service,0.3994,3879.57
C14272,1,2024-09-23,Moving,0.8317,9882.3
C14273,0,,No churn,0.1649,18289.62
C14274,0,,No churn,0.7596,19978.59
C14275,0,,No churn,0.2255,10686.4
C14276,0,,No churn,0.1651,4862.69
C14277,1,2024-10-03,Poor service,0.662,27194.39
C14278,1,2024-08-02,Other,0.7168,13563.65
C14279,1,2024-12-11,Network quality,0.184,4880.44
C14280,1,2024-09-10,Network quality,0.6868,8797.6
C14281,0,,No churn,0.3541,14629.93
C14282,0,,No churn,0.4278,10987.56
C14283,0,,No churn,0.3882,26795.87
C14284,0,,No churn,0.4074,11538.87
C14285,1,2024-12-09,Price,0.4424,34053.99
C14286,0,,No churn,0.255,6273.32
C14287,1,2024-10-08,Price,0.7771,41525.75
C14288,1,2024-09-03,Competitor offer,0.6442,21319.18
C14289,0,,No churn,0.1689,15672.39
C14290,0,,No churn,0.4219,9565.3
C14291,1,2024-11-02,Moving,0.5794,16870.83
C14292,1,2024-08-19,Price,0.4378,40008.08
C14293,0,,No churn,0.1856,10226.71
C14294,0,,No churn,0.0935,5127.63
C14295,1,2024-09-13,Network quality,0.1904,3856.48
C14296,1,2024-08-26,Competitor offer,0.7496,38173.2
C14297,1,2024-09-02,Moving,0.8626,9213.42
C14298,1,2024-07-04,Competitor offer,0.5824,4079.67
C14299,0,,No churn,0.2604,8557.21
C14300,1,2024-12-26,Other,0.8461,12377.46
C14301,1,2024-09-25,Poor service,0.7725,39068.57
C14302,0,,No churn,0.2442,8000.06
C14303,0,,No churn,0.1247,14177.47
C14304,0,,No churn,0.0611,6400.55
C14305,0,,No churn,0.5174,19749.92
C14306,1,2024-10-18,Price,0.6976,8775.64
C14307,0,,No churn,0.2835,6788.07
C14308,1,2024-10-09,Moving,0.7167,24094.34
C14309,1,2024-12-17,Other,0.4021,8172.06
C14310,1,2024-10-17,Poor service,0.5138,22764.62
C14311,0,,No churn,0.2427,18300.6
C14312,0,,No churn,0.1146,5292.54
C14313,1,2024-09-28,Competitor offer,0.8663,28810.15
C14314,0,,No churn,0.3311,9193.39
C14315,0,,No churn,0.4428,15110.0
C14316,0,,No churn,0.1888,9424.86
C14317,0,,No churn,0.1608,12716.72
C14318,0,,No churn,0.1119,7776.25
C14319,1,2024-11-13,Poor service,0.5707,5730.32
C14320,1,2024-11-24,Competitor offer,0.2416,12023.21
C14321,0,,No churn,0.0713,10618.03
C14322,0,,No churn,0.3296,4299.88
C14323,0,,No churn,0.2673,16967.16
C14324,1,2024-07-14,Network quality,0.8864,8374.12
C14325,1,2024-11-15,Competitor offer,0.4028,24403.82
C14326,1,2024-11-04,Poor service,0.5978,22325.06
C14327,1,2024-09-07,Moving,0.8523,48968.65
C14328,0,,No churn,0.3461,17706.82
C14329,0,,No churn,0.2998,5364.7
C14330,1,2024-09-01,Network quality,0.1461,7474.82
C14331,1,2024-10-24,Competitor offer,0.8185,24843.69
C14332,1,2024-12-11,Price,0.8249,23417.59
C14333,1,2024-10-20,Price,0.2533,17854.65
C14334,1,2024-09-06,Poor service,0.7665,35763.53
C14335,0,,No churn,0.1673,5893.35
C14336,1,2024-10-15,Poor service,0.4359,3632.53
C14337,1,2024-09-26,Price,0.0833,5098.18
C14338,0,,No churn,0.3565,17840.19
C14339,1,2024-08-04,Price,0.2756,22780.15
C14340,0,,No churn,0.3258,4570.58
C14341,1,2024-11-28,Competitor offer,0.614,18411.5
C14342,0,,No churn,0.262,6929.78
C14343,0,,No churn,0.21,14380.93
C14344,0,,No churn,0.4983,17042.99
C14345,1,2024-12-03,Competitor offer,0.7253,14204.26
C14346,0,,No churn,0.0925,3881.6
C14347,0,,No churn,0.3206,6948.68
C14348,1,2024-11-15,Price,0.5214,3388.78
C14349,1,2024-09-17,Other,0.179,2890.72
C14350,0,,No churn,0.2358,7365.6
C14351,0,,No churn,0.2434,10165.24
C14352,0,,No churn,0.3863,10722.3
C14353,0,,No churn,0.4915,9793.45
C14354,0,,No churn,0.3354,10872.57
C14355,1,2024-11-25,Poor service,0.3669,18326.8
C14356,0,,No churn,0.0947,6822.87
C14357,0,,No churn,0.595,16861.94
C14358,1,2024-10-05,Competitor offer,0.6156,11865.06
C14359,0,,No churn,0.3998,2988.64
C14360,0,,No churn,0.1942,9015.72
C14361,1,2024-11-07,Competitor offer,0.8503,26911.98
C14362,1,2024-08-04,Moving,0.5058,21406.79
C14363,0,,No churn,0.389,16819.84
C14364,0,,No churn,0.2191,15388.68
C14365,1,2024-10-18,Network quality,0.1281,4980.96
C14366,1,2024-11-01,Price,0.5603,42767.12
C14367,0,,No churn,0.0797,10984.15
C14368,1,2024-12-03,Network quality,0.3715,20949.94
C14369,1,2024-10-24,Competitor offer,0.57,21551.36
C14370,1,2024-11-09,Other,0.8987,32912.81
C14371,0,,No churn,0.5298,7109.72
C14372,0,,No churn,0.6755,10308.62
C14373,1,2024-11-18,Competitor offer,0.7546,12891.37
C14374,0,,No churn,0.2155,7234.76
C14375,0,,No churn,0.5819,11721.31
C14376,0,,No churn,0.3022,6096.15
C14377,0,,No churn,0.1932,11206.36
C14378,1,2024-11-24,Poor service,0.4314,7374.58
C14379,1,2024-07-21,Other,0.4994,14287.07
C14380,0,,No churn,0.1911,4062.21
C14381,1,2024-10-10,Price,0.2545,21814.28
C14382,0,,No churn,0.2797,5582.31
C14383,1,2024-09-24,Network quality,0.46,11578.29
C14384,0,,No churn,0.4184,7136.69
C14385,1,2024-08-22,Network quality,0.4208,20093.23
C14386,0,,No churn,0.4409,27144.47
C14387,0,,No churn,0.4732,16744.02
C14388,0,,No churn,0.1041,6411.55
C14389,0,,No churn,0.307,18517.98
C14390,0,,No churn,0.4948,14825.11
C14391,0,,No churn,0.2253,17176.01
C14392,1,2024-11-15,Price,0.6479,12791.22
C14393,0,,No churn,0.2386,6786.29
C14394,0,,No churn,0.5088,17505.06
C14395,0,,No churn,0.3477,3782.82
C14396,1,2024-07-01,Network quality,0.845,11458.82
C14397,1,2024-07-20,Competitor offer,0.8598,9623.83
C14398,0,,No churn,0.2189,12068.12
C14399,1,2024-08-09,Price,0.7473,11461.54
C14400,0,,No churn,0.5998,41480.28
C14401,0,,No churn,0.4242,21016.42
C14402,1,2024-07-20,Price,0.8718,17515.87
C14403,1,2024-07-09,Other,0.5899,20077.78
C14404,1,2024-08-14,Poor service,0.8191,27579.54
C14405,0,,No churn,0.4243,6118.53
C14406,1,2024-08-21,Competitor offer,0.6621,43008.26
C14407,0,,No churn,0.2074,8789.53
C14408,0,,No churn,0.2383,15814.55
C14409,1,2024-12-05,Competitor offer,0.7991,12139.27
C14410,1,2024-07-03,Moving,0.4462,17864.85
C14411,1,2024-08-17,Competitor offer,0.8385,49752.71
C14412,1,2024-12-07,Network quality,0.7375,20327.29
C14413,1,2024-09-19,Network quality,0.5427,40332.44
C14414,0,,No churn,0.3127,5425.07
C14415,1,2024-11-27,Network quality,0.9085,9349.06
C14416,1,2024-07-23,Other,0.3927,21604.41
C14417,1,2024-12-14,Moving,0.1975,5198.98
C14418,1,2024-09-12,Price,0.6956,48551.88
C14419,0,,No churn,0.8225,37667.31
C14420,1,2024-07-17,Price,0.4941,6846.9
C14421,1,2024-07-12,Competitor offer,0.8523,18266.91
C14422,0,,No churn,0.2832,21145.32
C14423,1,2024-07-07,Poor service,0.7157,38226.86
C14424,0,,No churn,0.0735,5456.18
C14425,0,,No churn,0.2594,8963.39
C14426,1,2024-09-18,Poor service,0.3314,15875.31
C14427,1,2024-12-09,Network quality,0.7401,22125.95
C14428,0,,No churn,0.4896,30024.47
C14429,0,,No churn,0.3306,8504.4
C14430,0,,No churn,0.2577,17439.15
C14431,0,,No churn,0.589,9199.5
C14432,1,2024-10-26,Poor service,0.9438,25718.27
C14433,1,2024-12-21,Network quality,0.7771,37566.0
C14434,0,,No churn,0.7728,33584.73
C14435,0,,No churn,0.1803,7407.88
C14436,1,2024-09-04,Poor service,0.2538,4050.49
C14437,0,,No churn,0.6728,16049.41
C14438,0,,No churn,0.2389,22504.33
C14439,1,2024-10-20,Other,0.755,19112.85
C14440,0,,No churn,0.2008,9379.53
C14441,0,,No churn,0.5672,7237.63
C14442,0,,No churn,0.5763,7782.77
C14443,0,,No churn,0.4894,18344.52
C14444,1,2024-11-17,Price,0.342,16023.37
C14445,0,,No churn,0.1489,13619.22
C14446,1,2024-09-16,Network quality,0.3343,9964.6
C14447,0,,No churn,0.058,9234.78
C14448,1,2024-10-09,Other,0.4892,32605.88
C14449,0,,No churn,0.4304,16120.96
C14450,1,2024-12-15,Poor service,0.2336,11224.69
C14451,1,2024-10-16,Price,0.5489,28290.41
C14452,0,,No churn,0.1574,11138.08
C14453,0,,No churn,0.3501,8575.01
C14454,1,2024-12-28,Competitor offer,0.8872,41975.86
C14455,0,,No churn,0.4669,31177.26
C14456,0,,No churn,0.1953,2206.34
C14457,0,,No churn,0.5657,16784.84
C14458,0,,No churn,0.4877,16001.43
C14459,0,,No churn,0.7933,8176.33
C14460,1,2024-10-08,Price,0.5005,13277.54
C14461,1,2024-07-23,Competitor offer,0.7583,38909.08
C14462,0,,No churn,0.3413,4497.2
C14463,1,2024-09-10,Poor service,0.638,18482.8
C14464,0,,No churn,0.2642,11544.62
C14465,1,2024-07-26,Network quality,0.6464,4124.98
C14466,1,2024-09-01,Price,0.3151,14166.94
C14467,0,,No churn,0.4622,8189.78
C14468,1,2024-12-02,Other,0.4274,7366.07
C14469,1,2024-09-28,Price,0.8065,18295.51
C14470,0,,No churn,0.2457,8945.87
C14471,1,2024-08-15,Poor service,0.1644,8043.97
C14472,0,,No churn,0.3089,10841.49
C14473,0,,No churn,0.5842,11999.75
C14474,0,,No churn,0.5128,22982.35
C14475,1,2024-12-04,Network quality,0.8692,23990.64
C14476,0,,No churn,0.214,16989.13
C14477,1,2024-08-23,Network quality,0.877,11010.74
C14478,0,,No churn,0.2375,19634.03
C14479,1,2024-10-05,Network quality,0.9298,14785.27
C14480,0,,No churn,0.3022,10638.03
C14481,1,2024-07-19,Competitor offer,0.5319,6868.69
C14482,0,,No churn,0.2607,6782.91
C14483,0,,No churn,0.1194,11408.16
C14484,0,,No churn,0.2907,5287.35
C14485,1,2024-09-25,Competitor offer,0.7104,25637.05
C14486,0,,No churn,0.5795,9704.31
C14487,0,,No churn,0.3836,4312.2
C14488,1,2024-09-06,Moving,0.6909,7956.36
C14489,0,,No churn,0.7607,14825.97
C14490,0,,No churn,0.1675,14941.11
C14491,0,,No churn,0.6565,6201.22
C14492,0,,No churn,0.1363,16432.39
C14493,1,2024-08-23,Network quality,0.6753,23648.75
C14494,0,,No churn,0.1833,16403.36
C14495,1,2024-08-16,Poor service,0.5625,15234.4
C14496,0,,No churn,0.0361,6449.9
C14497,1,2024-11-16,Network quality,0.3549,7895.93
C14498,1,2024-12-23,Other,0.3452,27614.92
C14499,0,,No churn,0.125,6403.94
C14500,0,,No churn,0.8907,27439.96
C14501,1,2024-10-24,Network quality,0.847,16954.09
C14502,0,,No churn,0.4986,34763.22
C14503,1,2024-08-07,Poor service,0.3467,6256.73
C14504,1,2024-12-13,Price,0.6952,13315.44
C14505,1,2024-09-05,Poor service,0.4626,25160.53
C14506,1,2024-11-13,Price,0.3542,7363.98
C14507,0,,No churn,0.2709,7766.66
C14508,0,,No churn,0.5025,34642.61
C14509,0,,No churn,0.1761,26666.96
C14510,1,2024-08-20,Poor service,0.7206,19108.29
C14511,1,2024-08-28,Price,0.3009,18155.82
C14512,0,,No churn,0.2394,11469.51
C14513,1,2024-10-03,Competitor offer,0.8461,17869.11
C14514,0,,No churn,0.3383,11997.77
C14515,1,2024-12-10,Price,0.7232,10261.25
C14516,0,,No churn,0.2299,21831.37
C14517,0,,No churn,0.2542,2758.51
C14518,1,2024-07-12,Network quality,0.8148,31512.55
C14519,0,,No churn,0.2014,10152.18
C14520,1,2024-08-18,Moving,0.3336,32742.53
C14521,0,,No churn,0.1675,12488.21
C14522,1,2024-11-04,Network quality,0.8783,26137.57
C14523,1,2024-08-03,Price,0.6922,23546.1
C14524,0,,No churn,0.5494,3270.54
C14525,1,2024-12-12,Moving,0.3765,9871.36
C14526,0,,No churn,0.1163,8844.67
C14527,0,,No churn,0.1412,6910.0
C14528,0,,No churn,0.1341,4584.58
C14529,0,,No churn,0.2692,7845.88
C14530,0,,No churn,0.1389,11960.1
C14531,0,,No churn,0.6933,25856.53
C14532,0,,No churn,0.3288,7177.97
C14533,1,2024-09-19,Poor service,0.6394,34204.17
C14534,0,,No churn,0.0678,8500.6
C14535,1,2024-09-05,Competitor offer,0.6945,10035.4
C14536,1,2024-11-27,Network quality,0.1281,5248.68
C14537,0,,No churn,0.1969,20424.95
C14538,0,,No churn,0.3625,8436.56
C14539,1,2024-07-09,Other,0.2931,5632.96
C14540,0,,No churn,0.3336,2995.85
C14541,0,,No churn,0.1839,7272.59
C14542,0,,No churn,0.3661,23058.41
C14543,0,,No churn,0.072,8134.58
C14544,1,2024-11-16,Poor service,0.8339,10801.81
C14545,0,,No churn,0.281,9735.14
C14546,1,2024-10-07,Competitor offer,0.3493,3178.67
C14547,1,2024-09-19,Competitor offer,0.4391,30347.99
C14548,1,2024-09-17,Moving,0.1695,20076.85
C14549,0,,No churn,0.5246,32293.12
C14550,1,2024-12-25,Network quality,0.3059,6838.61
C14551,1,2024-08-14,Poor service,0.6824,20501.37
C14552,1,2024-11-12,Price,0.2673,3898.72
C14553,0,,No churn,0.6234,9675.11
C14554,1,2024-09-20,Other,0.4484,20500.21
C14555,0,,No churn,0.5259,18415.15
C14556,1,2024-07-15,Competitor offer,0.3687,13652.85
C14557,1,2024-11-19,Poor service,0.7896,36980.47
C14558,0,,No churn,0.4442,28181.26
C14559,0,,No churn,0.1785,16303.14
C14560,0,,No churn,0.2448,10048.0
C14561,0,,No churn,0.2387,13179.84
C14562,1,2024-09-27,Other,0.4231,14887.75
C14563,1,2024-07-01,Competitor offer,0.4539,12691.6
C14564,1,2024-09-25,Network quality,0.8838,13803.67
C14565,1,2024-11-24,Competitor offer,0.4162,15711.78
C14566,0,,No churn,0.2871,15277.88
C14567,0,,No churn,0.3773,12597.55
C14568,0,,No churn,0.2245,10005.78
C14569,0,,No churn,0.2744,5731.85
C14570,0,,No churn,0.3955,14486.24
C14571,1,2024-09-26,Competitor offer,0.8722,24470.44
C14572,0,,No churn,0.2678,2602.93
C14573,0,,No churn,0.7046,29370.91
C14574,1,2024-07-24,Price,0.5076,7207.07
C14575,0,,No churn,0.1556,4715.12
C14576,1,2024-12-20,Network quality,0.403,28253.01
C14577,0,,No churn,0.6713,7735.26
C14578,0,,No churn,0.2893,16799.46
C14579,1,2024-12-04,Moving,0.6469,8965.44
C14580,0,,No churn,0.4399,15833.15
C14581,1,2024-10-22,Network quality,0.4544,9563.42
C14582,0,,No churn,0.6036,26650.94
C14583,0,,No churn,0.6036,14783.21
C14584,0,,No churn,0.7611,20205.94
C14585,0,,No churn,0.7995,26974.72
C14586,1,2024-09-08,Competitor offer,0.1413,14499.23
C14587,1,2024-11-13,Price,0.7269,16536.08
C14588,0,,No churn,0.21,8908.04
C14589,1,2024-07-09,Price,0.777,10631.9
C14590,1,2024-11-07,Price,0.622,7563.49
C14591,1,2024-11-06,Moving,0.7776,33941.07
C14592,1,2024-07-08,Price,0.6663,26300.45
C14593,0,,No churn,0.1736,8242.2
C14594,0,,No churn,0.2563,2618.04
C14595,0,,No churn,0.4432,32679.56
C14596,1,2024-10-22,Price,0.2498,9529.71
C14597,0,,No churn,0.708,8729.36
C14598,0,,No churn,0.2492,14647.08
C14599,1,2024-10-17,Other,0.2138,5127.19
C14600,0,,No churn,0.2985,7427.87
C14601,0,,No churn,0.3446,7270.98
C14602,1,2024-08-24,Competitor offer,0.8081,32809.04
C14603,1,2024-11-22,Network quality,0.5224,6319.42
C14604,0,,No churn,0.1225,9961.46
C14605,0,,No churn,0.2531,2460.91
C14606,1,2024-07-04,Competitor offer,0.2588,19194.95
C14607,1,2024-12-03,Competitor offer,0.4815,25637.41
C14608,1,2024-11-27,Price,0.5654,23477.23
C14609,1,2024-07-13,Other,0.256,5905.63
C14610,0,,No churn,0.6439,29533.12
C14611,0,,No churn,0.6503,5126.66
C14612,1,2024-08-06,Competitor offer,0.3881,10531.15
C14613,0,,No churn,0.4879,9014.52
C14614,1,2024-11-16,Competitor offer,0.5427,16204.59
C14615,1,2024-08-26,Price,0.2508,18775.98
C14616,0,,No churn,0.0826,5915.26
C14617,0,,No churn,0.3275,12393.81
C14618,0,,No churn,0.1459,14551.18
C14619,0,,No churn,0.3548,13775.56
C14620,1,2024-09-26,Other,0.7258,20972.29
C14621,1,2024-12-06,Price,0.1856,5314.02
C14622,1,2024-07-23,Other,0.6298,7074.52
C14623,0,,No churn,0.3813,10650.54
C14624,1,2024-07-06,Network quality,0.7684,27352.81
C14625,0,,No churn,0.2006,19580.69
C14626,0,,No churn,0.2026,14484.25
C14627,0,,No churn,0.6145,11513.45
C14628,1,2024-11-03,Competitor offer,0.337,6038.06
C14629,0,,No churn,0.2888,16263.96
C14630,0,,No churn,0.3597,9288.04
C14631,0,,No churn,0.3458,7337.68
C14632,1,2024-11-16,Network quality,0.5367,6996.11
C14633,1,2024-07-07,Moving,0.8338,6361.5
C14634,0,,No churn,0.6722,8243.6
C14635,1,2024-09-10,Network quality,0.7291,33858.05
C14636,0,,No churn,0.7867,41819.0
C14637,1,2024-10-01,Price,0.3681,7501.97
C14638,1,2024-11-20,Poor service,0.9076,6042.51
C14639,0,,No churn,0.5894,7292.47
C14640,0,,No churn,0.0716,10722.79
C14641,0,,No churn,0.1935,11983.71
C14642,0,,No churn,0.46,3055.69
C14643,1,2024-12-16,Price,0.6975,12875.94
C14644,0,,No churn,0.4651,39484.55
C14645,1,2024-09-10,Competitor offer,0.5491,21144.22
C14646,0,,No churn,0.1902,18868.7
C14647,1,2024-10-02,Competitor offer,0.2309,14577.74
C14648,1,2024-09-02,Network quality,0.1925,2165.09
C14649,1,2024-09-13,Price,0.6856,18932.64
C14650,0,,No churn,0.1228,9090.61
C14651,1,2024-10-24,Network quality,0.8635,14321.37
C14652,0,,No churn,0.1036,5399.68
C14653,0,,No churn,0.1659,13951.3
C14654,1,2024-07-11,Network quality,0.4701,16635.99
C14655,1,2024-10-19,Poor service,0.3574,10212.7
C14656,1,2024-08-26,Network quality,0.8626,33590.81
C14657,1,2024-10-15,Price,0.7107,21027.8
C14658,1,2024-12-22,Competitor offer,0.5918,32563.8
C14659,0,,No churn,0.1165,13115.54
C14660,0,,No churn,0.3495,4369.04
C14661,1,2024-07-24,Network quality,0.2275,4970.74
C14662,0,,No churn,0.7419,22322.51
C14663,1,2024-12-03,Network quality,0.1276,10685.94
C14664,1,2024-09-15,Network quality,0.8431,7973.92
C14665,0,,No churn,0.3448,2955.06
C14666,0,,No churn,0.5779,21062.37
C14667,1,2024-09-06,Competitor offer,0.8842,31863.46
C14668,1,2024-12-09,Network quality,0.6511,24890.71
C14669,0,,No churn,0.1427,9632.07
C14670,1,2024-12-08,Price,0.3049,9623.72
C14671,0,,No churn,0.5126,10384.09
C14672,0,,No churn,0.085,13979.7
C14673,1,2024-07-06,Competitor offer,0.2395,10089.67
C14674,0,,No churn,0.6341,23003.34
C14675,0,,No churn,0.1047,10717.87
C14676,1,2024-08-24,Price,0.7803,51997.6
C14677,0,,No churn,0.2746,10026.74
C14678,1,2024-11-18,Price,0.3596,12969.88
C14679,0,,No churn,0.15,12162.17
C14680,0,,No churn,0.1031,22276.74
C14681,1,2024-12-07,Moving,0.2648,9830.35
C14682,1,2024-11-26,Competitor offer,0.5287,13565.86
C14683,0,,No churn,0.7188,46222.73
C14684,1,2024-10-12,Competitor offer,0.2102,16682.52
C14685,0,,No churn,0.313,12934.22
C14686,0,,No churn,0.1209,12217.55
C14687,0,,No churn,0.2626,15953.81
C14688,0,,No churn,0.6978,16660.63
C14689,0,,No churn,0.3473,20709.86
C14690,0,,No churn,0.2727,10086.86
C14691,0,,No churn,0.4042,12438.95
C14692,0,,No churn,0.592,29243.53
C14693,0,,No churn,0.4281,7068.91
C14694,1,2024-10-12,Price,0.6809,23122.54
C14695,0,,No churn,0.5611,40537.39
C14696,1,2024-09-01,Price,0.7404,30121.7
C14697,1,2024-08-09,Competitor offer,0.3776,5075.7
C14698,0,,No churn,0.2572,16621.99
C14699,0,,No churn,0.0937,14358.66
C14700,1,2024-12-20,Poor service,0.5681,20311.31
C14701,0,,No churn,0.1119,7146.7
C14702,0,,No churn,0.3904,6632.43
C14703,0,,No churn,0.3111,7368.22
C14704,0,,No churn,0.6026,36635.23
C14705,0,,No churn,0.3923,15148.34
C14706,0,,No churn,0.5051,11622.91
C14707,1,2024-12-08,Price,0.336,4275.72
C14708,1,2024-10-07,Moving,0.2085,6928.52
C14709,0,,No churn,0.5046,8903.57
C14710,1,2024-09-26,Network quality,0.7613,51186.51
C14711,1,2024-12-22,Other,0.2193,3920.48
C14712,1,2024-12-15,Price,0.6136,11608.34
C14713,0,,No churn,0.3484,7157.29
C14714,0,,No churn,0.1529,5351.66
C14715,1,2024-11-16,Price,0.1186,19166.19
C14716,1,2024-11-04,Poor service,0.4831,13289.41
C14717,0,,No churn,0.4518,8920.8
C14718,0,,No churn,0.11,6616.23
C14719,1,2024-10-22,Poor service,0.6306,11865.49
C14720,0,,No churn,0.6722,18376.73
C14721,1,2024-08-07,Price,0.6525,6842.58
C14722,1,2024-08-05,Price,0.6812,4304.3
C14723,0,,No churn,0.1278,7748.68
C14724,1,2024-07-11,Network quality,0.6378,36064.67
C14725,1,2024-12-17,Price,0.3178,22304.54
C14726,0,,No churn,0.2839,14613.73
C14727,1,2024-08-02,Network quality,0.365,12742.45
C14728,0,,No churn,0.1293,11720.38
C14729,1,2024-11-04,Competitor offer,0.4287,15370.59
C14730,0,,No churn,0.212,16633.42
C14731,0,,No churn,0.7713,42156.86
C14732,1,2024-08-11,Network quality,0.3597,4381.99
C14733,0,,No churn,0.501,30815.22
C14734,1,2024-12-27,Other,0.6784,10135.26
C14735,1,2024-11-01,Price,0.355,3659.17
C14736,0,,No churn,0.1315,10151.04
C14737,0,,No churn,0.0805,19287.98
C14738,0,,No churn,0.4464,6021.24
C14739,1,2024-11-03,Network quality,0.2979,5790.35
C14740,0,,No churn,0.1405,6061.92
C14741,0,,No churn,0.133,7484.24
C14742,0,,No churn,0.1632,15000.99
C14743,1,2024-11-07,Competitor offer,0.2595,9251.49
C14744,0,,No churn,0.1451,2581.82
C14745,0,,No churn,0.1479,4076.78
C14746,0,,No churn,0.3156,11545.23
C14747,1,2024-08-26,Competitor offer,0.6437,17548.21
C14748,0,,No churn,0.5972,31743.9
C14749,0,,No churn,0.4611,13659.47
C14750,0,,No churn,0.1439,3570.27
C14751,0,,No churn,0.6405,43619.89
C14752,0,,No churn,0.7373,32205.48
C14753,0,,No churn,0.2514,11023.52
C14754,1,2024-09-12,Price,0.796,26017.46
C14755,0,,No churn,0.2098,11582.93
C14756,0,,No churn,0.1511,4592.05
C14757,0,,No churn,0.2323,9101.93
C14758,0,,No churn,0.3834,24252.8
C14759,1,2024-08-11,Price,0.4036,39596.93
C14760,0,,No churn,0.1814,3874.64
C14761,1,2024-09-08,Poor service,0.4144,16392.41
C14762,0,,No churn,0.5606,10896.04
C14763,0,,No churn,0.1354,8167.9
C14764,0,,No churn,0.6979,17893.23
C14765,0,,No churn,0.0951,21666.41
C14766,1,2024-07-08,Other,0.7741,35901.17
C14767,0,,No churn,0.1584,6465.66
C14768,0,,No churn,0.291,5626.82
C14769,1,2024-08-16,Network quality,0.4161,6890.54
C14770,0,,No churn,0.6044,26910.31
C14771,0,,No churn,0.2703,6550.65
C14772,1,2024-09-12,Price,0.2688,12129.06
C14773,1,2024-07-19,Network quality,0.5172,6201.77
C14774,0,,No churn,0.2787,21180.05
C14775,0,,No churn,0.1512,3085.64
C14776,0,,No churn,0.2932,10385.31
C14777,1,2024-11-28,Competitor offer,0.716,25884.73
C14778,1,2024-09-21,Price,0.6768,5320.04
C14779,1,2024-10-13,Competitor offer,0.7139,8106.71
C14780,1,2024-08-23,Other,0.73,19927.41
C14781,1,2024-10-04,Price,0.9,19995.59
C14782,1,2024-10-16,Poor service,0.4051,6886.44
C14783,0,,No churn,0.2552,11961.43
C14784,1,2024-11-19,Network quality,0.2599,6631.9
C14785,0,,No churn,0.6696,2821.79
C14786,0,,No churn,0.1837,17545.69
C14787,1,2024-09-01,Price,0.8156,17770.89
C14788,0,,No churn,0.2477,8550.01
C14789,0,,No churn,0.3718,11389.85
C14790,1,2024-09-06,Poor service,0.8606,53555.54
C14791,1,2024-09-22,Poor service,0.3373,6775.02
C14792,1,2024-11-01,Network quality,0.1469,10887.85
C14793,1,2024-10-15,Price,0.7255,17060.74
C14794,0,,No churn,0.3999,7416.75
C14795,0,,No churn,0.4793,22392.88
C14796,0,,No churn,0.1109,6234.14
C14797,1,2024-11-13,Network quality,0.1795,3943.67
C14798,1,2024-09-07,Competitor offer,0.1936,24152.18
C14799,0,,No churn,0.3071,10415.27
C14800,0,,No churn,0.5141,24145.58
C14801,1,2024-07-05,Price,0.863,14702.04
C14802,0,,No churn,0.4061,22063.14
C14803,0,,No churn,0.1433,3201.66
C14804,0,,No churn,0.5323,9516.17
C14805,0,,No churn,0.4291,7063.3
C14806,0,,No churn,0.0519,8041.64
C14807,1,2024-12-15,Moving,0.6182,33205.78
C14808,0,,No churn,0.1661,6043.39
C14809,1,2024-08-14,Poor service,0.8515,9659.36
C14810,0,,No churn,0.1462,9677.94
C14811,1,2024-12-10,Price,0.1495,15852.73
C14812,0,,No churn,0.1392,11406.06
C14813,1,2024-07-27,Network quality,0.5374,7770.17
C14814,0,,No churn,0.1545,9013.5
C14815,1,2024-12-23,Price,0.5619,9389.16
C14816,1,2024-12-24,Poor service,0.4134,7822.56
C14817,1,2024-08-23,Network quality,0.8267,30730.32
C14818,0,,No churn,0.5102,17378.75
C14819,1,2024-09-03,Moving,0.7861,17208.34
C14820,1,2024-09-20,Price,0.7938,31504.04
C14821,1,2024-07-21,Competitor offer,0.7075,10766.39
C14822,0,,No churn,0.1172,10582.41
C14823,0,,No churn,0.1373,7566.76
C14824,0,,No churn,0.1722,9949.21
C14825,1,2024-07-15,Network quality,0.7839,9100.37
C14826,0,,No churn,0.3209,12167.95
C14827,0,,No churn,0.6752,12894.06
C14828,1,2024-08-10,Price,0.576,50020.8
C14829,0,,No churn,0.1481,10999.48
C14830,0,,No churn,0.1627,10298.06
C14831,0,,No churn,0.2461,8049.13
C14832,1,2024-11-27,Competitor offer,0.1614,7421.21
C14833,0,,No churn,0.1742,10575.68
C14834,0,,No churn,0.7251,28286.47
C14835,0,,No churn,0.6596,49637.49
C14836,0,,No churn,0.5511,31590.0
C14837,0,,No churn,0.0761,12238.95
C14838,0,,No churn,0.2341,7872.91
C14839,1,2024-07-03,Price,0.7394,55382.04
C14840,1,2024-07-19,Price,0.6563,5335.42
C14841,1,2024-09-21,Price,0.7347,19008.74
C14842,1,2024-08-02,Competitor offer,0.625,13176.33
C14843,1,2024-12-24,Poor service,0.5861,21133.1
C14844,1,2024-11-25,Price,0.351,7724.73
C14845,0,,No churn,0.164,5158.23
C14846,0,,No churn,0.2102,6744.1
C14847,0,,No churn,0.2275,11124.62
C14848,0,,No churn,0.4835,11613.5
C14849,1,2024-09-28,Competitor offer,0.7798,12258.96
C14850,1,2024-12-05,Competitor offer,0.234,16464.14
C14851,0,,No churn,0.0913,4421.04
C14852,0,,No churn,0.7196,19491.45
C14853,0,,No churn,0.1457,15053.89
C14854,0,,No churn,0.3801,24485.92
C14855,0,,No churn,0.1243,13932.46
C14856,0,,No churn,0.1224,8063.98
C14857,1,2024-07-21,Price,0.0377,12179.03
C14858,0,,No churn,0.1686,10472.48
C14859,1,2024-07-02,Competitor offer,0.21,12099.02
C14860,0,,No churn,0.1871,11443.65
C14861,0,,No churn,0.0938,19779.42
C14862,1,2024-09-01,Poor service,0.2354,14370.85
C14863,0,,No churn,0.2089,20147.66
C14864,1,2024-10-09,Competitor offer,0.8099,55141.55
C14865,0,,No churn,0.6682,36372.34
C14866,1,2024-12-03,Price,0.4146,7784.58
C14867,0,,No churn,0.6126,40456.46
C14868,1,2024-12-03,Other,0.3208,7684.19
C14869,1,2024-09-16,Competitor offer,0.6233,11967.63
C14870,1,2024-10-16,Poor service,0.8991,22506.44
C14871,1,2024-09-02,Poor service,0.8155,23650.64
C14872,1,2024-07-15,Poor service,0.9636,12239.73
C14873,1,2024-12-24,Poor service,0.6096,11484.95
C14874,1,2024-10-03,Price,0.463,15039.55
C14875,1,2024-10-05,Competitor offer,0.6897,16317.05
C14876,0,,No churn,0.3521,6163.81
C14877,1,2024-07-02,Price,0.4292,5106.25
C14878,0,,No churn,0.3822,8394.98
C14879,0,,No churn,0.3081,14827.42
C14880,1,2024-08-01,Competitor offer,0.5078,17339.88
C14881,0,,No churn,0.4549,11871.32
C14882,1,2024-09-10,Competitor offer,0.6054,15314.24
C14883,1,2024-10-22,Poor service,0.4899,7586.25
C14884,1,2024-07-27,Competitor offer,0.8682,34051.87
C14885,0,,No churn,0.1227,7810.75
C14886,0,,No churn,0.2603,6847.81
C14887,0,,No churn,0.9487,29877.45
C14888,1,2024-08-10,Network quality,0.8639,39018.98
C14889,0,,No churn,0.1595,9727.84
C14890,1,2024-10-22,Network quality,0.3008,5947.65
C14891,0,,No churn,0.1304,8375.98
C14892,0,,No churn,0.2023,1964.69
C14893,0,,No churn,0.143,13252.76
C14894,0,,No churn,0.3134,34633.4
C14895,1,2024-08-22,Competitor offer,0.7319,49499.0
C14896,0,,No churn,0.4591,3889.79
C14897,1,2024-07-24,Competitor offer,0.3438,10709.85
C14898,1,2024-10-19,Network quality,0.7845,22352.16
C14899,1,2024-11-10,Price,0.8604,42485.09
C14900,0,,No churn,0.684,31391.08
C14901,1,2024-10-18,Price,0.9009,19916.56
C14902,0,,No churn,0.3434,4749.17
C14903,1,2024-10-06,Network quality,0.9455,14935.18
C14904,1,2024-10-24,Price,0.2257,3764.0
C14905,1,2024-10-06,Network quality,0.4445,23111.17
C14906,0,,No churn,0.3519,16177.94
C14907,0,,No churn,0.2952,6894.94
C14908,0,,No churn,0.2896,22222.74
C14909,0,,No churn,0.5156,19146.48
C14910,0,,No churn,0.3734,15536.9
C14911,0,,No churn,0.3466,4967.1
C14912,1,2024-08-20,Network quality,0.5604,7260.63
C14913,1,2024-10-27,Competitor offer,0.4181,14647.78
C14914,0,,No churn,0.3961,20775.2
C14915,0,,No churn,0.1335,7111.75
C14916,1,2024-10-03,Price,0.6072,20912.02
C14917,1,2024-10-21,Poor service,0.202,5361.5
C14918,0,,No churn,0.345,4972.39
C14919,0,,No churn,0.1614,13129.17
C14920,0,,No churn,0.6813,23115.4
C14921,0,,No churn,0.2928,23103.37
C14922,0,,No churn,0.2284,8482.61
C14923,1,2024-10-06,Network quality,0.3963,8324.76
C14924,1,2024-11-06,Network quality,0.5713,12966.04
C14925,1,2024-08-09,Network quality,0.4736,7833.82
C14926,1,2024-08-28,Price,0.1609,9298.2
C14927,1,2024-08-01,Network quality,0.4285,6823.26
C14928,0,,No churn,0.3176,7259.53
C14929,1,2024-12-22,Price,0.1808,23478.65
C14930,1,2024-09-25,Moving,0.5566,19230.77
C14931,1,2024-12-20,Moving,0.6081,50210.48
C14932,0,,No churn,0.6013,21857.31
C14933,0,,No churn,0.2875,6177.59
C14934,1,2024-11-07,Competitor offer,0.6997,10267.48
C14935,0,,No churn,0.5654,10833.72
C14936,1,2024-12-10,Price,0.4066,8231.72
C14937,0,,No churn,0.1248,6388.03
C14938,0,,No churn,0.1819,18637.18
C14939,1,2024-09-26,Poor service,0.8089,13250.24
C14940,1,2024-08-12,Price,0.8928,29047.6
C14941,0,,No churn,0.1323,18256.34
C14942,0,,No churn,0.0534,9122.39
C14943,0,,No churn,0.3552,3886.06
C14944,1,2024-07-22,Competitor offer,0.8342,14725.45
C14945,0,,No churn,0.4338,30043.19
C14946,1,2024-09-15,Competitor offer,0.892,31707.51
C14947,0,,No churn,0.3998,12367.22
C14948,0,,No churn,0.1627,17971.19
C14949,0,,No churn,0.1549,18042.25
C14950,1,2024-08-23,Poor service,0.5842,36931.51
C14951,0,,No churn,0.0809,7654.05
C14952,1,2024-09-09,Price,0.7426,22434.54
C14953,0,,No churn,0.4043,7826.3
C14954,0,,No churn,0.104,9718.41
C14955,0,,No churn,0.4768,19178.39
C14956,0,,No churn,0.067,5776.43
C14957,0,,No churn,0.1639,8685.6
C14958,0,,No churn,0.5474,6066.95
C14959,1,2024-07-26,Poor service,0.6998,25119.91
C14960,1,2024-07-24,Competitor offer,0.8507,31070.73
C14961,0,,No churn,0.3568,14929.92
C14962,0,,No churn,0.2475,19383.71
C14963,0,,No churn,0.5036,27647.17
C14964,0,,No churn,0.3518,10488.43
C14965,0,,No churn,0.1482,10845.06
C14966,0,,No churn,0.307,3275.43
C14967,1,2024-11-27,Moving,0.2971,6110.37
C14968,0,,No churn,0.2139,4549.59
C14969,0,,No churn,0.4326,7396.74
C14970,1,2024-12-14,Price,0.6825,21862.63
C14971,1,2024-09-15,Network quality,0.8641,14503.05
C14972,0,,No churn,0.3443,7609.97
C14973,1,2024-07-23,Price,0.8869,30065.51
C14974,0,,No churn,0.4891,30011.47
C14975,0,,No churn,0.7757,33158.41
C14976,0,,No churn,0.1466,3565.31
C14977,0,,No churn,0.8759,21847.18
C14978,1,2024-07-19,Price,0.2671,4143.37
C14979,0,,No churn,0.1645,10555.06
C14980,1,2024-11-05,Network quality,0.6167,10987.26
C14981,1,2024-08-16,Competitor offer,0.6442,8955.76
C14982,1,2024-08-05,Poor service,0.3274,2770.3
C14983,1,2024-07-22,Moving,0.4849,6053.97
C14984,0,,No churn,0.3136,6723.41
C14985,0,,No churn,0.2642,9861.21
C14986,1,2024-08-26,Price,0.6403,3415.78
C14987,1,2024-11-02,Poor service,0.1253,7558.03
C14988,1,2024-11-05,Competitor offer,0.8266,6807.15
C14989,1,2024-08-19,Competitor offer,0.6709,21386.45
C14990,1,2024-08-27,Poor service,0.8096,44350.32
C14991,0,,No churn,0.3643,21322.3
C14992,1,2024-12-06,Poor service,0.79,11490.23
C14993,1,2024-10-27,Poor service,0.8226,27137.35
C14994,1,2024-11-02,Price,0.2756,14137.49
C14995,0,,No churn,0.1466,4074.19
C14996,0,,No churn,0.2433,6761.05
C14997,0,,No churn,0.2778,11976.7
C14998,0,,No churn,0.3733,15613.0
C14999,1,2024-07-13,Price,0.6574,27908.59
C15000,0,,No churn,0.382,9755.58
