customer_id,gender,age,city,region,join_date,contract_type,payment_method,senior_citizen,partner,dependents,paperless_billing
C10001,Male,48,Cairo,Greater Cairo,2021-07-17,Month-to-month,Electronic check,Yes,Yes,No,Yes
C10002,Male,40,Tanta,Delta,2021-04-21,Month-to-month,Electronic check,No,No,Yes,Yes
C10003,Female,51,Cairo,Greater Cairo,2020-11-22,One year,Mailed check,Yes,No,Yes,Yes
C10004,Male,63,Assiut,Upper Egypt,2021-12-05,One year,Credit card,No,Yes,No,Yes
C10005,Female,38,Ismailia,Suez,2023-06-20,Two year,Mailed check,No,Yes,Yes,Yes
C10006,Female,38,Giza,Greater Cairo,2021-04-21,Two year,Mailed check,No,No,Yes,Yes
C10007,Male,64,Ismailia,Suez,2021-06-30,One year,Bank transfer,Yes,Yes,Yes,Yes
C10008,Female,52,Mansoura,Delta,2023-08-03,One year,Electronic check,No,Yes,Yes,No
C10009,Female,35,Luxor,Upper Egypt,2021-07-02,Month-to-month,Credit card,No,No,Yes,Yes
C10010,Female,49,Ismailia,Suez,2022-07-28,Month-to-month,Electronic check,No,No,No,No
C10011,Female,35,Assiut,Upper Egypt,2021-03-25,Two year,Electronic check,No,Yes,Yes,Yes
C10012,Male,35,Ismailia,Suez,2022-05-14,One year,Mailed check,No,No,No,No
C10013,Male,45,Ismailia,Suez,2020-08-22,One year,Bank transfer,No,No,Yes,Yes
C10014,Male,18,Aswan,Upper Egypt,2020-01-07,Two year,Credit card,No,Yes,Yes,No
C10015,Female,18,Ismailia,Suez,2022-11-05,One year,Electronic check,No,Yes,No,Yes
C10016,Male,34,Assiut,Upper Egypt,2021-09-21,Month-to-month,Electronic check,No,Yes,Yes,Yes
C10017,Male,27,Port Said,Suez,2020-09-14,Month-to-month,Mailed check,No,No,No,No
C10018,Male,46,Hurghada,Red Sea,2021-09-30,Month-to-month,Bank transfer,No,No,Yes,Yes
C10019,Male,29,Assiut,Upper Egypt,2020-02-13,One year,Electronic check,No,Yes,Yes,Yes
C10020,Male,22,Assiut,Upper Egypt,2020-05-25,Month-to-month,Electronic check,No,Yes,No,Yes
C10021,Female,62,Luxor,Upper Egypt,2021-01-24,Month-to-month,Bank transfer,No,No,No,No
C10022,Male,38,Ismailia,Suez,2023-08-31,Two year,Electronic check,No,No,Yes,Yes
C10023,Male,42,Port Said,Suez,2022-07-07,Month-to-month,Electronic check,No,Yes,No,No
C10024,Male,22,Cairo,Greater Cairo,2023-08-28,Two year,Credit card,No,Yes,Yes,Yes
C10025,Female,34,Tanta,Delta,2022-04-01,Two year,Electronic check,Yes,No,No,No
C10026,Female,43,Mansoura,Delta,2022-05-16,One year,Bank transfer,No,No,Yes,Yes
C10027,Male,25,Cairo,Greater Cairo,2023-04-01,One year,Electronic check,No,Yes,No,Yes
C10028,Male,47,Cairo,Greater Cairo,2022-11-06,Month-to-month,Electronic check,No,Yes,No,Yes
C10029,Male,33,Suez,Suez,2023-05-02,Month-to-month,Electronic check,No,No,No,Yes
C10030,Female,37,Tanta,Delta,2021-06-27,Month-to-month,Bank transfer,No,No,Yes,Yes
C10031,Male,33,Giza,Greater Cairo,2023-01-06,Month-to-month,Electronic check,No,Yes,Yes,Yes
C10032,Male,67,Aswan,Upper Egypt,2023-01-17,One year,Bank transfer,No,Yes,No,No
C10033,Male,41,Alexandria,Delta,2021-06-25,Month-to-month,Electronic check,No,No,No,Yes
C10034,Female,27,Tanta,Delta,2023-11-08,One year,Electronic check,No,Yes,Yes,Yes
C10035,Female,53,Cairo,Greater Cairo,2020-01-08,Month-to-month,Electronic check,No,Yes,No,Yes
C10036,Female,24,Port Said,Suez,2020-01-20,Month-to-month,Credit card,No,Yes,Yes,No
C10037,Male,44,Luxor,Upper Egypt,2020-09-18,Month-to-month,Mailed check,No,Yes,No,Yes
C10038,Male,18,Ismailia,Suez,2020-07-29,Month-to-month,Bank transfer,No,Yes,Yes,No
C10039,Male,23,Luxor,Upper Egypt,2020-02-20,Month-to-month,Credit card,No,No,Yes,Yes
C10040,Male,44,Luxor,Upper Egypt,2020-03-20,Two year,Electronic check,No,No,No,Yes
C10041,Male,52,Tanta,Delta,2020-02-18,One year,Mailed check,No,Yes,No,Yes
C10042,Female,44,Ismailia,Suez,2023-01-03,Month-to-month,Electronic check,No,No,Yes,Yes
C10043,Female,40,Cairo,Greater Cairo,2020-08-10,One year,Mailed check,No,No,Yes,Yes
C10044,Male,37,Mansoura,Delta,2020-03-31,One year,Electronic check,No,Yes,No,Yes
C10045,Female,21,Suez,Suez,2021-10-04,One year,Electronic check,No,No,No,Yes
C10046,Female,31,Port Said,Suez,2020-09-17,Month-to-month,Bank transfer,No,Yes,No,Yes
C10047,Male,35,Mansoura,Delta,2021-08-10,Month-to-month,Credit card,No,No,No,Yes
C10048,Male,56,Port Said,Suez,2022-08-27,One year,Credit card,No,Yes,No,Yes
C10049,Female,46,Giza,Greater Cairo,2021-04-26,One year,Electronic check,No,Yes,Yes,Yes
C10050,Female,18,Suez,Suez,2020-05-29,Month-to-month,Credit card,No,No,No,Yes
C10051,Male,46,Ismailia,Suez,2023-11-09,Month-to-month,Bank transfer,No,Yes,No,Yes
C10052,Female,36,Cairo,Greater Cairo,2023-02-15,Month-to-month,Credit card,No,No,No,No
C10053,Female,32,Suez,Suez,2022-10-30,Month-to-month,Credit card,No,Yes,No,Yes
C10054,Male,50,Ismailia,Suez,2021-07-21,One year,Bank transfer,No,No,No,Yes
C10055,Female,56,Tanta,Delta,2021-07-10,Month-to-month,Credit card,Yes,Yes,Yes,Yes
C10056,Male,55,Hurghada,Red Sea,2021-03-14,Month-to-month,Mailed check,No,No,Yes,Yes
C10057,Female,30,Luxor,Upper Egypt,2023-04-11,Two year,Electronic check,No,No,No,Yes
C10058,Female,37,Mansoura,Delta,2022-03-09,Two year,Credit card,No,Yes,No,Yes
C10059,Female,46,Aswan,Upper Egypt,2020-02-29,Month-to-month,Bank transfer,No,Yes,No,No
C10060,Male,55,Luxor,Upper Egypt,2023-04-27,One year,Electronic check,No,Yes,No,Yes
C10061,Female,35,Luxor,Upper Egypt,2021-11-01,Month-to-month,Electronic check,No,No,No,Yes
C10062,Female,39,Mansoura,Delta,2020-06-16,Month-to-month,Bank transfer,Yes,No,Yes,Yes
C10063,Male,26,Cairo,Greater Cairo,2021-05-21,Month-to-month,Electronic check,Yes,Yes,No,Yes
C10064,Male,25,Aswan,Upper Egypt,2023-12-03,Month-to-month,Mailed check,No,Yes,Yes,No
C10065,Male,53,Suez,Suez,2020-02-22,Two year,Bank transfer,No,No,No,No
C10066,Male,60,Giza,Greater Cairo,2023-04-27,One year,Bank transfer,Yes,No,Yes,No
C10067,Male,40,Assiut,Upper Egypt,2022-12-27,Month-to-month,Mailed check,No,No,Yes,No
C10068,Female,56,Giza,Greater Cairo,2022-06-06,Two year,Bank transfer,No,Yes,No,Yes
C10069,Female,47,Suez,Suez,2023-01-07,One year,Mailed check,No,No,No,No
C10070,Male,32,Mansoura,Delta,2022-07-12,Month-to-month,Mailed check,No,No,No,Yes
C10071,Female,47,Alexandria,Delta,2022-09-25,Month-to-month,Credit card,No,No,Yes,Yes
C10072,Male,63,Giza,Greater Cairo,2021-05-09,One year,Mailed check,No,No,No,Yes
C10073,Male,41,Giza,Greater Cairo,2021-08-25,Month-to-month,Bank transfer,No,No,No,Yes
C10074,Female,63,Luxor,Upper Egypt,2023-02-01,Month-to-month,Bank transfer,No,No,Yes,Yes
C10075,Male,18,Assiut,Upper Egypt,2020-09-01,One year,Credit card,No,Yes,Yes,Yes
C10076,Female,53,Hurghada,Red Sea,2023-04-22,Two year,Bank transfer,No,Yes,Yes,Yes
C10077,Female,43,Alexandria,Delta,2021-09-11,Month-to-month,Bank transfer,No,Yes,No,Yes
C10078,Male,37,Ismailia,Suez,2022-10-02,Month-to-month,Electronic check,No,No,No,Yes
C10079,Male,43,Mansoura,Delta,2022-09-05,Month-to-month,Electronic check,No,Yes,Yes,Yes
C10080,Female,18,Giza,Greater Cairo,2021-05-23,Month-to-month,Credit card,No,Yes,No,Yes
C10081,Female,38,Mansoura,Delta,2023-04-20,Two year,Electronic check,No,Yes,Yes,Yes
C10082,Female,46,Ismailia,Suez,2020-06-15,Month-to-month,Electronic check,Yes,Yes,No,Yes
C10083,Female,62,Mansoura,Delta,2020-03-07,Month-to-month,Bank transfer,No,No,Yes,Yes
C10084,Female,34,Ismailia,Suez,2023-04-22,One year,Credit card,No,Yes,Yes,No
C10085,Male,30,Giza,Greater Cairo,2020-05-02,Month-to-month,Electronic check,No,No,No,Yes
C10086,Female,34,Hurghada,Red Sea,2022-04-04,Two year,Mailed check,No,Yes,Yes,No
C10087,Female,54,Suez,Suez,2021-05-27,Month-to-month,Electronic check,No,Yes,No,Yes
C10088,Male,46,Aswan,Upper Egypt,2022-11-28,One year,Credit card,No,No,No,No
C10089,Female,34,Assiut,Upper Egypt,2022-04-16,Month-to-month,Bank transfer,No,No,No,Yes
C10090,Female,49,Ismailia,Suez,2022-03-31,Two year,Bank transfer,No,No,No,Yes
C10091,Female,43,Port Said,Suez,2020-01-03,One year,Bank transfer,No,Yes,No,Yes
C10092,Female,55,Ismailia,Suez,2022-06-24,One year,Electronic check,No,No,No,No
C10093,Female,32,Giza,Greater Cairo,2020-02-29,Two year,Bank transfer,No,Yes,No,Yes
C10094,Female,37,Giza,Greater Cairo,2021-04-05,Two year,Credit card,No,Yes,Yes,Yes
C10095,Female,36,Port Said,Suez,2023-12-15,Month-to-month,Credit card,No,Yes,No,Yes
C10096,Female,21,Tanta,Delta,2023-05-12,Month-to-month,Credit card,No,No,No,Yes
C10097,Female,46,Cairo,Greater Cairo,2021-08-02,One year,Credit card,No,No,Yes,Yes
C10098,Female,45,Assiut,Upper Egypt,2021-11-11,One year,Bank transfer,No,No,Yes,No
C10099,Male,42,Suez,Suez,2022-02-23,Month-to-month,Credit card,Yes,No,No,Yes
C10100,Male,38,Aswan,Upper Egypt,2020-03-16,Month-to-month,Credit card,No,Yes,No,Yes
C10101,Female,22,Cairo,Greater Cairo,2020-10-22,Month-to-month,Bank transfer,Yes,No,No,Yes
C10102,Female,36,Ismailia,Suez,2020-06-13,Two year,Credit card,No,No,No,Yes
C10103,Female,37,Port Said,Suez,2020-03-14,One year,Electronic check,No,No,Yes,Yes
C10104,Female,30,Giza,Greater Cairo,2023-07-21,One year,Electronic check,No,No,Yes,Yes
C10105,Male,39,Mansoura,Delta,2022-01-04,Month-to-month,Electronic check,No,Yes,Yes,Yes
C10106,Female,47,Suez,Suez,2023-10-31,Month-to-month,Credit card,Yes,No,No,Yes
C10107,Male,68,Aswan,Upper Egypt,2021-08-12,One year,Electronic check,No,No,No,Yes
C10108,Female,44,Hurghada,Red Sea,2021-05-27,Month-to-month,Electronic check,No,No,Yes,Yes
C10109,Female,45,Suez,Suez,2021-08-28,Two year,Electronic check,No,No,No,Yes
C10110,Male,40,Suez,Suez,2022-10-14,Two year,Credit card,No,Yes,No,Yes
C10111,Male,18,Suez,Suez,2021-05-28,One year,Bank transfer,No,Yes,Yes,No
C10112,Male,41,Mansoura,Delta,2022-06-21,Month-to-month,Mailed check,Yes,No,No,Yes
C10113,Male,42,Tanta,Delta,2020-09-27,One year,Credit card,No,No,Yes,Yes
C10114,Female,76,Mansoura,Delta,2021-11-24,Two year,Mailed check,Yes,Yes,No,No
C10115,Female,39,Giza,Greater Cairo,2022-03-19,Month-to-month,Bank transfer,No,No,No,No
C10116,Female,46,Giza,Greater Cairo,2023-10-14,Month-to-month,Electronic check,No,No,Yes,Yes
C10117,Female,41,Hurghada,Red Sea,2021-09-10,One year,Electronic check,Yes,Yes,No,No
C10118,Male,25,Giza,Greater Cairo,2021-04-25,Two year,Electronic check,No,No,Yes,No
C10119,Male,57,Aswan,Upper Egypt,2023-06-14,Month-to-month,Credit card,Yes,No,Yes,Yes
C10120,Male,52,Assiut,Upper Egypt,2020-07-22,Two year,Mailed check,No,No,Yes,Yes
C10121,Male,53,Giza,Greater Cairo,2022-07-20,Month-to-month,Electronic check,No,Yes,Yes,No
C10122,Male,29,Alexandria,Delta,2023-03-02,Month-to-month,Credit card,No,Yes,Yes,Yes
C10123,Male,61,Suez,Suez,2020-01-06,Month-to-month,Credit card,No,No,Yes,Yes
C10124,Male,22,Alexandria,Delta,2020-01-31,Month-to-month,Credit card,No,Yes,Yes,Yes
C10125,Male,50,Hurghada,Red Sea,2022-05-12,One year,Bank transfer,No,No,Yes,Yes
C10126,Male,72,Suez,Suez,2020-03-29,One year,Credit card,No,No,No,Yes
C10127,Male,28,Cairo,Greater Cairo,2022-09-07,Two year,Mailed check,Yes,No,Yes,No
C10128,Female,34,Suez,Suez,2020-10-30,Month-to-month,Electronic check,No,No,No,No
C10129,Female,43,Aswan,Upper Egypt,2022-11-01,One year,Electronic check,No,Yes,No,Yes
C10130,Male,34,Luxor,Upper Egypt,2021-11-25,Two year,Mailed check,No,No,No,Yes
C10131,Female,20,Assiut,Upper Egypt,2020-11-08,One year,Mailed check,Yes,Yes,Yes,Yes
C10132,Female,42,Alexandria,Delta,2023-02-13,Month-to-month,Credit card,No,Yes,No,Yes
C10133,Female,27,Hurghada,Red Sea,2020-04-15,Two year,Bank transfer,No,Yes,Yes,Yes
C10134,Male,48,Giza,Greater Cairo,2021-12-18,Two year,Mailed check,No,Yes,No,No
C10135,Male,29,Suez,Suez,2023-09-09,Two year,Electronic check,No,No,No,Yes
C10136,Male,63,Alexandria,Delta,2023-03-05,One year,Electronic check,No,Yes,Yes,Yes
C10137,Male,31,Luxor,Upper Egypt,2022-05-09,Month-to-month,Electronic check,No,No,Yes,No
C10138,Male,37,Alexandria,Delta,2023-06-19,Month-to-month,Electronic check,No,No,No,Yes
C10139,Female,53,Mansoura,Delta,2021-03-17,One year,Electronic check,No,No,No,Yes
C10140,Female,24,Cairo,Greater Cairo,2021-03-27,Month-to-month,Bank transfer,Yes,No,Yes,Yes
C10141,Female,45,Mansoura,Delta,2021-11-02,Month-to-month,Mailed check,No,Yes,No,Yes
C10142,Male,60,Port Said,Suez,2023-02-18,Two year,Credit card,Yes,Yes,No,Yes
C10143,Male,19,Assiut,Upper Egypt,2023-03-25,Month-to-month,Mailed check,No,No,Yes,Yes
C10144,Female,44,Alexandria,Delta,2023-06-19,Month-to-month,Bank transfer,No,No,Yes,Yes
C10145,Female,45,Port Said,Suez,2020-06-10,Month-to-month,Electronic check,No,No,Yes,Yes
C10146,Male,52,Port Said,Suez,2022-11-10,Month-to-month,Credit card,No,Yes,Yes,Yes
C10147,Female,24,Tanta,Delta,2020-12-21,One year,Credit card,No,Yes,No,Yes
C10148,Female,23,Ismailia,Suez,2023-03-02,One year,Credit card,No,No,Yes,Yes
C10149,Female,49,Aswan,Upper Egypt,2023-07-17,Month-to-month,Electronic check,Yes,Yes,No,Yes
C10150,Male,46,Cairo,Greater Cairo,2022-01-25,Two year,Electronic check,No,Yes,No,Yes
C10151,Male,45,Aswan,Upper Egypt,2023-03-16,One year,Electronic check,No,Yes,Yes,Yes
C10152,Female,46,Hurghada,Red Sea,2020-06-21,Month-to-month,Electronic check,No,No,No,Yes
C10153,Male,32,Assiut,Upper Egypt,2022-02-02,Two year,Mailed check,No,Yes,No,Yes
C10154,Male,45,Port Said,Suez,2023-10-21,Month-to-month,Electronic check,No,Yes,No,Yes
C10155,Male,46,Assiut,Upper Egypt,2021-09-27,Two year,Bank transfer,No,Yes,No,Yes
C10156,Female,31,Alexandria,Delta,2023-10-04,One year,Credit card,No,Yes,No,Yes
C10157,Male,68,Assiut,Upper Egypt,2021-09-24,Month-to-month,Electronic check,No,No,Yes,Yes
C10158,Male,48,Alexandria,Delta,2020-06-07,Month-to-month,Credit card,No,Yes,No,No
C10159,Male,25,Suez,Suez,2022-02-10,Month-to-month,Electronic check,No,Yes,No,Yes
C10160,Female,51,Ismailia,Suez,2021-05-01,Two year,Bank transfer,No,No,Yes,Yes
C10161,Female,28,Aswan,Upper Egypt,2021-02-01,Month-to-month,Credit card,No,No,No,Yes
C10162,Female,53,Alexandria,Delta,2021-02-12,Two year,Electronic check,No,No,No,Yes
C10163,Male,58,Hurghada,Red Sea,2022-11-22,Two year,Electronic check,No,No,No,No
C10164,Male,30,Luxor,Upper Egypt,2020-07-06,Two year,Electronic check,No,No,Yes,Yes
C10165,Female,55,Port Said,Suez,2022-02-04,Month-to-month,Credit card,No,Yes,No,No
C10166,Female,47,Alexandria,Delta,2020-10-08,Month-to-month,Credit card,No,Yes,No,Yes
C10167,Male,53,Giza,Greater Cairo,2020-02-08,Month-to-month,Credit card,No,No,Yes,Yes
C10168,Male,68,Mansoura,Delta,2020-09-06,Month-to-month,Mailed check,No,No,Yes,Yes
C10169,Female,38,Suez,Suez,2023-01-02,Month-to-month,Mailed check,No,Yes,No,Yes
C10170,Female,31,Tanta,Delta,2023-03-14,Month-to-month,Bank transfer,Yes,No,Yes,No
C10171,Male,29,Luxor,Upper Egypt,2022-08-20,Month-to-month,Mailed check,No,Yes,No,No
C10172,Female,30,Tanta,Delta,2023-09-07,One year,Credit card,No,No,Yes,Yes
C10173,Female,40,Ismailia,Suez,2020-12-24,Two year,Bank transfer,No,No,Yes,No
C10174,Male,46,Hurghada,Red Sea,2022-07-26,Month-to-month,Electronic check,No,Yes,No,No
C10175,Female,45,Port Said,Suez,2022-08-27,Month-to-month,Bank transfer,No,No,Yes,No
C10176,Female,53,Mansoura,Delta,2020-09-11,One year,Mailed check,No,No,No,Yes
C10177,Male,42,Aswan,Upper Egypt,2023-11-18,Month-to-month,Credit card,No,Yes,No,Yes
C10178,Male,62,Port Said,Suez,2021-08-24,Month-to-month,Electronic check,No,No,No,Yes
C10179,Female,38,Alexandria,Delta,2023-11-13,Month-to-month,Mailed check,No,No,No,Yes
C10180,Male,80,Giza,Greater Cairo,2023-10-06,One year,Mailed check,No,Yes,Yes,Yes
C10181,Female,50,Cairo,Greater Cairo,2020-09-15,Month-to-month,Credit card,No,No,Yes,Yes
C10182,Female,29,Assiut,Upper Egypt,2022-01-31,Month-to-month,Electronic check,Yes,No,No,Yes
C10183,Female,27,Tanta,Delta,2020-08-20,Month-to-month,Electronic check,No,Yes,No,Yes
C10184,Female,48,Tanta,Delta,2023-06-07,Month-to-month,Credit card,No,Yes,Yes,No
C10185,Female,38,Alexandria,Delta,2022-06-30,Two year,Credit card,No,No,No,Yes
C10186,Female,51,Mansoura,Delta,2020-11-18,One year,Credit card,No,No,Yes,Yes
C10187,Male,48,Alexandria,Delta,2021-04-29,One year,Electronic check,No,No,No,No
C10188,Male,40,Suez,Suez,2020-06-25,Month-to-month,Mailed check,No,No,No,Yes
C10189,Male,30,Alexandria,Delta,2021-10-11,One year,Mailed check,No,No,Yes,No
C10190,Male,20,Alexandria,Delta,2022-06-05,Month-to-month,Credit card,No,Yes,No,Yes
C10191,Female,35,Hurghada,Red Sea,2021-04-06,Month-to-month,Credit card,No,Yes,No,Yes
C10192,Female,53,Alexandria,Delta,2023-07-04,Month-to-month,Bank transfer,No,Yes,Yes,Yes
C10193,Female,44,Suez,Suez,2020-03-25,Two year,Electronic check,Yes,No,Yes,Yes
C10194,Female,24,Suez,Suez,2023-08-01,Month-to-month,Credit card,No,No,No,Yes
C10195,Female,44,Mansoura,Delta,2022-07-17,Month-to-month,Electronic check,No,No,No,Yes
C10196,Male,47,Assiut,Upper Egypt,2021-10-15,One year,Credit card,No,Yes,No,Yes
C10197,Male,29,Assiut,Upper Egypt,2021-05-10,Month-to-month,Electronic check,No,Yes,Yes,Yes
C10198,Female,44,Suez,Suez,2022-05-06,Month-to-month,Credit card,Yes,No,No,Yes
C10199,Male,42,Aswan,Upper Egypt,2022-11-20,Month-to-month,Credit card,No,Yes,No,Yes
C10200,Male,25,Tanta,Delta,2023-04-09,Month-to-month,Electronic check,No,No,No,Yes
C10201,Male,47,Luxor,Upper Egypt,2020-10-01,Two year,Bank transfer,No,No,Yes,Yes
C10202,Male,49,Assiut,Upper Egypt,2023-02-07,Month-to-month,Mailed check,No,No,Yes,Yes
C10203,Male,57,Luxor,Upper Egypt,2022-02-03,One year,Electronic check,No,Yes,Yes,Yes
C10204,Female,56,Port Said,Suez,2020-03-23,Month-to-month,Electronic check,No,No,No,Yes
C10205,Male,22,Assiut,Upper Egypt,2023-06-09,Month-to-month,Mailed check,No,No,No,Yes
C10206,Female,28,Hurghada,Red Sea,2023-02-26,Month-to-month,Credit card,No,Yes,No,Yes
C10207,Male,49,Suez,Suez,2022-08-29,Month-to-month,Bank transfer,No,Yes,Yes,Yes
C10208,Male,49,Port Said,Suez,2023-07-12,One year,Credit card,No,Yes,Yes,Yes
C10209,Male,49,Tanta,Delta,2020-02-08,Month-to-month,Mailed check,No,Yes,No,Yes
C10210,Female,80,Hurghada,Red Sea,2020-05-07,One year,Mailed check,No,No,No,Yes
C10211,Male,49,Aswan,Upper Egypt,2022-12-27,Month-to-month,Mailed check,No,No,No,Yes
C10212,Male,57,Mansoura,Delta,2023-02-16,Month-to-month,Credit card,No,No,Yes,Yes
C10213,Female,55,Assiut,Upper Egypt,2022-09-09,Month-to-month,Credit card,No,No,No,Yes
C10214,Female,51,Luxor,Upper Egypt,2021-12-07,Two year,Credit card,No,No,Yes,Yes
C10215,Female,37,Ismailia,Suez,2021-06-09,One year,Electronic check,No,No,No,Yes
C10216,Male,52,Tanta,Delta,2020-04-13,One year,Bank transfer,No,Yes,Yes,Yes
C10217,Female,31,Giza,Greater Cairo,2023-10-27,One year,Electronic check,No,Yes,No,Yes
C10218,Female,38,Aswan,Upper Egypt,2023-08-25,Month-to-month,Credit card,No,Yes,Yes,Yes
C10219,Male,35,Port Said,Suez,2020-03-17,Two year,Electronic check,No,Yes,Yes,No
C10220,Female,43,Aswan,Upper Egypt,2021-01-16,Two year,Credit card,No,Yes,Yes,Yes
C10221,Male,74,Assiut,Upper Egypt,2021-08-05,Month-to-month,Bank transfer,No,Yes,No,Yes
C10222,Male,18,Assiut,Upper Egypt,2020-11-28,One year,Bank transfer,No,Yes,No,No
C10223,Male,51,Alexandria,Delta,2023-06-05,Two year,Credit card,No,No,Yes,Yes
C10224,Male,19,Alexandria,Delta,2020-10-14,Month-to-month,Credit card,Yes,No,Yes,Yes
C10225,Female,35,Assiut,Upper Egypt,2021-09-10,One year,Bank transfer,No,No,Yes,Yes
C10226,Male,57,Aswan,Upper Egypt,2021-09-20,Month-to-month,Bank transfer,No,No,Yes,Yes
C10227,Female,42,Assiut,Upper Egypt,2023-06-12,Month-to-month,Credit card,No,No,No,Yes
C10228,Female,26,Port Said,Suez,2023-09-22,Two year,Credit card,No,Yes,No,Yes
C10229,Female,31,Giza,Greater Cairo,2023-03-01,Month-to-month,Credit card,No,Yes,Yes,Yes
C10230,Female,51,Giza,Greater Cairo,2023-10-25,Month-to-month,Bank transfer,Yes,No,Yes,Yes
C10231,Female,31,Aswan,Upper Egypt,2023-02-28,Month-to-month,Mailed check,No,Yes,No,Yes
C10232,Male,45,Hurghada,Red Sea,2021-03-22,One year,Electronic check,No,Yes,Yes,No
C10233,Male,42,Aswan,Upper Egypt,2020-03-05,Month-to-month,Electronic check,Yes,No,No,No
C10234,Female,32,Aswan,Upper Egypt,2022-02-12,Month-to-month,Bank transfer,No,Yes,No,Yes
C10235,Female,72,Port Said,Suez,2020-09-17,One year,Electronic check,Yes,Yes,No,Yes
C10236,Female,50,Port Said,Suez,2022-02-15,Two year,Electronic check,No,No,Yes,No
C10237,Male,18,Cairo,Greater Cairo,2023-09-14,Month-to-month,Credit card,No,Yes,Yes,Yes
C10238,Male,44,Suez,Suez,2020-03-09,Month-to-month,Bank transfer,No,Yes,Yes,Yes
C10239,Male,32,Port Said,Suez,2021-03-20,One year,Credit card,Yes,No,Yes,No
C10240,Female,53,Suez,Suez,2023-05-09,One year,Credit card,No,Yes,Yes,Yes
C10241,Female,30,Cairo,Greater Cairo,2023-02-14,Two year,Credit card,No,No,No,Yes
C10242,Female,40,Ismailia,Suez,2023-10-06,Month-to-month,Bank transfer,No,No,Yes,Yes
C10243,Male,49,Port Said,Suez,2022-08-27,Month-to-month,Electronic check,No,Yes,No,No
C10244,Female,54,Luxor,Upper Egypt,2023-02-15,One year,Mailed check,No,No,Yes,No
C10245,Female,25,Giza,Greater Cairo,2023-01-01,One year,Electronic check,No,Yes,Yes,Yes
C10246,Male,37,Aswan,Upper Egypt,2021-03-03,Two year,Electronic check,No,Yes,Yes,No
C10247,Male,35,Hurghada,Red Sea,2022-09-07,Two year,Bank transfer,No,No,Yes,Yes
C10248,Female,32,Luxor,Upper Egypt,2022-08-12,One year,Mailed check,No,No,No,Yes
C10249,Female,66,Assiut,Upper Egypt,2021-02-20,Month-to-month,Mailed check,No,Yes,Yes,Yes
C10250,Female,47,Mansoura,Delta,2020-11-08,Month-to-month,Electronic check,No,Yes,No,Yes
C10251,Female,24,Mansoura,Delta,2022-09-27,Two year,Bank transfer,No,Yes,No,Yes
C10252,Female,54,Alexandria,Delta,2023-01-15,Two year,Credit card,No,Yes,Yes,Yes
C10253,Female,71,Alexandria,Delta,2023-07-15,Month-to-month,Bank transfer,Yes,No,No,Yes
C10254,Female,56,Ismailia,Suez,2022-09-26,Month-to-month,Bank transfer,No,Yes,No,Yes
C10255,Female,20,Cairo,Greater Cairo,2022-10-25,Two year,Bank transfer,No,Yes,Yes,No
C10256,Male,35,Tanta,Delta,2021-01-28,One year,Electronic check,No,No,Yes,Yes
C10257,Female,59,Aswan,Upper Egypt,2023-03-03,Month-to-month,Bank transfer,No,Yes,Yes,Yes
C10258,Female,32,Luxor,Upper Egypt,2023-02-05,Month-to-month,Bank transfer,No,Yes,No,No
C10259,Female,48,Suez,Suez,2020-07-14,Two year,Credit card,No,No,No,Yes
C10260,Male,52,Ismailia,Suez,2021-07-28,Two year,Bank transfer,Yes,No,Yes,No
C10261,Male,29,Hurghada,Red Sea,2022-03-26,Two year,Electronic check,No,No,No,Yes
C10262,Male,41,Hurghada,Red Sea,2020-06-09,Month-to-month,Credit card,Yes,No,Yes,No
C10263,Female,18,Suez,Suez,2023-06-11,Two year,Mailed check,No,Yes,No,No
C10264,Female,27,Aswan,Upper Egypt,2021-04-12,Month-to-month,Credit card,No,No,Yes,Yes
C10265,Female,38,Tanta,Delta,2020-05-30,Month-to-month,Electronic check,No,Yes,No,Yes
C10266,Male,24,Giza,Greater Cairo,2020-01-11,Two year,Mailed check,No,Yes,Yes,Yes
C10267,Female,64,Aswan,Upper Egypt,2023-02-14,One year,Mailed check,Yes,No,Yes,Yes
C10268,Female,21,Luxor,Upper Egypt,2020-01-26,Month-to-month,Mailed check,Yes,Yes,Yes,Yes
C10269,Male,35,Alexandria,Delta,2021-07-04,Month-to-month,Mailed check,Yes,No,No,Yes
C10270,Female,43,Giza,Greater Cairo,2022-01-09,Month-to-month,Electronic check,No,Yes,No,Yes
C10271,Female,62,Cairo,Greater Cairo,2022-03-21,Month-to-month,Bank transfer,No,No,No,Yes
C10272,Male,21,Mansoura,Delta,2021-10-18,One year,Bank transfer,No,Yes,No,No
C10273,Female,58,Hurghada,Red Sea,2023-11-24,One year,Credit card,No,No,No,Yes
C10274,Female,42,Assiut,Upper Egypt,2020-08-21,Two year,Electronic check,No,Yes,Yes,No
C10275,Female,28,Hurghada,Red Sea,2021-03-05,Month-to-month,Electronic check,No,No,No,Yes
C10276,Female,48,Tanta,Delta,2021-06-01,One year,Bank transfer,No,Yes,No,No
C10277,Female,44,Suez,Suez,2022-03-31,One year,Credit card,No,No,Yes,No
C10278,Female,33,Hurghada,Red Sea,2023-01-04,One year,Credit card,Yes,Yes,No,Yes
C10279,Male,42,Suez,Suez,2023-08-14,One year,Mailed check,No,No,Yes,Yes
C10280,Female,36,Tanta,Delta,2022-11-11,One year,Bank transfer,No,Yes,No,Yes
C10281,Female,43,Ismailia,Suez,2023-04-20,One year,Electronic check,No,No,Yes,Yes
C10282,Male,51,Giza,Greater Cairo,2020-10-17,Month-to-month,Mailed check,No,No,No,Yes
C10283,Female,64,Hurghada,Red Sea,2023-11-27,Month-to-month,Electronic check,Yes,Yes,Yes,No
C10284,Male,24,Ismailia,Suez,2020-12-02,Two year,Bank transfer,No,Yes,No,Yes
C10285,Female,71,Tanta,Delta,2022-04-09,One year,Electronic check,No,No,Yes,Yes
C10286,Male,18,Aswan,Upper Egypt,2023-04-27,Month-to-month,Electronic check,No,No,Yes,Yes
C10287,Male,39,Assiut,Upper Egypt,2021-10-29,Month-to-month,Electronic check,No,No,No,Yes
C10288,Female,50,Suez,Suez,2020-08-21,Month-to-month,Credit card,No,No,Yes,Yes
C10289,Female,45,Giza,Greater Cairo,2021-05-03,Month-to-month,Electronic check,No,No,No,Yes
C10290,Female,33,Luxor,Upper Egypt,2021-01-15,Month-to-month,Bank transfer,No,Yes,Yes,Yes
C10291,Male,39,Alexandria,Delta,2021-10-06,Two year,Bank transfer,No,Yes,No,Yes
C10292,Female,35,Port Said,Suez,2022-11-01,One year,Mailed check,No,No,No,Yes
C10293,Male,33,Tanta,Delta,2021-08-21,Month-to-month,Electronic check,No,No,No,Yes
C10294,Male,53,Suez,Suez,2020-08-21,Month-to-month,Bank transfer,No,Yes,No,Yes
C10295,Female,46,Giza,Greater Cairo,2023-08-31,One year,Electronic check,No,No,No,Yes
C10296,Male,32,Aswan,Upper Egypt,2020-08-28,One year,Electronic check,No,No,No,Yes
C10297,Male,54,Tanta,Delta,2021-02-27,Two year,Bank transfer,No,Yes,No,No
C10298,Female,46,Mansoura,Delta,2023-03-18,Month-to-month,Credit card,No,Yes,Yes,No
C10299,Female,53,Cairo,Greater Cairo,2021-07-21,Two year,Electronic check,No,Yes,Yes,Yes
C10300,Male,50,Ismailia,Suez,2022-03-15,Month-to-month,Bank transfer,No,No,No,Yes
C10301,Male,30,Luxor,Upper Egypt,2022-11-21,One year,Bank transfer,No,No,No,Yes
C10302,Male,34,Hurghada,Red Sea,2020-07-09,One year,Mailed check,No,No,Yes,No
C10303,Female,52,Tanta,Delta,2022-05-29,Two year,Mailed check,No,No,No,Yes
C10304,Male,50,Suez,Suez,2022-09-20,One year,Credit card,No,Yes,Yes,Yes
C10305,Female,41,Cairo,Greater Cairo,2020-09-11,Two year,Electronic check,No,No,Yes,No
C10306,Male,43,Ismailia,Suez,2021-09-10,Month-to-month,Credit card,No,No,No,Yes
C10307,Male,59,Cairo,Greater Cairo,2022-03-22,One year,Bank transfer,No,No,Yes,Yes
C10308,Male,33,Tanta,Delta,2022-09-03,Month-to-month,Bank transfer,No,No,Yes,Yes
C10309,Female,49,Giza,Greater Cairo,2022-05-14,One year,Mailed check,No,Yes,Yes,Yes
C10310,Female,39,Mansoura,Delta,2020-10-07,Month-to-month,Credit card,No,Yes,Yes,Yes
C10311,Male,38,Suez,Suez,2023-08-24,Month-to-month,Mailed check,No,Yes,No,Yes
C10312,Female,57,Tanta,Delta,2020-06-26,Two year,Electronic check,Yes,No,No,No
C10313,Female,53,Alexandria,Delta,2021-05-22,Month-to-month,Electronic check,No,No,Yes,No
C10314,Female,53,Tanta,Delta,2022-11-26,One year,Electronic check,No,Yes,Yes,Yes
C10315,Male,60,Tanta,Delta,2022-10-20,One year,Electronic check,No,Yes,No,No
C10316,Male,42,Luxor,Upper Egypt,2023-03-10,Month-to-month,Bank transfer,No,No,Yes,Yes
C10317,Male,51,Cairo,Greater Cairo,2021-06-20,Month-to-month,Credit card,No,No,No,Yes
C10318,Female,37,Luxor,Upper Egypt,2023-12-08,Month-to-month,Bank transfer,No,Yes,No,Yes
C10319,Male,46,Port Said,Suez,2021-02-20,Two year,Electronic check,No,Yes,No,Yes
C10320,Male,40,Cairo,Greater Cairo,2021-05-15,Month-to-month,Mailed check,No,Yes,No,Yes
C10321,Male,43,Giza,Greater Cairo,2020-01-26,One year,Bank transfer,No,No,No,Yes
C10322,Male,50,Hurghada,Red Sea,2021-07-04,One year,Electronic check,No,No,No,Yes
C10323,Male,30,Mansoura,Delta,2023-03-26,One year,Mailed check,No,Yes,No,No
C10324,Male,71,Assiut,Upper Egypt,2020-11-18,Month-to-month,Electronic check,No,Yes,Yes,Yes
C10325,Male,27,Cairo,Greater Cairo,2020-01-26,Month-to-month,Mailed check,No,Yes,Yes,No
C10326,Male,25,Port Said,Suez,2023-09-04,Month-to-month,Electronic check,No,No,No,No
C10327,Female,58,Giza,Greater Cairo,2022-10-25,One year,Electronic check,No,Yes,No,Yes
C10328,Female,53,Mansoura,Delta,2021-09-28,Month-to-month,Bank transfer,Yes,Yes,No,Yes
C10329,Female,50,Hurghada,Red Sea,2023-06-29,Month-to-month,Mailed check,No,Yes,Yes,Yes
C10330,Female,50,Cairo,Greater Cairo,2021-04-22,One year,Bank transfer,No,Yes,No,Yes
C10331,Female,41,Hurghada,Red Sea,2021-09-21,Month-to-month,Bank transfer,No,No,Yes,No
C10332,Male,29,Hurghada,Red Sea,2021-07-27,Month-to-month,Credit card,No,No,No,Yes
C10333,Male,43,Suez,Suez,2020-07-14,Month-to-month,Bank transfer,No,Yes,No,Yes
C10334,Male,32,Tanta,Delta,2021-08-20,Month-to-month,Electronic check,No,No,No,Yes
C10335,Male,55,Giza,Greater Cairo,2021-02-19,Month-to-month,Credit card,Yes,Yes,Yes,Yes
C10336,Female,39,Luxor,Upper Egypt,2020-09-04,One year,Credit card,No,No,No,Yes
C10337,Male,30,Giza,Greater Cairo,2020-11-18,Two year,Electronic check,No,Yes,Yes,No
C10338,Female,37,Alexandria,Delta,2020-07-05,One year,Credit card,No,Yes,No,Yes
C10339,Male,47,Cairo,Greater Cairo,2022-04-08,Two year,Bank transfer,No,Yes,No,Yes
C10340,Male,34,Giza,Greater Cairo,2020-01-25,Month-to-month,Credit card,No,Yes,No,Yes
C10341,Male,30,Suez,Suez,2023-04-15,Month-to-month,Credit card,Yes,Yes,Yes,No
C10342,Female,45,Alexandria,Delta,2020-07-07,Two year,Credit card,No,Yes,No,Yes
C10343,Female,45,Hurghada,Red Sea,2022-03-19,Month-to-month,Mailed check,No,No,Yes,No
C10344,Female,34,Mansoura,Delta,2022-07-02,Two year,Electronic check,No,Yes,No,Yes
C10345,Female,35,Cairo,Greater Cairo,2020-06-28,Month-to-month,Electronic check,No,Yes,Yes,No
C10346,Female,45,Aswan,Upper Egypt,2023-01-20,One year,Mailed check,No,No,No,Yes
C10347,Male,21,Assiut,Upper Egypt,2023-05-07,Month-to-month,Credit card,No,Yes,No,Yes
C10348,Male,22,Alexandria,Delta,2020-07-24,Month-to-month,Electronic check,No,Yes,Yes,Yes
C10349,Female,31,Assiut,Upper Egypt,2020-12-21,Month-to-month,Bank transfer,No,No,Yes,Yes
C10350,Female,39,Suez,Suez,2023-02-28,Month-to-month,Credit card,No,No,No,Yes
C10351,Male,46,Giza,Greater Cairo,2020-04-25,Month-to-month,Electronic check,No,Yes,No,No
C10352,Male,62,Alexandria,Delta,2021-11-28,One year,Credit card,No,No,Yes,Yes
C10353,Male,54,Giza,Greater Cairo,2022-12-13,Two year,Credit card,No,No,Yes,Yes
C10354,Female,39,Alexandria,Delta,2020-11-18,One year,Mailed check,No,No,No,Yes
C10355,Female,41,Tanta,Delta,2023-09-25,One year,Electronic check,No,No,Yes,Yes
C10356,Male,27,Hurghada,Red Sea,2023-03-19,Month-to-month,Credit card,No,Yes,Yes,Yes
C10357,Male,41,Ismailia,Suez,2023-03-04,Month-to-month,Mailed check,No,Yes,Yes,Yes
C10358,Female,37,Alexandria,Delta,2023-07-26,Two year,Electronic check,No,No,No,Yes
C10359,Male,46,Tanta,Delta,2023-11-20,Month-to-month,Electronic check,Yes,Yes,Yes,Yes
C10360,Female,30,Alexandria,Delta,2022-04-27,Month-to-month,Mailed check,No,Yes,No,No
C10361,Male,49,Alexandria,Delta,2022-07-13,Month-to-month,Credit card,No,No,No,No
C10362,Male,63,Assiut,Upper Egypt,2020-12-14,Two year,Electronic check,Yes,Yes,No,Yes
C10363,Female,40,Hurghada,Red Sea,2020-03-04,Month-to-month,Bank transfer,No,No,Yes,Yes
C10364,Female,47,Tanta,Delta,2021-01-24,Month-to-month,Bank transfer,No,No,No,Yes
C10365,Male,51,Cairo,Greater Cairo,2022-03-15,One year,Credit card,Yes,No,Yes,Yes
C10366,Female,36,Ismailia,Suez,2023-07-04,One year,Electronic check,Yes,Yes,No,No
C10367,Female,45,Giza,Greater Cairo,2021-09-23,One year,Mailed check,No,No,Yes,Yes
C10368,Female,42,Alexandria,Delta,2022-01-29,Two year,Mailed check,No,No,No,Yes
C10369,Male,43,Mansoura,Delta,2023-03-01,Month-to-month,Bank transfer,No,Yes,No,No
C10370,Female,31,Suez,Suez,2021-04-10,One year,Credit card,No,No,No,Yes
C10371,Male,42,Aswan,Upper Egypt,2021-09-04,Month-to-month,Credit card,No,Yes,Yes,No
C10372,Female,48,Alexandria,Delta,2020-12-08,Two year,Credit card,Yes,No,Yes,No
C10373,Female,62,Tanta,Delta,2023-07-08,Month-to-month,Bank transfer,No,Yes,Yes,Yes
C10374,Female,55,Port Said,Suez,2021-10-29,Two year,Mailed check,No,Yes,No,Yes
C10375,Male,72,Alexandria,Delta,2023-03-06,One year,Bank transfer,No,Yes,Yes,No
C10376,Female,31,Luxor,Upper Egypt,2021-06-24,Month-to-month,Mailed check,No,Yes,Yes,Yes
C10377,Male,54,Suez,Suez,2023-05-31,One year,Mailed check,No,No,Yes,Yes
C10378,Female,44,Mansoura,Delta,2022-02-01,Month-to-month,Credit card,No,No,No,No
C10379,Male,72,Tanta,Delta,2020-10-02,Month-to-month,Bank transfer,No,No,No,Yes
C10380,Male,30,Tanta,Delta,2022-06-23,Month-to-month,Credit card,No,No,Yes,Yes
C10381,Male,30,Giza,Greater Cairo,2021-09-29,One year,Mailed check,No,Yes,Yes,Yes
C10382,Male,33,Cairo,Greater Cairo,2021-05-25,Month-to-month,Electronic check,No,Yes,No,Yes
C10383,Female,18,Port Said,Suez,2022-03-23,One year,Electronic check,Yes,No,No,Yes
C10384,Male,34,Aswan,Upper Egypt,2023-04-16,One year,Mailed check,No,No,Yes,Yes
C10385,Female,31,Cairo,Greater Cairo,2020-11-29,Two year,Credit card,No,Yes,Yes,Yes
C10386,Female,44,Ismailia,Suez,2022-04-18,Month-to-month,Credit card,No,Yes,No,No
C10387,Male,46,Suez,Suez,2020-01-18,Month-to-month,Bank transfer,No,No,No,No
C10388,Female,68,Aswan,Upper Egypt,2021-05-31,Month-to-month,Electronic check,No,No,Yes,Yes
C10389,Female,55,Port Said,Suez,2023-08-18,One year,Electronic check,No,No,Yes,Yes
C10390,Female,33,Ismailia,Suez,2021-10-27,Two year,Electronic check,No,No,Yes,Yes
C10391,Male,29,Cairo,Greater Cairo,2023-05-13,Month-to-month,Electronic check,Yes,Yes,No,No
C10392,Female,48,Luxor,Upper Egypt,2022-04-08,Month-to-month,Electronic check,No,Yes,No,Yes
C10393,Male,23,Ismailia,Suez,2022-12-30,One year,Mailed check,No,No,No,No
C10394,Male,67,Mansoura,Delta,2020-07-18,Month-to-month,Bank transfer,No,Yes,No,Yes
C10395,Male,58,Assiut,Upper Egypt,2021-04-02,One year,Electronic check,No,No,No,Yes
C10396,Female,35,Aswan,Upper Egypt,2020-08-29,Month-to-month,Credit card,No,Yes,No,No
C10397,Male,18,Ismailia,Suez,2022-02-20,One year,Mailed check,No,Yes,Yes,No
C10398,Female,60,Luxor,Upper Egypt,2023-03-12,Two year,Credit card,Yes,Yes,Yes,Yes
C10399,Male,40,Assiut,Upper Egypt,2023-07-23,Month-to-month,Mailed check,No,Yes,Yes,Yes
C10400,Male,59,Alexandria,Delta,2023-06-12,Month-to-month,Mailed check,No,No,No,Yes
C10401,Male,19,Hurghada,Red Sea,2022-02-03,Two year,Credit card,No,Yes,Yes,Yes
C10402,Male,33,Tanta,Delta,2023-11-21,Two year,Electronic check,Yes,No,Yes,Yes
C10403,Male,42,Mansoura,Delta,2021-08-18,Month-to-month,Bank transfer,No,No,Yes,Yes
C10404,Female,42,Assiut,Upper Egypt,2021-01-20,Month-to-month,Credit card,No,Yes,Yes,Yes
C10405,Male,35,Tanta,Delta,2020-02-14,One year,Electronic check,No,Yes,No,No
C10406,Female,50,Port Said,Suez,2023-06-30,Month-to-month,Credit card,No,Yes,Yes,Yes
C10407,Female,27,Aswan,Upper Egypt,2022-02-17,Month-to-month,Electronic check,No,Yes,Yes,Yes
C10408,Male,40,Ismailia,Suez,2022-12-01,Month-to-month,Bank transfer,Yes,Yes,Yes,Yes
C10409,Male,43,Aswan,Upper Egypt,2021-02-10,One year,Credit card,No,Yes,No,Yes
C10410,Female,49,Alexandria,Delta,2020-03-21,One year,Credit card,No,No,No,Yes
C10411,Male,51,Ismailia,Suez,2020-07-01,Two year,Credit card,No,Yes,Yes,Yes
C10412,Male,26,Hurghada,Red Sea,2020-07-26,Two year,Bank transfer,No,No,No,Yes
C10413,Male,20,Alexandria,Delta,2020-03-21,Two year,Mailed check,No,No,Yes,Yes
C10414,Male,59,Cairo,Greater Cairo,2020-10-10,One year,Electronic check,No,No,No,No
C10415,Male,46,Assiut,Upper Egypt,2021-12-02,Month-to-month,Mailed check,No,No,No,Yes
C10416,Female,31,Luxor,Upper Egypt,2023-08-21,Two year,Electronic check,Yes,Yes,Yes,Yes
C10417,Female,63,Suez,Suez,2023-10-21,Month-to-month,Bank transfer,No,Yes,Yes,Yes
C10418,Female,43,Giza,Greater Cairo,2022-04-22,Month-to-month,Electronic check,No,Yes,Yes,No
C10419,Female,58,Port Said,Suez,2022-12-07,One year,Bank transfer,No,Yes,No,Yes
C10420,Female,42,Alexandria,Delta,2023-02-17,Two year,Bank transfer,Yes,Yes,No,No
C10421,Male,70,Giza,Greater Cairo,2022-10-03,Month-to-month,Electronic check,No,Yes,No,Yes
C10422,Male,66,Giza,Greater Cairo,2022-07-29,Month-to-month,Bank transfer,Yes,No,No,Yes
C10423,Female,38,Hurghada,Red Sea,2023-08-31,Month-to-month,Mailed check,Yes,Yes,Yes,No
C10424,Female,55,Port Said,Suez,2023-02-25,Month-to-month,Bank transfer,No,No,Yes,No
C10425,Female,51,Assiut,Upper Egypt,2023-02-21,One year,Bank transfer,No,No,No,Yes
C10426,Male,61,Cairo,Greater Cairo,2021-11-30,Month-to-month,Bank transfer,No,No,Yes,Yes
C10427,Male,28,Aswan,Upper Egypt,2020-10-14,Two year,Bank transfer,No,No,Yes,Yes
C10428,Female,51,Tanta,Delta,2022-07-25,Two year,Electronic check,No,No,Yes,No
C10429,Male,56,Aswan,Upper Egypt,2022-07-25,One year,Credit card,Yes,No,Yes,Yes
C10430,Male,18,Port Said,Suez,2022-06-05,Two year,Mailed check,No,Yes,Yes,Yes
C10431,Male,25,Giza,Greater Cairo,2022-03-04,One year,Bank transfer,No,No,No,No
C10432,Male,18,Mansoura,Delta,2022-03-25,Two year,Credit card,No,Yes,Yes,Yes
C10433,Female,38,Hurghada,Red Sea,2023-01-26,Two year,Bank transfer,No,Yes,Yes,Yes
C10434,Female,52,Ismailia,Suez,2021-12-08,Two year,Electronic check,No,Yes,No,Yes
C10435,Female,63,Port Said,Suez,2022-09-10,One year,Credit card,No,No,No,No
C10436,Male,43,Cairo,Greater Cairo,2022-02-19,Month-to-month,Bank transfer,No,Yes,No,Yes
C10437,Male,64,Cairo,Greater Cairo,2023-11-15,One year,Electronic check,No,No,No,Yes
C10438,Male,22,Hurghada,Red Sea,2023-08-18,One year,Electronic check,No,No,Yes,No
C10439,Female,18,Luxor,Upper Egypt,2023-11-04,Month-to-month,Bank transfer,Yes,No,Yes,Yes
C10440,Female,41,Tanta,Delta,2023-07-21,One year,Bank transfer,No,Yes,Yes,Yes
C10441,Male,47,Ismailia,Suez,2020-06-01,Month-to-month,Electronic check,No,No,Yes,Yes
C10442,Female,41,Alexandria,Delta,2020-11-25,One year,Electronic check,No,Yes,Yes,Yes
C10443,Female,18,Suez,Suez,2020-04-14,One year,Bank transfer,No,No,No,No
C10444,Female,40,Giza,Greater Cairo,2023-12-20,Month-to-month,Electronic check,No,Yes,Yes,Yes
C10445,Female,23,Giza,Greater Cairo,2021-12-16,Month-to-month,Electronic check,No,No,No,Yes
C10446,Female,51,Port Said,Suez,2023-08-22,Month-to-month,Bank transfer,No,Yes,Yes,Yes
C10447,Female,47,Luxor,Upper Egypt,2020-08-20,Month-to-month,Bank transfer,No,No,No,Yes
C10448,Female,28,Ismailia,Suez,2021-01-29,Month-to-month,Electronic check,Yes,Yes,Yes,Yes
C10449,Male,34,Ismailia,Suez,2022-05-18,Two year,Electronic check,No,No,Yes,Yes
C10450,Male,27,Cairo,Greater Cairo,2022-07-29,One year,Electronic check,Yes,Yes,No,Yes
C10451,Male,41,Mansoura,Delta,2022-04-14,Month-to-month,Bank transfer,No,Yes,No,Yes
C10452,Male,55,Ismailia,Suez,2023-06-20,Month-to-month,Bank transfer,Yes,Yes,No,No
C10453,Male,28,Mansoura,Delta,2023-11-05,Month-to-month,Electronic check,No,No,No,Yes
C10454,Male,49,Aswan,Upper Egypt,2020-11-16,One year,Electronic check,No,No,Yes,Yes
C10455,Female,34,Cairo,Greater Cairo,2023-02-07,Two year,Electronic check,Yes,No,Yes,Yes
C10456,Female,30,Tanta,Delta,2022-04-25,Two year,Credit card,Yes,Yes,Yes,Yes
C10457,Female,40,Tanta,Delta,2020-08-22,Month-to-month,Credit card,No,No,Yes,Yes
C10458,Male,27,Mansoura,Delta,2020-07-20,Month-to-month,Bank transfer,No,No,Yes,Yes
C10459,Male,34,Giza,Greater Cairo,2021-08-06,One year,Credit card,No,No,No,Yes
C10460,Female,25,Hurghada,Red Sea,2023-04-11,Month-to-month,Bank transfer,No,No,Yes,Yes
C10461,Male,69,Tanta,Delta,2023-08-05,Month-to-month,Credit card,Yes,No,No,Yes
C10462,Female,42,Mansoura,Delta,2022-09-24,One year,Electronic check,No,No,Yes,No
C10463,Male,32,Mansoura,Delta,2023-07-07,Month-to-month,Electronic check,Yes,Yes,No,Yes
C10464,Male,44,Cairo,Greater Cairo,2023-02-03,Month-to-month,Credit card,No,Yes,No,Yes
C10465,Female,40,Alexandria,Delta,2022-08-09,Month-to-month,Electronic check,No,Yes,Yes,No
C10466,Male,38,Port Said,Suez,2020-10-14,Month-to-month,Electronic check,No,Yes,No,No
C10467,Male,50,Tanta,Delta,2022-09-25,Month-to-month,Electronic check,No,Yes,No,Yes
C10468,Female,52,Cairo,Greater Cairo,2020-03-22,Two year,Electronic check,No,No,No,Yes
C10469,Male,34,Luxor,Upper Egypt,2023-08-31,Month-to-month,Bank transfer,No,Yes,No,Yes
C10470,Male,33,Port Said,Suez,2022-04-11,Month-to-month,Credit card,No,No,Yes,Yes
C10471,Male,38,Aswan,Upper Egypt,2020-12-05,Month-to-month,Mailed check,No,Yes,Yes,Yes
C10472,Male,18,Ismailia,Suez,2021-04-16,Month-to-month,Electronic check,Yes,No,No,Yes
C10473,Male,20,Ismailia,Suez,2022-04-21,Month-to-month,Electronic check,No,Yes,Yes,Yes
C10474,Male,61,Suez,Suez,2020-10-27,Month-to-month,Electronic check,No,No,Yes,No
C10475,Female,65,Giza,Greater Cairo,2021-03-19,Month-to-month,Credit card,No,Yes,Yes,No
C10476,Male,38,Suez,Suez,2021-01-07,One year,Mailed check,No,No,No,Yes
C10477,Male,50,Tanta,Delta,2022-02-13,Month-to-month,Electronic check,No,No,Yes,Yes
C10478,Male,46,Aswan,Upper Egypt,2023-06-13,One year,Credit card,No,Yes,Yes,Yes
C10479,Male,80,Suez,Suez,2023-01-09,Two year,Credit card,No,No,No,Yes
C10480,Male,57,Hurghada,Red Sea,2022-12-21,Month-to-month,Credit card,No,No,No,Yes
C10481,Male,40,Luxor,Upper Egypt,2020-10-01,Month-to-month,Credit card,No,Yes,No,Yes
C10482,Female,28,Mansoura,Delta,2021-01-22,Month-to-month,Bank transfer,Yes,Yes,Yes,Yes
C10483,Male,19,Hurghada,Red Sea,2021-10-08,Month-to-month,Electronic check,No,No,No,No
C10484,Female,44,Suez,Suez,2022-01-18,One year,Credit card,No,Yes,No,Yes
C10485,Female,31,Alexandria,Delta,2022-01-28,One year,Mailed check,No,No,No,Yes
C10486,Male,22,Hurghada,Red Sea,2021-04-15,Month-to-month,Bank transfer,No,Yes,No,No
C10487,Male,32,Alexandria,Delta,2022-03-07,Two year,Electronic check,Yes,Yes,No,No
C10488,Female,26,Giza,Greater Cairo,2020-05-11,Month-to-month,Mailed check,No,No,No,Yes
C10489,Female,65,Hurghada,Red Sea,2023-05-08,Month-to-month,Credit card,No,No,No,Yes
C10490,Female,54,Tanta,Delta,2020-03-09,One year,Mailed check,No,Yes,Yes,Yes
C10491,Male,41,Alexandria,Delta,2020-06-26,Two year,Credit card,No,No,No,Yes
C10492,Male,62,Hurghada,Red Sea,2023-12-12,Month-to-month,Electronic check,No,No,No,No
C10493,Female,43,Tanta,Delta,2023-05-26,Two year,Mailed check,No,Yes,No,Yes
C10494,Male,29,Port Said,Suez,2020-05-28,Month-to-month,Electronic check,Yes,No,No,Yes
C10495,Female,63,Suez,Suez,2022-09-17,One year,Bank transfer,No,No,No,No
C10496,Male,49,Aswan,Upper Egypt,2020-08-26,Month-to-month,Mailed check,No,Yes,Yes,No
C10497,Female,27,Assiut,Upper Egypt,2022-11-23,One year,Bank transfer,No,No,Yes,Yes
C10498,Female,39,Giza,Greater Cairo,2023-02-09,Two year,Mailed check,No,No,Yes,No
C10499,Male,29,Aswan,Upper Egypt,2021-02-12,Month-to-month,Electronic check,No,Yes,Yes,No
C10500,Female,22,Alexandria,Delta,2020-08-06,Month-to-month,Electronic check,No,No,Yes,Yes
C10501,Male,54,Aswan,Upper Egypt,2022-01-30,One year,Mailed check,No,No,No,Yes
C10502,Female,68,Luxor,Upper Egypt,2021-03-30,One year,Electronic check,No,No,No,No
C10503,Male,22,Port Said,Suez,2021-12-12,Month-to-month,Bank transfer,No,Yes,No,Yes
C10504,Male,49,Cairo,Greater Cairo,2023-10-12,Month-to-month,Bank transfer,No,No,Yes,Yes
C10505,Male,32,Mansoura,Delta,2022-08-23,Two year,Mailed check,No,No,Yes,Yes
C10506,Female,35,Assiut,Upper Egypt,2022-03-31,Month-to-month,Electronic check,Yes,Yes,Yes,Yes
C10507,Male,33,Port Said,Suez,2022-06-04,Two year,Electronic check,No,Yes,No,No
C10508,Male,29,Luxor,Upper Egypt,2022-10-20,Month-to-month,Credit card,No,No,No,Yes
C10509,Male,42,Luxor,Upper Egypt,2020-07-21,One year,Electronic check,No,No,Yes,Yes
C10510,Female,30,Mansoura,Delta,2022-01-09,Month-to-month,Bank transfer,No,No,Yes,Yes
C10511,Female,45,Ismailia,Suez,2023-05-25,Month-to-month,Bank transfer,No,Yes,No,Yes
C10512,Female,41,Hurghada,Red Sea,2022-07-04,Two year,Mailed check,No,Yes,Yes,Yes
C10513,Female,38,Luxor,Upper Egypt,2023-07-16,One year,Mailed check,No,Yes,Yes,Yes
C10514,Female,29,Assiut,Upper Egypt,2023-08-30,Month-to-month,Electronic check,No,No,No,No
C10515,Female,33,Hurghada,Red Sea,2023-04-17,One year,Mailed check,No,Yes,Yes,Yes
C10516,Female,52,Hurghada,Red Sea,2023-12-06,One year,Electronic check,No,Yes,Yes,No
C10517,Female,49,Port Said,Suez,2020-04-20,Month-to-month,Mailed check,No,Yes,Yes,Yes
C10518,Male,28,Giza,Greater Cairo,2023-09-03,Two year,Mailed check,No,No,No,Yes
C10519,Male,43,Port Said,Suez,2020-12-15,Month-to-month,Bank transfer,No,No,No,Yes
C10520,Female,52,Port Said,Suez,2022-06-30,Month-to-month,Credit card,No,No,No,Yes
C10521,Female,18,Assiut,Upper Egypt,2022-09-13,One year,Credit card,No,No,No,Yes
C10522,Female,49,Cairo,Greater Cairo,2020-01-01,One year,Bank transfer,Yes,No,No,Yes
C10523,Female,32,Aswan,Upper Egypt,2021-09-05,Month-to-month,Mailed check,No,Yes,Yes,Yes
C10524,Male,49,Luxor,Upper Egypt,2023-02-22,Month-to-month,Electronic check,No,No,No,Yes
C10525,Male,31,Luxor,Upper Egypt,2023-07-04,Month-to-month,Credit card,No,No,No,Yes
C10526,Female,18,Luxor,Upper Egypt,2021-01-20,Two year,Electronic check,No,No,No,Yes
C10527,Female,19,Tanta,Delta,2021-10-18,Month-to-month,Electronic check,No,Yes,Yes,Yes
C10528,Male,42,Hurghada,Red Sea,2022-06-16,One year,Electronic check,Yes,No,Yes,Yes
C10529,Female,45,Aswan,Upper Egypt,2022-01-30,Month-to-month,Credit card,No,Yes,Yes,Yes
C10530,Female,29,Giza,Greater Cairo,2023-01-17,Month-to-month,Electronic check,No,No,Yes,Yes
C10531,Male,50,Luxor,Upper Egypt,2022-06-26,Month-to-month,Credit card,No,Yes,Yes,Yes
C10532,Female,18,Assiut,Upper Egypt,2020-11-20,One year,Electronic check,No,Yes,No,Yes
C10533,Female,41,Tanta,Delta,2022-01-08,Two year,Credit card,No,Yes,Yes,Yes
C10534,Female,25,Cairo,Greater Cairo,2020-12-08,One year,Bank transfer,No,Yes,Yes,No
C10535,Female,32,Hurghada,Red Sea,2023-05-06,Month-to-month,Credit card,No,No,Yes,Yes
C10536,Female,42,Ismailia,Suez,2020-05-02,Month-to-month,Bank transfer,No,Yes,Yes,Yes
C10537,Female,29,Port Said,Suez,2023-08-13,One year,Credit card,No,Yes,Yes,Yes
C10538,Female,36,Hurghada,Red Sea,2020-10-02,Month-to-month,Electronic check,No,No,No,Yes
C10539,Male,56,Port Said,Suez,2021-12-13,Month-to-month,Mailed check,No,Yes,Yes,Yes
C10540,Female,33,Mansoura,Delta,2021-06-23,One year,Mailed check,No,No,Yes,No
C10541,Female,53,Suez,Suez,2021-05-04,Month-to-month,Electronic check,No,No,Yes,Yes
C10542,Female,26,Port Said,Suez,2020-11-11,One year,Electronic check,No,Yes,Yes,Yes
C10543,Male,49,Cairo,Greater Cairo,2020-09-22,Month-to-month,Electronic check,Yes,Yes,Yes,Yes
C10544,Female,62,Ismailia,Suez,2022-09-30,One year,Bank transfer,No,No,Yes,Yes
C10545,Male,18,Cairo,Greater Cairo,2021-03-03,One year,Credit card,No,No,Yes,Yes
C10546,Female,30,Assiut,Upper Egypt,2023-12-21,Month-to-month,Bank transfer,No,Yes,No,Yes
C10547,Male,50,Port Said,Suez,2020-07-17,Month-to-month,Electronic check,No,Yes,Yes,Yes
C10548,Male,39,Port Said,Suez,2023-02-17,Month-to-month,Electronic check,No,No,No,Yes
C10549,Female,47,Giza,Greater Cairo,2020-12-07,One year,Bank transfer,No,Yes,No,No
C10550,Female,33,Port Said,Suez,2021-10-26,Two year,Mailed check,No,No,Yes,Yes
C10551,Male,43,Luxor,Upper Egypt,2023-01-31,Two year,Electronic check,No,No,No,Yes
C10552,Male,39,Mansoura,Delta,2023-05-05,Month-to-month,Electronic check,No,Yes,No,No
C10553,Male,58,Assiut,Upper Egypt,2020-02-14,One year,Credit card,No,Yes,Yes,Yes
C10554,Female,45,Alexandria,Delta,2020-10-10,Month-to-month,Credit card,No,No,No,Yes
C10555,Female,46,Suez,Suez,2021-03-21,One year,Bank transfer,No,Yes,No,No
C10556,Male,36,Suez,Suez,2023-08-08,Month-to-month,Bank transfer,No,Yes,Yes,No
C10557,Female,35,Assiut,Upper Egypt,2022-06-08,Month-to-month,Credit card,No,Yes,Yes,Yes
C10558,Female,35,Cairo,Greater Cairo,2021-09-16,One year,Electronic check,No,No,Yes,Yes
C10559,Female,47,Aswan,Upper Egypt,2023-05-03,One year,Electronic check,No,No,Yes,Yes
C10560,Male,36,Aswan,Upper Egypt,2023-03-16,One year,Bank transfer,No,No,No,Yes
C10561,Male,46,Alexandria,Delta,2022-09-11,One year,Mailed check,No,Yes,Yes,Yes
C10562,Female,71,Luxor,Upper Egypt,2021-10-24,One year,Bank transfer,Yes,No,No,Yes
C10563,Male,54,Assiut,Upper Egypt,2021-12-06,One year,Electronic check,No,No,No,Yes
C10564,Female,37,Cairo,Greater Cairo,2021-04-23,Month-to-month,Mailed check,No,Yes,Yes,Yes
C10565,Male,58,Suez,Suez,2020-10-29,Two year,Credit card,Yes,Yes,No,Yes
C10566,Male,36,Assiut,Upper Egypt,2021-03-04,One year,Electronic check,No,No,No,Yes
C10567,Male,18,Hurghada,Red Sea,2023-12-02,One year,Mailed check,No,Yes,No,Yes
C10568,Female,27,Tanta,Delta,2023-11-27,One year,Electronic check,No,Yes,Yes,Yes
C10569,Female,18,Ismailia,Suez,2023-09-13,Month-to-month,Electronic check,No,No,Yes,No
C10570,Male,37,Assiut,Upper Egypt,2022-09-19,Two year,Bank transfer,No,No,Yes,Yes
C10571,Female,42,Assiut,Upper Egypt,2022-09-30,Month-to-month,Electronic check,No,No,No,Yes
C10572,Male,65,Port Said,Suez,2021-07-18,Two year,Bank transfer,No,Yes,No,Yes
C10573,Female,46,Luxor,Upper Egypt,2023-09-07,Month-to-month,Bank transfer,No,Yes,No,Yes
C10574,Male,38,Luxor,Upper Egypt,2021-10-01,Two year,Electronic check,No,Yes,Yes,Yes
C10575,Male,53,Alexandria,Delta,2021-09-24,One year,Credit card,No,No,Yes,Yes
C10576,Male,18,Assiut,Upper Egypt,2020-05-18,One year,Credit card,Yes,No,Yes,Yes
C10577,Female,45,Luxor,Upper Egypt,2022-04-22,Month-to-month,Bank transfer,No,No,Yes,Yes
C10578,Male,52,Alexandria,Delta,2021-01-13,Month-to-month,Credit card,No,Yes,Yes,Yes
C10579,Male,21,Assiut,Upper Egypt,2020-06-11,One year,Mailed check,No,No,No,Yes
C10580,Female,58,Aswan,Upper Egypt,2022-08-28,Month-to-month,Electronic check,Yes,Yes,No,No
C10581,Male,46,Hurghada,Red Sea,2023-10-06,Two year,Bank transfer,Yes,No,No,Yes
C10582,Female,36,Tanta,Delta,2022-05-25,Month-to-month,Electronic check,No,No,No,Yes
C10583,Male,50,Port Said,Suez,2020-08-11,Month-to-month,Credit card,Yes,Yes,No,No
C10584,Male,73,Port Said,Suez,2022-03-04,Month-to-month,Bank transfer,Yes,No,No,Yes
C10585,Female,44,Mansoura,Delta,2022-08-02,Month-to-month,Electronic check,No,Yes,No,No
C10586,Female,45,Giza,Greater Cairo,2022-10-22,Month-to-month,Credit card,No,Yes,No,Yes
C10587,Female,35,Cairo,Greater Cairo,2021-01-01,Month-to-month,Credit card,No,No,Yes,Yes
C10588,Male,30,Hurghada,Red Sea,2020-09-10,Month-to-month,Bank transfer,No,Yes,No,Yes
C10589,Male,53,Luxor,Upper Egypt,2023-02-01,Month-to-month,Credit card,No,Yes,Yes,No
C10590,Male,30,Hurghada,Red Sea,2020-04-15,Month-to-month,Electronic check,No,No,No,Yes
C10591,Male,43,Alexandria,Delta,2021-02-19,Month-to-month,Credit card,Yes,No,No,Yes
C10592,Male,35,Suez,Suez,2022-10-07,Month-to-month,Bank transfer,No,No,No,Yes
C10593,Male,48,Tanta,Delta,2023-01-25,Month-to-month,Bank transfer,No,Yes,Yes,Yes
C10594,Male,46,Ismailia,Suez,2021-12-15,Month-to-month,Credit card,No,No,No,No
C10595,Male,56,Giza,Greater Cairo,2022-05-03,Two year,Electronic check,No,Yes,No,Yes
C10596,Female,34,Cairo,Greater Cairo,2020-07-09,One year,Electronic check,No,Yes,No,No
C10597,Male,38,Mansoura,Delta,2022-08-22,Month-to-month,Bank transfer,No,No,Yes,Yes
C10598,Male,28,Giza,Greater Cairo,2023-03-16,One year,Bank transfer,No,No,No,Yes
C10599,Female,35,Mansoura,Delta,2022-12-12,One year,Bank transfer,No,No,No,Yes
C10600,Male,47,Suez,Suez,2021-04-21,One year,Credit card,Yes,Yes,No,Yes
C10601,Male,52,Hurghada,Red Sea,2021-02-28,One year,Credit card,No,No,No,Yes
C10602,Male,29,Cairo,Greater Cairo,2023-08-04,Month-to-month,Electronic check,No,No,No,Yes
C10603,Female,54,Cairo,Greater Cairo,2020-08-21,One year,Mailed check,No,Yes,Yes,Yes
C10604,Female,60,Ismailia,Suez,2022-09-08,Two year,Credit card,No,No,Yes,Yes
C10605,Female,47,Aswan,Upper Egypt,2022-04-27,Two year,Electronic check,No,No,Yes,Yes
C10606,Female,68,Assiut,Upper Egypt,2020-05-15,Two year,Electronic check,Yes,No,Yes,Yes
C10607,Female,31,Alexandria,Delta,2023-05-03,Month-to-month,Credit card,No,No,Yes,Yes
C10608,Male,24,Aswan,Upper Egypt,2021-05-01,Month-to-month,Credit card,No,No,Yes,Yes
C10609,Male,18,Tanta,Delta,2020-07-08,Month-to-month,Electronic check,No,Yes,Yes,Yes
C10610,Female,62,Hurghada,Red Sea,2022-12-08,Month-to-month,Electronic check,No,Yes,Yes,Yes
C10611,Male,51,Aswan,Upper Egypt,2022-03-04,One year,Bank transfer,Yes,Yes,Yes,Yes
C10612,Male,41,Giza,Greater Cairo,2022-12-02,One year,Bank transfer,Yes,No,Yes,Yes
C10613,Male,45,Mansoura,Delta,2021-07-20,One year,Credit card,No,No,Yes,Yes
C10614,Male,26,Cairo,Greater Cairo,2023-06-29,One year,Electronic check,No,No,No,Yes
C10615,Female,76,Suez,Suez,2021-05-16,Month-to-month,Electronic check,No,No,Yes,Yes
C10616,Female,43,Ismailia,Suez,2020-04-13,Month-to-month,Electronic check,No,Yes,No,Yes
C10617,Female,43,Assiut,Upper Egypt,2021-02-09,One year,Bank transfer,No,No,Yes,Yes
C10618,Female,52,Giza,Greater Cairo,2022-07-22,Month-to-month,Bank transfer,No,No,Yes,No
C10619,Male,48,Suez,Suez,2021-06-12,Two year,Mailed check,No,No,No,Yes
C10620,Male,45,Giza,Greater Cairo,2022-08-31,Month-to-month,Mailed check,No,No,No,Yes
C10621,Male,30,Port Said,Suez,2020-07-29,Month-to-month,Bank transfer,Yes,Yes,No,Yes
C10622,Female,48,Suez,Suez,2022-04-26,Month-to-month,Electronic check,Yes,No,No,Yes
C10623,Male,68,Hurghada,Red Sea,2023-04-25,Month-to-month,Credit card,No,No,Yes,Yes
C10624,Male,60,Hurghada,Red Sea,2023-03-21,Two year,Electronic check,No,No,Yes,No
C10625,Male,64,Mansoura,Delta,2022-04-11,Month-to-month,Electronic check,No,No,No,Yes
C10626,Male,34,Giza,Greater Cairo,2021-03-21,Two year,Credit card,No,Yes,Yes,Yes
C10627,Female,28,Port Said,Suez,2021-08-19,Month-to-month,Bank transfer,No,No,No,Yes
C10628,Female,40,Luxor,Upper Egypt,2021-12-06,Two year,Bank transfer,No,No,Yes,No
C10629,Male,42,Assiut,Upper Egypt,2023-01-29,Two year,Electronic check,No,No,Yes,No
C10630,Male,57,Tanta,Delta,2022-06-03,One year,Mailed check,No,No,No,Yes
C10631,Male,18,Ismailia,Suez,2020-12-21,Month-to-month,Electronic check,No,No,No,Yes
C10632,Male,63,Alexandria,Delta,2020-01-24,Month-to-month,Electronic check,No,No,No,No
C10633,Male,39,Giza,Greater Cairo,2020-10-08,One year,Mailed check,No,No,Yes,Yes
C10634,Female,36,Port Said,Suez,2022-07-10,Month-to-month,Electronic check,No,Yes,No,No
C10635,Male,27,Hurghada,Red Sea,2022-10-24,Month-to-month,Credit card,No,Yes,Yes,Yes
C10636,Female,18,Giza,Greater Cairo,2023-04-03,Month-to-month,Bank transfer,Yes,No,No,Yes
C10637,Male,53,Tanta,Delta,2022-08-25,One year,Bank transfer,No,No,Yes,No
C10638,Male,43,Aswan,Upper Egypt,2022-07-18,Month-to-month,Mailed check,No,No,No,No
C10639,Female,23,Mansoura,Delta,2020-12-09,Month-to-month,Credit card,No,No,Yes,Yes
C10640,Male,23,Suez,Suez,2020-04-15,One year,Electronic check,No,Yes,No,Yes
C10641,Male,37,Port Said,Suez,2020-06-06,Two year,Electronic check,Yes,No,No,No
C10642,Male,65,Hurghada,Red Sea,2020-08-16,One year,Credit card,No,No,No,No
C10643,Female,38,Hurghada,Red Sea,2021-04-28,Month-to-month,Credit card,No,No,Yes,No
C10644,Male,20,Aswan,Upper Egypt,2022-04-25,One year,Electronic check,No,Yes,Yes,Yes
C10645,Female,38,Cairo,Greater Cairo,2023-08-08,Month-to-month,Credit card,Yes,No,No,Yes
C10646,Female,38,Hurghada,Red Sea,2022-12-26,Month-to-month,Bank transfer,No,No,Yes,Yes
C10647,Female,18,Cairo,Greater Cairo,2021-08-14,Two year,Mailed check,No,Yes,Yes,No
C10648,Female,41,Luxor,Upper Egypt,2023-06-04,Two year,Credit card,No,No,Yes,Yes
C10649,Female,38,Aswan,Upper Egypt,2023-10-14,One year,Bank transfer,No,Yes,No,Yes
C10650,Male,51,Assiut,Upper Egypt,2023-01-26,Month-to-month,Electronic check,Yes,No,Yes,Yes
C10651,Female,67,Assiut,Upper Egypt,2021-03-25,One year,Electronic check,Yes,Yes,Yes,No
C10652,Male,57,Suez,Suez,2023-07-30,Month-to-month,Credit card,Yes,Yes,No,Yes
C10653,Male,38,Giza,Greater Cairo,2023-11-25,Month-to-month,Electronic check,No,Yes,No,No
C10654,Female,26,Luxor,Upper Egypt,2023-11-18,Two year,Credit card,No,Yes,Yes,Yes
C10655,Male,78,Luxor,Upper Egypt,2022-03-06,Month-to-month,Electronic check,No,No,Yes,Yes
C10656,Female,42,Tanta,Delta,2023-06-03,Month-to-month,Bank transfer,Yes,No,Yes,Yes
C10657,Male,42,Aswan,Upper Egypt,2021-06-14,Month-to-month,Electronic check,No,No,No,Yes
C10658,Female,41,Alexandria,Delta,2023-08-30,One year,Credit card,No,No,Yes,Yes
C10659,Female,44,Suez,Suez,2020-01-08,Month-to-month,Credit card,No,No,No,No
C10660,Male,39,Port Said,Suez,2021-04-07,Month-to-month,Credit card,No,No,Yes,Yes
C10661,Female,33,Assiut,Upper Egypt,2023-10-28,Month-to-month,Electronic check,No,Yes,No,Yes
C10662,Female,34,Giza,Greater Cairo,2022-07-30,One year,Electronic check,No,Yes,No,Yes
C10663,Female,41,Hurghada,Red Sea,2022-03-09,Two year,Bank transfer,No,Yes,No,Yes
C10664,Male,34,Cairo,Greater Cairo,2021-01-30,Month-to-month,Credit card,No,No,Yes,No
C10665,Female,32,Aswan,Upper Egypt,2022-12-29,Two year,Credit card,No,Yes,Yes,Yes
C10666,Female,43,Hurghada,Red Sea,2020-03-28,Month-to-month,Electronic check,No,No,Yes,Yes
C10667,Male,38,Giza,Greater Cairo,2020-03-16,One year,Mailed check,Yes,Yes,Yes,Yes
C10668,Male,63,Cairo,Greater Cairo,2020-12-18,One year,Credit card,No,Yes,No,Yes
C10669,Male,18,Giza,Greater Cairo,2020-08-21,Month-to-month,Credit card,No,Yes,No,Yes
C10670,Female,57,Assiut,Upper Egypt,2020-09-04,Two year,Bank transfer,Yes,Yes,Yes,Yes
C10671,Female,59,Giza,Greater Cairo,2020-09-04,Month-to-month,Bank transfer,No,No,Yes,Yes
C10672,Male,18,Alexandria,Delta,2020-07-23,One year,Bank transfer,No,Yes,Yes,No
C10673,Male,37,Cairo,Greater Cairo,2020-01-15,Month-to-month,Electronic check,No,No,No,Yes
C10674,Female,36,Hurghada,Red Sea,2020-09-16,Month-to-month,Bank transfer,No,No,Yes,No
C10675,Male,22,Suez,Suez,2021-01-03,One year,Bank transfer,Yes,No,No,Yes
C10676,Male,31,Tanta,Delta,2020-08-28,Two year,Credit card,No,Yes,No,Yes
C10677,Male,26,Mansoura,Delta,2020-04-18,Month-to-month,Credit card,No,No,No,Yes
C10678,Male,66,Cairo,Greater Cairo,2023-08-13,Month-to-month,Electronic check,No,No,Yes,Yes
C10679,Male,55,Port Said,Suez,2020-12-26,Month-to-month,Electronic check,No,Yes,Yes,Yes
C10680,Female,59,Luxor,Upper Egypt,2021-02-11,One year,Credit card,No,Yes,No,Yes
C10681,Male,52,Hurghada,Red Sea,2022-04-24,Two year,Mailed check,No,No,No,Yes
C10682,Female,26,Alexandria,Delta,2021-03-18,Two year,Mailed check,No,Yes,No,Yes
C10683,Female,34,Mansoura,Delta,2021-02-18,Month-to-month,Electronic check,No,No,Yes,Yes
C10684,Female,48,Aswan,Upper Egypt,2022-05-06,Month-to-month,Mailed check,No,Yes,Yes,Yes
C10685,Male,24,Giza,Greater Cairo,2022-04-23,Two year,Mailed check,No,No,No,Yes
C10686,Female,51,Hurghada,Red Sea,2021-05-20,Month-to-month,Mailed check,No,Yes,Yes,Yes
C10687,Male,38,Cairo,Greater Cairo,2022-08-21,One year,Mailed check,No,No,No,No
C10688,Male,36,Aswan,Upper Egypt,2022-10-11,Month-to-month,Bank transfer,Yes,No,Yes,Yes
C10689,Female,51,Tanta,Delta,2023-08-19,Two year,Electronic check,No,Yes,No,No
C10690,Male,48,Aswan,Upper Egypt,2022-08-07,One year,Credit card,No,No,No,Yes
C10691,Male,36,Ismailia,Suez,2020-05-24,Month-to-month,Bank transfer,No,No,No,Yes
C10692,Male,58,Ismailia,Suez,2020-06-14,One year,Electronic check,No,No,Yes,Yes
C10693,Female,26,Aswan,Upper Egypt,2023-06-21,Month-to-month,Mailed check,No,Yes,Yes,Yes
C10694,Female,50,Tanta,Delta,2023-01-10,Month-to-month,Mailed check,No,Yes,Yes,Yes
C10695,Female,50,Port Said,Suez,2023-10-25,Month-to-month,Electronic check,No,No,No,Yes
C10696,Male,37,Aswan,Upper Egypt,2022-12-25,One year,Bank transfer,No,No,Yes,Yes
C10697,Female,46,Giza,Greater Cairo,2020-06-13,Month-to-month,Electronic check,No,Yes,Yes,Yes
C10698,Male,24,Hurghada,Red Sea,2020-10-30,Month-to-month,Credit card,No,Yes,No,Yes
C10699,Male,54,Aswan,Upper Egypt,2021-12-11,Month-to-month,Bank transfer,Yes,Yes,Yes,Yes
C10700,Male,39,Port Said,Suez,2023-08-13,Month-to-month,Bank transfer,No,No,No,Yes
C10701,Female,34,Aswan,Upper Egypt,2021-09-14,One year,Credit card,No,No,Yes,Yes
C10702,Female,56,Cairo,Greater Cairo,2020-10-30,Month-to-month,Mailed check,No,Yes,No,Yes
C10703,Male,32,Hurghada,Red Sea,2023-11-19,Two year,Credit card,No,Yes,Yes,No
C10704,Male,22,Aswan,Upper Egypt,2021-06-17,Month-to-month,Electronic check,No,No,No,Yes
C10705,Female,20,Port Said,Suez,2020-11-28,One year,Electronic check,Yes,No,Yes,No
C10706,Female,50,Alexandria,Delta,2020-01-09,Two year,Bank transfer,No,No,No,No
C10707,Male,24,Suez,Suez,2022-06-24,Month-to-month,Electronic check,No,Yes,Yes,Yes
C10708,Male,66,Mansoura,Delta,2020-02-20,Month-to-month,Credit card,No,Yes,No,Yes
C10709,Male,18,Suez,Suez,2022-12-14,Month-to-month,Credit card,No,Yes,Yes,Yes
C10710,Female,65,Ismailia,Suez,2023-10-07,Two year,Credit card,No,No,No,Yes
C10711,Male,44,Ismailia,Suez,2022-01-09,Month-to-month,Bank transfer,No,No,No,Yes
C10712,Female,40,Assiut,Upper Egypt,2021-09-22,Two year,Credit card,Yes,No,No,No
C10713,Female,34,Alexandria,Delta,2022-05-18,One year,Mailed check,No,Yes,Yes,Yes
C10714,Female,47,Port Said,Suez,2021-11-17,Month-to-month,Credit card,No,Yes,Yes,Yes
C10715,Female,41,Luxor,Upper Egypt,2020-12-24,One year,Bank transfer,No,Yes,Yes,Yes
C10716,Female,57,Mansoura,Delta,2023-02-08,Month-to-month,Credit card,No,No,No,Yes
C10717,Female,43,Tanta,Delta,2020-02-24,One year,Electronic check,No,No,Yes,Yes
C10718,Female,44,Luxor,Upper Egypt,2021-01-02,Month-to-month,Bank transfer,No,Yes,No,Yes
C10719,Male,36,Suez,Suez,2022-01-10,One year,Bank transfer,No,No,Yes,Yes
C10720,Male,41,Mansoura,Delta,2020-11-29,One year,Electronic check,No,Yes,No,Yes
C10721,Female,46,Assiut,Upper Egypt,2022-05-09,One year,Credit card,Yes,No,Yes,Yes
C10722,Male,18,Giza,Greater Cairo,2023-05-11,One year,Bank transfer,No,No,No,Yes
C10723,Female,23,Giza,Greater Cairo,2022-12-30,One year,Credit card,Yes,No,No,Yes
C10724,Female,52,Assiut,Upper Egypt,2020-11-29,Month-to-month,Electronic check,No,Yes,Yes,Yes
C10725,Male,44,Giza,Greater Cairo,2020-09-25,Two year,Mailed check,No,No,Yes,No
C10726,Female,39,Alexandria,Delta,2021-09-15,Month-to-month,Credit card,No,Yes,Yes,Yes
C10727,Male,42,Alexandria,Delta,2020-06-09,Month-to-month,Credit card,Yes,Yes,No,Yes
C10728,Male,46,Tanta,Delta,2020-08-08,Month-to-month,Bank transfer,No,No,Yes,No
C10729,Male,34,Giza,Greater Cairo,2021-09-09,One year,Bank transfer,No,Yes,Yes,Yes
C10730,Female,31,Cairo,Greater Cairo,2020-07-04,Month-to-month,Bank transfer,No,No,No,Yes
C10731,Male,44,Port Said,Suez,2023-03-13,Month-to-month,Credit card,No,Yes,Yes,No
C10732,Male,28,Port Said,Suez,2020-01-09,Two year,Electronic check,No,No,No,Yes
C10733,Male,47,Aswan,Upper Egypt,2023-10-11,Two year,Electronic check,No,No,No,Yes
C10734,Male,18,Luxor,Upper Egypt,2020-08-19,One year,Electronic check,No,Yes,No,Yes
C10735,Female,56,Port Said,Suez,2020-03-24,Month-to-month,Mailed check,No,No,No,Yes
C10736,Female,48,Tanta,Delta,2023-02-08,Month-to-month,Credit card,No,Yes,No,No
C10737,Female,45,Alexandria,Delta,2020-01-27,Two year,Mailed check,Yes,No,Yes,Yes
C10738,Female,55,Luxor,Upper Egypt,2023-11-24,One year,Electronic check,No,Yes,Yes,Yes
C10739,Male,65,Assiut,Upper Egypt,2021-02-14,One year,Credit card,Yes,No,No,Yes
C10740,Female,56,Ismailia,Suez,2022-03-30,Month-to-month,Bank transfer,No,No,No,Yes
C10741,Female,18,Giza,Greater Cairo,2020-09-07,Month-to-month,Mailed check,No,Yes,Yes,Yes
C10742,Male,24,Giza,Greater Cairo,2022-10-17,One year,Credit card,No,No,Yes,Yes
C10743,Male,33,Giza,Greater Cairo,2023-09-15,One year,Credit card,No,Yes,No,Yes
C10744,Female,42,Port Said,Suez,2021-06-19,One year,Credit card,No,Yes,Yes,No
C10745,Male,49,Luxor,Upper Egypt,2022-07-10,Month-to-month,Mailed check,No,Yes,Yes,Yes
C10746,Female,31,Hurghada,Red Sea,2020-12-02,Month-to-month,Electronic check,No,No,Yes,Yes
C10747,Female,44,Ismailia,Suez,2023-02-08,One year,Bank transfer,No,Yes,Yes,Yes
C10748,Female,31,Suez,Suez,2022-02-12,One year,Mailed check,No,No,Yes,Yes
C10749,Male,33,Alexandria,Delta,2022-01-20,Month-to-month,Bank transfer,Yes,No,No,Yes
C10750,Female,22,Assiut,Upper Egypt,2022-04-23,Month-to-month,Bank transfer,No,No,Yes,No
C10751,Male,29,Mansoura,Delta,2020-08-22,Month-to-month,Electronic check,No,No,No,Yes
C10752,Female,23,Mansoura,Delta,2020-02-11,One year,Bank transfer,No,No,No,Yes
C10753,Male,28,Aswan,Upper Egypt,2020-07-23,One year,Electronic check,No,No,Yes,Yes
C10754,Female,56,Luxor,Upper Egypt,2021-02-17,Month-to-month,Credit card,No,Yes,No,Yes
C10755,Female,28,Suez,Suez,2022-04-03,Two year,Bank transfer,No,Yes,No,Yes
C10756,Female,78,Luxor,Upper Egypt,2021-03-05,Month-to-month,Electronic check,No,No,No,Yes
C10757,Female,48,Tanta,Delta,2022-04-28,Month-to-month,Bank transfer,No,Yes,Yes,Yes
C10758,Male,44,Suez,Suez,2022-10-19,Month-to-month,Credit card,No,No,No,No
C10759,Female,29,Suez,Suez,2023-07-07,Month-to-month,Electronic check,No,Yes,Yes,Yes
C10760,Female,51,Luxor,Upper Egypt,2022-04-20,Month-to-month,Credit card,Yes,Yes,No,Yes
C10761,Female,33,Ismailia,Suez,2020-11-24,Month-to-month,Bank transfer,No,Yes,Yes,Yes
C10762,Male,43,Mansoura,Delta,2022-08-08,Month-to-month,Credit card,No,Yes,Yes,Yes
C10763,Male,77,Cairo,Greater Cairo,2021-06-13,One year,Electronic check,No,Yes,No,No
C10764,Male,40,Giza,Greater Cairo,2021-10-04,One year,Credit card,No,No,No,Yes
C10765,Male,58,Luxor,Upper Egypt,2020-10-14,Month-to-month,Bank transfer,No,Yes,No,Yes
C10766,Male,32,Tanta,Delta,2023-05-13,Month-to-month,Credit card,No,No,Yes,No
C10767,Male,41,Alexandria,Delta,2020-08-06,Month-to-month,Credit card,No,No,Yes,Yes
C10768,Female,66,Hurghada,Red Sea,2020-08-19,Month-to-month,Mailed check,No,No,Yes,Yes
C10769,Female,33,Mansoura,Delta,2020-02-13,One year,Credit card,Yes,Yes,Yes,Yes
C10770,Female,67,Mansoura,Delta,2023-08-01,Two year,Mailed check,No,Yes,Yes,No
C10771,Female,51,Cairo,Greater Cairo,2022-03-15,Two year,Credit card,No,Yes,No,Yes
C10772,Male,34,Aswan,Upper Egypt,2023-07-17,Month-to-month,Credit card,No,Yes,No,No
C10773,Female,50,Aswan,Upper Egypt,2022-04-25,Two year,Electronic check,No,Yes,Yes,Yes
C10774,Male,55,Assiut,Upper Egypt,2022-05-11,One year,Credit card,No,No,Yes,Yes
C10775,Male,50,Ismailia,Suez,2022-06-27,One year,Electronic check,No,No,No,Yes
C10776,Male,20,Alexandria,Delta,2021-05-26,Month-to-month,Credit card,No,Yes,No,No
C10777,Female,31,Aswan,Upper Egypt,2022-09-06,Two year,Electronic check,No,No,No,Yes
C10778,Female,38,Assiut,Upper Egypt,2021-01-07,Month-to-month,Mailed check,No,Yes,Yes,No
C10779,Male,40,Giza,Greater Cairo,2022-08-05,Month-to-month,Bank transfer,No,No,No,Yes
C10780,Male,50,Giza,Greater Cairo,2022-01-23,Month-to-month,Bank transfer,Yes,No,No,No
C10781,Female,44,Giza,Greater Cairo,2021-04-04,One year,Electronic check,No,No,No,Yes
C10782,Female,23,Alexandria,Delta,2022-06-02,Two year,Bank transfer,No,No,Yes,Yes
C10783,Female,47,Alexandria,Delta,2020-02-28,Month-to-month,Electronic check,No,Yes,No,Yes
C10784,Female,50,Giza,Greater Cairo,2020-01-22,Month-to-month,Credit card,No,No,Yes,Yes
C10785,Female,49,Hurghada,Red Sea,2023-05-08,Month-to-month,Electronic check,Yes,No,Yes,Yes
C10786,Female,57,Suez,Suez,2023-10-05,Two year,Bank transfer,No,Yes,Yes,Yes
C10787,Female,53,Mansoura,Delta,2022-03-19,One year,Electronic check,No,Yes,Yes,Yes
C10788,Female,48,Assiut,Upper Egypt,2022-08-16,Month-to-month,Electronic check,No,Yes,No,Yes
C10789,Male,41,Alexandria,Delta,2022-10-19,Two year,Credit card,No,No,No,No
C10790,Female,18,Suez,Suez,2021-06-24,Month-to-month,Mailed check,No,No,Yes,Yes
C10791,Female,48,Cairo,Greater Cairo,2021-01-21,Month-to-month,Electronic check,Yes,No,Yes,Yes
C10792,Female,44,Giza,Greater Cairo,2022-10-10,Month-to-month,Mailed check,No,No,No,Yes
C10793,Male,45,Giza,Greater Cairo,2021-12-16,Month-to-month,Credit card,No,Yes,No,Yes
C10794,Male,24,Suez,Suez,2020-01-09,One year,Bank transfer,No,Yes,Yes,Yes
C10795,Male,26,Assiut,Upper Egypt,2020-02-23,Month-to-month,Credit card,Yes,No,Yes,No
C10796,Male,56,Cairo,Greater Cairo,2020-06-15,Month-to-month,Bank transfer,No,No,Yes,Yes
C10797,Male,41,Ismailia,Suez,2023-06-28,Two year,Electronic check,No,Yes,Yes,No
C10798,Female,51,Assiut,Upper Egypt,2020-04-23,One year,Bank transfer,No,Yes,No,Yes
C10799,Male,42,Luxor,Upper Egypt,2020-07-01,Month-to-month,Electronic check,No,No,No,Yes
C10800,Male,42,Giza,Greater Cairo,2021-09-03,Month-to-month,Mailed check,No,No,Yes,Yes
C10801,Male,55,Assiut,Upper Egypt,2022-11-15,Month-to-month,Mailed check,No,No,No,Yes
C10802,Female,34,Assiut,Upper Egypt,2023-06-11,Month-to-month,Bank transfer,Yes,No,No,Yes
C10803,Male,43,Aswan,Upper Egypt,2022-12-15,One year,Bank transfer,No,No,Yes,No
C10804,Female,35,Mansoura,Delta,2020-10-31,Two year,Bank transfer,No,Yes,No,Yes
C10805,Male,35,Port Said,Suez,2020-06-05,Two year,Mailed check,No,No,Yes,Yes
C10806,Female,37,Assiut,Upper Egypt,2021-06-05,One year,Credit card,Yes,No,Yes,No
C10807,Female,45,Cairo,Greater Cairo,2020-06-19,Month-to-month,Bank transfer,No,No,No,Yes
C10808,Female,35,Assiut,Upper Egypt,2021-01-18,Month-to-month,Electronic check,No,No,Yes,Yes
C10809,Male,59,Cairo,Greater Cairo,2022-03-19,Month-to-month,Electronic check,No,No,No,Yes
C10810,Female,29,Hurghada,Red Sea,2023-10-11,Two year,Bank transfer,No,Yes,Yes,Yes
C10811,Male,39,Giza,Greater Cairo,2020-02-02,One year,Electronic check,Yes,No,Yes,Yes
C10812,Female,35,Ismailia,Suez,2023-01-08,Month-to-month,Electronic check,No,No,No,Yes
C10813,Male,62,Alexandria,Delta,2023-12-09,Month-to-month,Mailed check,Yes,No,Yes,Yes
C10814,Female,44,Cairo,Greater Cairo,2021-11-14,Month-to-month,Bank transfer,No,No,No,Yes
C10815,Female,56,Cairo,Greater Cairo,2022-09-25,Month-to-month,Mailed check,No,No,Yes,Yes
C10816,Male,21,Luxor,Upper Egypt,2023-03-26,Month-to-month,Electronic check,No,No,No,Yes
C10817,Female,45,Aswan,Upper Egypt,2023-11-29,Month-to-month,Electronic check,No,No,No,Yes
C10818,Male,54,Suez,Suez,2023-11-03,Month-to-month,Bank transfer,No,No,Yes,No
C10819,Female,43,Luxor,Upper Egypt,2023-10-10,One year,Mailed check,No,Yes,Yes,Yes
C10820,Male,56,Ismailia,Suez,2022-09-15,Month-to-month,Electronic check,No,Yes,No,No
C10821,Female,34,Mansoura,Delta,2021-04-25,Month-to-month,Electronic check,Yes,No,No,Yes
C10822,Male,61,Port Said,Suez,2020-03-06,Two year,Electronic check,Yes,Yes,Yes,Yes
C10823,Female,74,Mansoura,Delta,2021-11-27,One year,Credit card,No,No,Yes,No
C10824,Male,36,Hurghada,Red Sea,2020-04-13,Two year,Mailed check,No,Yes,Yes,No
C10825,Male,35,Port Said,Suez,2020-03-26,Month-to-month,Electronic check,Yes,Yes,No,Yes
C10826,Female,62,Hurghada,Red Sea,2022-06-23,One year,Mailed check,No,Yes,No,Yes
C10827,Male,64,Giza,Greater Cairo,2021-02-17,Month-to-month,Mailed check,No,Yes,No,Yes
C10828,Male,34,Giza,Greater Cairo,2021-06-28,Month-to-month,Bank transfer,No,Yes,Yes,Yes
C10829,Female,36,Tanta,Delta,2020-10-09,Two year,Mailed check,No,No,No,No
C10830,Female,38,Alexandria,Delta,2020-01-21,One year,Mailed check,Yes,No,No,Yes
C10831,Male,23,Luxor,Upper Egypt,2020-05-05,Month-to-month,Electronic check,No,Yes,Yes,No
C10832,Female,29,Luxor,Upper Egypt,2022-04-03,Two year,Bank transfer,No,No,No,Yes
C10833,Female,27,Port Said,Suez,2023-06-04,Two year,Bank transfer,No,Yes,No,Yes
C10834,Female,31,Tanta,Delta,2021-09-09,Month-to-month,Bank transfer,No,Yes,No,Yes
C10835,Female,41,Port Said,Suez,2021-11-28,One year,Electronic check,Yes,No,Yes,No
C10836,Female,45,Hurghada,Red Sea,2022-05-15,Two year,Electronic check,Yes,No,No,Yes
C10837,Female,63,Giza,Greater Cairo,2020-04-07,One year,Credit card,No,Yes,No,Yes
C10838,Male,28,Hurghada,Red Sea,2023-04-06,One year,Credit card,No,Yes,No,Yes
C10839,Male,55,Hurghada,Red Sea,2022-02-12,Month-to-month,Electronic check,No,Yes,No,Yes
C10840,Male,39,Hurghada,Red Sea,2022-05-21,Two year,Electronic check,Yes,Yes,No,Yes
C10841,Male,41,Assiut,Upper Egypt,2023-10-18,One year,Bank transfer,No,No,No,Yes
C10842,Female,51,Aswan,Upper Egypt,2023-11-12,Two year,Mailed check,No,Yes,Yes,Yes
C10843,Female,26,Hurghada,Red Sea,2022-07-26,Month-to-month,Bank transfer,No,Yes,Yes,Yes
C10844,Male,47,Hurghada,Red Sea,2020-11-17,Two year,Mailed check,No,No,Yes,Yes
C10845,Female,44,Cairo,Greater Cairo,2022-12-06,Month-to-month,Mailed check,No,No,No,Yes
C10846,Male,48,Alexandria,Delta,2023-04-22,Month-to-month,Credit card,No,No,Yes,Yes
C10847,Female,46,Cairo,Greater Cairo,2020-09-07,One year,Electronic check,Yes,No,No,Yes
C10848,Female,76,Luxor,Upper Egypt,2022-08-31,Two year,Credit card,Yes,Yes,No,Yes
C10849,Female,33,Alexandria,Delta,2021-10-28,Month-to-month,Bank transfer,No,No,Yes,No
C10850,Female,34,Port Said,Suez,2020-04-03,Two year,Credit card,No,Yes,Yes,Yes
C10851,Female,33,Port Said,Suez,2023-08-14,Month-to-month,Bank transfer,No,Yes,Yes,Yes
C10852,Male,34,Giza,Greater Cairo,2023-09-10,Two year,Electronic check,Yes,Yes,Yes,No
C10853,Female,33,Giza,Greater Cairo,2022-12-28,One year,Mailed check,Yes,Yes,No,Yes
C10854,Female,58,Cairo,Greater Cairo,2022-12-17,Month-to-month,Electronic check,Yes,Yes,Yes,Yes
C10855,Male,61,Mansoura,Delta,2020-07-02,Month-to-month,Credit card,No,Yes,No,Yes
C10856,Male,34,Mansoura,Delta,2022-03-09,Month-to-month,Electronic check,No,No,No,No
C10857,Male,30,Cairo,Greater Cairo,2021-02-18,Month-to-month,Bank transfer,No,No,Yes,Yes
C10858,Female,48,Aswan,Upper Egypt,2023-02-06,Month-to-month,Mailed check,No,Yes,Yes,Yes
C10859,Male,34,Tanta,Delta,2023-02-10,One year,Electronic check,No,No,Yes,No
C10860,Male,50,Alexandria,Delta,2022-02-03,One year,Electronic check,No,No,No,Yes
C10861,Female,44,Suez,Suez,2021-08-15,One year,Electronic check,Yes,No,No,Yes
C10862,Female,20,Assiut,Upper Egypt,2023-07-18,Month-to-month,Credit card,No,Yes,Yes,Yes
C10863,Female,63,Hurghada,Red Sea,2020-09-08,Two year,Bank transfer,No,No,Yes,Yes
C10864,Female,67,Ismailia,Suez,2021-12-02,One year,Credit card,No,No,Yes,Yes
C10865,Female,33,Assiut,Upper Egypt,2021-03-07,Month-to-month,Bank transfer,Yes,Yes,Yes,Yes
C10866,Male,36,Cairo,Greater Cairo,2023-10-09,Month-to-month,Bank transfer,No,No,No,Yes
C10867,Male,46,Port Said,Suez,2020-03-04,Two year,Credit card,No,Yes,No,No
C10868,Female,46,Suez,Suez,2022-01-03,Month-to-month,Credit card,No,Yes,Yes,Yes
C10869,Male,51,Aswan,Upper Egypt,2020-01-20,Month-to-month,Electronic check,No,No,Yes,Yes
C10870,Female,70,Hurghada,Red Sea,2021-03-28,Month-to-month,Mailed check,No,No,No,No
C10871,Male,39,Cairo,Greater Cairo,2021-02-05,Two year,Bank transfer,Yes,No,No,Yes
C10872,Male,30,Ismailia,Suez,2023-03-04,One year,Bank transfer,No,Yes,Yes,Yes
C10873,Male,22,Port Said,Suez,2021-07-15,Month-to-month,Bank transfer,No,No,No,Yes
C10874,Female,31,Ismailia,Suez,2023-10-10,Two year,Electronic check,No,No,No,Yes
C10875,Female,41,Aswan,Upper Egypt,2022-01-10,Month-to-month,Electronic check,No,Yes,No,No
C10876,Female,67,Assiut,Upper Egypt,2020-01-11,Month-to-month,Electronic check,No,Yes,Yes,No
C10877,Female,34,Giza,Greater Cairo,2021-05-26,Month-to-month,Electronic check,Yes,Yes,Yes,Yes
C10878,Male,45,Suez,Suez,2023-07-06,Two year,Credit card,No,No,Yes,No
C10879,Male,41,Assiut,Upper Egypt,2022-11-30,One year,Credit card,No,No,Yes,Yes
C10880,Male,58,Giza,Greater Cairo,2020-05-04,Two year,Mailed check,No,Yes,Yes,Yes
C10881,Female,77,Cairo,Greater Cairo,2021-09-09,One year,Mailed check,Yes,Yes,Yes,Yes
C10882,Female,34,Luxor,Upper Egypt,2020-07-15,One year,Mailed check,No,Yes,No,Yes
C10883,Female,35,Suez,Suez,2023-06-22,Month-to-month,Bank transfer,No,Yes,No,Yes
C10884,Male,56,Giza,Greater Cairo,2020-07-29,Month-to-month,Bank transfer,No,Yes,Yes,Yes
C10885,Female,51,Assiut,Upper Egypt,2022-05-12,Month-to-month,Bank transfer,No,Yes,Yes,Yes
C10886,Female,67,Suez,Suez,2022-06-11,Month-to-month,Bank transfer,No,Yes,Yes,Yes
C10887,Female,50,Mansoura,Delta,2022-01-25,Two year,Mailed check,No,Yes,Yes,Yes
C10888,Male,36,Luxor,Upper Egypt,2021-12-05,Month-to-month,Electronic check,No,Yes,No,Yes
C10889,Female,50,Hurghada,Red Sea,2023-11-17,Two year,Bank transfer,No,No,No,Yes
C10890,Male,57,Giza,Greater Cairo,2022-07-19,Two year,Credit card,No,Yes,Yes,Yes
C10891,Female,53,Suez,Suez,2021-03-12,Month-to-month,Bank transfer,No,No,No,Yes
C10892,Male,49,Cairo,Greater Cairo,2022-01-13,Month-to-month,Mailed check,No,Yes,No,Yes
C10893,Female,56,Cairo,Greater Cairo,2020-03-01,Month-to-month,Electronic check,No,No,Yes,Yes
C10894,Male,58,Alexandria,Delta,2021-02-05,Month-to-month,Credit card,No,Yes,Yes,Yes
C10895,Male,61,Assiut,Upper Egypt,2021-03-06,Month-to-month,Electronic check,No,Yes,No,No
C10896,Male,51,Giza,Greater Cairo,2020-10-22,Two year,Electronic check,No,No,No,Yes
C10897,Female,39,Ismailia,Suez,2021-05-15,Two year,Credit card,No,No,Yes,Yes
C10898,Male,44,Ismailia,Suez,2021-07-27,Two year,Credit card,No,No,Yes,Yes
C10899,Female,58,Ismailia,Suez,2023-06-13,Month-to-month,Mailed check,No,No,No,Yes
C10900,Male,30,Assiut,Upper Egypt,2022-02-04,One year,Mailed check,No,No,No,Yes
C10901,Male,47,Tanta,Delta,2021-03-25,Two year,Mailed check,No,Yes,No,Yes
C10902,Female,36,Suez,Suez,2020-11-17,Two year,Mailed check,No,Yes,Yes,Yes
C10903,Female,42,Tanta,Delta,2023-04-10,Month-to-month,Mailed check,No,No,No,Yes
C10904,Female,59,Aswan,Upper Egypt,2021-10-11,Month-to-month,Electronic check,No,No,Yes,Yes
C10905,Male,44,Mansoura,Delta,2022-10-24,Month-to-month,Bank transfer,No,Yes,Yes,Yes
C10906,Female,42,Cairo,Greater Cairo,2023-01-23,Month-to-month,Electronic check,No,No,No,Yes
C10907,Male,22,Hurghada,Red Sea,2023-01-17,Two year,Electronic check,No,No,No,No
C10908,Male,52,Aswan,Upper Egypt,2023-09-01,Month-to-month,Credit card,Yes,No,Yes,Yes
C10909,Male,51,Aswan,Upper Egypt,2021-04-23,Month-to-month,Credit card,No,No,No,No
C10910,Female,72,Tanta,Delta,2022-05-28,One year,Bank transfer,No,No,Yes,Yes
C10911,Male,37,Mansoura,Delta,2020-01-20,Month-to-month,Bank transfer,No,Yes,No,Yes
C10912,Female,45,Hurghada,Red Sea,2023-01-06,Month-to-month,Bank transfer,No,Yes,Yes,Yes
C10913,Female,45,Suez,Suez,2023-07-13,One year,Credit card,No,No,No,Yes
C10914,Female,64,Giza,Greater Cairo,2022-12-30,Month-to-month,Mailed check,No,No,No,Yes
C10915,Male,40,Ismailia,Suez,2023-02-06,Month-to-month,Credit card,No,Yes,Yes,Yes
C10916,Female,45,Mansoura,Delta,2021-02-25,Month-to-month,Bank transfer,Yes,Yes,No,Yes
C10917,Male,50,Assiut,Upper Egypt,2022-04-21,Month-to-month,Credit card,Yes,No,No,Yes
C10918,Female,44,Tanta,Delta,2020-09-23,Two year,Electronic check,No,No,Yes,Yes
C10919,Female,35,Suez,Suez,2021-02-19,Month-to-month,Bank transfer,No,Yes,Yes,Yes
C10920,Female,44,Suez,Suez,2021-05-20,One year,Credit card,No,No,No,Yes
C10921,Male,57,Mansoura,Delta,2023-08-16,Two year,Mailed check,No,No,No,Yes
C10922,Male,27,Luxor,Upper Egypt,2021-05-25,Month-to-month,Bank transfer,No,No,Yes,Yes
C10923,Male,43,Luxor,Upper Egypt,2023-12-01,Two year,Electronic check,No,No,No,Yes
C10924,Male,32,Hurghada,Red Sea,2021-03-20,Two year,Mailed check,No,Yes,No,Yes
C10925,Male,58,Port Said,Suez,2021-10-29,Month-to-month,Electronic check,No,Yes,No,Yes
C10926,Female,20,Luxor,Upper Egypt,2021-12-04,One year,Credit card,No,Yes,No,Yes
C10927,Male,34,Assiut,Upper Egypt,2023-10-04,One year,Mailed check,Yes,Yes,No,Yes
C10928,Female,47,Alexandria,Delta,2020-12-15,Two year,Bank transfer,No,Yes,No,Yes
C10929,Male,63,Ismailia,Suez,2021-07-13,Month-to-month,Mailed check,No,Yes,Yes,Yes
C10930,Male,41,Ismailia,Suez,2022-12-06,One year,Bank transfer,No,No,No,Yes
C10931,Male,34,Cairo,Greater Cairo,2022-02-11,One year,Credit card,No,Yes,Yes,Yes
C10932,Female,68,Cairo,Greater Cairo,2020-01-30,Month-to-month,Electronic check,No,Yes,Yes,No
C10933,Male,21,Hurghada,Red Sea,2020-12-08,Month-to-month,Mailed check,No,No,Yes,Yes
C10934,Female,18,Luxor,Upper Egypt,2020-09-04,Month-to-month,Electronic check,No,Yes,No,Yes
C10935,Male,48,Luxor,Upper Egypt,2021-03-11,Month-to-month,Electronic check,No,No,Yes,Yes
C10936,Male,34,Luxor,Upper Egypt,2021-09-09,One year,Mailed check,No,Yes,No,No
C10937,Female,27,Ismailia,Suez,2023-11-27,Month-to-month,Credit card,No,Yes,No,Yes
C10938,Female,51,Ismailia,Suez,2022-09-14,Month-to-month,Electronic check,No,No,No,Yes
C10939,Male,45,Port Said,Suez,2023-04-18,One year,Electronic check,Yes,Yes,No,Yes
C10940,Female,34,Tanta,Delta,2023-06-23,Month-to-month,Electronic check,No,Yes,Yes,Yes
C10941,Male,24,Tanta,Delta,2023-05-09,Two year,Mailed check,No,Yes,No,Yes
C10942,Male,54,Port Said,Suez,2022-04-29,One year,Electronic check,Yes,No,No,Yes
C10943,Male,51,Ismailia,Suez,2021-05-23,Two year,Bank transfer,No,No,No,Yes
C10944,Male,40,Giza,Greater Cairo,2022-10-03,Month-to-month,Electronic check,No,Yes,Yes,Yes
C10945,Male,67,Suez,Suez,2023-01-29,Two year,Credit card,No,Yes,No,Yes
C10946,Female,27,Alexandria,Delta,2021-02-08,Month-to-month,Electronic check,No,No,No,No
C10947,Male,20,Mansoura,Delta,2022-09-12,Month-to-month,Credit card,No,Yes,No,Yes
C10948,Female,32,Alexandria,Delta,2022-09-14,Month-to-month,Mailed check,No,No,Yes,Yes
C10949,Male,41,Mansoura,Delta,2022-02-18,Month-to-month,Mailed check,No,No,Yes,Yes
C10950,Female,45,Tanta,Delta,2020-11-12,Two year,Electronic check,No,No,No,Yes
C10951,Female,38,Luxor,Upper Egypt,2022-02-03,Month-to-month,Electronic check,No,Yes,No,No
C10952,Male,46,Luxor,Upper Egypt,2023-03-04,Month-to-month,Credit card,No,No,No,Yes
C10953,Female,24,Hurghada,Red Sea,2020-04-28,One year,Credit card,No,Yes,No,Yes
C10954,Female,62,Ismailia,Suez,2023-12-18,One year,Bank transfer,No,No,No,No
C10955,Male,40,Mansoura,Delta,2021-05-21,One year,Credit card,No,Yes,Yes,Yes
C10956,Female,57,Luxor,Upper Egypt,2023-12-17,One year,Credit card,No,Yes,No,Yes
C10957,Female,46,Mansoura,Delta,2023-11-17,Month-to-month,Credit card,No,No,No,Yes
C10958,Male,48,Giza,Greater Cairo,2023-07-26,One year,Credit card,No,No,Yes,No
C10959,Female,49,Hurghada,Red Sea,2021-09-22,Month-to-month,Electronic check,No,Yes,Yes,Yes
C10960,Female,48,Port Said,Suez,2022-05-03,One year,Bank transfer,No,No,Yes,Yes
C10961,Male,50,Aswan,Upper Egypt,2021-01-07,Month-to-month,Electronic check,No,Yes,Yes,Yes
C10962,Male,60,Tanta,Delta,2021-06-15,Two year,Credit card,No,Yes,Yes,Yes
C10963,Male,44,Luxor,Upper Egypt,2020-09-12,Month-to-month,Mailed check,No,No,No,Yes
C10964,Male,51,Cairo,Greater Cairo,2020-05-05,Month-to-month,Credit card,No,Yes,Yes,Yes
C10965,Male,40,Luxor,Upper Egypt,2023-05-19,One year,Credit card,No,No,No,Yes
C10966,Female,62,Assiut,Upper Egypt,2022-01-29,One year,Mailed check,No,Yes,No,Yes
C10967,Female,32,Suez,Suez,2020-04-27,Two year,Credit card,No,Yes,No,No
C10968,Female,67,Hurghada,Red Sea,2020-10-11,Month-to-month,Electronic check,No,Yes,No,Yes
C10969,Female,41,Port Said,Suez,2022-04-26,One year,Electronic check,No,No,Yes,Yes
C10970,Male,21,Hurghada,Red Sea,2021-10-28,One year,Electronic check,No,Yes,No,Yes
C10971,Female,43,Ismailia,Suez,2023-12-03,Two year,Bank transfer,No,Yes,Yes,No
C10972,Male,32,Alexandria,Delta,2022-10-16,One year,Electronic check,No,No,Yes,No
C10973,Male,53,Aswan,Upper Egypt,2023-09-19,One year,Electronic check,No,Yes,Yes,Yes
C10974,Male,32,Alexandria,Delta,2021-10-30,Two year,Credit card,No,No,No,No
C10975,Male,35,Ismailia,Suez,2020-10-05,Two year,Bank transfer,No,No,Yes,No
C10976,Male,18,Ismailia,Suez,2021-12-03,Month-to-month,Bank transfer,No,No,No,No
C10977,Male,35,Mansoura,Delta,2020-08-24,Month-to-month,Electronic check,No,Yes,Yes,Yes
C10978,Male,18,Assiut,Upper Egypt,2022-02-17,One year,Electronic check,Yes,Yes,No,No
C10979,Female,19,Assiut,Upper Egypt,2023-10-23,Two year,Electronic check,No,Yes,Yes,Yes
C10980,Female,52,Assiut,Upper Egypt,2020-10-23,Two year,Electronic check,No,No,Yes,Yes
C10981,Male,53,Hurghada,Red Sea,2023-09-24,Two year,Credit card,Yes,No,No,Yes
C10982,Male,47,Mansoura,Delta,2023-12-17,One year,Bank transfer,No,No,No,Yes
C10983,Female,28,Alexandria,Delta,2021-03-07,Two year,Credit card,No,Yes,Yes,No
C10984,Female,41,Mansoura,Delta,2023-09-12,Two year,Electronic check,Yes,No,No,Yes
C10985,Female,41,Assiut,Upper Egypt,2022-03-12,Month-to-month,Bank transfer,No,Yes,No,Yes
C10986,Female,25,Suez,Suez,2020-04-20,Two year,Bank transfer,No,Yes,Yes,Yes
C10987,Female,63,Mansoura,Delta,2020-10-23,Month-to-month,Credit card,No,Yes,No,Yes
C10988,Male,54,Ismailia,Suez,2020-10-29,Month-to-month,Credit card,No,Yes,Yes,Yes
C10989,Female,38,Alexandria,Delta,2020-04-17,Month-to-month,Mailed check,No,No,Yes,Yes
C10990,Female,42,Tanta,Delta,2020-03-10,Month-to-month,Mailed check,No,Yes,No,Yes
C10991,Male,44,Aswan,Upper Egypt,2023-08-24,Month-to-month,Bank transfer,No,Yes,Yes,Yes
C10992,Male,18,Aswan,Upper Egypt,2023-08-06,One year,Mailed check,Yes,No,No,Yes
C10993,Male,38,Suez,Suez,2021-01-05,Month-to-month,Credit card,No,No,Yes,Yes
C10994,Male,32,Hurghada,Red Sea,2023-01-05,Month-to-month,Credit card,Yes,No,Yes,Yes
C10995,Male,27,Tanta,Delta,2023-09-10,Two year,Electronic check,No,Yes,Yes,Yes
C10996,Female,38,Giza,Greater Cairo,2020-03-21,Month-to-month,Electronic check,No,No,Yes,Yes
C10997,Male,67,Port Said,Suez,2021-09-03,Month-to-month,Bank transfer,No,Yes,Yes,Yes
C10998,Female,50,Ismailia,Suez,2022-12-29,Month-to-month,Bank transfer,No,No,Yes,Yes
C10999,Male,34,Tanta,Delta,2020-03-16,Month-to-month,Electronic check,No,Yes,Yes,Yes
C11000,Female,50,Alexandria,Delta,2023-06-28,Month-to-month,Bank transfer,No,Yes,No,Yes
C11001,Female,61,Ismailia,Suez,2022-05-21,Two year,Electronic check,No,No,Yes,Yes
C11002,Male,54,Luxor,Upper Egypt,2020-11-10,Month-to-month,Credit card,No,Yes,Yes,Yes
C11003,Male,42,Ismailia,Suez,2023-01-28,Month-to-month,Electronic check,Yes,No,No,Yes
C11004,Male,32,Mansoura,Delta,2020-01-21,Month-to-month,Credit card,No,Yes,Yes,Yes
C11005,Female,51,Suez,Suez,2022-09-29,Month-to-month,Mailed check,No,No,No,Yes
C11006,Male,47,Alexandria,Delta,2021-10-13,Two year,Mailed check,No,No,No,Yes
C11007,Female,54,Cairo,Greater Cairo,2023-11-07,Month-to-month,Electronic check,Yes,No,No,Yes
C11008,Female,50,Hurghada,Red Sea,2021-05-25,One year,Mailed check,No,No,No,No
C11009,Female,56,Mansoura,Delta,2022-05-26,One year,Bank transfer,No,Yes,No,Yes
C11010,Male,34,Mansoura,Delta,2022-04-12,One year,Credit card,No,Yes,Yes,No
C11011,Male,60,Suez,Suez,2020-04-27,Month-to-month,Electronic check,No,Yes,No,Yes
C11012,Male,44,Aswan,Upper Egypt,2022-10-16,Month-to-month,Credit card,No,Yes,No,Yes
C11013,Male,71,Hurghada,Red Sea,2020-01-15,One year,Bank transfer,No,Yes,Yes,Yes
C11014,Male,32,Ismailia,Suez,2022-12-08,Two year,Electronic check,No,Yes,No,No
C11015,Female,66,Aswan,Upper Egypt,2022-02-15,Month-to-month,Credit card,No,Yes,Yes,Yes
C11016,Female,44,Mansoura,Delta,2021-06-26,Month-to-month,Bank transfer,No,Yes,No,No
C11017,Male,32,Aswan,Upper Egypt,2023-06-19,Two year,Electronic check,Yes,No,No,Yes
C11018,Male,35,Cairo,Greater Cairo,2021-12-17,Two year,Electronic check,No,Yes,No,Yes
C11019,Male,37,Port Said,Suez,2022-11-19,Two year,Mailed check,No,Yes,Yes,Yes
C11020,Female,47,Tanta,Delta,2022-08-21,Month-to-month,Electronic check,No,Yes,No,Yes
C11021,Female,49,Ismailia,Suez,2022-06-18,Month-to-month,Mailed check,No,No,Yes,Yes
C11022,Female,33,Cairo,Greater Cairo,2020-09-30,Month-to-month,Bank transfer,No,Yes,Yes,No
C11023,Female,41,Giza,Greater Cairo,2022-05-12,Month-to-month,Mailed check,No,Yes,No,Yes
C11024,Female,71,Port Said,Suez,2022-03-07,Month-to-month,Credit card,No,Yes,Yes,Yes
C11025,Male,66,Ismailia,Suez,2021-04-29,Month-to-month,Credit card,No,Yes,No,Yes
C11026,Female,48,Aswan,Upper Egypt,2020-06-18,One year,Electronic check,Yes,Yes,Yes,Yes
C11027,Male,42,Mansoura,Delta,2023-12-06,Month-to-month,Credit card,No,Yes,Yes,Yes
C11028,Male,43,Tanta,Delta,2020-09-03,Month-to-month,Electronic check,No,Yes,No,Yes
C11029,Male,50,Giza,Greater Cairo,2020-04-14,Month-to-month,Bank transfer,No,Yes,Yes,Yes
C11030,Female,27,Cairo,Greater Cairo,2022-11-10,Month-to-month,Electronic check,Yes,No,No,No
C11031,Female,38,Tanta,Delta,2021-10-17,Two year,Electronic check,Yes,No,Yes,Yes
C11032,Female,18,Suez,Suez,2020-07-25,Month-to-month,Electronic check,No,No,No,Yes
C11033,Male,47,Ismailia,Suez,2023-02-04,One year,Electronic check,No,No,No,Yes
C11034,Female,51,Tanta,Delta,2023-04-11,Month-to-month,Credit card,Yes,Yes,Yes,Yes
C11035,Male,35,Tanta,Delta,2023-12-14,Month-to-month,Electronic check,No,No,No,Yes
C11036,Male,64,Port Said,Suez,2020-11-10,Month-to-month,Electronic check,No,No,No,No
C11037,Female,24,Ismailia,Suez,2020-08-28,Two year,Electronic check,No,Yes,Yes,Yes
C11038,Male,21,Mansoura,Delta,2020-04-03,Two year,Electronic check,No,Yes,No,Yes
C11039,Male,45,Alexandria,Delta,2022-06-15,One year,Mailed check,No,No,No,Yes
C11040,Male,56,Alexandria,Delta,2023-03-17,Month-to-month,Bank transfer,No,No,No,Yes
C11041,Male,65,Mansoura,Delta,2023-12-21,Month-to-month,Electronic check,No,Yes,No,Yes
C11042,Male,35,Mansoura,Delta,2020-09-29,Month-to-month,Credit card,No,Yes,Yes,Yes
C11043,Male,57,Ismailia,Suez,2021-12-12,One year,Credit card,No,No,Yes,Yes
C11044,Female,41,Assiut,Upper Egypt,2020-04-27,One year,Electronic check,No,No,Yes,Yes
C11045,Male,39,Port Said,Suez,2023-09-08,Two year,Credit card,No,Yes,No,No
C11046,Female,54,Ismailia,Suez,2023-07-23,One year,Electronic check,No,No,No,Yes
C11047,Female,51,Alexandria,Delta,2022-07-02,Month-to-month,Bank transfer,No,No,Yes,Yes
C11048,Female,19,Alexandria,Delta,2020-12-26,Month-to-month,Mailed check,No,No,Yes,Yes
C11049,Male,62,Luxor,Upper Egypt,2023-11-08,One year,Electronic check,Yes,Yes,No,No
C11050,Female,61,Giza,Greater Cairo,2022-12-14,Month-to-month,Bank transfer,Yes,Yes,No,Yes
C11051,Male,33,Cairo,Greater Cairo,2023-08-12,Two year,Electronic check,No,No,Yes,No
C11052,Male,47,Cairo,Greater Cairo,2020-08-05,One year,Credit card,No,Yes,Yes,Yes
C11053,Female,48,Alexandria,Delta,2021-09-21,Month-to-month,Electronic check,Yes,No,Yes,Yes
C11054,Male,45,Giza,Greater Cairo,2023-01-20,Month-to-month,Mailed check,No,Yes,Yes,No
C11055,Male,34,Tanta,Delta,2022-05-24,Month-to-month,Mailed check,No,No,Yes,Yes
C11056,Male,32,Tanta,Delta,2020-07-27,Two year,Electronic check,Yes,No,Yes,Yes
C11057,Male,41,Cairo,Greater Cairo,2023-05-23,Month-to-month,Mailed check,No,Yes,No,Yes
C11058,Female,58,Suez,Suez,2021-08-10,Month-to-month,Electronic check,No,No,No,No
C11059,Male,49,Cairo,Greater Cairo,2020-10-31,One year,Electronic check,Yes,No,No,No
C11060,Male,36,Suez,Suez,2022-05-25,Two year,Electronic check,Yes,Yes,Yes,Yes
C11061,Female,52,Assiut,Upper Egypt,2022-10-09,Month-to-month,Bank transfer,No,No,Yes,No
C11062,Male,18,Luxor,Upper Egypt,2022-05-07,One year,Bank transfer,No,Yes,No,Yes
C11063,Female,58,Port Said,Suez,2023-03-29,One year,Credit card,No,Yes,Yes,Yes
C11064,Male,18,Cairo,Greater Cairo,2022-01-12,One year,Credit card,No,Yes,No,Yes
C11065,Male,36,Mansoura,Delta,2022-07-31,Month-to-month,Credit card,No,No,Yes,Yes
C11066,Male,26,Cairo,Greater Cairo,2020-10-09,Month-to-month,Bank transfer,Yes,Yes,No,Yes
C11067,Male,23,Ismailia,Suez,2023-04-06,Month-to-month,Credit card,No,Yes,Yes,Yes
C11068,Male,58,Tanta,Delta,2020-06-06,Month-to-month,Credit card,No,Yes,No,Yes
C11069,Female,35,Aswan,Upper Egypt,2022-04-22,One year,Mailed check,No,Yes,No,Yes
C11070,Male,46,Ismailia,Suez,2020-03-06,One year,Electronic check,No,No,No,Yes
C11071,Female,41,Port Said,Suez,2021-06-12,Two year,Mailed check,No,No,Yes,Yes
C11072,Male,48,Port Said,Suez,2022-02-12,Two year,Electronic check,No,Yes,Yes,Yes
C11073,Male,43,Hurghada,Red Sea,2022-08-17,Month-to-month,Bank transfer,No,No,Yes,Yes
C11074,Female,24,Ismailia,Suez,2022-05-18,Month-to-month,Electronic check,Yes,No,Yes,Yes
C11075,Male,55,Port Said,Suez,2020-08-06,Month-to-month,Bank transfer,No,No,Yes,Yes
C11076,Male,35,Tanta,Delta,2021-07-05,Month-to-month,Bank transfer,Yes,No,Yes,Yes
C11077,Male,20,Mansoura,Delta,2020-01-18,Two year,Bank transfer,No,Yes,No,Yes
C11078,Female,36,Alexandria,Delta,2023-12-10,One year,Electronic check,No,Yes,Yes,Yes
C11079,Female,63,Aswan,Upper Egypt,2023-04-15,Two year,Electronic check,No,No,Yes,No
C11080,Male,53,Hurghada,Red Sea,2021-04-19,Two year,Credit card,No,Yes,No,Yes
C11081,Male,37,Assiut,Upper Egypt,2021-08-18,Month-to-month,Credit card,No,No,Yes,Yes
C11082,Male,37,Alexandria,Delta,2023-03-07,One year,Mailed check,No,Yes,No,Yes
C11083,Male,37,Aswan,Upper Egypt,2020-07-11,Month-to-month,Electronic check,No,Yes,No,Yes
C11084,Female,71,Giza,Greater Cairo,2020-05-25,Month-to-month,Credit card,No,No,No,Yes
C11085,Female,47,Ismailia,Suez,2020-10-14,Two year,Credit card,No,No,No,Yes
C11086,Male,48,Aswan,Upper Egypt,2022-01-21,Month-to-month,Bank transfer,No,Yes,No,Yes
C11087,Female,56,Ismailia,Suez,2020-03-28,One year,Bank transfer,No,Yes,Yes,Yes
C11088,Male,45,Mansoura,Delta,2022-02-08,Month-to-month,Mailed check,Yes,No,No,Yes
C11089,Female,38,Aswan,Upper Egypt,2022-08-17,One year,Credit card,No,Yes,Yes,Yes
C11090,Female,39,Luxor,Upper Egypt,2021-02-12,Month-to-month,Electronic check,No,No,Yes,Yes
C11091,Female,40,Giza,Greater Cairo,2021-07-24,Month-to-month,Bank transfer,No,Yes,Yes,Yes
C11092,Male,41,Suez,Suez,2022-02-17,Month-to-month,Credit card,No,No,Yes,Yes
C11093,Male,52,Ismailia,Suez,2022-05-16,Month-to-month,Bank transfer,Yes,Yes,No,Yes
C11094,Female,42,Hurghada,Red Sea,2022-07-13,Two year,Bank transfer,No,No,Yes,No
C11095,Male,52,Luxor,Upper Egypt,2021-12-01,Two year,Electronic check,No,No,No,Yes
C11096,Male,40,Hurghada,Red Sea,2022-06-13,Month-to-month,Bank transfer,No,Yes,Yes,Yes
C11097,Male,43,Assiut,Upper Egypt,2023-09-22,Two year,Credit card,No,No,Yes,Yes
C11098,Female,18,Alexandria,Delta,2022-10-19,Two year,Electronic check,No,No,No,Yes
C11099,Male,54,Aswan,Upper Egypt,2020-09-14,One year,Bank transfer,No,Yes,Yes,Yes
C11100,Male,46,Luxor,Upper Egypt,2023-11-27,One year,Electronic check,No,No,Yes,No
C11101,Male,55,Assiut,Upper Egypt,2022-01-15,Month-to-month,Credit card,No,Yes,No,Yes
C11102,Female,18,Luxor,Upper Egypt,2022-04-20,Month-to-month,Credit card,No,No,Yes,No
C11103,Female,71,Luxor,Upper Egypt,2022-02-03,Month-to-month,Bank transfer,No,No,No,No
C11104,Female,40,Ismailia,Suez,2021-08-03,One year,Credit card,No,Yes,Yes,No
C11105,Male,57,Giza,Greater Cairo,2023-08-23,Month-to-month,Credit card,Yes,Yes,No,Yes
C11106,Male,27,Ismailia,Suez,2021-08-16,Two year,Electronic check,No,No,Yes,Yes
C11107,Female,50,Giza,Greater Cairo,2021-12-19,Two year,Credit card,No,No,Yes,No
C11108,Male,27,Port Said,Suez,2021-08-03,Month-to-month,Bank transfer,No,No,Yes,Yes
C11109,Female,33,Cairo,Greater Cairo,2020-02-01,Month-to-month,Credit card,No,No,No,Yes
C11110,Female,68,Tanta,Delta,2023-02-12,Two year,Electronic check,No,Yes,No,Yes
C11111,Female,39,Hurghada,Red Sea,2020-12-21,Month-to-month,Electronic check,Yes,Yes,Yes,Yes
C11112,Male,45,Port Said,Suez,2020-08-30,One year,Credit card,No,No,Yes,No
C11113,Male,54,Giza,Greater Cairo,2020-07-10,Month-to-month,Electronic check,No,Yes,Yes,Yes
C11114,Male,48,Suez,Suez,2022-02-22,Month-to-month,Bank transfer,No,No,Yes,Yes
C11115,Male,44,Mansoura,Delta,2021-01-31,One year,Electronic check,No,No,No,Yes
C11116,Female,47,Giza,Greater Cairo,2020-10-21,One year,Bank transfer,No,Yes,Yes,Yes
C11117,Male,75,Giza,Greater Cairo,2020-10-17,Month-to-month,Credit card,Yes,No,No,No
C11118,Male,41,Luxor,Upper Egypt,2020-07-25,Month-to-month,Electronic check,Yes,Yes,Yes,Yes
C11119,Female,44,Assiut,Upper Egypt,2023-07-21,Two year,Credit card,No,Yes,Yes,Yes
C11120,Male,56,Giza,Greater Cairo,2021-12-03,Two year,Mailed check,No,Yes,Yes,Yes
C11121,Female,57,Giza,Greater Cairo,2021-01-29,One year,Bank transfer,No,Yes,Yes,No
C11122,Male,58,Tanta,Delta,2020-03-01,Month-to-month,Electronic check,No,Yes,No,Yes
C11123,Male,50,Giza,Greater Cairo,2021-12-14,One year,Bank transfer,No,No,No,Yes
C11124,Female,25,Tanta,Delta,2021-05-27,Month-to-month,Bank transfer,No,No,No,Yes
C11125,Female,64,Alexandria,Delta,2021-02-25,Two year,Mailed check,No,No,No,No
C11126,Male,25,Suez,Suez,2022-02-23,Month-to-month,Bank transfer,No,Yes,No,Yes
C11127,Male,46,Port Said,Suez,2021-06-02,One year,Electronic check,No,No,No,Yes
C11128,Male,31,Assiut,Upper Egypt,2022-05-29,One year,Mailed check,Yes,No,No,Yes
C11129,Female,41,Giza,Greater Cairo,2020-01-20,Month-to-month,Electronic check,No,No,No,No
C11130,Male,46,Luxor,Upper Egypt,2021-08-03,One year,Bank transfer,Yes,No,Yes,Yes
C11131,Female,46,Ismailia,Suez,2022-06-10,Month-to-month,Electronic check,No,No,No,Yes
C11132,Female,47,Luxor,Upper Egypt,2020-09-01,Month-to-month,Electronic check,No,No,Yes,Yes
C11133,Female,64,Cairo,Greater Cairo,2023-08-11,One year,Bank transfer,Yes,No,No,Yes
C11134,Female,48,Cairo,Greater Cairo,2022-12-28,Two year,Electronic check,No,Yes,No,Yes
C11135,Female,38,Hurghada,Red Sea,2021-09-08,Month-to-month,Bank transfer,No,No,No,Yes
C11136,Female,55,Mansoura,Delta,2023-11-27,Two year,Mailed check,No,Yes,No,No
C11137,Male,58,Cairo,Greater Cairo,2021-04-03,Month-to-month,Electronic check,Yes,No,No,Yes
C11138,Male,24,Tanta,Delta,2022-01-25,Two year,Bank transfer,Yes,Yes,No,No
C11139,Male,50,Giza,Greater Cairo,2020-04-08,Two year,Electronic check,No,No,No,Yes
C11140,Male,51,Suez,Suez,2022-08-01,Month-to-month,Electronic check,Yes,No,No,Yes
C11141,Male,37,Suez,Suez,2022-09-05,One year,Credit card,No,No,Yes,Yes
C11142,Female,61,Hurghada,Red Sea,2020-06-18,Month-to-month,Credit card,No,Yes,Yes,Yes
C11143,Female,39,Cairo,Greater Cairo,2021-03-11,Month-to-month,Electronic check,No,Yes,No,Yes
C11144,Male,43,Suez,Suez,2022-12-16,Month-to-month,Electronic check,No,No,Yes,No
C11145,Male,39,Alexandria,Delta,2021-03-24,Two year,Mailed check,No,Yes,No,Yes
C11146,Female,42,Luxor,Upper Egypt,2020-12-02,One year,Credit card,No,Yes,Yes,Yes
C11147,Male,26,Hurghada,Red Sea,2020-08-13,Month-to-month,Credit card,No,Yes,No,Yes
C11148,Female,21,Assiut,Upper Egypt,2021-06-27,Month-to-month,Bank transfer,No,Yes,Yes,Yes
C11149,Female,64,Port Said,Suez,2021-11-14,Month-to-month,Electronic check,Yes,No,No,Yes
C11150,Male,30,Luxor,Upper Egypt,2020-12-27,One year,Bank transfer,No,No,Yes,Yes
C11151,Male,28,Giza,Greater Cairo,2021-03-25,Month-to-month,Credit card,No,Yes,Yes,Yes
C11152,Female,18,Tanta,Delta,2023-06-24,One year,Mailed check,No,Yes,No,Yes
C11153,Male,33,Tanta,Delta,2021-12-12,One year,Bank transfer,No,Yes,Yes,Yes
C11154,Female,23,Hurghada,Red Sea,2021-09-17,Two year,Bank transfer,No,Yes,Yes,Yes
C11155,Female,64,Alexandria,Delta,2020-01-27,One year,Mailed check,Yes,No,Yes,Yes
C11156,Male,56,Suez,Suez,2021-12-22,Two year,Bank transfer,No,Yes,No,Yes
C11157,Male,32,Suez,Suez,2023-10-24,Two year,Credit card,No,Yes,Yes,Yes
C11158,Male,73,Mansoura,Delta,2021-11-18,Month-to-month,Bank transfer,No,No,No,Yes
C11159,Female,55,Cairo,Greater Cairo,2021-12-23,Month-to-month,Electronic check,No,No,Yes,Yes
C11160,Male,37,Alexandria,Delta,2022-04-20,Two year,Bank transfer,Yes,No,Yes,Yes
C11161,Female,18,Assiut,Upper Egypt,2021-02-26,One year,Electronic check,No,Yes,No,No
C11162,Female,74,Port Said,Suez,2020-12-24,Month-to-month,Bank transfer,No,No,No,No
C11163,Female,22,Mansoura,Delta,2021-01-25,Month-to-month,Bank transfer,No,Yes,No,No
C11164,Female,18,Mansoura,Delta,2020-08-13,Two year,Mailed check,No,No,Yes,Yes
C11165,Female,56,Suez,Suez,2023-02-17,One year,Electronic check,No,No,Yes,Yes
C11166,Male,76,Mansoura,Delta,2023-04-29,Month-to-month,Mailed check,Yes,No,Yes,Yes
C11167,Male,61,Assiut,Upper Egypt,2021-08-03,One year,Mailed check,No,Yes,Yes,Yes
C11168,Male,49,Hurghada,Red Sea,2021-02-06,Month-to-month,Credit card,No,Yes,No,No
C11169,Male,50,Ismailia,Suez,2023-07-28,Month-to-month,Mailed check,No,No,No,Yes
C11170,Male,53,Suez,Suez,2022-06-11,One year,Electronic check,No,Yes,No,Yes
C11171,Male,52,Mansoura,Delta,2021-09-16,Month-to-month,Bank transfer,No,Yes,No,No
C11172,Female,45,Giza,Greater Cairo,2020-10-10,One year,Bank transfer,No,No,No,Yes
C11173,Female,43,Luxor,Upper Egypt,2022-04-20,Month-to-month,Credit card,Yes,No,Yes,Yes
C11174,Female,41,Tanta,Delta,2023-04-03,Month-to-month,Electronic check,No,No,Yes,Yes
C11175,Female,31,Alexandria,Delta,2022-04-05,One year,Mailed check,No,No,Yes,Yes
C11176,Female,38,Ismailia,Suez,2020-08-07,Month-to-month,Electronic check,No,No,No,No
C11177,Male,18,Hurghada,Red Sea,2023-04-12,One year,Bank transfer,Yes,Yes,Yes,Yes
C11178,Female,40,Alexandria,Delta,2021-04-02,Two year,Bank transfer,Yes,No,Yes,No
C11179,Male,28,Giza,Greater Cairo,2020-05-17,Month-to-month,Bank transfer,Yes,Yes,Yes,Yes
C11180,Female,26,Cairo,Greater Cairo,2022-11-01,Month-to-month,Electronic check,Yes,No,No,No
C11181,Male,44,Port Said,Suez,2021-06-17,Two year,Bank transfer,No,Yes,No,Yes
C11182,Male,61,Alexandria,Delta,2020-10-17,Two year,Bank transfer,No,Yes,No,Yes
C11183,Female,54,Ismailia,Suez,2020-07-23,Two year,Mailed check,No,No,No,Yes
C11184,Male,20,Aswan,Upper Egypt,2022-05-03,Two year,Electronic check,No,Yes,No,Yes
C11185,Female,28,Cairo,Greater Cairo,2023-08-14,One year,Bank transfer,No,No,Yes,Yes
C11186,Female,55,Mansoura,Delta,2020-01-19,Two year,Mailed check,No,Yes,No,No
C11187,Female,28,Port Said,Suez,2020-05-08,Month-to-month,Electronic check,No,No,No,Yes
C11188,Male,38,Mansoura,Delta,2023-09-10,Month-to-month,Mailed check,No,No,No,No
C11189,Male,49,Suez,Suez,2022-11-04,One year,Bank transfer,Yes,No,No,Yes
C11190,Female,28,Giza,Greater Cairo,2020-04-02,Month-to-month,Bank transfer,No,Yes,No,No
C11191,Female,43,Assiut,Upper Egypt,2021-04-19,Two year,Credit card,No,Yes,Yes,No
C11192,Male,23,Hurghada,Red Sea,2022-02-25,One year,Mailed check,Yes,No,Yes,Yes
C11193,Male,33,Aswan,Upper Egypt,2022-02-05,One year,Credit card,No,No,Yes,Yes
C11194,Female,46,Alexandria,Delta,2023-07-29,One year,Electronic check,No,No,No,Yes
C11195,Male,19,Luxor,Upper Egypt,2022-12-18,Two year,Electronic check,No,Yes,Yes,Yes
C11196,Male,48,Cairo,Greater Cairo,2022-01-06,One year,Bank transfer,No,No,Yes,Yes
C11197,Female,41,Tanta,Delta,2021-02-28,One year,Mailed check,No,Yes,Yes,Yes
C11198,Female,49,Giza,Greater Cairo,2023-03-11,Month-to-month,Credit card,No,Yes,No,Yes
C11199,Female,45,Cairo,Greater Cairo,2021-04-03,Two year,Electronic check,No,No,No,Yes
C11200,Male,61,Mansoura,Delta,2020-06-02,One year,Electronic check,No,No,No,Yes
C11201,Male,43,Suez,Suez,2022-08-22,Two year,Credit card,No,Yes,No,Yes
C11202,Male,35,Assiut,Upper Egypt,2020-05-01,Month-to-month,Bank transfer,No,Yes,Yes,Yes
C11203,Male,43,Assiut,Upper Egypt,2020-05-24,Two year,Bank transfer,No,Yes,No,No
C11204,Female,49,Hurghada,Red Sea,2020-03-26,Month-to-month,Mailed check,No,No,No,Yes
C11205,Male,42,Cairo,Greater Cairo,2020-04-23,Month-to-month,Credit card,No,No,Yes,Yes
C11206,Male,42,Luxor,Upper Egypt,2022-02-11,One year,Mailed check,No,Yes,Yes,Yes
C11207,Female,32,Assiut,Upper Egypt,2021-01-31,Month-to-month,Credit card,No,Yes,Yes,Yes
C11208,Male,32,Cairo,Greater Cairo,2021-05-26,Two year,Electronic check,Yes,Yes,No,Yes
C11209,Female,22,Suez,Suez,2023-09-03,Two year,Credit card,Yes,No,No,Yes
C11210,Male,66,Giza,Greater Cairo,2021-05-27,Two year,Electronic check,No,No,Yes,Yes
C11211,Female,24,Assiut,Upper Egypt,2023-02-03,Month-to-month,Bank transfer,No,No,No,Yes
C11212,Male,32,Cairo,Greater Cairo,2021-12-10,Two year,Bank transfer,No,No,Yes,Yes
C11213,Male,31,Port Said,Suez,2021-04-17,Month-to-month,Bank transfer,Yes,Yes,Yes,No
C11214,Female,54,Ismailia,Suez,2022-07-18,Two year,Electronic check,No,No,No,Yes
C11215,Female,37,Giza,Greater Cairo,2020-05-02,Month-to-month,Bank transfer,No,No,No,Yes
C11216,Male,59,Tanta,Delta,2022-02-15,Month-to-month,Mailed check,Yes,No,Yes,Yes
C11217,Female,32,Cairo,Greater Cairo,2023-05-31,One year,Electronic check,No,No,Yes,Yes
C11218,Female,45,Hurghada,Red Sea,2023-06-26,Month-to-month,Mailed check,No,Yes,Yes,Yes
C11219,Female,30,Port Said,Suez,2022-08-07,Month-to-month,Bank transfer,No,No,Yes,No
C11220,Female,72,Hurghada,Red Sea,2021-05-02,Month-to-month,Electronic check,No,No,Yes,No
C11221,Female,25,Assiut,Upper Egypt,2023-03-15,Month-to-month,Bank transfer,No,No,Yes,Yes
C11222,Female,46,Mansoura,Delta,2021-01-01,Month-to-month,Electronic check,Yes,Yes,No,Yes
C11223,Male,50,Luxor,Upper Egypt,2020-04-29,One year,Electronic check,No,No,Yes,Yes
C11224,Female,47,Mansoura,Delta,2021-06-15,Two year,Electronic check,No,Yes,Yes,Yes
C11225,Male,39,Alexandria,Delta,2023-11-02,Month-to-month,Mailed check,No,Yes,Yes,No
C11226,Female,40,Mansoura,Delta,2020-02-03,One year,Credit card,No,Yes,Yes,Yes
C11227,Male,42,Port Said,Suez,2022-06-27,Month-to-month,Electronic check,No,No,No,Yes
C11228,Female,39,Mansoura,Delta,2020-10-20,Month-to-month,Bank transfer,No,No,No,Yes
C11229,Female,55,Suez,Suez,2020-03-04,Month-to-month,Electronic check,No,Yes,Yes,Yes
C11230,Female,72,Port Said,Suez,2022-11-06,One year,Bank transfer,No,No,Yes,Yes
C11231,Male,34,Luxor,Upper Egypt,2023-08-22,Month-to-month,Electronic check,No,Yes,No,Yes
C11232,Male,22,Port Said,Suez,2020-04-15,One year,Bank transfer,No,No,No,Yes
C11233,Female,40,Tanta,Delta,2021-11-04,Month-to-month,Credit card,No,No,No,Yes
C11234,Male,78,Hurghada,Red Sea,2021-05-08,Month-to-month,Credit card,No,Yes,No,Yes
C11235,Male,30,Assiut,Upper Egypt,2023-08-31,Month-to-month,Electronic check,No,Yes,Yes,No
C11236,Male,64,Luxor,Upper Egypt,2023-10-12,One year,Electronic check,No,No,No,Yes
C11237,Male,65,Luxor,Upper Egypt,2022-05-12,Month-to-month,Electronic check,No,Yes,Yes,No
C11238,Male,34,Alexandria,Delta,2020-09-04,Month-to-month,Credit card,No,No,Yes,Yes
C11239,Male,49,Luxor,Upper Egypt,2020-02-19,One year,Credit card,Yes,No,No,Yes
C11240,Female,64,Hurghada,Red Sea,2023-02-14,Month-to-month,Electronic check,No,No,Yes,No
C11241,Male,36,Giza,Greater Cairo,2021-12-27,Two year,Credit card,No,No,No,Yes
C11242,Male,39,Hurghada,Red Sea,2021-01-10,One year,Bank transfer,No,Yes,Yes,No
C11243,Female,33,Ismailia,Suez,2023-08-22,Month-to-month,Electronic check,No,No,Yes,Yes
C11244,Female,27,Assiut,Upper Egypt,2020-04-08,One year,Credit card,No,No,No,Yes
C11245,Female,32,Alexandria,Delta,2020-10-20,Month-to-month,Credit card,No,Yes,No,Yes
C11246,Female,24,Giza,Greater Cairo,2021-12-12,Month-to-month,Electronic check,No,No,Yes,No
C11247,Female,42,Mansoura,Delta,2023-05-26,One year,Credit card,No,Yes,Yes,Yes
C11248,Male,31,Cairo,Greater Cairo,2023-05-10,Two year,Credit card,No,Yes,Yes,Yes
C11249,Male,45,Assiut,Upper Egypt,2021-02-20,Month-to-month,Credit card,No,No,Yes,No
C11250,Female,20,Giza,Greater Cairo,2023-12-17,Two year,Electronic check,No,No,No,Yes
C11251,Male,46,Mansoura,Delta,2023-10-01,Month-to-month,Mailed check,Yes,Yes,Yes,Yes
C11252,Female,53,Mansoura,Delta,2022-07-17,One year,Mailed check,No,No,Yes,Yes
C11253,Female,18,Tanta,Delta,2023-02-17,One year,Credit card,Yes,Yes,Yes,Yes
C11254,Female,47,Tanta,Delta,2023-10-11,Month-to-month,Mailed check,No,Yes,No,Yes
C11255,Male,59,Ismailia,Suez,2020-06-30,Two year,Credit card,No,Yes,No,Yes
C11256,Male,25,Hurghada,Red Sea,2020-12-30,Month-to-month,Bank transfer,No,Yes,No,Yes
C11257,Male,65,Mansoura,Delta,2021-04-19,Two year,Bank transfer,No,No,No,Yes
C11258,Female,47,Giza,Greater Cairo,2021-03-24,Month-to-month,Credit card,No,No,No,No
C11259,Female,32,Tanta,Delta,2023-09-18,Month-to-month,Electronic check,No,Yes,No,Yes
C11260,Male,41,Aswan,Upper Egypt,2022-09-28,One year,Bank transfer,Yes,No,Yes,No
C11261,Female,49,Cairo,Greater Cairo,2023-02-25,One year,Electronic check,No,No,No,Yes
C11262,Female,43,Cairo,Greater Cairo,2021-07-03,Month-to-month,Electronic check,No,Yes,No,Yes
C11263,Male,49,Suez,Suez,2020-12-07,One year,Credit card,Yes,No,Yes,Yes
C11264,Male,29,Hurghada,Red Sea,2020-02-13,Two year,Electronic check,No,No,Yes,Yes
C11265,Male,44,Assiut,Upper Egypt,2023-01-01,Month-to-month,Electronic check,No,Yes,No,No
C11266,Female,22,Assiut,Upper Egypt,2022-04-26,Month-to-month,Bank transfer,No,Yes,Yes,Yes
C11267,Male,40,Port Said,Suez,2022-03-25,One year,Electronic check,No,Yes,Yes,Yes
C11268,Male,29,Cairo,Greater Cairo,2021-07-11,One year,Credit card,No,No,Yes,No
C11269,Female,31,Giza,Greater Cairo,2020-06-05,Month-to-month,Bank transfer,No,No,Yes,Yes
C11270,Male,59,Giza,Greater Cairo,2023-04-19,One year,Electronic check,No,No,No,Yes
C11271,Male,57,Mansoura,Delta,2021-07-15,Month-to-month,Electronic check,No,No,No,Yes
C11272,Male,50,Tanta,Delta,2022-04-12,One year,Mailed check,No,Yes,No,Yes
C11273,Female,26,Hurghada,Red Sea,2022-03-17,Two year,Credit card,No,No,Yes,Yes
C11274,Male,37,Luxor,Upper Egypt,2021-04-20,Month-to-month,Mailed check,Yes,No,No,Yes
C11275,Male,58,Giza,Greater Cairo,2023-02-22,Month-to-month,Credit card,No,Yes,Yes,Yes
C11276,Female,43,Port Said,Suez,2023-03-06,One year,Electronic check,No,No,No,Yes
C11277,Male,74,Cairo,Greater Cairo,2021-10-20,One year,Bank transfer,No,No,Yes,Yes
C11278,Female,47,Port Said,Suez,2022-10-20,Month-to-month,Bank transfer,No,No,Yes,No
C11279,Female,44,Hurghada,Red Sea,2020-06-07,Month-to-month,Bank transfer,No,Yes,Yes,Yes
C11280,Male,37,Cairo,Greater Cairo,2022-05-18,Month-to-month,Bank transfer,No,Yes,No,Yes
C11281,Female,43,Giza,Greater Cairo,2022-06-10,Two year,Bank transfer,No,No,No,Yes
C11282,Female,39,Suez,Suez,2023-08-24,Month-to-month,Electronic check,No,No,No,Yes
C11283,Male,51,Assiut,Upper Egypt,2020-10-04,Month-to-month,Bank transfer,No,No,No,Yes
C11284,Female,55,Giza,Greater Cairo,2020-01-12,Month-to-month,Electronic check,No,No,No,Yes
C11285,Female,30,Suez,Suez,2020-11-16,Month-to-month,Bank transfer,No,No,Yes,No
C11286,Female,23,Mansoura,Delta,2022-05-22,One year,Electronic check,No,No,No,Yes
C11287,Male,18,Giza,Greater Cairo,2023-04-28,Month-to-month,Bank transfer,No,No,Yes,Yes
C11288,Female,49,Assiut,Upper Egypt,2023-03-24,One year,Bank transfer,No,No,Yes,Yes
C11289,Male,26,Tanta,Delta,2020-07-06,Two year,Bank transfer,Yes,No,Yes,Yes
C11290,Male,18,Alexandria,Delta,2022-11-13,Two year,Mailed check,No,No,Yes,Yes
C11291,Female,47,Luxor,Upper Egypt,2022-02-28,One year,Mailed check,No,No,Yes,No
C11292,Male,76,Alexandria,Delta,2023-07-21,Two year,Bank transfer,No,No,No,Yes
C11293,Female,41,Ismailia,Suez,2020-09-03,One year,Mailed check,No,Yes,No,No
C11294,Female,53,Hurghada,Red Sea,2022-05-18,Month-to-month,Bank transfer,No,Yes,No,Yes
C11295,Male,43,Tanta,Delta,2022-06-24,Month-to-month,Electronic check,No,No,Yes,No
C11296,Female,40,Port Said,Suez,2020-01-27,One year,Electronic check,No,No,No,Yes
C11297,Female,54,Mansoura,Delta,2023-07-04,Month-to-month,Bank transfer,Yes,No,No,Yes
C11298,Female,37,Hurghada,Red Sea,2023-08-19,One year,Credit card,Yes,Yes,Yes,Yes
C11299,Male,45,Alexandria,Delta,2020-06-18,Month-to-month,Credit card,Yes,Yes,No,Yes
C11300,Female,46,Tanta,Delta,2023-09-03,One year,Electronic check,No,No,Yes,No
C11301,Female,32,Port Said,Suez,2020-01-30,Two year,Mailed check,No,Yes,Yes,Yes
C11302,Male,55,Hurghada,Red Sea,2021-06-30,Month-to-month,Mailed check,No,Yes,No,Yes
C11303,Male,39,Mansoura,Delta,2021-07-14,One year,Electronic check,No,Yes,No,Yes
C11304,Male,31,Alexandria,Delta,2020-06-25,Month-to-month,Bank transfer,No,Yes,Yes,Yes
C11305,Female,49,Aswan,Upper Egypt,2020-06-15,Two year,Credit card,No,Yes,Yes,Yes
C11306,Female,29,Hurghada,Red Sea,2021-08-10,Month-to-month,Electronic check,No,Yes,Yes,Yes
C11307,Male,42,Alexandria,Delta,2021-08-27,Month-to-month,Mailed check,Yes,No,No,Yes
C11308,Female,41,Ismailia,Suez,2023-11-08,Two year,Electronic check,No,No,Yes,Yes
C11309,Male,57,Hurghada,Red Sea,2022-06-07,Month-to-month,Credit card,No,Yes,No,Yes
C11310,Female,48,Giza,Greater Cairo,2022-11-17,One year,Electronic check,No,Yes,Yes,Yes
C11311,Male,41,Aswan,Upper Egypt,2020-10-13,Month-to-month,Electronic check,No,Yes,No,Yes
C11312,Female,53,Cairo,Greater Cairo,2020-11-21,Month-to-month,Electronic check,No,Yes,Yes,No
C11313,Female,61,Alexandria,Delta,2022-08-14,One year,Bank transfer,No,No,No,Yes
C11314,Female,49,Tanta,Delta,2021-06-01,One year,Bank transfer,No,No,No,Yes
C11315,Male,42,Port Said,Suez,2020-08-08,Month-to-month,Credit card,No,No,Yes,Yes
C11316,Male,23,Mansoura,Delta,2023-05-07,Two year,Credit card,No,Yes,Yes,Yes
C11317,Male,27,Giza,Greater Cairo,2021-09-25,One year,Electronic check,No,No,Yes,Yes
C11318,Male,37,Tanta,Delta,2020-12-18,Month-to-month,Electronic check,No,Yes,No,Yes
C11319,Male,33,Alexandria,Delta,2023-11-03,One year,Credit card,Yes,Yes,No,Yes
C11320,Female,39,Hurghada,Red Sea,2021-03-11,Two year,Bank transfer,No,Yes,Yes,Yes
C11321,Female,42,Alexandria,Delta,2022-03-29,One year,Credit card,No,No,No,Yes
C11322,Female,49,Aswan,Upper Egypt,2023-10-03,One year,Bank transfer,No,Yes,Yes,Yes
C11323,Female,41,Port Said,Suez,2020-01-04,One year,Bank transfer,No,Yes,Yes,Yes
C11324,Male,48,Tanta,Delta,2021-09-10,Month-to-month,Electronic check,No,No,Yes,Yes
C11325,Female,42,Ismailia,Suez,2022-09-11,Month-to-month,Credit card,No,Yes,No,Yes
C11326,Male,18,Aswan,Upper Egypt,2020-06-18,Month-to-month,Bank transfer,No,No,Yes,Yes
C11327,Male,28,Suez,Suez,2022-11-04,Month-to-month,Mailed check,No,No,No,Yes
C11328,Female,39,Luxor,Upper Egypt,2021-06-13,One year,Electronic check,No,No,No,No
C11329,Female,25,Port Said,Suez,2022-01-17,Month-to-month,Electronic check,No,No,Yes,Yes
C11330,Female,50,Hurghada,Red Sea,2023-04-23,Month-to-month,Mailed check,No,No,No,Yes
C11331,Female,63,Cairo,Greater Cairo,2020-09-05,Two year,Mailed check,Yes,No,No,Yes
C11332,Female,59,Cairo,Greater Cairo,2023-01-16,Month-to-month,Electronic check,No,No,No,Yes
C11333,Male,39,Suez,Suez,2020-08-16,Month-to-month,Electronic check,No,Yes,Yes,Yes
C11334,Male,62,Alexandria,Delta,2020-10-23,One year,Mailed check,No,No,Yes,No
C11335,Female,44,Cairo,Greater Cairo,2020-06-05,Month-to-month,Electronic check,No,Yes,No,Yes
C11336,Male,37,Assiut,Upper Egypt,2023-07-28,One year,Mailed check,Yes,No,Yes,No
C11337,Female,33,Giza,Greater Cairo,2021-01-27,One year,Credit card,No,Yes,Yes,Yes
C11338,Female,37,Tanta,Delta,2022-06-13,Month-to-month,Bank transfer,No,Yes,No,No
C11339,Female,36,Mansoura,Delta,2020-01-11,Month-to-month,Electronic check,No,Yes,No,Yes
C11340,Female,44,Giza,Greater Cairo,2021-03-29,Month-to-month,Bank transfer,No,No,No,Yes
C11341,Female,44,Port Said,Suez,2022-03-07,Month-to-month,Bank transfer,No,No,No,No
C11342,Male,42,Aswan,Upper Egypt,2022-10-18,Month-to-month,Bank transfer,No,No,No,Yes
C11343,Male,48,Ismailia,Suez,2022-09-23,One year,Mailed check,No,No,No,Yes
C11344,Female,58,Aswan,Upper Egypt,2023-10-13,Month-to-month,Electronic check,No,No,No,Yes
C11345,Male,55,Mansoura,Delta,2023-02-13,One year,Credit card,No,Yes,No,Yes
C11346,Male,21,Giza,Greater Cairo,2022-03-21,Month-to-month,Credit card,No,Yes,Yes,Yes
C11347,Female,18,Port Said,Suez,2022-04-16,Month-to-month,Electronic check,No,No,No,Yes
C11348,Male,55,Ismailia,Suez,2023-11-07,Two year,Credit card,No,No,Yes,No
C11349,Female,22,Aswan,Upper Egypt,2021-08-09,Two year,Mailed check,No,Yes,No,Yes
C11350,Female,38,Aswan,Upper Egypt,2023-09-05,Month-to-month,Credit card,No,No,No,Yes
C11351,Male,25,Suez,Suez,2021-04-04,Month-to-month,Bank transfer,No,No,Yes,Yes
C11352,Male,18,Alexandria,Delta,2023-03-11,One year,Bank transfer,No,Yes,No,Yes
C11353,Male,49,Alexandria,Delta,2022-07-26,Month-to-month,Credit card,No,Yes,No,Yes
C11354,Male,52,Cairo,Greater Cairo,2021-02-27,One year,Mailed check,No,No,Yes,No
C11355,Female,33,Port Said,Suez,2023-08-06,Month-to-month,Bank transfer,No,Yes,Yes,Yes
C11356,Male,18,Cairo,Greater Cairo,2020-03-07,One year,Mailed check,No,No,No,Yes
C11357,Female,34,Mansoura,Delta,2023-01-05,Month-to-month,Credit card,No,Yes,No,Yes
C11358,Male,47,Mansoura,Delta,2022-03-26,Two year,Bank transfer,Yes,No,No,Yes
C11359,Male,21,Giza,Greater Cairo,2020-10-25,Two year,Bank transfer,No,Yes,Yes,Yes
C11360,Female,44,Alexandria,Delta,2021-05-12,One year,Electronic check,Yes,Yes,No,No
C11361,Female,41,Tanta,Delta,2021-06-16,Month-to-month,Bank transfer,No,No,No,Yes
C11362,Male,50,Alexandria,Delta,2020-10-30,One year,Electronic check,No,No,No,Yes
C11363,Male,43,Suez,Suez,2023-07-22,Month-to-month,Bank transfer,No,Yes,Yes,Yes
C11364,Female,28,Luxor,Upper Egypt,2021-06-10,One year,Electronic check,No,No,Yes,Yes
C11365,Female,58,Assiut,Upper Egypt,2022-11-07,One year,Credit card,No,Yes,No,Yes
C11366,Female,39,Port Said,Suez,2022-02-05,Month-to-month,Credit card,No,No,Yes,Yes
C11367,Female,41,Cairo,Greater Cairo,2023-10-01,Two year,Mailed check,No,Yes,Yes,Yes
C11368,Male,28,Ismailia,Suez,2021-02-07,Month-to-month,Mailed check,No,Yes,Yes,Yes
C11369,Female,35,Ismailia,Suez,2020-03-08,Month-to-month,Electronic check,No,Yes,No,Yes
C11370,Male,29,Cairo,Greater Cairo,2022-07-03,One year,Electronic check,No,Yes,Yes,Yes
C11371,Female,39,Alexandria,Delta,2020-03-23,Two year,Electronic check,No,Yes,Yes,No
C11372,Male,65,Port Said,Suez,2021-09-12,Month-to-month,Electronic check,No,No,No,Yes
C11373,Male,22,Assiut,Upper Egypt,2023-07-22,Month-to-month,Mailed check,No,No,Yes,Yes
C11374,Male,19,Suez,Suez,2022-09-24,Month-to-month,Electronic check,No,Yes,No,Yes
C11375,Male,62,Suez,Suez,2023-07-24,One year,Mailed check,Yes,No,No,Yes
C11376,Male,39,Assiut,Upper Egypt,2022-11-04,Month-to-month,Electronic check,No,No,Yes,Yes
C11377,Female,32,Ismailia,Suez,2022-06-20,Month-to-month,Bank transfer,No,Yes,No,No
C11378,Female,56,Aswan,Upper Egypt,2020-11-30,Month-to-month,Credit card,No,Yes,No,Yes
C11379,Male,33,Tanta,Delta,2020-08-10,One year,Electronic check,No,No,No,Yes
C11380,Female,67,Suez,Suez,2021-03-06,One year,Electronic check,Yes,No,Yes,No
C11381,Male,51,Assiut,Upper Egypt,2022-11-23,Two year,Bank transfer,No,No,Yes,No
C11382,Female,35,Mansoura,Delta,2022-01-29,Month-to-month,Electronic check,No,No,No,Yes
C11383,Female,72,Luxor,Upper Egypt,2020-01-12,One year,Mailed check,No,No,Yes,No
C11384,Female,33,Cairo,Greater Cairo,2023-12-13,Month-to-month,Bank transfer,No,No,Yes,Yes
C11385,Female,52,Assiut,Upper Egypt,2023-02-16,One year,Electronic check,No,No,No,Yes
C11386,Male,46,Alexandria,Delta,2021-10-28,One year,Credit card,No,Yes,No,Yes
C11387,Female,60,Tanta,Delta,2021-07-27,Two year,Bank transfer,Yes,Yes,No,Yes
C11388,Female,63,Aswan,Upper Egypt,2021-08-05,Month-to-month,Electronic check,No,No,No,No
C11389,Male,42,Suez,Suez,2021-09-04,One year,Bank transfer,No,No,No,Yes
C11390,Female,31,Hurghada,Red Sea,2020-02-14,Month-to-month,Credit card,No,No,No,No
C11391,Female,48,Hurghada,Red Sea,2021-03-15,Month-to-month,Mailed check,No,No,Yes,Yes
C11392,Female,32,Mansoura,Delta,2023-05-21,One year,Electronic check,Yes,No,No,Yes
C11393,Female,70,Cairo,Greater Cairo,2022-12-18,Month-to-month,Credit card,No,No,Yes,No
C11394,Female,43,Port Said,Suez,2022-10-04,Month-to-month,Electronic check,Yes,Yes,Yes,No
C11395,Male,36,Port Said,Suez,2020-11-20,One year,Credit card,Yes,No,Yes,Yes
C11396,Female,44,Mansoura,Delta,2022-08-11,Month-to-month,Credit card,No,No,Yes,Yes
C11397,Female,23,Aswan,Upper Egypt,2022-12-16,One year,Bank transfer,No,Yes,No,Yes
C11398,Male,28,Suez,Suez,2022-03-09,Month-to-month,Electronic check,No,No,Yes,Yes
C11399,Female,58,Port Said,Suez,2022-07-26,One year,Electronic check,No,No,Yes,Yes
C11400,Male,32,Tanta,Delta,2021-09-23,Month-to-month,Electronic check,No,Yes,Yes,Yes
C11401,Male,27,Assiut,Upper Egypt,2021-10-07,Two year,Bank transfer,No,Yes,No,No
C11402,Male,49,Tanta,Delta,2021-12-28,Month-to-month,Credit card,No,Yes,No,Yes
C11403,Male,58,Luxor,Upper Egypt,2020-04-10,Month-to-month,Mailed check,No,No,Yes,Yes
C11404,Male,52,Port Said,Suez,2023-03-30,One year,Electronic check,No,Yes,No,Yes
C11405,Female,55,Hurghada,Red Sea,2021-10-10,Month-to-month,Electronic check,Yes,No,No,Yes
C11406,Male,31,Aswan,Upper Egypt,2020-02-03,Month-to-month,Credit card,No,Yes,No,Yes
C11407,Female,22,Giza,Greater Cairo,2022-06-08,Two year,Bank transfer,No,Yes,No,No
C11408,Male,63,Mansoura,Delta,2023-08-18,Two year,Electronic check,No,Yes,Yes,Yes
C11409,Male,37,Alexandria,Delta,2023-11-24,Month-to-month,Electronic check,No,Yes,No,Yes
C11410,Female,38,Alexandria,Delta,2022-05-08,Month-to-month,Credit card,No,Yes,No,No
C11411,Male,60,Alexandria,Delta,2020-03-02,Month-to-month,Electronic check,No,No,No,Yes
C11412,Male,49,Assiut,Upper Egypt,2020-02-28,Two year,Electronic check,No,No,Yes,Yes
C11413,Male,48,Alexandria,Delta,2020-07-24,Month-to-month,Credit card,Yes,Yes,Yes,No
C11414,Female,72,Luxor,Upper Egypt,2023-01-04,Month-to-month,Credit card,No,Yes,No,Yes
C11415,Female,32,Alexandria,Delta,2021-10-23,One year,Mailed check,No,Yes,No,Yes
C11416,Male,54,Alexandria,Delta,2021-03-25,Month-to-month,Credit card,Yes,Yes,Yes,Yes
C11417,Female,42,Suez,Suez,2020-08-03,Month-to-month,Electronic check,No,No,No,Yes
C11418,Female,45,Ismailia,Suez,2023-04-24,Month-to-month,Bank transfer,No,Yes,No,Yes
C11419,Male,63,Suez,Suez,2020-03-11,One year,Credit card,No,Yes,Yes,Yes
C11420,Male,49,Tanta,Delta,2020-11-27,Month-to-month,Electronic check,No,No,Yes,Yes
C11421,Female,49,Aswan,Upper Egypt,2021-03-15,Month-to-month,Electronic check,No,No,No,Yes
C11422,Male,57,Mansoura,Delta,2021-11-29,Two year,Mailed check,No,Yes,No,Yes
C11423,Female,36,Giza,Greater Cairo,2022-01-18,Month-to-month,Electronic check,No,Yes,Yes,No
C11424,Male,30,Giza,Greater Cairo,2023-02-01,One year,Electronic check,No,No,No,Yes
C11425,Male,27,Port Said,Suez,2021-01-08,Month-to-month,Credit card,No,Yes,Yes,No
C11426,Male,18,Cairo,Greater Cairo,2021-02-10,One year,Mailed check,No,Yes,Yes,No
C11427,Female,70,Port Said,Suez,2021-04-16,One year,Credit card,No,Yes,Yes,Yes
C11428,Male,26,Hurghada,Red Sea,2020-11-07,One year,Credit card,No,Yes,No,Yes
C11429,Female,38,Mansoura,Delta,2022-03-09,Two year,Credit card,No,No,No,Yes
C11430,Female,38,Cairo,Greater Cairo,2020-06-02,Month-to-month,Bank transfer,No,Yes,Yes,Yes
C11431,Male,46,Alexandria,Delta,2022-09-11,Two year,Credit card,No,Yes,No,No
C11432,Female,53,Luxor,Upper Egypt,2023-04-26,Month-to-month,Credit card,Yes,No,Yes,No
C11433,Male,54,Hurghada,Red Sea,2023-04-14,Two year,Electronic check,No,No,No,Yes
C11434,Male,33,Port Said,Suez,2021-09-29,One year,Credit card,No,Yes,No,Yes
C11435,Male,39,Port Said,Suez,2023-06-03,Month-to-month,Electronic check,No,No,No,No
C11436,Male,45,Luxor,Upper Egypt,2021-06-07,Month-to-month,Mailed check,No,No,No,Yes
C11437,Male,38,Giza,Greater Cairo,2023-05-20,Two year,Credit card,No,No,No,Yes
C11438,Male,64,Mansoura,Delta,2021-07-18,Two year,Bank transfer,No,No,No,Yes
C11439,Male,48,Hurghada,Red Sea,2022-09-21,Month-to-month,Mailed check,No,No,Yes,No
C11440,Female,52,Port Said,Suez,2023-05-27,Two year,Mailed check,No,No,Yes,Yes
C11441,Male,51,Suez,Suez,2020-07-13,Month-to-month,Credit card,No,No,No,Yes
C11442,Male,58,Assiut,Upper Egypt,2023-08-18,One year,Credit card,No,Yes,No,No
C11443,Female,44,Ismailia,Suez,2020-02-22,Month-to-month,Electronic check,No,No,Yes,Yes
C11444,Female,23,Cairo,Greater Cairo,2022-07-24,Two year,Electronic check,No,No,No,No
C11445,Male,47,Mansoura,Delta,2022-07-02,One year,Electronic check,No,No,Yes,Yes
C11446,Female,32,Hurghada,Red Sea,2022-04-01,One year,Credit card,No,No,Yes,Yes
C11447,Male,34,Assiut,Upper Egypt,2021-09-18,Month-to-month,Bank transfer,No,No,No,Yes
C11448,Female,50,Tanta,Delta,2021-06-26,Two year,Mailed check,No,No,No,Yes
C11449,Male,59,Assiut,Upper Egypt,2020-02-02,Month-to-month,Bank transfer,No,No,Yes,Yes
C11450,Male,42,Tanta,Delta,2020-07-10,Month-to-month,Bank transfer,No,No,No,Yes
C11451,Female,46,Port Said,Suez,2021-12-25,Month-to-month,Credit card,Yes,No,Yes,Yes
C11452,Male,65,Aswan,Upper Egypt,2020-03-24,Month-to-month,Electronic check,No,Yes,No,Yes
C11453,Male,45,Tanta,Delta,2021-04-07,Month-to-month,Credit card,Yes,No,Yes,No
C11454,Female,78,Aswan,Upper Egypt,2022-04-28,One year,Credit card,No,Yes,No,Yes
C11455,Female,49,Hurghada,Red Sea,2021-06-19,One year,Credit card,No,No,No,Yes
C11456,Male,18,Assiut,Upper Egypt,2023-01-11,Month-to-month,Credit card,Yes,Yes,Yes,Yes
C11457,Female,52,Port Said,Suez,2021-10-04,Month-to-month,Credit card,No,No,Yes,Yes
C11458,Male,47,Aswan,Upper Egypt,2023-06-21,Month-to-month,Bank transfer,Yes,Yes,Yes,Yes
C11459,Male,60,Assiut,Upper Egypt,2022-09-03,Two year,Electronic check,No,Yes,No,Yes
C11460,Male,51,Hurghada,Red Sea,2023-05-09,Month-to-month,Bank transfer,No,No,Yes,Yes
C11461,Female,40,Port Said,Suez,2023-11-28,One year,Electronic check,No,No,Yes,Yes
C11462,Female,24,Cairo,Greater Cairo,2023-06-02,Month-to-month,Bank transfer,No,Yes,Yes,Yes
C11463,Male,39,Hurghada,Red Sea,2021-02-02,Month-to-month,Bank transfer,No,Yes,Yes,Yes
C11464,Female,30,Hurghada,Red Sea,2020-09-01,Month-to-month,Electronic check,No,No,No,Yes
C11465,Female,33,Alexandria,Delta,2021-12-04,Month-to-month,Electronic check,No,No,No,Yes
C11466,Male,50,Mansoura,Delta,2022-04-02,Month-to-month,Mailed check,No,Yes,No,Yes
C11467,Male,65,Port Said,Suez,2021-06-11,Month-to-month,Bank transfer,No,Yes,No,Yes
C11468,Male,47,Port Said,Suez,2020-01-26,Month-to-month,Mailed check,Yes,No,Yes,No
C11469,Male,25,Ismailia,Suez,2023-06-25,Month-to-month,Bank transfer,No,Yes,Yes,Yes
C11470,Male,48,Aswan,Upper Egypt,2023-12-17,Two year,Credit card,No,No,Yes,Yes
C11471,Male,58,Mansoura,Delta,2021-08-19,Month-to-month,Bank transfer,No,Yes,Yes,Yes
C11472,Male,33,Suez,Suez,2021-11-21,Two year,Credit card,No,No,No,No
C11473,Male,40,Assiut,Upper Egypt,2021-05-19,Month-to-month,Electronic check,No,Yes,No,Yes
C11474,Male,42,Aswan,Upper Egypt,2023-09-12,One year,Credit card,Yes,Yes,No,No
C11475,Female,31,Port Said,Suez,2023-08-10,Month-to-month,Electronic check,No,Yes,No,No
C11476,Female,51,Luxor,Upper Egypt,2022-06-10,Month-to-month,Mailed check,No,No,No,Yes
C11477,Female,40,Aswan,Upper Egypt,2021-08-11,One year,Bank transfer,No,Yes,Yes,No
C11478,Female,47,Suez,Suez,2023-03-15,One year,Bank transfer,No,Yes,Yes,No
C11479,Female,29,Tanta,Delta,2021-12-21,Two year,Electronic check,No,No,Yes,Yes
C11480,Male,35,Tanta,Delta,2020-07-21,Month-to-month,Electronic check,No,No,Yes,Yes
C11481,Female,52,Tanta,Delta,2023-03-15,One year,Electronic check,No,Yes,Yes,No
C11482,Male,36,Tanta,Delta,2023-09-12,Two year,Credit card,No,No,Yes,Yes
C11483,Female,66,Cairo,Greater Cairo,2020-11-15,Month-to-month,Electronic check,No,No,No,Yes
C11484,Female,36,Luxor,Upper Egypt,2023-11-14,Month-to-month,Credit card,No,Yes,No,Yes
C11485,Male,45,Ismailia,Suez,2023-11-19,Month-to-month,Bank transfer,No,Yes,Yes,Yes
C11486,Male,55,Alexandria,Delta,2022-09-27,Month-to-month,Bank transfer,No,No,No,Yes
C11487,Female,22,Mansoura,Delta,2023-03-13,Month-to-month,Credit card,No,Yes,Yes,Yes
C11488,Female,18,Tanta,Delta,2020-09-17,Month-to-month,Electronic check,No,Yes,Yes,Yes
C11489,Female,20,Alexandria,Delta,2020-06-20,One year,Credit card,No,No,No,Yes
C11490,Female,59,Suez,Suez,2020-03-25,One year,Mailed check,No,Yes,No,Yes
C11491,Male,34,Alexandria,Delta,2021-11-30,Two year,Electronic check,No,No,Yes,No
C11492,Male,77,Luxor,Upper Egypt,2022-02-17,Month-to-month,Electronic check,Yes,Yes,Yes,Yes
C11493,Female,34,Cairo,Greater Cairo,2022-06-21,Month-to-month,Electronic check,No,Yes,Yes,Yes
C11494,Female,44,Cairo,Greater Cairo,2020-08-16,One year,Mailed check,No,Yes,No,Yes
C11495,Male,63,Giza,Greater Cairo,2023-11-02,Month-to-month,Mailed check,No,No,Yes,No
C11496,Male,70,Suez,Suez,2023-01-22,Month-to-month,Bank transfer,No,No,No,Yes
C11497,Female,70,Aswan,Upper Egypt,2021-05-01,One year,Bank transfer,No,No,No,No
C11498,Male,58,Aswan,Upper Egypt,2023-01-03,Two year,Electronic check,No,Yes,No,No
C11499,Male,56,Assiut,Upper Egypt,2020-02-12,Month-to-month,Electronic check,Yes,No,Yes,No
C11500,Male,50,Ismailia,Suez,2021-12-23,Month-to-month,Mailed check,No,No,No,Yes
C11501,Female,52,Aswan,Upper Egypt,2022-01-14,Month-to-month,Bank transfer,Yes,Yes,Yes,Yes
C11502,Male,34,Suez,Suez,2021-02-02,Two year,Bank transfer,No,No,No,Yes
C11503,Female,30,Assiut,Upper Egypt,2023-08-11,Month-to-month,Mailed check,No,No,No,No
C11504,Female,41,Cairo,Greater Cairo,2021-02-12,Month-to-month,Bank transfer,Yes,No,No,Yes
C11505,Female,39,Cairo,Greater Cairo,2023-11-22,Month-to-month,Bank transfer,No,Yes,No,Yes
C11506,Male,35,Alexandria,Delta,2022-04-22,Month-to-month,Electronic check,No,No,No,Yes
C11507,Male,51,Ismailia,Suez,2020-07-17,One year,Electronic check,Yes,Yes,No,No
C11508,Female,55,Assiut,Upper Egypt,2021-02-19,One year,Credit card,No,Yes,No,Yes
C11509,Female,43,Suez,Suez,2022-07-03,Month-to-month,Bank transfer,No,Yes,Yes,No
C11510,Male,62,Alexandria,Delta,2022-04-30,Month-to-month,Credit card,No,No,No,Yes
C11511,Male,26,Giza,Greater Cairo,2023-09-21,Two year,Credit card,Yes,Yes,Yes,No
C11512,Female,39,Luxor,Upper Egypt,2022-09-03,Month-to-month,Electronic check,No,No,No,Yes
C11513,Male,31,Aswan,Upper Egypt,2020-02-10,Two year,Credit card,No,No,Yes,No
C11514,Male,18,Alexandria,Delta,2020-10-03,One year,Bank transfer,No,Yes,Yes,No
C11515,Female,40,Mansoura,Delta,2020-06-19,Month-to-month,Credit card,No,No,Yes,Yes
C11516,Female,40,Tanta,Delta,2022-11-17,Month-to-month,Bank transfer,No,No,No,No
C11517,Male,63,Ismailia,Suez,2021-05-04,One year,Electronic check,No,No,Yes,Yes
C11518,Female,50,Ismailia,Suez,2020-06-13,Month-to-month,Electronic check,No,Yes,Yes,Yes
C11519,Male,27,Aswan,Upper Egypt,2022-02-17,Month-to-month,Bank transfer,No,No,No,Yes
C11520,Female,67,Luxor,Upper Egypt,2023-12-19,Month-to-month,Credit card,No,Yes,No,Yes
C11521,Male,59,Aswan,Upper Egypt,2023-10-07,Month-to-month,Bank transfer,No,Yes,Yes,No
C11522,Male,50,Tanta,Delta,2020-06-01,Month-to-month,Electronic check,No,Yes,Yes,No
C11523,Male,38,Hurghada,Red Sea,2020-01-28,One year,Mailed check,No,Yes,Yes,Yes
C11524,Female,28,Ismailia,Suez,2021-11-08,One year,Electronic check,Yes,Yes,Yes,No
C11525,Male,36,Alexandria,Delta,2020-07-06,One year,Electronic check,No,Yes,Yes,Yes
C11526,Male,57,Luxor,Upper Egypt,2021-10-18,One year,Electronic check,No,No,Yes,Yes
C11527,Male,68,Aswan,Upper Egypt,2021-01-13,Month-to-month,Electronic check,No,No,Yes,No
C11528,Male,63,Hurghada,Red Sea,2020-09-10,One year,Electronic check,No,No,Yes,Yes
C11529,Female,35,Suez,Suez,2022-04-24,Month-to-month,Electronic check,No,No,Yes,Yes
C11530,Female,26,Mansoura,Delta,2020-11-26,Month-to-month,Electronic check,No,Yes,No,Yes
C11531,Female,43,Cairo,Greater Cairo,2023-10-13,Month-to-month,Bank transfer,No,No,Yes,Yes
C11532,Female,18,Aswan,Upper Egypt,2022-01-03,One year,Mailed check,No,No,No,Yes
C11533,Male,46,Tanta,Delta,2023-04-17,Month-to-month,Bank transfer,No,No,No,No
C11534,Female,39,Aswan,Upper Egypt,2022-08-09,Month-to-month,Electronic check,No,No,Yes,No
C11535,Female,35,Luxor,Upper Egypt,2023-07-18,Month-to-month,Mailed check,No,Yes,Yes,Yes
C11536,Male,19,Tanta,Delta,2020-07-13,Month-to-month,Mailed check,No,Yes,Yes,Yes
C11537,Male,49,Mansoura,Delta,2023-01-30,Month-to-month,Electronic check,No,No,No,Yes
C11538,Male,34,Aswan,Upper Egypt,2023-09-25,Month-to-month,Credit card,Yes,No,No,Yes
C11539,Male,25,Tanta,Delta,2022-11-28,Two year,Credit card,No,Yes,No,Yes
C11540,Female,18,Ismailia,Suez,2021-09-28,One year,Mailed check,Yes,Yes,No,Yes
C11541,Female,41,Hurghada,Red Sea,2020-09-19,Month-to-month,Credit card,Yes,No,No,Yes
C11542,Male,66,Assiut,Upper Egypt,2023-11-10,Month-to-month,Credit card,No,No,No,Yes
C11543,Female,65,Hurghada,Red Sea,2021-02-02,Two year,Credit card,No,Yes,Yes,No
C11544,Male,35,Aswan,Upper Egypt,2023-02-27,Month-to-month,Electronic check,No,Yes,No,Yes
C11545,Female,33,Giza,Greater Cairo,2022-12-19,Month-to-month,Bank transfer,No,No,Yes,Yes
C11546,Male,48,Mansoura,Delta,2020-10-20,Month-to-month,Credit card,No,Yes,Yes,Yes
C11547,Female,28,Port Said,Suez,2020-10-26,One year,Credit card,No,No,Yes,No
C11548,Male,46,Suez,Suez,2023-05-24,Month-to-month,Bank transfer,No,Yes,No,Yes
C11549,Female,52,Luxor,Upper Egypt,2023-12-05,Two year,Electronic check,No,Yes,No,Yes
C11550,Female,59,Giza,Greater Cairo,2022-01-24,Month-to-month,Credit card,Yes,No,Yes,Yes
C11551,Female,40,Giza,Greater Cairo,2021-07-14,Month-to-month,Electronic check,No,No,Yes,Yes
C11552,Female,39,Cairo,Greater Cairo,2020-09-10,Month-to-month,Electronic check,No,Yes,No,No
C11553,Female,29,Port Said,Suez,2020-02-22,One year,Bank transfer,No,No,Yes,Yes
C11554,Female,30,Suez,Suez,2023-03-10,Month-to-month,Mailed check,No,Yes,No,Yes
C11555,Male,38,Alexandria,Delta,2020-11-06,Month-to-month,Electronic check,No,Yes,No,No
C11556,Female,47,Giza,Greater Cairo,2022-04-25,Month-to-month,Electronic check,No,Yes,No,Yes
C11557,Female,54,Hurghada,Red Sea,2020-11-13,One year,Electronic check,No,Yes,Yes,Yes
C11558,Female,30,Tanta,Delta,2021-05-05,Month-to-month,Bank transfer,Yes,Yes,No,Yes
C11559,Male,62,Tanta,Delta,2020-11-08,Two year,Electronic check,No,No,No,Yes
C11560,Female,38,Aswan,Upper Egypt,2020-02-18,One year,Bank transfer,No,Yes,Yes,Yes
C11561,Male,41,Tanta,Delta,2023-04-08,Month-to-month,Mailed check,Yes,No,Yes,Yes
C11562,Male,31,Port Said,Suez,2020-01-16,Two year,Bank transfer,No,No,No,Yes
C11563,Male,18,Suez,Suez,2021-06-08,Month-to-month,Electronic check,No,Yes,No,Yes
C11564,Female,54,Suez,Suez,2023-08-27,One year,Credit card,No,Yes,Yes,Yes
C11565,Male,52,Hurghada,Red Sea,2021-02-25,Month-to-month,Bank transfer,No,Yes,No,Yes
C11566,Male,38,Ismailia,Suez,2023-07-06,Month-to-month,Credit card,No,Yes,Yes,Yes
C11567,Male,42,Alexandria,Delta,2021-11-14,Month-to-month,Credit card,No,No,No,No
C11568,Male,49,Aswan,Upper Egypt,2022-09-10,One year,Electronic check,No,Yes,Yes,Yes
C11569,Male,20,Cairo,Greater Cairo,2023-06-22,Month-to-month,Electronic check,No,Yes,No,Yes
C11570,Male,34,Giza,Greater Cairo,2020-04-19,Month-to-month,Bank transfer,No,No,Yes,Yes
C11571,Male,53,Mansoura,Delta,2020-03-12,Two year,Electronic check,No,Yes,Yes,No
C11572,Male,24,Aswan,Upper Egypt,2020-12-23,Month-to-month,Electronic check,No,No,No,Yes
C11573,Female,46,Giza,Greater Cairo,2023-11-17,Month-to-month,Electronic check,No,Yes,Yes,Yes
C11574,Female,23,Luxor,Upper Egypt,2020-12-24,Two year,Bank transfer,Yes,Yes,No,Yes
C11575,Female,48,Tanta,Delta,2021-07-01,Month-to-month,Electronic check,No,Yes,No,No
C11576,Male,41,Suez,Suez,2022-06-10,One year,Bank transfer,No,Yes,No,Yes
C11577,Female,19,Aswan,Upper Egypt,2022-08-25,One year,Mailed check,No,Yes,No,Yes
C11578,Female,58,Luxor,Upper Egypt,2020-12-22,One year,Mailed check,No,No,Yes,No
C11579,Female,31,Ismailia,Suez,2023-01-15,Month-to-month,Credit card,Yes,No,Yes,Yes
C11580,Female,30,Ismailia,Suez,2022-08-13,Month-to-month,Bank transfer,No,Yes,No,Yes
C11581,Male,44,Suez,Suez,2021-11-30,One year,Credit card,Yes,Yes,Yes,No
C11582,Female,58,Giza,Greater Cairo,2022-05-08,Two year,Credit card,No,Yes,Yes,Yes
C11583,Male,27,Hurghada,Red Sea,2021-04-09,One year,Credit card,No,No,No,Yes
C11584,Female,42,Port Said,Suez,2023-09-07,Two year,Electronic check,No,No,Yes,Yes
C11585,Female,48,Alexandria,Delta,2023-11-22,Two year,Electronic check,Yes,Yes,No,Yes
C11586,Male,51,Hurghada,Red Sea,2021-09-19,Month-to-month,Mailed check,No,Yes,Yes,Yes
C11587,Male,44,Mansoura,Delta,2020-09-04,Month-to-month,Credit card,No,Yes,No,Yes
C11588,Male,36,Luxor,Upper Egypt,2022-01-02,One year,Electronic check,No,No,No,Yes
C11589,Female,30,Luxor,Upper Egypt,2023-06-22,One year,Mailed check,No,Yes,No,No
C11590,Female,43,Assiut,Upper Egypt,2021-12-20,Month-to-month,Bank transfer,No,No,Yes,Yes
C11591,Female,26,Ismailia,Suez,2022-10-01,Two year,Mailed check,No,Yes,No,Yes
C11592,Male,18,Giza,Greater Cairo,2021-05-17,One year,Bank transfer,No,No,No,Yes
C11593,Male,48,Suez,Suez,2022-08-19,Month-to-month,Electronic check,No,No,Yes,Yes
C11594,Male,54,Cairo,Greater Cairo,2023-11-01,Month-to-month,Credit card,No,No,Yes,Yes
C11595,Female,18,Mansoura,Delta,2023-11-28,One year,Credit card,No,Yes,No,Yes
C11596,Female,27,Alexandria,Delta,2022-07-14,Month-to-month,Electronic check,No,No,No,Yes
C11597,Male,50,Giza,Greater Cairo,2021-02-11,Month-to-month,Electronic check,No,Yes,No,Yes
C11598,Male,70,Tanta,Delta,2021-11-27,Two year,Bank transfer,No,No,Yes,Yes
C11599,Male,42,Alexandria,Delta,2023-05-24,One year,Mailed check,No,No,Yes,Yes
C11600,Female,31,Ismailia,Suez,2023-01-18,Month-to-month,Mailed check,No,No,Yes,Yes
C11601,Female,39,Ismailia,Suez,2022-01-02,Month-to-month,Mailed check,No,Yes,Yes,Yes
C11602,Male,61,Suez,Suez,2021-01-17,One year,Mailed check,No,No,No,Yes
C11603,Male,32,Suez,Suez,2022-04-26,Month-to-month,Electronic check,No,No,Yes,Yes
C11604,Female,30,Cairo,Greater Cairo,2022-01-31,Month-to-month,Credit card,Yes,No,Yes,Yes
C11605,Male,35,Assiut,Upper Egypt,2021-05-14,Two year,Credit card,No,No,No,Yes
C11606,Male,28,Alexandria,Delta,2022-03-05,One year,Bank transfer,No,Yes,Yes,Yes
C11607,Male,43,Giza,Greater Cairo,2022-09-05,Month-to-month,Credit card,No,Yes,No,No
C11608,Female,64,Tanta,Delta,2021-06-21,Month-to-month,Bank transfer,Yes,No,No,Yes
C11609,Female,46,Luxor,Upper Egypt,2022-07-10,One year,Credit card,No,Yes,No,Yes
C11610,Female,38,Ismailia,Suez,2023-07-25,Month-to-month,Bank transfer,No,Yes,No,Yes
C11611,Female,37,Giza,Greater Cairo,2023-02-24,Month-to-month,Credit card,Yes,Yes,No,Yes
C11612,Female,20,Aswan,Upper Egypt,2023-08-24,Two year,Credit card,No,No,No,No
C11613,Female,54,Port Said,Suez,2022-09-25,Month-to-month,Credit card,No,Yes,No,Yes
C11614,Female,40,Assiut,Upper Egypt,2022-12-27,Month-to-month,Bank transfer,No,No,No,No
C11615,Male,39,Assiut,Upper Egypt,2021-10-25,Two year,Bank transfer,No,No,Yes,No
C11616,Female,80,Mansoura,Delta,2021-06-24,One year,Bank transfer,No,Yes,No,Yes
C11617,Female,46,Hurghada,Red Sea,2023-01-16,One year,Electronic check,No,Yes,Yes,Yes
C11618,Female,31,Ismailia,Suez,2021-05-20,Month-to-month,Credit card,No,Yes,No,Yes
C11619,Female,36,Aswan,Upper Egypt,2021-07-08,Two year,Mailed check,No,No,Yes,Yes
C11620,Female,58,Port Said,Suez,2022-03-16,Month-to-month,Electronic check,No,No,No,No
C11621,Female,43,Port Said,Suez,2023-03-08,Month-to-month,Electronic check,No,No,Yes,Yes
C11622,Female,21,Assiut,Upper Egypt,2020-09-01,Month-to-month,Electronic check,No,Yes,Yes,No
C11623,Female,54,Giza,Greater Cairo,2023-01-28,One year,Electronic check,Yes,No,Yes,Yes
C11624,Male,32,Cairo,Greater Cairo,2020-08-16,Month-to-month,Bank transfer,No,No,Yes,Yes
C11625,Female,68,Port Said,Suez,2021-12-25,Two year,Electronic check,No,No,Yes,Yes
C11626,Female,57,Tanta,Delta,2023-01-14,One year,Credit card,Yes,No,No,Yes
C11627,Male,35,Luxor,Upper Egypt,2021-03-28,Month-to-month,Bank transfer,No,Yes,No,Yes
C11628,Male,59,Ismailia,Suez,2021-09-23,Month-to-month,Credit card,No,No,Yes,Yes
C11629,Male,42,Luxor,Upper Egypt,2022-06-28,Month-to-month,Bank transfer,No,No,Yes,Yes
C11630,Female,53,Tanta,Delta,2023-10-10,Month-to-month,Credit card,No,No,Yes,Yes
C11631,Female,48,Aswan,Upper Egypt,2023-05-27,Month-to-month,Electronic check,Yes,No,Yes,No
C11632,Male,30,Tanta,Delta,2021-10-05,Month-to-month,Electronic check,No,Yes,No,Yes
C11633,Female,32,Cairo,Greater Cairo,2023-11-06,Two year,Electronic check,No,No,Yes,Yes
C11634,Female,56,Assiut,Upper Egypt,2022-02-19,Month-to-month,Mailed check,No,No,Yes,Yes
C11635,Female,37,Tanta,Delta,2021-07-05,Month-to-month,Credit card,No,Yes,Yes,No
C11636,Male,36,Cairo,Greater Cairo,2022-02-20,Month-to-month,Credit card,Yes,Yes,Yes,Yes
C11637,Male,28,Mansoura,Delta,2020-06-11,One year,Electronic check,Yes,Yes,No,Yes
C11638,Male,47,Tanta,Delta,2022-04-18,Month-to-month,Bank transfer,No,Yes,Yes,Yes
C11639,Male,70,Mansoura,Delta,2023-01-27,Month-to-month,Mailed check,No,Yes,Yes,Yes
C11640,Male,27,Giza,Greater Cairo,2020-07-26,Month-to-month,Credit card,No,No,No,Yes
C11641,Male,42,Port Said,Suez,2021-01-17,Month-to-month,Electronic check,No,No,Yes,Yes
C11642,Male,61,Luxor,Upper Egypt,2020-10-03,Month-to-month,Mailed check,No,Yes,No,Yes
C11643,Female,40,Aswan,Upper Egypt,2021-05-18,Month-to-month,Bank transfer,No,Yes,Yes,Yes
C11644,Female,48,Alexandria,Delta,2020-01-02,Month-to-month,Bank transfer,No,No,No,No
C11645,Female,27,Ismailia,Suez,2022-11-30,Month-to-month,Bank transfer,No,No,No,Yes
C11646,Female,47,Alexandria,Delta,2022-10-27,Two year,Electronic check,Yes,Yes,No,No
C11647,Male,39,Suez,Suez,2022-04-24,Month-to-month,Electronic check,Yes,No,Yes,Yes
C11648,Male,55,Luxor,Upper Egypt,2023-07-31,One year,Mailed check,No,Yes,No,Yes
C11649,Male,58,Cairo,Greater Cairo,2021-04-10,Two year,Electronic check,No,No,No,No
C11650,Female,78,Alexandria,Delta,2022-05-01,Two year,Electronic check,Yes,Yes,No,Yes
C11651,Female,50,Aswan,Upper Egypt,2022-03-02,Two year,Credit card,Yes,No,No,No
C11652,Female,46,Cairo,Greater Cairo,2022-09-08,Month-to-month,Electronic check,No,Yes,Yes,No
C11653,Male,44,Hurghada,Red Sea,2023-02-24,Month-to-month,Electronic check,No,No,Yes,Yes
C11654,Female,37,Suez,Suez,2022-07-31,Month-to-month,Electronic check,No,Yes,No,Yes
C11655,Female,46,Port Said,Suez,2020-03-15,One year,Bank transfer,No,Yes,Yes,No
C11656,Female,37,Assiut,Upper Egypt,2023-09-14,One year,Bank transfer,No,Yes,Yes,Yes
C11657,Male,44,Giza,Greater Cairo,2023-06-17,Month-to-month,Mailed check,Yes,No,Yes,No
C11658,Male,60,Luxor,Upper Egypt,2023-03-11,Month-to-month,Credit card,No,No,No,No
C11659,Male,27,Cairo,Greater Cairo,2020-05-15,Month-to-month,Electronic check,No,Yes,Yes,Yes
C11660,Male,57,Ismailia,Suez,2022-10-07,Month-to-month,Bank transfer,No,No,No,No
C11661,Female,60,Suez,Suez,2023-02-17,One year,Credit card,No,No,Yes,Yes
C11662,Female,40,Suez,Suez,2021-05-17,Month-to-month,Electronic check,No,No,No,Yes
C11663,Female,18,Cairo,Greater Cairo,2023-04-26,Month-to-month,Credit card,Yes,Yes,Yes,No
C11664,Male,33,Tanta,Delta,2022-08-08,Two year,Credit card,No,No,No,Yes
C11665,Female,60,Suez,Suez,2021-11-09,Month-to-month,Electronic check,No,Yes,No,No
C11666,Male,41,Luxor,Upper Egypt,2022-04-11,Two year,Electronic check,No,Yes,No,No
C11667,Male,28,Mansoura,Delta,2021-04-27,Month-to-month,Credit card,No,No,Yes,Yes
C11668,Male,34,Mansoura,Delta,2021-05-13,One year,Electronic check,Yes,No,No,No
C11669,Male,53,Giza,Greater Cairo,2020-06-17,One year,Electronic check,No,No,Yes,No
C11670,Male,49,Cairo,Greater Cairo,2020-01-05,Month-to-month,Electronic check,No,No,No,Yes
C11671,Male,38,Cairo,Greater Cairo,2020-12-04,Two year,Electronic check,Yes,Yes,Yes,Yes
C11672,Male,36,Alexandria,Delta,2022-03-11,Two year,Mailed check,No,No,Yes,No
C11673,Female,36,Alexandria,Delta,2020-05-13,Month-to-month,Credit card,Yes,Yes,No,Yes
C11674,Female,29,Cairo,Greater Cairo,2022-03-16,Two year,Bank transfer,No,No,No,No
C11675,Female,64,Mansoura,Delta,2023-08-31,One year,Mailed check,No,Yes,No,Yes
C11676,Male,37,Tanta,Delta,2022-08-02,Month-to-month,Electronic check,Yes,Yes,Yes,Yes
C11677,Female,59,Alexandria,Delta,2020-11-01,One year,Electronic check,No,No,Yes,Yes
C11678,Female,63,Luxor,Upper Egypt,2020-09-08,Two year,Bank transfer,No,No,Yes,No
C11679,Male,55,Assiut,Upper Egypt,2020-11-16,Month-to-month,Mailed check,Yes,No,No,Yes
C11680,Female,35,Aswan,Upper Egypt,2023-09-10,Two year,Credit card,No,No,Yes,No
C11681,Female,47,Ismailia,Suez,2021-10-06,Two year,Bank transfer,No,Yes,Yes,No
C11682,Male,41,Mansoura,Delta,2022-05-01,Month-to-month,Credit card,No,Yes,Yes,Yes
C11683,Female,29,Mansoura,Delta,2021-02-18,One year,Mailed check,No,No,No,No
C11684,Female,46,Assiut,Upper Egypt,2020-01-06,Month-to-month,Credit card,No,Yes,Yes,Yes
C11685,Female,25,Port Said,Suez,2022-03-11,Two year,Credit card,No,Yes,No,Yes
C11686,Male,58,Aswan,Upper Egypt,2023-04-25,One year,Bank transfer,No,Yes,No,Yes
C11687,Female,35,Suez,Suez,2023-07-08,Two year,Electronic check,No,No,No,No
C11688,Male,44,Assiut,Upper Egypt,2023-04-25,Month-to-month,Electronic check,No,Yes,Yes,Yes
C11689,Female,45,Luxor,Upper Egypt,2021-06-27,Month-to-month,Electronic check,No,No,Yes,Yes
C11690,Female,38,Cairo,Greater Cairo,2020-06-04,Two year,Electronic check,No,No,Yes,Yes
C11691,Female,50,Suez,Suez,2023-09-20,Month-to-month,Credit card,No,No,Yes,No
C11692,Female,35,Port Said,Suez,2021-11-03,Month-to-month,Bank transfer,Yes,No,Yes,Yes
C11693,Male,54,Aswan,Upper Egypt,2020-02-12,Month-to-month,Credit card,No,Yes,No,Yes
C11694,Female,23,Alexandria,Delta,2022-05-23,Month-to-month,Electronic check,Yes,No,No,No
C11695,Male,43,Giza,Greater Cairo,2020-11-14,Two year,Credit card,Yes,Yes,Yes,Yes
C11696,Female,69,Alexandria,Delta,2020-08-20,One year,Electronic check,No,No,Yes,Yes
C11697,Female,27,Giza,Greater Cairo,2021-12-30,One year,Mailed check,No,Yes,No,Yes
C11698,Male,32,Giza,Greater Cairo,2020-11-28,Month-to-month,Electronic check,No,Yes,No,No
C11699,Female,49,Cairo,Greater Cairo,2021-11-27,Two year,Credit card,No,No,Yes,Yes
C11700,Female,44,Suez,Suez,2023-11-29,Month-to-month,Credit card,No,No,No,Yes
C11701,Female,46,Tanta,Delta,2020-03-26,Month-to-month,Electronic check,No,Yes,No,Yes
C11702,Female,48,Hurghada,Red Sea,2020-01-16,Two year,Credit card,Yes,Yes,Yes,Yes
C11703,Female,50,Aswan,Upper Egypt,2023-02-07,Two year,Bank transfer,No,Yes,No,Yes
C11704,Female,57,Mansoura,Delta,2020-03-20,Two year,Electronic check,No,Yes,No,No
C11705,Male,47,Mansoura,Delta,2021-11-27,Two year,Credit card,No,No,Yes,Yes
C11706,Female,38,Luxor,Upper Egypt,2020-02-16,Month-to-month,Electronic check,No,Yes,Yes,No
C11707,Male,51,Assiut,Upper Egypt,2020-08-20,Month-to-month,Electronic check,No,Yes,Yes,Yes
C11708,Male,68,Tanta,Delta,2020-04-10,Month-to-month,Credit card,No,Yes,No,No
C11709,Female,40,Giza,Greater Cairo,2022-04-06,One year,Electronic check,No,No,Yes,Yes
C11710,Female,28,Hurghada,Red Sea,2020-04-16,Month-to-month,Electronic check,No,Yes,Yes,No
C11711,Male,57,Aswan,Upper Egypt,2022-01-09,Month-to-month,Electronic check,Yes,Yes,Yes,Yes
C11712,Male,40,Ismailia,Suez,2023-03-11,One year,Electronic check,No,No,Yes,Yes
C11713,Male,18,Alexandria,Delta,2023-10-29,Month-to-month,Credit card,Yes,No,Yes,Yes
C11714,Male,53,Cairo,Greater Cairo,2022-05-30,Month-to-month,Bank transfer,No,No,No,Yes
C11715,Female,34,Suez,Suez,2021-08-12,Month-to-month,Bank transfer,No,No,No,Yes
C11716,Female,40,Cairo,Greater Cairo,2020-08-22,Month-to-month,Electronic check,No,Yes,Yes,No
C11717,Male,46,Ismailia,Suez,2021-05-24,Month-to-month,Electronic check,No,Yes,Yes,Yes
C11718,Male,44,Tanta,Delta,2021-07-20,Two year,Bank transfer,No,Yes,Yes,Yes
C11719,Female,51,Tanta,Delta,2022-07-04,Month-to-month,Bank transfer,No,No,No,No
C11720,Female,35,Ismailia,Suez,2022-11-28,One year,Mailed check,No,Yes,Yes,Yes
C11721,Male,49,Ismailia,Suez,2023-09-18,Month-to-month,Mailed check,No,Yes,No,Yes
C11722,Female,38,Alexandria,Delta,2020-05-05,One year,Credit card,No,No,Yes,Yes
C11723,Female,52,Alexandria,Delta,2021-08-03,Month-to-month,Mailed check,Yes,Yes,No,Yes
C11724,Male,50,Aswan,Upper Egypt,2021-02-15,One year,Electronic check,No,No,No,Yes
C11725,Male,28,Aswan,Upper Egypt,2020-09-30,Month-to-month,Electronic check,No,Yes,Yes,Yes
C11726,Female,57,Port Said,Suez,2021-06-05,One year,Electronic check,No,No,No,Yes
C11727,Male,34,Tanta,Delta,2021-08-02,Month-to-month,Electronic check,No,Yes,No,No
C11728,Male,53,Alexandria,Delta,2020-02-10,Month-to-month,Bank transfer,No,No,Yes,Yes
C11729,Male,47,Giza,Greater Cairo,2021-09-19,One year,Mailed check,No,No,Yes,Yes
C11730,Female,67,Giza,Greater Cairo,2022-02-17,Month-to-month,Electronic check,No,Yes,No,Yes
C11731,Male,38,Port Said,Suez,2021-11-13,Month-to-month,Mailed check,No,Yes,Yes,Yes
C11732,Male,37,Tanta,Delta,2022-04-21,Two year,Electronic check,No,Yes,Yes,Yes
C11733,Female,41,Hurghada,Red Sea,2020-10-04,Month-to-month,Electronic check,No,Yes,No,Yes
C11734,Female,37,Giza,Greater Cairo,2021-07-28,One year,Credit card,No,Yes,No,No
C11735,Male,53,Giza,Greater Cairo,2021-05-27,One year,Bank transfer,No,Yes,Yes,Yes
C11736,Female,19,Port Said,Suez,2020-12-08,One year,Bank transfer,Yes,No,Yes,No
C11737,Female,27,Giza,Greater Cairo,2020-06-30,Month-to-month,Electronic check,No,Yes,No,Yes
C11738,Female,27,Aswan,Upper Egypt,2023-02-13,One year,Electronic check,Yes,Yes,No,Yes
C11739,Male,55,Tanta,Delta,2020-04-02,One year,Electronic check,No,Yes,No,Yes
C11740,Female,65,Tanta,Delta,2023-06-20,Month-to-month,Electronic check,No,Yes,No,Yes
C11741,Female,40,Ismailia,Suez,2022-06-03,Month-to-month,Electronic check,No,No,No,Yes
C11742,Female,39,Cairo,Greater Cairo,2022-12-27,Month-to-month,Credit card,No,Yes,Yes,Yes
C11743,Male,42,Luxor,Upper Egypt,2020-08-10,Month-to-month,Bank transfer,No,No,No,Yes
C11744,Male,58,Aswan,Upper Egypt,2022-05-20,Month-to-month,Credit card,No,No,No,Yes
C11745,Male,29,Tanta,Delta,2022-04-11,Month-to-month,Credit card,No,Yes,Yes,No
C11746,Male,45,Cairo,Greater Cairo,2021-04-15,One year,Bank transfer,No,No,No,No
C11747,Male,55,Cairo,Greater Cairo,2022-11-26,Month-to-month,Credit card,No,Yes,Yes,Yes
C11748,Male,49,Tanta,Delta,2023-01-08,One year,Electronic check,No,No,No,Yes
C11749,Male,44,Alexandria,Delta,2020-03-31,Month-to-month,Credit card,No,Yes,Yes,Yes
C11750,Female,56,Giza,Greater Cairo,2022-05-14,One year,Bank transfer,No,No,No,Yes
C11751,Female,18,Assiut,Upper Egypt,2020-03-02,Month-to-month,Electronic check,Yes,Yes,Yes,Yes
C11752,Male,51,Hurghada,Red Sea,2023-07-28,One year,Electronic check,No,Yes,No,No
C11753,Female,32,Cairo,Greater Cairo,2023-07-15,One year,Bank transfer,No,No,No,Yes
C11754,Male,18,Port Said,Suez,2023-08-15,Month-to-month,Electronic check,Yes,Yes,No,Yes
C11755,Male,49,Alexandria,Delta,2020-12-25,Two year,Electronic check,No,Yes,No,Yes
C11756,Male,61,Port Said,Suez,2022-06-09,Month-to-month,Electronic check,Yes,No,Yes,Yes
C11757,Female,40,Giza,Greater Cairo,2022-01-10,One year,Electronic check,Yes,No,Yes,Yes
C11758,Male,55,Mansoura,Delta,2022-11-13,Month-to-month,Electronic check,No,No,No,No
C11759,Female,64,Hurghada,Red Sea,2020-03-26,One year,Electronic check,No,No,Yes,Yes
C11760,Female,60,Suez,Suez,2021-12-28,One year,Electronic check,No,Yes,Yes,Yes
C11761,Female,64,Cairo,Greater Cairo,2020-09-07,Two year,Electronic check,No,Yes,No,Yes
C11762,Female,52,Ismailia,Suez,2020-12-29,One year,Mailed check,No,Yes,Yes,Yes
C11763,Male,43,Port Said,Suez,2023-08-19,Month-to-month,Electronic check,Yes,Yes,Yes,Yes
C11764,Female,19,Hurghada,Red Sea,2020-12-15,One year,Bank transfer,No,No,No,Yes
C11765,Male,38,Tanta,Delta,2022-05-09,One year,Electronic check,No,No,Yes,Yes
C11766,Female,30,Giza,Greater Cairo,2022-08-04,Two year,Credit card,No,No,Yes,Yes
C11767,Female,72,Mansoura,Delta,2020-03-27,Month-to-month,Credit card,No,No,No,Yes
C11768,Male,39,Mansoura,Delta,2021-01-27,Two year,Credit card,Yes,Yes,No,Yes
C11769,Female,43,Mansoura,Delta,2021-08-18,Month-to-month,Credit card,No,Yes,Yes,Yes
C11770,Female,49,Tanta,Delta,2023-02-12,One year,Mailed check,No,No,No,Yes
C11771,Male,42,Aswan,Upper Egypt,2023-06-03,Two year,Electronic check,No,Yes,No,Yes
C11772,Male,65,Mansoura,Delta,2021-05-04,Month-to-month,Electronic check,No,No,Yes,No
C11773,Female,33,Suez,Suez,2021-10-07,Two year,Electronic check,No,Yes,Yes,Yes
C11774,Female,44,Port Said,Suez,2022-08-13,One year,Credit card,No,Yes,Yes,Yes
C11775,Male,31,Aswan,Upper Egypt,2021-03-19,Month-to-month,Bank transfer,No,Yes,No,No
C11776,Male,23,Giza,Greater Cairo,2023-06-07,One year,Mailed check,No,No,Yes,Yes
C11777,Female,33,Port Said,Suez,2022-12-10,Two year,Electronic check,No,Yes,Yes,Yes
C11778,Female,41,Luxor,Upper Egypt,2020-08-17,One year,Credit card,No,Yes,Yes,Yes
C11779,Female,35,Aswan,Upper Egypt,2023-07-28,One year,Electronic check,No,Yes,No,No
C11780,Male,32,Luxor,Upper Egypt,2022-01-23,One year,Mailed check,No,Yes,No,Yes
C11781,Male,22,Port Said,Suez,2023-08-02,One year,Electronic check,No,Yes,Yes,Yes
C11782,Female,40,Assiut,Upper Egypt,2020-02-24,One year,Bank transfer,No,Yes,Yes,No
C11783,Male,20,Giza,Greater Cairo,2021-05-06,Month-to-month,Electronic check,No,Yes,No,No
C11784,Female,52,Alexandria,Delta,2022-11-30,One year,Credit card,Yes,No,Yes,Yes
C11785,Female,43,Tanta,Delta,2022-10-05,Two year,Mailed check,No,Yes,Yes,Yes
C11786,Male,21,Luxor,Upper Egypt,2020-02-06,Two year,Credit card,No,Yes,Yes,Yes
C11787,Female,37,Suez,Suez,2020-06-30,Two year,Credit card,No,No,Yes,Yes
C11788,Male,31,Giza,Greater Cairo,2020-12-25,One year,Electronic check,No,Yes,No,Yes
C11789,Male,46,Luxor,Upper Egypt,2023-03-17,Month-to-month,Bank transfer,No,Yes,Yes,No
C11790,Female,60,Mansoura,Delta,2020-03-23,Month-to-month,Electronic check,No,No,Yes,Yes
C11791,Male,18,Aswan,Upper Egypt,2023-09-28,Two year,Bank transfer,No,No,Yes,Yes
C11792,Female,43,Suez,Suez,2020-09-11,Month-to-month,Bank transfer,No,Yes,Yes,Yes
C11793,Male,39,Mansoura,Delta,2021-08-08,One year,Credit card,No,No,No,Yes
C11794,Male,51,Luxor,Upper Egypt,2023-05-09,One year,Bank transfer,No,No,No,No
C11795,Female,44,Giza,Greater Cairo,2022-12-05,Month-to-month,Bank transfer,No,No,Yes,Yes
C11796,Male,31,Mansoura,Delta,2020-02-13,One year,Credit card,No,Yes,Yes,No
C11797,Male,37,Alexandria,Delta,2021-04-01,Month-to-month,Electronic check,No,No,Yes,Yes
C11798,Male,30,Port Said,Suez,2022-08-26,Month-to-month,Bank transfer,No,No,Yes,Yes
C11799,Male,57,Hurghada,Red Sea,2021-03-18,Month-to-month,Credit card,No,Yes,No,Yes
C11800,Female,42,Ismailia,Suez,2021-05-14,Two year,Bank transfer,No,Yes,No,No
C11801,Female,68,Luxor,Upper Egypt,2023-09-21,Month-to-month,Electronic check,No,No,No,Yes
C11802,Male,41,Luxor,Upper Egypt,2023-04-24,One year,Bank transfer,Yes,No,Yes,No
C11803,Female,32,Suez,Suez,2022-02-13,Month-to-month,Bank transfer,No,Yes,Yes,Yes
C11804,Female,20,Giza,Greater Cairo,2023-10-08,Two year,Credit card,No,No,No,No
C11805,Male,18,Mansoura,Delta,2021-01-28,One year,Mailed check,Yes,No,No,Yes
C11806,Male,19,Cairo,Greater Cairo,2020-12-02,Month-to-month,Electronic check,Yes,No,No,No
C11807,Female,45,Giza,Greater Cairo,2020-04-22,Month-to-month,Credit card,No,Yes,Yes,Yes
C11808,Male,49,Suez,Suez,2021-11-16,Two year,Credit card,Yes,Yes,No,Yes
C11809,Female,19,Giza,Greater Cairo,2021-08-23,One year,Electronic check,No,Yes,No,Yes
C11810,Male,54,Ismailia,Suez,2022-12-04,Month-to-month,Bank transfer,No,No,Yes,Yes
C11811,Female,35,Tanta,Delta,2023-07-29,Month-to-month,Electronic check,No,No,No,Yes
C11812,Male,44,Hurghada,Red Sea,2022-07-08,Two year,Bank transfer,No,No,Yes,Yes
C11813,Female,64,Cairo,Greater Cairo,2023-02-11,One year,Bank transfer,No,No,No,No
C11814,Male,54,Suez,Suez,2023-12-03,Two year,Electronic check,No,Yes,No,No
C11815,Female,38,Giza,Greater Cairo,2021-02-03,Month-to-month,Mailed check,Yes,Yes,No,Yes
C11816,Male,29,Tanta,Delta,2021-12-07,Two year,Mailed check,No,Yes,No,Yes
C11817,Male,18,Ismailia,Suez,2020-07-27,Month-to-month,Electronic check,No,Yes,No,Yes
C11818,Female,31,Alexandria,Delta,2022-08-15,Month-to-month,Bank transfer,No,Yes,Yes,Yes
C11819,Male,39,Ismailia,Suez,2023-01-21,Month-to-month,Electronic check,Yes,Yes,No,Yes
C11820,Female,28,Mansoura,Delta,2022-11-11,Month-to-month,Credit card,No,No,Yes,Yes
C11821,Male,40,Ismailia,Suez,2021-05-27,Two year,Mailed check,No,Yes,No,Yes
C11822,Female,43,Ismailia,Suez,2022-11-17,Month-to-month,Electronic check,Yes,Yes,Yes,No
C11823,Male,38,Giza,Greater Cairo,2023-07-10,Month-to-month,Mailed check,No,Yes,No,Yes
C11824,Female,32,Hurghada,Red Sea,2023-11-07,One year,Electronic check,No,Yes,Yes,No
C11825,Male,44,Port Said,Suez,2023-10-27,Two year,Mailed check,No,No,Yes,Yes
C11826,Female,48,Luxor,Upper Egypt,2023-10-26,Two year,Electronic check,No,Yes,No,No
C11827,Female,26,Tanta,Delta,2022-04-09,Month-to-month,Credit card,No,Yes,No,Yes
C11828,Female,61,Port Said,Suez,2020-10-21,Month-to-month,Credit card,No,No,No,Yes
C11829,Male,40,Luxor,Upper Egypt,2023-10-22,Two year,Mailed check,No,No,Yes,Yes
C11830,Female,42,Suez,Suez,2020-11-03,One year,Bank transfer,No,Yes,Yes,No
C11831,Male,51,Assiut,Upper Egypt,2023-03-08,Month-to-month,Mailed check,No,Yes,No,Yes
C11832,Female,45,Port Said,Suez,2020-02-03,Two year,Electronic check,No,No,Yes,No
C11833,Male,55,Ismailia,Suez,2023-01-15,Month-to-month,Bank transfer,No,No,No,Yes
C11834,Female,46,Suez,Suez,2021-11-22,Two year,Bank transfer,No,Yes,Yes,Yes
C11835,Female,33,Ismailia,Suez,2023-01-22,Month-to-month,Credit card,No,Yes,No,Yes
C11836,Male,47,Tanta,Delta,2023-01-19,Month-to-month,Mailed check,No,Yes,Yes,No
C11837,Female,25,Mansoura,Delta,2022-02-18,One year,Credit card,Yes,No,No,Yes
C11838,Female,43,Luxor,Upper Egypt,2023-01-14,Month-to-month,Bank transfer,No,No,Yes,No
C11839,Male,41,Assiut,Upper Egypt,2022-11-23,One year,Mailed check,No,No,Yes,Yes
C11840,Male,39,Ismailia,Suez,2023-07-04,One year,Mailed check,No,Yes,No,Yes
C11841,Female,40,Luxor,Upper Egypt,2023-06-22,Month-to-month,Mailed check,Yes,Yes,Yes,Yes
C11842,Male,18,Hurghada,Red Sea,2021-12-02,Two year,Electronic check,No,No,No,Yes
C11843,Male,34,Alexandria,Delta,2021-12-23,Two year,Bank transfer,No,Yes,Yes,Yes
C11844,Female,43,Luxor,Upper Egypt,2021-03-31,Two year,Electronic check,No,Yes,No,Yes
C11845,Female,44,Giza,Greater Cairo,2023-11-02,One year,Electronic check,No,No,No,Yes
C11846,Female,27,Luxor,Upper Egypt,2020-12-09,Two year,Electronic check,No,Yes,Yes,Yes
C11847,Female,59,Giza,Greater Cairo,2021-04-02,Two year,Credit card,Yes,No,No,Yes
C11848,Female,29,Port Said,Suez,2021-06-22,Two year,Credit card,No,Yes,No,Yes
C11849,Female,55,Mansoura,Delta,2021-04-04,Month-to-month,Electronic check,No,Yes,Yes,No
C11850,Female,47,Alexandria,Delta,2020-04-06,Month-to-month,Credit card,No,Yes,No,No
C11851,Male,32,Assiut,Upper Egypt,2021-03-06,Month-to-month,Electronic check,No,Yes,No,No
C11852,Male,66,Giza,Greater Cairo,2021-03-19,One year,Mailed check,No,No,No,Yes
C11853,Male,25,Tanta,Delta,2022-05-22,Month-to-month,Electronic check,Yes,No,Yes,Yes
C11854,Male,54,Mansoura,Delta,2020-06-27,Month-to-month,Mailed check,No,Yes,No,Yes
C11855,Male,56,Aswan,Upper Egypt,2020-01-14,Month-to-month,Electronic check,No,No,No,Yes
C11856,Male,32,Assiut,Upper Egypt,2023-02-15,Two year,Credit card,No,Yes,No,No
C11857,Female,61,Aswan,Upper Egypt,2023-01-08,Month-to-month,Electronic check,No,No,No,Yes
C11858,Female,38,Port Said,Suez,2023-07-18,Month-to-month,Bank transfer,No,No,No,Yes
C11859,Male,46,Mansoura,Delta,2023-06-12,Two year,Credit card,No,No,No,Yes
C11860,Male,45,Cairo,Greater Cairo,2020-03-28,Month-to-month,Electronic check,No,Yes,Yes,No
C11861,Male,40,Ismailia,Suez,2020-08-25,One year,Credit card,Yes,Yes,No,Yes
C11862,Male,53,Port Said,Suez,2021-02-21,One year,Mailed check,No,Yes,No,Yes
C11863,Female,53,Luxor,Upper Egypt,2023-04-16,One year,Bank transfer,Yes,Yes,No,Yes
C11864,Female,18,Hurghada,Red Sea,2021-08-22,One year,Electronic check,Yes,No,Yes,No
C11865,Female,60,Tanta,Delta,2020-05-22,One year,Credit card,No,Yes,Yes,Yes
C11866,Male,18,Alexandria,Delta,2021-02-13,One year,Credit card,No,No,Yes,Yes
C11867,Male,56,Giza,Greater Cairo,2022-11-30,Month-to-month,Electronic check,No,No,No,Yes
C11868,Male,57,Aswan,Upper Egypt,2022-04-07,Month-to-month,Electronic check,No,Yes,No,Yes
C11869,Female,26,Mansoura,Delta,2022-01-13,One year,Electronic check,Yes,Yes,Yes,Yes
C11870,Male,36,Port Said,Suez,2023-10-03,One year,Mailed check,No,Yes,Yes,Yes
C11871,Male,26,Hurghada,Red Sea,2022-06-19,Two year,Bank transfer,No,No,Yes,Yes
C11872,Male,38,Suez,Suez,2023-09-04,One year,Electronic check,No,Yes,No,Yes
C11873,Male,37,Suez,Suez,2023-03-06,Two year,Electronic check,No,Yes,Yes,Yes
C11874,Female,52,Ismailia,Suez,2023-04-13,Month-to-month,Electronic check,No,Yes,Yes,No
C11875,Female,60,Ismailia,Suez,2022-01-14,One year,Electronic check,No,Yes,No,Yes
C11876,Female,61,Mansoura,Delta,2022-05-05,Month-to-month,Bank transfer,No,No,Yes,Yes
C11877,Female,34,Mansoura,Delta,2021-05-21,Two year,Bank transfer,No,No,No,Yes
C11878,Male,39,Alexandria,Delta,2022-07-04,One year,Credit card,No,Yes,Yes,Yes
C11879,Female,18,Giza,Greater Cairo,2020-11-27,Month-to-month,Electronic check,No,No,No,Yes
C11880,Male,30,Aswan,Upper Egypt,2023-12-20,Two year,Electronic check,No,Yes,Yes,Yes
C11881,Male,55,Alexandria,Delta,2022-01-16,Month-to-month,Credit card,No,Yes,Yes,Yes
C11882,Male,64,Mansoura,Delta,2023-02-09,Month-to-month,Credit card,No,No,No,Yes
C11883,Male,24,Hurghada,Red Sea,2023-12-14,Two year,Bank transfer,No,Yes,No,No
C11884,Male,33,Tanta,Delta,2020-02-05,Month-to-month,Electronic check,No,Yes,No,Yes
C11885,Male,41,Assiut,Upper Egypt,2020-11-29,Two year,Credit card,No,Yes,Yes,Yes
C11886,Male,45,Hurghada,Red Sea,2023-04-16,One year,Bank transfer,Yes,Yes,No,Yes
C11887,Male,30,Cairo,Greater Cairo,2023-06-07,Two year,Credit card,No,No,Yes,Yes
C11888,Female,47,Giza,Greater Cairo,2023-05-31,Two year,Electronic check,Yes,Yes,Yes,Yes
C11889,Male,35,Giza,Greater Cairo,2023-11-07,Two year,Credit card,No,Yes,Yes,Yes
C11890,Male,41,Giza,Greater Cairo,2020-08-18,Month-to-month,Electronic check,No,Yes,Yes,Yes
C11891,Male,49,Aswan,Upper Egypt,2020-10-05,One year,Bank transfer,No,No,Yes,Yes
C11892,Male,42,Cairo,Greater Cairo,2021-08-24,One year,Mailed check,No,Yes,Yes,Yes
C11893,Female,35,Port Said,Suez,2020-07-31,Month-to-month,Credit card,No,Yes,No,Yes
C11894,Female,40,Ismailia,Suez,2022-12-10,Month-to-month,Electronic check,Yes,No,Yes,Yes
C11895,Female,40,Luxor,Upper Egypt,2020-09-20,Month-to-month,Credit card,No,No,No,Yes
C11896,Male,36,Hurghada,Red Sea,2023-09-03,Month-to-month,Credit card,No,No,Yes,Yes
C11897,Female,38,Cairo,Greater Cairo,2020-07-18,Month-to-month,Mailed check,Yes,Yes,No,No
C11898,Female,64,Port Said,Suez,2022-01-20,Month-to-month,Credit card,Yes,Yes,No,No
C11899,Male,49,Cairo,Greater Cairo,2020-10-15,Two year,Credit card,No,No,Yes,Yes
C11900,Female,37,Mansoura,Delta,2020-05-03,Month-to-month,Bank transfer,No,Yes,No,Yes
C11901,Male,51,Luxor,Upper Egypt,2021-04-12,Month-to-month,Credit card,No,Yes,No,Yes
C11902,Male,37,Ismailia,Suez,2023-07-17,One year,Electronic check,No,No,Yes,Yes
C11903,Male,58,Cairo,Greater Cairo,2023-06-15,Month-to-month,Credit card,No,No,No,Yes
C11904,Female,47,Suez,Suez,2020-05-12,Month-to-month,Bank transfer,No,No,No,Yes
C11905,Male,40,Tanta,Delta,2021-05-29,Month-to-month,Electronic check,No,No,No,Yes
C11906,Male,48,Cairo,Greater Cairo,2023-02-10,Month-to-month,Electronic check,No,Yes,Yes,Yes
C11907,Female,20,Port Said,Suez,2021-04-15,Month-to-month,Mailed check,No,Yes,No,Yes
C11908,Male,26,Port Said,Suez,2020-01-27,Month-to-month,Credit card,No,No,Yes,Yes
C11909,Male,25,Hurghada,Red Sea,2020-08-09,Two year,Bank transfer,No,Yes,Yes,Yes
C11910,Male,44,Tanta,Delta,2020-04-20,Month-to-month,Electronic check,Yes,Yes,No,Yes
C11911,Female,66,Aswan,Upper Egypt,2021-09-06,Month-to-month,Mailed check,Yes,Yes,Yes,Yes
C11912,Female,73,Alexandria,Delta,2021-12-15,One year,Bank transfer,No,No,No,Yes
C11913,Female,50,Cairo,Greater Cairo,2021-02-22,Month-to-month,Electronic check,No,Yes,No,Yes
C11914,Female,49,Mansoura,Delta,2022-06-14,Two year,Mailed check,Yes,No,Yes,Yes
C11915,Male,18,Hurghada,Red Sea,2022-08-30,Month-to-month,Electronic check,No,No,No,Yes
C11916,Female,34,Ismailia,Suez,2023-04-21,Month-to-month,Electronic check,Yes,No,No,Yes
C11917,Male,30,Mansoura,Delta,2020-03-17,Month-to-month,Bank transfer,No,Yes,No,Yes
C11918,Female,33,Tanta,Delta,2023-09-29,Two year,Electronic check,No,Yes,No,Yes
C11919,Male,39,Suez,Suez,2021-09-01,One year,Bank transfer,No,No,No,Yes
C11920,Male,35,Tanta,Delta,2022-08-06,One year,Bank transfer,No,No,No,Yes
C11921,Female,18,Giza,Greater Cairo,2020-10-31,Month-to-month,Electronic check,Yes,No,No,Yes
C11922,Male,52,Assiut,Upper Egypt,2022-06-13,Month-to-month,Bank transfer,No,No,Yes,No
C11923,Female,26,Cairo,Greater Cairo,2020-05-17,One year,Credit card,No,No,Yes,Yes
C11924,Female,45,Cairo,Greater Cairo,2022-11-21,Month-to-month,Credit card,No,Yes,Yes,Yes
C11925,Male,71,Ismailia,Suez,2023-09-24,One year,Bank transfer,No,No,Yes,No
C11926,Male,29,Tanta,Delta,2022-01-26,One year,Bank transfer,No,No,Yes,No
C11927,Male,18,Aswan,Upper Egypt,2020-02-15,One year,Bank transfer,No,No,Yes,No
C11928,Male,37,Port Said,Suez,2022-03-28,Two year,Electronic check,Yes,Yes,No,No
C11929,Female,57,Port Said,Suez,2022-11-16,One year,Electronic check,No,No,No,No
C11930,Male,69,Cairo,Greater Cairo,2020-02-22,Month-to-month,Electronic check,No,No,Yes,No
C11931,Male,24,Tanta,Delta,2022-02-17,One year,Electronic check,No,Yes,Yes,Yes
C11932,Female,48,Ismailia,Suez,2023-04-24,Month-to-month,Electronic check,No,Yes,No,Yes
C11933,Female,35,Suez,Suez,2023-10-04,Two year,Mailed check,No,No,Yes,Yes
C11934,Male,40,Hurghada,Red Sea,2020-08-29,Month-to-month,Credit card,No,No,Yes,Yes
C11935,Male,79,Aswan,Upper Egypt,2023-02-04,One year,Electronic check,No,Yes,No,Yes
C11936,Female,20,Giza,Greater Cairo,2022-07-31,One year,Credit card,No,No,Yes,Yes
C11937,Male,45,Suez,Suez,2022-05-13,One year,Electronic check,No,No,Yes,Yes
C11938,Female,48,Cairo,Greater Cairo,2021-06-28,Month-to-month,Electronic check,Yes,Yes,Yes,Yes
C11939,Male,57,Luxor,Upper Egypt,2020-10-18,Month-to-month,Credit card,No,Yes,No,Yes
C11940,Male,43,Cairo,Greater Cairo,2022-10-26,Two year,Credit card,No,No,No,Yes
C11941,Male,46,Suez,Suez,2020-03-25,Two year,Electronic check,No,No,Yes,No
C11942,Female,36,Suez,Suez,2023-03-25,Month-to-month,Electronic check,No,Yes,No,Yes
C11943,Male,45,Suez,Suez,2021-05-23,Month-to-month,Bank transfer,No,Yes,Yes,Yes
C11944,Male,37,Tanta,Delta,2021-03-12,Month-to-month,Mailed check,Yes,Yes,Yes,Yes
C11945,Female,50,Assiut,Upper Egypt,2023-02-13,Month-to-month,Mailed check,No,Yes,Yes,Yes
C11946,Female,36,Mansoura,Delta,2022-10-11,Month-to-month,Electronic check,Yes,No,Yes,No
C11947,Female,47,Mansoura,Delta,2020-02-27,One year,Mailed check,No,No,No,No
C11948,Male,41,Port Said,Suez,2020-09-16,One year,Bank transfer,No,Yes,Yes,No
C11949,Female,57,Port Said,Suez,2020-10-24,Month-to-month,Electronic check,No,Yes,Yes,No
C11950,Male,41,Luxor,Upper Egypt,2023-07-07,Month-to-month,Electronic check,No,Yes,No,Yes
C11951,Female,18,Mansoura,Delta,2022-11-03,Month-to-month,Electronic check,No,Yes,No,Yes
C11952,Female,59,Assiut,Upper Egypt,2023-09-13,Month-to-month,Electronic check,Yes,Yes,Yes,No
C11953,Female,29,Assiut,Upper Egypt,2021-05-19,One year,Mailed check,No,No,Yes,Yes
C11954,Male,32,Luxor,Upper Egypt,2023-10-30,One year,Electronic check,No,No,Yes,Yes
C11955,Male,33,Luxor,Upper Egypt,2023-08-19,Month-to-month,Mailed check,No,No,Yes,Yes
C11956,Male,61,Cairo,Greater Cairo,2020-02-20,One year,Bank transfer,No,Yes,No,Yes
C11957,Female,18,Alexandria,Delta,2020-04-06,Month-to-month,Mailed check,No,No,No,Yes
C11958,Female,80,Cairo,Greater Cairo,2021-10-31,One year,Electronic check,Yes,No,No,Yes
C11959,Female,56,Aswan,Upper Egypt,2022-06-26,Month-to-month,Credit card,No,No,No,No
C11960,Male,45,Port Said,Suez,2023-05-31,Month-to-month,Electronic check,No,No,No,No
C11961,Female,41,Alexandria,Delta,2023-07-21,Month-to-month,Mailed check,No,Yes,Yes,Yes
C11962,Female,45,Suez,Suez,2023-05-30,Month-to-month,Credit card,Yes,No,Yes,No
C11963,Male,49,Alexandria,Delta,2020-11-07,Month-to-month,Credit card,No,No,No,Yes
C11964,Female,51,Mansoura,Delta,2022-04-01,Month-to-month,Electronic check,Yes,Yes,Yes,Yes
C11965,Female,49,Hurghada,Red Sea,2020-07-23,Month-to-month,Credit card,No,No,No,No
C11966,Male,43,Port Said,Suez,2020-01-31,Month-to-month,Bank transfer,No,No,No,No
C11967,Male,39,Tanta,Delta,2020-06-11,Month-to-month,Bank transfer,No,No,Yes,No
C11968,Female,39,Aswan,Upper Egypt,2020-10-03,Two year,Mailed check,No,Yes,No,Yes
C11969,Male,39,Alexandria,Delta,2020-04-19,Month-to-month,Electronic check,No,No,No,Yes
C11970,Female,57,Hurghada,Red Sea,2023-04-20,One year,Credit card,No,No,No,No
C11971,Male,50,Assiut,Upper Egypt,2021-06-26,Two year,Electronic check,Yes,Yes,No,No
C11972,Female,18,Mansoura,Delta,2020-04-06,Month-to-month,Credit card,No,No,No,Yes
C11973,Female,51,Hurghada,Red Sea,2020-10-25,Two year,Credit card,Yes,Yes,Yes,Yes
C11974,Female,44,Mansoura,Delta,2023-01-05,One year,Bank transfer,No,Yes,No,Yes
C11975,Female,41,Tanta,Delta,2021-05-12,One year,Bank transfer,No,Yes,No,Yes
C11976,Male,36,Port Said,Suez,2023-01-08,Month-to-month,Electronic check,Yes,No,No,Yes
C11977,Male,57,Giza,Greater Cairo,2023-05-27,One year,Credit card,No,No,No,Yes
C11978,Male,55,Cairo,Greater Cairo,2022-03-02,One year,Credit card,No,Yes,No,Yes
C11979,Male,31,Assiut,Upper Egypt,2021-04-15,Two year,Electronic check,No,Yes,Yes,Yes
C11980,Female,47,Aswan,Upper Egypt,2022-08-29,Month-to-month,Mailed check,Yes,No,No,No
C11981,Female,28,Mansoura,Delta,2021-06-04,Two year,Credit card,No,No,Yes,No
C11982,Male,22,Port Said,Suez,2022-01-10,One year,Mailed check,No,No,Yes,Yes
C11983,Female,33,Tanta,Delta,2023-08-11,One year,Electronic check,No,No,No,No
C11984,Female,54,Suez,Suez,2022-12-16,Month-to-month,Electronic check,No,Yes,No,No
C11985,Female,55,Aswan,Upper Egypt,2023-03-31,One year,Credit card,Yes,No,Yes,Yes
C11986,Male,49,Cairo,Greater Cairo,2020-07-02,Two year,Credit card,No,No,No,Yes
C11987,Male,52,Tanta,Delta,2023-02-14,One year,Bank transfer,No,Yes,Yes,Yes
C11988,Male,49,Alexandria,Delta,2020-08-18,Two year,Bank transfer,No,No,Yes,No
C11989,Male,33,Alexandria,Delta,2022-11-24,Two year,Credit card,No,Yes,Yes,Yes
C11990,Male,48,Giza,Greater Cairo,2020-01-31,Month-to-month,Electronic check,Yes,Yes,No,Yes
C11991,Female,53,Giza,Greater Cairo,2020-04-02,Two year,Mailed check,No,No,No,Yes
C11992,Male,52,Mansoura,Delta,2021-01-22,Month-to-month,Credit card,No,Yes,No,No
C11993,Male,58,Ismailia,Suez,2020-06-23,One year,Bank transfer,No,No,No,No
C11994,Male,51,Tanta,Delta,2021-10-06,Month-to-month,Credit card,No,Yes,Yes,Yes
C11995,Male,46,Aswan,Upper Egypt,2022-04-07,Two year,Electronic check,No,No,No,No
C11996,Female,56,Aswan,Upper Egypt,2020-06-01,Month-to-month,Credit card,Yes,No,No,Yes
C11997,Male,41,Giza,Greater Cairo,2020-01-27,Two year,Mailed check,No,Yes,Yes,Yes
C11998,Male,29,Mansoura,Delta,2020-01-04,Two year,Bank transfer,Yes,No,No,Yes
C11999,Male,39,Assiut,Upper Egypt,2023-02-24,One year,Mailed check,No,No,Yes,Yes
C12000,Female,31,Alexandria,Delta,2022-03-06,One year,Credit card,No,No,Yes,Yes
C12001,Female,32,Suez,Suez,2020-05-28,Month-to-month,Mailed check,No,Yes,No,Yes
C12002,Male,39,Suez,Suez,2022-07-19,Two year,Electronic check,No,Yes,Yes,No
C12003,Male,30,Luxor,Upper Egypt,2023-12-07,One year,Mailed check,No,Yes,No,Yes
C12004,Male,37,Port Said,Suez,2020-01-12,One year,Credit card,No,Yes,Yes,No
C12005,Female,18,Assiut,Upper Egypt,2022-11-11,Month-to-month,Credit card,No,No,No,Yes
C12006,Male,44,Aswan,Upper Egypt,2021-08-30,Month-to-month,Electronic check,Yes,Yes,No,Yes
C12007,Female,42,Alexandria,Delta,2022-06-11,Month-to-month,Electronic check,No,No,No,Yes
C12008,Male,30,Aswan,Upper Egypt,2020-04-19,Two year,Credit card,No,No,No,Yes
C12009,Male,51,Giza,Greater Cairo,2023-02-07,Month-to-month,Electronic check,No,Yes,No,Yes
C12010,Male,55,Cairo,Greater Cairo,2023-03-29,Month-to-month,Credit card,No,Yes,Yes,No
C12011,Male,19,Giza,Greater Cairo,2023-07-18,Month-to-month,Credit card,No,No,No,No
C12012,Female,31,Alexandria,Delta,2021-03-08,Two year,Electronic check,No,Yes,Yes,No
C12013,Female,31,Hurghada,Red Sea,2021-07-27,Month-to-month,Electronic check,No,Yes,Yes,Yes
C12014,Female,28,Tanta,Delta,2020-07-03,Month-to-month,Mailed check,No,No,Yes,Yes
C12015,Male,53,Assiut,Upper Egypt,2023-02-25,One year,Bank transfer,Yes,Yes,No,No
C12016,Male,39,Aswan,Upper Egypt,2020-08-11,Two year,Bank transfer,No,No,Yes,Yes
C12017,Male,38,Hurghada,Red Sea,2022-01-12,Month-to-month,Credit card,No,Yes,Yes,Yes
C12018,Male,18,Aswan,Upper Egypt,2020-05-25,Two year,Bank transfer,No,Yes,No,Yes
C12019,Male,50,Port Said,Suez,2023-03-21,One year,Bank transfer,No,No,Yes,No
C12020,Male,24,Suez,Suez,2022-12-04,Month-to-month,Bank transfer,No,No,No,Yes
C12021,Female,42,Mansoura,Delta,2022-08-25,One year,Mailed check,No,Yes,No,Yes
C12022,Female,45,Port Said,Suez,2020-06-18,Month-to-month,Credit card,No,Yes,No,Yes
C12023,Male,61,Assiut,Upper Egypt,2023-02-23,One year,Mailed check,No,Yes,No,No
C12024,Male,23,Hurghada,Red Sea,2022-01-07,Month-to-month,Bank transfer,No,Yes,No,No
C12025,Male,18,Luxor,Upper Egypt,2022-12-21,Month-to-month,Credit card,No,No,Yes,Yes
C12026,Female,44,Tanta,Delta,2023-04-19,One year,Credit card,No,No,Yes,Yes
C12027,Male,67,Assiut,Upper Egypt,2021-04-11,Month-to-month,Credit card,No,No,No,No
C12028,Male,59,Assiut,Upper Egypt,2021-11-15,Month-to-month,Credit card,No,Yes,No,Yes
C12029,Female,44,Assiut,Upper Egypt,2020-06-12,Month-to-month,Mailed check,No,Yes,Yes,Yes
C12030,Female,35,Assiut,Upper Egypt,2020-08-07,Month-to-month,Bank transfer,No,Yes,Yes,No
C12031,Male,53,Giza,Greater Cairo,2020-07-24,Month-to-month,Mailed check,No,Yes,Yes,Yes
C12032,Female,28,Hurghada,Red Sea,2022-06-30,One year,Electronic check,No,Yes,Yes,Yes
C12033,Female,48,Tanta,Delta,2021-10-07,Two year,Credit card,No,Yes,Yes,No
C12034,Male,49,Ismailia,Suez,2020-10-03,Month-to-month,Credit card,No,No,Yes,Yes
C12035,Female,56,Hurghada,Red Sea,2020-04-13,Month-to-month,Electronic check,No,Yes,No,No
C12036,Female,80,Aswan,Upper Egypt,2023-07-21,Two year,Electronic check,No,Yes,No,Yes
C12037,Female,47,Hurghada,Red Sea,2021-01-26,Two year,Mailed check,No,No,No,Yes
C12038,Male,34,Ismailia,Suez,2020-05-14,Month-to-month,Credit card,No,Yes,No,Yes
C12039,Male,41,Tanta,Delta,2023-11-14,Two year,Electronic check,No,Yes,Yes,No
C12040,Female,18,Cairo,Greater Cairo,2022-11-03,One year,Credit card,No,Yes,No,Yes
C12041,Male,32,Tanta,Delta,2023-09-01,Month-to-month,Bank transfer,No,No,No,Yes
C12042,Male,36,Assiut,Upper Egypt,2023-11-05,One year,Electronic check,No,Yes,Yes,Yes
C12043,Female,34,Suez,Suez,2023-03-28,Month-to-month,Electronic check,No,Yes,Yes,Yes
C12044,Female,44,Aswan,Upper Egypt,2021-06-22,Month-to-month,Bank transfer,No,No,No,Yes
C12045,Male,30,Hurghada,Red Sea,2021-03-22,One year,Bank transfer,No,No,Yes,Yes
C12046,Female,57,Aswan,Upper Egypt,2022-07-27,Month-to-month,Credit card,Yes,No,Yes,Yes
C12047,Female,42,Cairo,Greater Cairo,2020-05-29,Month-to-month,Credit card,No,Yes,No,Yes
C12048,Male,41,Aswan,Upper Egypt,2023-01-05,Month-to-month,Bank transfer,No,Yes,Yes,No
C12049,Female,37,Assiut,Upper Egypt,2020-07-14,Month-to-month,Bank transfer,Yes,Yes,No,No
C12050,Male,44,Assiut,Upper Egypt,2021-05-15,Month-to-month,Credit card,No,No,No,Yes
C12051,Male,53,Giza,Greater Cairo,2020-06-30,Month-to-month,Mailed check,No,Yes,No,No
C12052,Female,29,Aswan,Upper Egypt,2021-11-15,One year,Credit card,No,No,No,No
C12053,Male,32,Giza,Greater Cairo,2020-12-16,One year,Bank transfer,No,Yes,No,Yes
C12054,Male,37,Luxor,Upper Egypt,2023-10-06,Two year,Electronic check,Yes,Yes,No,Yes
C12055,Male,23,Giza,Greater Cairo,2021-06-07,Month-to-month,Mailed check,Yes,Yes,Yes,No
C12056,Male,30,Giza,Greater Cairo,2021-12-06,Two year,Electronic check,No,Yes,Yes,Yes
C12057,Male,35,Giza,Greater Cairo,2023-08-18,One year,Bank transfer,No,No,Yes,Yes
C12058,Female,54,Hurghada,Red Sea,2020-01-09,One year,Bank transfer,No,Yes,No,Yes
C12059,Female,45,Assiut,Upper Egypt,2023-01-31,One year,Bank transfer,No,No,No,Yes
C12060,Male,44,Luxor,Upper Egypt,2023-02-12,Month-to-month,Bank transfer,No,No,Yes,Yes
C12061,Male,53,Giza,Greater Cairo,2023-01-26,Two year,Bank transfer,Yes,No,Yes,No
C12062,Female,40,Assiut,Upper Egypt,2021-09-28,Two year,Bank transfer,No,Yes,Yes,Yes
C12063,Female,47,Alexandria,Delta,2020-01-03,Month-to-month,Bank transfer,No,Yes,Yes,Yes
C12064,Male,40,Cairo,Greater Cairo,2021-05-31,Month-to-month,Electronic check,No,Yes,Yes,No
C12065,Male,45,Giza,Greater Cairo,2022-05-13,Two year,Credit card,No,Yes,Yes,Yes
C12066,Male,33,Alexandria,Delta,2020-03-14,One year,Credit card,No,Yes,Yes,No
C12067,Male,18,Hurghada,Red Sea,2022-06-17,Month-to-month,Credit card,Yes,Yes,Yes,Yes
C12068,Male,40,Cairo,Greater Cairo,2020-09-24,Month-to-month,Mailed check,No,No,No,Yes
C12069,Male,61,Ismailia,Suez,2020-04-27,Month-to-month,Credit card,No,No,No,Yes
C12070,Female,54,Suez,Suez,2020-07-15,One year,Electronic check,No,Yes,Yes,No
C12071,Male,55,Luxor,Upper Egypt,2023-10-30,Two year,Bank transfer,No,No,No,Yes
C12072,Male,59,Alexandria,Delta,2023-04-07,One year,Bank transfer,Yes,Yes,No,Yes
C12073,Female,43,Giza,Greater Cairo,2023-06-23,Month-to-month,Electronic check,No,Yes,Yes,Yes
C12074,Male,44,Port Said,Suez,2020-04-24,Month-to-month,Bank transfer,No,No,No,Yes
C12075,Male,33,Luxor,Upper Egypt,2021-04-23,One year,Credit card,Yes,No,No,Yes
C12076,Female,37,Suez,Suez,2021-08-10,One year,Credit card,No,Yes,No,No
C12077,Female,50,Tanta,Delta,2023-11-03,Month-to-month,Credit card,No,No,No,Yes
C12078,Female,58,Alexandria,Delta,2022-07-18,Month-to-month,Credit card,No,No,Yes,Yes
C12079,Male,40,Mansoura,Delta,2021-03-19,One year,Bank transfer,No,No,No,Yes
C12080,Male,35,Giza,Greater Cairo,2023-10-22,Month-to-month,Mailed check,No,Yes,No,No
C12081,Male,42,Hurghada,Red Sea,2023-06-29,Two year,Electronic check,No,No,Yes,Yes
C12082,Female,50,Mansoura,Delta,2021-03-27,Month-to-month,Electronic check,No,Yes,No,No
C12083,Male,21,Assiut,Upper Egypt,2023-09-27,Month-to-month,Bank transfer,No,No,Yes,No
C12084,Male,18,Hurghada,Red Sea,2021-05-08,Month-to-month,Bank transfer,No,No,No,Yes
C12085,Female,34,Assiut,Upper Egypt,2022-08-14,One year,Mailed check,No,No,No,Yes
C12086,Female,24,Luxor,Upper Egypt,2023-04-16,One year,Bank transfer,No,No,Yes,Yes
C12087,Male,34,Luxor,Upper Egypt,2022-01-29,One year,Credit card,No,No,No,No
C12088,Male,39,Luxor,Upper Egypt,2021-03-03,Two year,Electronic check,No,No,No,Yes
C12089,Male,35,Suez,Suez,2021-11-11,Two year,Credit card,No,No,Yes,No
C12090,Male,62,Luxor,Upper Egypt,2023-05-05,Month-to-month,Credit card,No,No,No,Yes
C12091,Female,46,Alexandria,Delta,2020-08-19,Two year,Electronic check,No,No,Yes,Yes
C12092,Male,46,Mansoura,Delta,2021-01-06,Month-to-month,Credit card,No,No,Yes,Yes
C12093,Male,50,Luxor,Upper Egypt,2020-08-26,Month-to-month,Electronic check,No,Yes,No,Yes
C12094,Male,26,Ismailia,Suez,2022-07-26,Month-to-month,Credit card,No,Yes,Yes,Yes
C12095,Male,56,Aswan,Upper Egypt,2022-12-23,Two year,Credit card,Yes,Yes,Yes,Yes
C12096,Female,40,Giza,Greater Cairo,2023-02-14,Month-to-month,Electronic check,No,No,Yes,Yes
C12097,Female,51,Mansoura,Delta,2021-06-30,Two year,Bank transfer,No,Yes,Yes,Yes
C12098,Male,26,Ismailia,Suez,2023-10-17,Month-to-month,Bank transfer,No,Yes,Yes,No
C12099,Female,20,Aswan,Upper Egypt,2020-09-27,One year,Mailed check,No,Yes,Yes,Yes
C12100,Male,53,Mansoura,Delta,2020-05-06,One year,Electronic check,No,No,Yes,No
C12101,Male,47,Cairo,Greater Cairo,2022-01-22,Month-to-month,Mailed check,No,Yes,Yes,No
C12102,Female,29,Ismailia,Suez,2020-12-30,One year,Electronic check,No,No,Yes,Yes
C12103,Male,29,Suez,Suez,2021-09-08,Month-to-month,Bank transfer,No,Yes,No,Yes
C12104,Male,57,Aswan,Upper Egypt,2020-12-02,Two year,Electronic check,No,No,No,Yes
C12105,Female,25,Alexandria,Delta,2020-02-24,One year,Electronic check,No,No,Yes,Yes
C12106,Female,64,Suez,Suez,2021-12-22,Two year,Credit card,No,Yes,Yes,Yes
C12107,Female,29,Tanta,Delta,2023-12-03,One year,Credit card,No,Yes,Yes,Yes
C12108,Female,50,Hurghada,Red Sea,2023-11-21,Two year,Credit card,No,No,Yes,Yes
C12109,Female,37,Luxor,Upper Egypt,2020-06-27,Month-to-month,Credit card,No,Yes,Yes,Yes
C12110,Female,50,Cairo,Greater Cairo,2022-11-13,Month-to-month,Bank transfer,No,Yes,Yes,No
C12111,Male,34,Luxor,Upper Egypt,2020-03-20,Month-to-month,Mailed check,Yes,Yes,No,Yes
C12112,Male,39,Port Said,Suez,2023-10-20,One year,Credit card,No,No,No,No
C12113,Female,42,Port Said,Suez,2021-06-12,One year,Mailed check,No,No,Yes,Yes
C12114,Male,27,Hurghada,Red Sea,2020-11-08,Month-to-month,Electronic check,No,Yes,Yes,Yes
C12115,Female,52,Mansoura,Delta,2020-11-11,Month-to-month,Credit card,No,Yes,Yes,Yes
C12116,Female,34,Luxor,Upper Egypt,2020-04-27,Month-to-month,Credit card,No,No,Yes,Yes
C12117,Male,38,Luxor,Upper Egypt,2021-05-11,Two year,Bank transfer,No,Yes,Yes,No
C12118,Male,28,Port Said,Suez,2020-04-23,Month-to-month,Bank transfer,No,Yes,Yes,Yes
C12119,Female,18,Tanta,Delta,2023-02-18,Two year,Credit card,No,No,Yes,Yes
C12120,Male,39,Tanta,Delta,2022-02-28,Month-to-month,Bank transfer,No,No,No,Yes
C12121,Female,75,Ismailia,Suez,2022-01-18,Month-to-month,Electronic check,No,No,Yes,Yes
C12122,Female,52,Suez,Suez,2020-05-28,One year,Credit card,No,No,Yes,Yes
C12123,Female,41,Giza,Greater Cairo,2020-06-07,One year,Credit card,No,No,No,Yes
C12124,Male,38,Suez,Suez,2022-02-08,One year,Electronic check,No,No,No,No
C12125,Male,42,Aswan,Upper Egypt,2020-01-02,Two year,Electronic check,No,Yes,Yes,Yes
C12126,Female,49,Giza,Greater Cairo,2020-10-05,One year,Electronic check,No,Yes,Yes,Yes
C12127,Female,25,Suez,Suez,2022-04-06,Month-to-month,Bank transfer,No,Yes,No,Yes
C12128,Male,57,Luxor,Upper Egypt,2022-10-01,Two year,Electronic check,No,Yes,Yes,Yes
C12129,Female,52,Ismailia,Suez,2020-02-27,Month-to-month,Electronic check,No,No,No,Yes
C12130,Male,52,Ismailia,Suez,2023-11-03,One year,Credit card,No,Yes,Yes,Yes
C12131,Female,48,Assiut,Upper Egypt,2021-09-24,Month-to-month,Credit card,No,No,Yes,Yes
C12132,Male,42,Cairo,Greater Cairo,2020-11-20,Month-to-month,Electronic check,No,No,No,No
C12133,Female,51,Mansoura,Delta,2023-02-27,One year,Credit card,No,Yes,Yes,Yes
C12134,Female,50,Port Said,Suez,2022-08-08,Month-to-month,Electronic check,No,No,No,Yes
C12135,Female,37,Suez,Suez,2022-07-10,Two year,Credit card,Yes,Yes,No,No
C12136,Female,33,Hurghada,Red Sea,2020-03-10,Month-to-month,Electronic check,Yes,Yes,No,Yes
C12137,Male,43,Aswan,Upper Egypt,2021-02-11,Month-to-month,Bank transfer,No,No,Yes,No
C12138,Female,63,Giza,Greater Cairo,2020-08-13,Two year,Bank transfer,No,No,Yes,Yes
C12139,Male,24,Hurghada,Red Sea,2022-01-29,One year,Bank transfer,No,No,Yes,Yes
C12140,Male,21,Aswan,Upper Egypt,2022-04-26,One year,Mailed check,No,Yes,No,Yes
C12141,Female,44,Suez,Suez,2022-03-16,Month-to-month,Electronic check,No,Yes,No,No
C12142,Female,42,Mansoura,Delta,2021-03-29,Month-to-month,Electronic check,Yes,No,Yes,Yes
C12143,Male,44,Suez,Suez,2021-05-11,Two year,Credit card,No,No,No,Yes
C12144,Female,45,Luxor,Upper Egypt,2021-06-24,Month-to-month,Bank transfer,No,Yes,Yes,Yes
C12145,Female,38,Port Said,Suez,2022-05-10,Month-to-month,Bank transfer,No,Yes,No,Yes
C12146,Male,62,Giza,Greater Cairo,2020-01-17,Two year,Credit card,No,Yes,Yes,Yes
C12147,Female,19,Cairo,Greater Cairo,2022-09-07,Month-to-month,Credit card,No,Yes,No,Yes
C12148,Female,30,Assiut,Upper Egypt,2021-11-20,Month-to-month,Bank transfer,No,Yes,Yes,Yes
C12149,Male,40,Mansoura,Delta,2021-07-23,One year,Credit card,No,Yes,Yes,Yes
C12150,Male,18,Suez,Suez,2020-04-21,Two year,Electronic check,No,No,Yes,Yes
C12151,Male,39,Tanta,Delta,2022-08-03,Month-to-month,Mailed check,No,No,Yes,Yes
C12152,Female,65,Ismailia,Suez,2023-10-19,Two year,Credit card,No,No,Yes,No
C12153,Male,42,Giza,Greater Cairo,2021-06-18,One year,Bank transfer,No,No,No,Yes
C12154,Male,45,Giza,Greater Cairo,2021-04-01,Two year,Bank transfer,Yes,Yes,No,No
C12155,Male,24,Luxor,Upper Egypt,2020-11-18,Two year,Bank transfer,Yes,Yes,Yes,Yes
C12156,Female,33,Alexandria,Delta,2021-06-26,Month-to-month,Bank transfer,Yes,Yes,No,Yes
C12157,Female,36,Port Said,Suez,2023-11-20,One year,Bank transfer,No,Yes,Yes,Yes
C12158,Female,37,Hurghada,Red Sea,2023-12-20,Two year,Bank transfer,No,Yes,Yes,No
C12159,Male,59,Ismailia,Suez,2023-09-19,Two year,Mailed check,No,No,No,Yes
C12160,Male,49,Mansoura,Delta,2021-03-01,Two year,Electronic check,No,No,Yes,Yes
C12161,Female,26,Luxor,Upper Egypt,2022-03-11,Month-to-month,Mailed check,No,Yes,Yes,Yes
C12162,Male,45,Suez,Suez,2021-04-23,Month-to-month,Electronic check,No,Yes,Yes,Yes
C12163,Male,48,Tanta,Delta,2020-02-14,Month-to-month,Electronic check,No,Yes,Yes,Yes
C12164,Female,57,Aswan,Upper Egypt,2022-01-17,Two year,Electronic check,No,Yes,No,Yes
C12165,Female,64,Assiut,Upper Egypt,2021-05-25,Two year,Electronic check,No,No,Yes,Yes
C12166,Male,27,Tanta,Delta,2023-04-06,One year,Electronic check,No,Yes,Yes,Yes
C12167,Male,30,Cairo,Greater Cairo,2020-09-17,One year,Mailed check,No,Yes,Yes,Yes
C12168,Male,24,Alexandria,Delta,2023-09-17,One year,Electronic check,No,Yes,No,No
C12169,Female,38,Mansoura,Delta,2023-09-14,Two year,Mailed check,No,Yes,No,Yes
C12170,Female,48,Assiut,Upper Egypt,2021-06-17,Month-to-month,Bank transfer,No,Yes,No,Yes
C12171,Female,55,Ismailia,Suez,2023-01-14,Month-to-month,Credit card,No,No,Yes,Yes
C12172,Male,40,Alexandria,Delta,2020-11-14,Month-to-month,Electronic check,No,No,No,Yes
C12173,Female,37,Hurghada,Red Sea,2021-06-05,Two year,Bank transfer,Yes,Yes,No,Yes
C12174,Male,44,Aswan,Upper Egypt,2023-03-20,One year,Electronic check,No,Yes,Yes,Yes
C12175,Male,30,Giza,Greater Cairo,2022-12-23,Month-to-month,Mailed check,No,No,No,No
C12176,Male,71,Ismailia,Suez,2020-05-31,Month-to-month,Electronic check,No,No,Yes,No
C12177,Male,19,Suez,Suez,2020-11-05,Month-to-month,Bank transfer,No,No,No,Yes
C12178,Female,44,Hurghada,Red Sea,2020-08-12,Month-to-month,Electronic check,Yes,No,No,Yes
C12179,Male,70,Tanta,Delta,2023-02-15,Month-to-month,Electronic check,No,No,Yes,Yes
C12180,Female,42,Alexandria,Delta,2022-02-10,One year,Bank transfer,No,No,Yes,No
C12181,Male,39,Hurghada,Red Sea,2023-01-10,Two year,Electronic check,No,No,No,No
C12182,Male,36,Mansoura,Delta,2022-10-25,Two year,Mailed check,No,No,Yes,Yes
C12183,Male,39,Alexandria,Delta,2020-01-22,Two year,Bank transfer,No,No,Yes,Yes
C12184,Female,61,Tanta,Delta,2023-10-28,Month-to-month,Electronic check,No,Yes,No,Yes
C12185,Male,18,Alexandria,Delta,2023-05-09,One year,Mailed check,No,No,No,Yes
C12186,Male,63,Alexandria,Delta,2022-01-04,One year,Electronic check,Yes,No,No,Yes
C12187,Male,22,Suez,Suez,2020-10-01,Month-to-month,Mailed check,No,Yes,Yes,Yes
C12188,Male,38,Giza,Greater Cairo,2021-10-22,Two year,Credit card,No,Yes,Yes,Yes
C12189,Female,35,Assiut,Upper Egypt,2023-09-23,One year,Mailed check,No,No,Yes,Yes
C12190,Male,50,Suez,Suez,2021-08-30,One year,Credit card,Yes,No,Yes,Yes
C12191,Female,19,Suez,Suez,2022-11-19,Month-to-month,Bank transfer,No,Yes,Yes,Yes
C12192,Male,48,Ismailia,Suez,2023-01-07,One year,Electronic check,No,Yes,Yes,Yes
C12193,Male,70,Alexandria,Delta,2020-11-06,Month-to-month,Credit card,No,No,No,Yes
C12194,Male,22,Hurghada,Red Sea,2022-02-01,One year,Credit card,No,No,No,Yes
C12195,Male,44,Giza,Greater Cairo,2023-04-08,Month-to-month,Electronic check,No,Yes,No,Yes
C12196,Female,32,Alexandria,Delta,2023-10-11,Month-to-month,Credit card,No,No,No,Yes
C12197,Female,47,Tanta,Delta,2021-10-04,One year,Credit card,No,No,No,No
C12198,Female,42,Hurghada,Red Sea,2021-09-28,One year,Electronic check,No,Yes,Yes,Yes
C12199,Male,33,Giza,Greater Cairo,2023-06-04,Month-to-month,Credit card,No,Yes,Yes,Yes
C12200,Male,48,Mansoura,Delta,2023-11-14,Month-to-month,Electronic check,No,Yes,Yes,Yes
C12201,Female,67,Port Said,Suez,2023-03-09,One year,Bank transfer,Yes,No,No,Yes
C12202,Female,39,Suez,Suez,2023-06-02,One year,Bank transfer,No,Yes,Yes,Yes
C12203,Male,52,Giza,Greater Cairo,2023-01-30,Month-to-month,Electronic check,No,No,Yes,Yes
C12204,Male,23,Hurghada,Red Sea,2020-01-05,Month-to-month,Mailed check,No,Yes,No,Yes
C12205,Female,28,Tanta,Delta,2020-07-16,Month-to-month,Bank transfer,No,Yes,No,Yes
C12206,Male,48,Port Said,Suez,2020-01-04,Two year,Bank transfer,No,No,Yes,Yes
C12207,Male,62,Cairo,Greater Cairo,2022-07-12,Month-to-month,Bank transfer,No,No,No,No
C12208,Male,46,Alexandria,Delta,2023-02-12,Two year,Electronic check,No,No,Yes,Yes
C12209,Female,37,Luxor,Upper Egypt,2020-06-19,Month-to-month,Bank transfer,No,No,Yes,Yes
C12210,Male,41,Tanta,Delta,2022-06-07,One year,Credit card,Yes,Yes,Yes,Yes
C12211,Male,24,Tanta,Delta,2021-04-07,One year,Electronic check,No,Yes,No,No
C12212,Female,50,Hurghada,Red Sea,2023-05-13,One year,Electronic check,No,Yes,No,No
C12213,Female,54,Aswan,Upper Egypt,2022-02-28,Month-to-month,Electronic check,No,No,Yes,Yes
C12214,Male,35,Ismailia,Suez,2021-06-29,Month-to-month,Electronic check,Yes,No,No,Yes
C12215,Male,35,Assiut,Upper Egypt,2023-04-30,Month-to-month,Credit card,No,No,No,Yes
C12216,Male,45,Hurghada,Red Sea,2023-10-15,Month-to-month,Bank transfer,No,No,No,Yes
C12217,Female,35,Port Said,Suez,2022-02-26,One year,Bank transfer,No,Yes,Yes,Yes
C12218,Male,41,Mansoura,Delta,2023-06-17,Month-to-month,Bank transfer,No,No,No,Yes
C12219,Female,71,Ismailia,Suez,2022-06-10,One year,Electronic check,No,No,Yes,Yes
C12220,Male,38,Aswan,Upper Egypt,2021-07-03,One year,Electronic check,No,No,No,Yes
C12221,Female,36,Suez,Suez,2023-06-21,Month-to-month,Electronic check,Yes,No,No,Yes
C12222,Female,32,Mansoura,Delta,2023-02-19,Month-to-month,Bank transfer,No,No,No,Yes
C12223,Male,52,Suez,Suez,2022-10-29,Two year,Electronic check,No,No,No,Yes
C12224,Female,39,Tanta,Delta,2022-03-27,One year,Bank transfer,No,No,No,Yes
C12225,Male,32,Mansoura,Delta,2021-08-16,Month-to-month,Credit card,No,No,Yes,Yes
C12226,Male,60,Giza,Greater Cairo,2020-03-05,Month-to-month,Electronic check,No,No,No,Yes
C12227,Male,61,Cairo,Greater Cairo,2023-01-19,Month-to-month,Bank transfer,No,Yes,Yes,Yes
C12228,Male,33,Ismailia,Suez,2020-03-25,Month-to-month,Electronic check,No,Yes,No,Yes
C12229,Male,18,Port Said,Suez,2021-12-12,Month-to-month,Credit card,Yes,No,No,No
C12230,Male,56,Cairo,Greater Cairo,2021-03-11,Month-to-month,Mailed check,No,No,Yes,Yes
C12231,Female,32,Ismailia,Suez,2021-02-20,Month-to-month,Credit card,No,No,Yes,Yes
C12232,Male,53,Aswan,Upper Egypt,2023-01-13,One year,Credit card,No,No,Yes,Yes
C12233,Female,18,Hurghada,Red Sea,2020-02-09,One year,Bank transfer,No,Yes,Yes,Yes
C12234,Male,54,Luxor,Upper Egypt,2022-02-01,Two year,Electronic check,No,No,No,No
C12235,Female,25,Alexandria,Delta,2023-05-16,One year,Electronic check,No,No,No,Yes
C12236,Female,52,Assiut,Upper Egypt,2020-12-03,Month-to-month,Electronic check,Yes,Yes,Yes,Yes
C12237,Female,42,Suez,Suez,2023-05-08,Month-to-month,Mailed check,No,No,Yes,Yes
C12238,Male,28,Giza,Greater Cairo,2023-06-01,Month-to-month,Electronic check,No,No,No,No
C12239,Female,36,Aswan,Upper Egypt,2021-09-21,Month-to-month,Mailed check,No,No,No,Yes
C12240,Female,51,Assiut,Upper Egypt,2020-12-15,Month-to-month,Credit card,No,Yes,No,Yes
C12241,Male,43,Alexandria,Delta,2021-08-11,Month-to-month,Mailed check,Yes,Yes,Yes,Yes
C12242,Female,50,Alexandria,Delta,2023-09-10,Month-to-month,Electronic check,No,No,Yes,No
C12243,Male,69,Ismailia,Suez,2022-08-06,Month-to-month,Mailed check,No,Yes,No,Yes
C12244,Female,20,Port Said,Suez,2021-10-27,Month-to-month,Bank transfer,No,No,Yes,Yes
C12245,Female,64,Giza,Greater Cairo,2022-04-11,Month-to-month,Mailed check,No,Yes,No,Yes
C12246,Female,43,Cairo,Greater Cairo,2022-12-19,Two year,Electronic check,No,Yes,No,Yes
C12247,Female,29,Mansoura,Delta,2022-08-23,Month-to-month,Mailed check,No,Yes,No,Yes
C12248,Female,23,Giza,Greater Cairo,2022-08-02,Month-to-month,Bank transfer,No,No,Yes,Yes
C12249,Male,39,Cairo,Greater Cairo,2021-11-13,Month-to-month,Mailed check,Yes,Yes,Yes,Yes
C12250,Female,54,Giza,Greater Cairo,2020-05-20,One year,Electronic check,No,Yes,No,No
C12251,Female,40,Port Said,Suez,2022-12-31,Two year,Credit card,No,No,Yes,Yes
C12252,Female,63,Tanta,Delta,2020-01-20,Month-to-month,Bank transfer,No,Yes,No,Yes
C12253,Female,21,Hurghada,Red Sea,2021-09-18,Month-to-month,Credit card,No,No,Yes,Yes
C12254,Male,41,Giza,Greater Cairo,2022-11-14,One year,Electronic check,No,No,Yes,Yes
C12255,Female,24,Aswan,Upper Egypt,2020-06-28,One year,Mailed check,No,Yes,No,Yes
C12256,Male,47,Mansoura,Delta,2021-04-04,Month-to-month,Mailed check,No,No,No,Yes
C12257,Female,54,Mansoura,Delta,2021-11-30,Month-to-month,Bank transfer,No,Yes,Yes,Yes
C12258,Female,36,Aswan,Upper Egypt,2021-04-11,One year,Bank transfer,No,No,Yes,Yes
C12259,Male,18,Port Said,Suez,2023-05-02,Month-to-month,Bank transfer,No,Yes,No,Yes
C12260,Female,44,Suez,Suez,2023-10-04,One year,Mailed check,No,Yes,No,No
C12261,Female,48,Assiut,Upper Egypt,2023-07-24,One year,Mailed check,No,Yes,Yes,Yes
C12262,Male,47,Aswan,Upper Egypt,2023-04-10,Month-to-month,Bank transfer,No,Yes,Yes,Yes
C12263,Male,59,Ismailia,Suez,2023-05-31,Two year,Mailed check,Yes,Yes,No,Yes
C12264,Female,27,Mansoura,Delta,2021-11-04,Two year,Credit card,No,Yes,No,Yes
C12265,Male,51,Port Said,Suez,2022-03-12,Two year,Electronic check,No,Yes,Yes,Yes
C12266,Female,58,Luxor,Upper Egypt,2023-01-03,Month-to-month,Electronic check,No,No,Yes,Yes
C12267,Female,18,Suez,Suez,2020-01-24,Two year,Electronic check,No,Yes,Yes,Yes
C12268,Male,46,Assiut,Upper Egypt,2021-10-08,Month-to-month,Credit card,No,Yes,Yes,No
C12269,Female,34,Giza,Greater Cairo,2023-07-10,Two year,Electronic check,No,Yes,No,No
C12270,Male,40,Ismailia,Suez,2021-10-14,Month-to-month,Bank transfer,Yes,Yes,Yes,Yes
C12271,Male,46,Cairo,Greater Cairo,2021-05-24,Two year,Bank transfer,No,No,No,Yes
C12272,Female,35,Assiut,Upper Egypt,2020-09-05,Month-to-month,Mailed check,No,No,Yes,No
C12273,Male,32,Cairo,Greater Cairo,2021-08-03,Month-to-month,Credit card,No,No,Yes,Yes
C12274,Female,42,Hurghada,Red Sea,2022-12-23,Month-to-month,Mailed check,No,No,Yes,Yes
C12275,Female,26,Port Said,Suez,2023-05-12,Month-to-month,Electronic check,No,Yes,Yes,Yes
C12276,Female,26,Luxor,Upper Egypt,2020-07-04,Month-to-month,Credit card,No,Yes,Yes,Yes
C12277,Female,51,Luxor,Upper Egypt,2021-05-05,One year,Bank transfer,No,Yes,Yes,Yes
C12278,Male,25,Luxor,Upper Egypt,2023-10-22,One year,Bank transfer,No,Yes,No,Yes
C12279,Female,51,Cairo,Greater Cairo,2020-11-20,One year,Mailed check,No,No,No,Yes
C12280,Male,48,Mansoura,Delta,2020-12-28,One year,Mailed check,No,Yes,No,Yes
C12281,Male,18,Suez,Suez,2023-11-27,Month-to-month,Credit card,No,Yes,No,Yes
C12282,Female,32,Luxor,Upper Egypt,2021-06-27,Month-to-month,Mailed check,Yes,Yes,Yes,Yes
C12283,Male,58,Cairo,Greater Cairo,2021-06-24,Month-to-month,Mailed check,No,Yes,No,Yes
C12284,Female,28,Aswan,Upper Egypt,2020-08-25,One year,Bank transfer,No,Yes,Yes,Yes
C12285,Male,35,Luxor,Upper Egypt,2022-10-11,Month-to-month,Bank transfer,No,Yes,Yes,Yes
C12286,Female,48,Suez,Suez,2022-11-08,Month-to-month,Electronic check,No,No,Yes,No
C12287,Male,52,Assiut,Upper Egypt,2023-01-06,One year,Mailed check,No,Yes,No,Yes
C12288,Male,38,Cairo,Greater Cairo,2023-08-07,Two year,Credit card,No,Yes,Yes,Yes
C12289,Female,33,Hurghada,Red Sea,2020-03-12,Month-to-month,Credit card,No,Yes,No,Yes
C12290,Female,61,Aswan,Upper Egypt,2023-08-28,One year,Credit card,No,Yes,Yes,Yes
C12291,Female,66,Aswan,Upper Egypt,2020-01-29,Two year,Electronic check,No,Yes,Yes,No
C12292,Female,55,Tanta,Delta,2022-11-15,Two year,Credit card,No,Yes,Yes,Yes
C12293,Female,43,Mansoura,Delta,2020-12-07,Two year,Credit card,Yes,Yes,Yes,No
C12294,Male,30,Hurghada,Red Sea,2023-08-29,Month-to-month,Mailed check,Yes,No,Yes,Yes
C12295,Female,30,Hurghada,Red Sea,2023-04-26,Two year,Electronic check,No,Yes,No,Yes
C12296,Male,49,Port Said,Suez,2023-08-10,Month-to-month,Bank transfer,No,No,Yes,No
C12297,Male,47,Alexandria,Delta,2021-07-21,One year,Mailed check,No,No,Yes,Yes
C12298,Female,61,Suez,Suez,2022-04-13,Month-to-month,Electronic check,Yes,No,No,No
C12299,Male,51,Mansoura,Delta,2020-01-29,Month-to-month,Credit card,No,Yes,Yes,Yes
C12300,Male,20,Port Said,Suez,2023-06-27,Month-to-month,Electronic check,No,No,Yes,Yes
C12301,Male,56,Cairo,Greater Cairo,2022-08-30,Month-to-month,Bank transfer,No,Yes,Yes,No
C12302,Male,28,Cairo,Greater Cairo,2020-03-06,One year,Credit card,No,No,Yes,Yes
C12303,Female,36,Tanta,Delta,2022-04-18,Two year,Bank transfer,Yes,No,No,Yes
C12304,Male,45,Cairo,Greater Cairo,2020-07-15,Month-to-month,Electronic check,No,Yes,Yes,No
C12305,Male,69,Suez,Suez,2022-08-03,Month-to-month,Bank transfer,Yes,No,Yes,Yes
C12306,Male,80,Tanta,Delta,2023-01-12,Two year,Bank transfer,No,No,Yes,Yes
C12307,Female,50,Alexandria,Delta,2021-01-15,Month-to-month,Credit card,No,No,No,No
C12308,Female,39,Giza,Greater Cairo,2023-03-12,Month-to-month,Credit card,No,No,Yes,Yes
C12309,Female,49,Tanta,Delta,2022-04-13,Month-to-month,Credit card,No,No,No,No
C12310,Male,54,Alexandria,Delta,2022-01-08,Month-to-month,Bank transfer,Yes,No,Yes,Yes
C12311,Female,37,Giza,Greater Cairo,2020-10-17,Two year,Credit card,No,Yes,No,Yes
C12312,Female,67,Aswan,Upper Egypt,2021-01-04,Month-to-month,Electronic check,No,No,No,Yes
C12313,Male,45,Alexandria,Delta,2022-08-21,Month-to-month,Bank transfer,No,No,Yes,No
C12314,Male,48,Mansoura,Delta,2021-12-07,Two year,Mailed check,No,Yes,No,Yes
C12315,Male,51,Giza,Greater Cairo,2023-03-23,One year,Electronic check,No,Yes,Yes,No
C12316,Female,47,Hurghada,Red Sea,2021-08-07,One year,Credit card,No,No,No,Yes
C12317,Female,53,Alexandria,Delta,2021-03-14,Month-to-month,Credit card,No,No,No,Yes
C12318,Male,33,Port Said,Suez,2021-04-17,Month-to-month,Bank transfer,No,Yes,Yes,Yes
C12319,Male,34,Giza,Greater Cairo,2022-06-14,Month-to-month,Electronic check,No,Yes,No,Yes
C12320,Male,26,Tanta,Delta,2021-10-29,Two year,Electronic check,No,No,No,Yes
C12321,Male,48,Port Said,Suez,2020-11-19,Month-to-month,Bank transfer,No,No,No,Yes
C12322,Male,52,Hurghada,Red Sea,2020-01-20,Month-to-month,Credit card,No,No,Yes,No
C12323,Female,48,Assiut,Upper Egypt,2020-01-04,Two year,Credit card,Yes,Yes,Yes,Yes
C12324,Female,65,Tanta,Delta,2021-08-20,One year,Credit card,No,Yes,Yes,Yes
C12325,Male,41,Giza,Greater Cairo,2021-05-31,Month-to-month,Credit card,Yes,Yes,No,Yes
C12326,Male,51,Tanta,Delta,2020-10-11,One year,Electronic check,No,No,Yes,Yes
C12327,Female,26,Mansoura,Delta,2023-01-17,Two year,Credit card,No,No,No,No
C12328,Female,36,Tanta,Delta,2020-03-24,Month-to-month,Credit card,No,No,Yes,Yes
C12329,Male,51,Giza,Greater Cairo,2021-05-15,Two year,Electronic check,Yes,Yes,No,Yes
C12330,Female,53,Hurghada,Red Sea,2021-06-14,Month-to-month,Electronic check,No,No,Yes,No
C12331,Male,37,Ismailia,Suez,2021-06-16,Two year,Bank transfer,Yes,Yes,No,Yes
C12332,Female,40,Luxor,Upper Egypt,2022-04-21,Month-to-month,Electronic check,No,No,No,Yes
C12333,Female,20,Luxor,Upper Egypt,2022-06-03,Month-to-month,Bank transfer,Yes,Yes,No,No
C12334,Male,37,Alexandria,Delta,2023-12-17,One year,Credit card,No,Yes,Yes,Yes
C12335,Female,54,Suez,Suez,2021-08-14,Two year,Electronic check,No,Yes,Yes,Yes
C12336,Male,50,Aswan,Upper Egypt,2021-06-20,One year,Credit card,No,No,Yes,Yes
C12337,Male,49,Tanta,Delta,2021-12-06,Two year,Electronic check,No,Yes,Yes,No
C12338,Male,42,Port Said,Suez,2023-12-07,Month-to-month,Bank transfer,No,Yes,Yes,No
C12339,Female,42,Assiut,Upper Egypt,2023-03-02,Month-to-month,Bank transfer,No,Yes,Yes,Yes
C12340,Male,32,Tanta,Delta,2020-04-23,Month-to-month,Mailed check,Yes,Yes,Yes,Yes
C12341,Female,51,Giza,Greater Cairo,2020-03-01,Month-to-month,Credit card,No,Yes,Yes,Yes
C12342,Female,47,Giza,Greater Cairo,2021-12-19,Month-to-month,Electronic check,No,No,Yes,Yes
C12343,Female,48,Luxor,Upper Egypt,2021-10-27,Month-to-month,Credit card,No,No,No,Yes
C12344,Male,34,Mansoura,Delta,2023-09-03,Month-to-month,Electronic check,No,Yes,No,Yes
C12345,Male,18,Giza,Greater Cairo,2023-06-27,Month-to-month,Electronic check,No,Yes,No,Yes
C12346,Male,57,Mansoura,Delta,2021-04-26,Month-to-month,Credit card,Yes,No,Yes,Yes
C12347,Female,35,Giza,Greater Cairo,2023-10-23,Month-to-month,Mailed check,No,No,No,No
C12348,Female,29,Luxor,Upper Egypt,2023-12-11,Two year,Credit card,No,No,Yes,No
C12349,Female,51,Giza,Greater Cairo,2023-06-26,Two year,Credit card,No,No,No,No
C12350,Female,36,Aswan,Upper Egypt,2022-08-14,Two year,Bank transfer,No,Yes,No,Yes
C12351,Female,56,Giza,Greater Cairo,2022-11-11,Month-to-month,Bank transfer,No,Yes,Yes,Yes
C12352,Female,50,Tanta,Delta,2021-09-21,Month-to-month,Bank transfer,No,No,Yes,No
C12353,Male,51,Giza,Greater Cairo,2021-11-19,One year,Mailed check,No,No,Yes,Yes
C12354,Male,22,Cairo,Greater Cairo,2022-03-29,One year,Electronic check,No,Yes,Yes,Yes
C12355,Female,58,Tanta,Delta,2023-01-24,One year,Bank transfer,No,Yes,No,Yes
C12356,Male,45,Assiut,Upper Egypt,2023-10-18,One year,Electronic check,No,Yes,Yes,Yes
C12357,Female,36,Suez,Suez,2022-05-09,One year,Credit card,No,Yes,No,No
C12358,Male,44,Cairo,Greater Cairo,2021-01-07,Month-to-month,Credit card,No,Yes,No,Yes
C12359,Male,18,Tanta,Delta,2020-03-01,Month-to-month,Mailed check,No,No,Yes,No
C12360,Male,47,Aswan,Upper Egypt,2020-10-18,Month-to-month,Bank transfer,No,No,Yes,No
C12361,Male,27,Alexandria,Delta,2020-05-07,Two year,Electronic check,No,Yes,Yes,Yes
C12362,Female,23,Cairo,Greater Cairo,2020-01-28,Month-to-month,Credit card,No,Yes,Yes,Yes
C12363,Female,20,Hurghada,Red Sea,2020-07-21,One year,Mailed check,No,No,Yes,No
C12364,Male,57,Ismailia,Suez,2022-03-05,Two year,Electronic check,No,No,Yes,Yes
C12365,Female,33,Giza,Greater Cairo,2023-04-06,One year,Credit card,No,No,No,No
C12366,Male,63,Giza,Greater Cairo,2021-02-25,Two year,Mailed check,No,Yes,Yes,Yes
C12367,Male,34,Port Said,Suez,2022-12-18,One year,Credit card,No,Yes,No,Yes
C12368,Female,18,Suez,Suez,2020-04-25,One year,Mailed check,No,Yes,No,Yes
C12369,Male,26,Suez,Suez,2022-08-20,Two year,Electronic check,No,No,No,Yes
C12370,Male,59,Port Said,Suez,2021-02-09,Month-to-month,Credit card,Yes,No,Yes,No
C12371,Male,39,Alexandria,Delta,2021-08-10,One year,Bank transfer,No,No,No,Yes
C12372,Male,34,Cairo,Greater Cairo,2020-12-13,One year,Bank transfer,No,Yes,Yes,No
C12373,Male,44,Alexandria,Delta,2020-09-05,Month-to-month,Electronic check,No,No,No,No
C12374,Female,49,Luxor,Upper Egypt,2023-09-26,Month-to-month,Mailed check,No,No,Yes,Yes
C12375,Male,57,Tanta,Delta,2023-03-29,Two year,Credit card,No,Yes,Yes,Yes
C12376,Male,62,Luxor,Upper Egypt,2021-09-02,Two year,Mailed check,Yes,Yes,Yes,Yes
C12377,Male,36,Ismailia,Suez,2022-12-06,One year,Credit card,Yes,Yes,Yes,Yes
C12378,Male,23,Suez,Suez,2020-10-07,Month-to-month,Credit card,No,Yes,Yes,Yes
C12379,Male,36,Hurghada,Red Sea,2022-05-20,One year,Credit card,No,No,Yes,Yes
C12380,Male,45,Assiut,Upper Egypt,2020-05-25,Month-to-month,Bank transfer,No,No,No,Yes
C12381,Male,28,Tanta,Delta,2023-09-29,Two year,Bank transfer,No,No,Yes,Yes
C12382,Female,28,Cairo,Greater Cairo,2020-08-30,Two year,Electronic check,No,No,Yes,Yes
C12383,Female,46,Giza,Greater Cairo,2021-10-17,Month-to-month,Bank transfer,No,Yes,Yes,Yes
C12384,Male,41,Aswan,Upper Egypt,2022-10-06,Month-to-month,Electronic check,No,No,No,Yes
C12385,Female,42,Assiut,Upper Egypt,2021-06-15,Month-to-month,Credit card,No,No,Yes,Yes
C12386,Female,31,Cairo,Greater Cairo,2020-11-10,Month-to-month,Electronic check,No,No,No,Yes
C12387,Female,38,Aswan,Upper Egypt,2020-10-16,Month-to-month,Electronic check,Yes,No,Yes,Yes
C12388,Female,29,Giza,Greater Cairo,2022-01-10,Month-to-month,Electronic check,No,Yes,No,Yes
C12389,Male,54,Tanta,Delta,2020-07-19,Month-to-month,Electronic check,No,Yes,Yes,No
C12390,Female,56,Giza,Greater Cairo,2021-09-09,Month-to-month,Electronic check,No,Yes,No,Yes
C12391,Male,18,Assiut,Upper Egypt,2021-06-15,One year,Mailed check,No,Yes,No,Yes
C12392,Female,28,Cairo,Greater Cairo,2022-07-07,Month-to-month,Electronic check,Yes,No,Yes,Yes
C12393,Male,21,Hurghada,Red Sea,2021-02-26,Two year,Electronic check,No,No,No,Yes
C12394,Male,32,Assiut,Upper Egypt,2023-05-21,Month-to-month,Credit card,No,No,Yes,Yes
C12395,Male,40,Mansoura,Delta,2022-11-24,Two year,Bank transfer,No,Yes,Yes,Yes
C12396,Female,21,Assiut,Upper Egypt,2021-04-26,Month-to-month,Mailed check,Yes,Yes,No,Yes
C12397,Female,29,Hurghada,Red Sea,2020-06-20,Two year,Electronic check,No,No,No,Yes
C12398,Female,27,Tanta,Delta,2023-10-28,One year,Electronic check,No,No,No,Yes
C12399,Female,44,Assiut,Upper Egypt,2021-06-05,Month-to-month,Credit card,No,Yes,Yes,No
C12400,Female,42,Alexandria,Delta,2021-01-05,Month-to-month,Credit card,No,Yes,No,Yes
C12401,Male,31,Cairo,Greater Cairo,2023-12-17,Month-to-month,Credit card,Yes,Yes,Yes,Yes
C12402,Female,44,Assiut,Upper Egypt,2023-08-26,Two year,Mailed check,Yes,No,Yes,Yes
C12403,Male,34,Mansoura,Delta,2020-11-18,One year,Bank transfer,Yes,No,No,Yes
C12404,Male,38,Cairo,Greater Cairo,2022-02-06,Month-to-month,Electronic check,No,Yes,Yes,Yes
C12405,Male,65,Alexandria,Delta,2020-03-01,Two year,Bank transfer,No,Yes,Yes,No
C12406,Female,60,Alexandria,Delta,2023-10-21,Month-to-month,Mailed check,Yes,No,Yes,No
C12407,Female,23,Aswan,Upper Egypt,2020-02-09,Two year,Credit card,Yes,Yes,No,No
C12408,Male,53,Assiut,Upper Egypt,2023-11-04,Month-to-month,Electronic check,No,Yes,Yes,Yes
C12409,Female,53,Alexandria,Delta,2021-06-03,Two year,Mailed check,No,Yes,No,Yes
C12410,Female,25,Aswan,Upper Egypt,2022-06-06,Two year,Credit card,Yes,Yes,Yes,Yes
C12411,Female,53,Mansoura,Delta,2020-05-04,Month-to-month,Mailed check,No,No,Yes,Yes
C12412,Male,63,Hurghada,Red Sea,2023-05-23,Month-to-month,Mailed check,Yes,No,Yes,Yes
C12413,Male,26,Alexandria,Delta,2023-03-18,Month-to-month,Mailed check,No,Yes,No,No
C12414,Female,29,Cairo,Greater Cairo,2020-09-13,Two year,Bank transfer,No,No,Yes,Yes
C12415,Male,56,Port Said,Suez,2023-08-12,Month-to-month,Credit card,No,No,No,Yes
C12416,Male,45,Port Said,Suez,2023-01-23,Month-to-month,Credit card,No,No,No,Yes
C12417,Male,49,Alexandria,Delta,2020-04-01,One year,Bank transfer,No,Yes,Yes,Yes
C12418,Male,46,Assiut,Upper Egypt,2021-09-04,Two year,Electronic check,Yes,No,Yes,Yes
C12419,Male,47,Alexandria,Delta,2021-12-14,Two year,Electronic check,No,Yes,Yes,Yes
C12420,Male,23,Alexandria,Delta,2022-02-05,Two year,Credit card,No,Yes,Yes,Yes
C12421,Male,56,Assiut,Upper Egypt,2021-08-03,Month-to-month,Bank transfer,No,Yes,No,Yes
C12422,Female,58,Hurghada,Red Sea,2021-03-02,One year,Bank transfer,No,Yes,No,No
C12423,Female,38,Alexandria,Delta,2023-04-27,Month-to-month,Electronic check,No,No,Yes,Yes
C12424,Female,41,Mansoura,Delta,2020-07-04,Month-to-month,Bank transfer,No,No,No,Yes
C12425,Male,20,Cairo,Greater Cairo,2020-08-29,Month-to-month,Credit card,No,Yes,No,Yes
C12426,Female,49,Mansoura,Delta,2020-11-23,Month-to-month,Electronic check,No,No,Yes,Yes
C12427,Female,50,Assiut,Upper Egypt,2023-06-28,Two year,Electronic check,Yes,No,No,Yes
C12428,Male,41,Giza,Greater Cairo,2022-09-13,Month-to-month,Bank transfer,Yes,No,No,Yes
C12429,Male,57,Ismailia,Suez,2022-11-07,One year,Mailed check,No,Yes,Yes,No
C12430,Female,37,Giza,Greater Cairo,2022-07-07,Two year,Electronic check,Yes,Yes,No,Yes
C12431,Male,49,Mansoura,Delta,2020-05-05,Month-to-month,Bank transfer,Yes,Yes,No,Yes
C12432,Female,27,Giza,Greater Cairo,2021-07-08,Month-to-month,Credit card,Yes,Yes,No,Yes
C12433,Male,41,Port Said,Suez,2022-06-23,Month-to-month,Bank transfer,No,No,No,Yes
C12434,Male,39,Assiut,Upper Egypt,2023-11-19,One year,Credit card,Yes,Yes,Yes,Yes
C12435,Female,45,Ismailia,Suez,2023-10-15,Month-to-month,Credit card,No,Yes,Yes,Yes
C12436,Female,36,Aswan,Upper Egypt,2020-03-25,Month-to-month,Bank transfer,No,Yes,Yes,No
C12437,Male,40,Suez,Suez,2023-04-22,Two year,Mailed check,Yes,Yes,Yes,Yes
C12438,Female,53,Luxor,Upper Egypt,2021-07-17,Month-to-month,Mailed check,No,No,Yes,No
C12439,Male,35,Assiut,Upper Egypt,2023-12-03,Month-to-month,Credit card,Yes,Yes,Yes,Yes
C12440,Female,19,Luxor,Upper Egypt,2022-09-14,Month-to-month,Bank transfer,No,No,Yes,No
C12441,Female,66,Hurghada,Red Sea,2022-02-03,Month-to-month,Bank transfer,No,Yes,Yes,Yes
C12442,Female,61,Cairo,Greater Cairo,2020-08-05,One year,Mailed check,No,No,Yes,Yes
C12443,Female,23,Aswan,Upper Egypt,2020-12-18,One year,Electronic check,No,Yes,Yes,Yes
C12444,Male,51,Alexandria,Delta,2021-05-18,Two year,Electronic check,No,Yes,Yes,No
C12445,Female,34,Luxor,Upper Egypt,2020-12-14,Two year,Mailed check,Yes,No,Yes,Yes
C12446,Female,45,Cairo,Greater Cairo,2023-04-04,Month-to-month,Electronic check,Yes,No,Yes,Yes
C12447,Male,46,Suez,Suez,2020-06-02,Month-to-month,Credit card,No,Yes,No,Yes
C12448,Male,38,Alexandria,Delta,2020-11-24,Month-to-month,Mailed check,Yes,Yes,No,No
C12449,Male,31,Luxor,Upper Egypt,2020-02-13,Two year,Electronic check,No,Yes,No,Yes
C12450,Female,32,Giza,Greater Cairo,2023-11-04,One year,Credit card,Yes,No,Yes,Yes
C12451,Male,29,Hurghada,Red Sea,2022-12-12,One year,Mailed check,Yes,No,Yes,Yes
C12452,Male,30,Mansoura,Delta,2022-05-17,Month-to-month,Credit card,No,Yes,Yes,Yes
C12453,Male,41,Luxor,Upper Egypt,2020-08-22,Month-to-month,Credit card,No,No,Yes,No
C12454,Female,31,Alexandria,Delta,2021-02-13,One year,Mailed check,No,No,Yes,No
C12455,Male,51,Aswan,Upper Egypt,2020-12-31,Month-to-month,Bank transfer,No,No,No,No
C12456,Male,62,Luxor,Upper Egypt,2023-11-19,Month-to-month,Electronic check,No,Yes,No,No
C12457,Male,33,Aswan,Upper Egypt,2021-11-02,Two year,Electronic check,No,Yes,Yes,No
C12458,Female,45,Suez,Suez,2023-06-14,One year,Electronic check,No,Yes,Yes,Yes
C12459,Male,48,Aswan,Upper Egypt,2021-09-22,Month-to-month,Electronic check,No,Yes,Yes,Yes
C12460,Female,48,Assiut,Upper Egypt,2021-02-06,Month-to-month,Mailed check,No,Yes,Yes,Yes
C12461,Female,43,Port Said,Suez,2022-01-27,One year,Mailed check,No,No,Yes,Yes
C12462,Female,52,Alexandria,Delta,2021-02-09,Month-to-month,Bank transfer,No,Yes,Yes,Yes
C12463,Male,48,Port Said,Suez,2021-11-21,One year,Electronic check,No,No,Yes,Yes
C12464,Female,24,Tanta,Delta,2021-10-19,One year,Bank transfer,No,Yes,Yes,Yes
C12465,Male,54,Mansoura,Delta,2023-10-08,Month-to-month,Electronic check,No,No,Yes,Yes
C12466,Female,54,Port Said,Suez,2022-12-06,Month-to-month,Electronic check,Yes,No,Yes,Yes
C12467,Female,31,Ismailia,Suez,2021-12-20,Two year,Electronic check,No,No,Yes,Yes
C12468,Female,42,Tanta,Delta,2022-04-07,One year,Credit card,No,Yes,No,Yes
C12469,Male,51,Port Said,Suez,2022-02-02,Two year,Bank transfer,No,Yes,Yes,Yes
C12470,Male,39,Suez,Suez,2020-08-13,Month-to-month,Mailed check,No,No,No,Yes
C12471,Male,57,Assiut,Upper Egypt,2022-04-23,One year,Mailed check,No,Yes,Yes,Yes
C12472,Female,75,Mansoura,Delta,2022-05-20,One year,Electronic check,Yes,No,No,Yes
C12473,Male,30,Luxor,Upper Egypt,2022-08-22,One year,Credit card,Yes,Yes,Yes,Yes
C12474,Female,22,Luxor,Upper Egypt,2022-08-31,Two year,Bank transfer,No,Yes,No,Yes
C12475,Female,46,Assiut,Upper Egypt,2021-03-22,Month-to-month,Electronic check,No,Yes,No,Yes
C12476,Male,52,Suez,Suez,2022-04-29,Month-to-month,Bank transfer,No,No,No,Yes
C12477,Female,38,Ismailia,Suez,2021-10-22,Two year,Credit card,No,Yes,Yes,No
C12478,Female,62,Cairo,Greater Cairo,2021-06-21,One year,Bank transfer,No,Yes,No,Yes
C12479,Female,23,Cairo,Greater Cairo,2022-04-13,Month-to-month,Electronic check,Yes,Yes,No,Yes
C12480,Male,51,Aswan,Upper Egypt,2021-01-27,Two year,Bank transfer,No,Yes,Yes,Yes
C12481,Male,33,Luxor,Upper Egypt,2023-12-09,Month-to-month,Credit card,No,Yes,No,Yes
C12482,Male,66,Port Said,Suez,2022-05-16,Two year,Electronic check,No,No,No,Yes
C12483,Male,69,Hurghada,Red Sea,2023-11-25,One year,Bank transfer,No,Yes,Yes,No
C12484,Female,31,Ismailia,Suez,2023-08-03,One year,Electronic check,No,No,No,Yes
C12485,Female,34,Suez,Suez,2021-01-02,Month-to-month,Electronic check,No,Yes,Yes,Yes
C12486,Male,54,Mansoura,Delta,2021-04-20,One year,Mailed check,No,Yes,Yes,Yes
C12487,Male,36,Aswan,Upper Egypt,2023-01-08,Month-to-month,Mailed check,No,Yes,No,Yes
C12488,Female,41,Ismailia,Suez,2021-03-30,One year,Mailed check,No,Yes,Yes,Yes
C12489,Female,42,Suez,Suez,2023-09-09,Month-to-month,Credit card,No,No,Yes,Yes
C12490,Female,18,Cairo,Greater Cairo,2020-08-22,Month-to-month,Credit card,No,No,No,Yes
C12491,Male,41,Tanta,Delta,2020-03-04,Month-to-month,Bank transfer,No,Yes,No,Yes
C12492,Male,32,Port Said,Suez,2020-12-05,One year,Mailed check,No,No,No,No
C12493,Female,35,Cairo,Greater Cairo,2023-09-14,Two year,Mailed check,No,No,Yes,Yes
C12494,Female,62,Ismailia,Suez,2021-07-18,Month-to-month,Mailed check,Yes,Yes,No,No
C12495,Male,24,Aswan,Upper Egypt,2022-04-11,Month-to-month,Electronic check,Yes,Yes,Yes,Yes
C12496,Male,53,Aswan,Upper Egypt,2020-04-26,One year,Credit card,No,No,Yes,Yes
C12497,Female,38,Mansoura,Delta,2021-07-05,Month-to-month,Credit card,No,Yes,No,Yes
C12498,Female,38,Cairo,Greater Cairo,2020-06-15,Month-to-month,Bank transfer,No,Yes,No,Yes
C12499,Female,53,Tanta,Delta,2022-04-15,One year,Bank transfer,No,Yes,Yes,Yes
C12500,Male,46,Cairo,Greater Cairo,2021-01-09,One year,Electronic check,No,Yes,Yes,Yes
C12501,Female,49,Cairo,Greater Cairo,2020-09-27,Two year,Electronic check,No,Yes,No,Yes
C12502,Female,55,Tanta,Delta,2023-12-01,One year,Electronic check,No,No,No,Yes
C12503,Female,37,Ismailia,Suez,2020-02-03,Two year,Credit card,No,No,Yes,Yes
C12504,Female,33,Aswan,Upper Egypt,2021-05-24,Month-to-month,Electronic check,No,No,Yes,No
C12505,Male,26,Tanta,Delta,2022-05-26,Month-to-month,Mailed check,No,No,No,Yes
C12506,Male,30,Assiut,Upper Egypt,2023-04-05,Month-to-month,Credit card,No,Yes,Yes,Yes
C12507,Female,80,Alexandria,Delta,2023-05-23,One year,Electronic check,No,Yes,Yes,Yes
C12508,Female,59,Giza,Greater Cairo,2022-07-18,Two year,Bank transfer,No,Yes,No,Yes
C12509,Male,23,Suez,Suez,2023-05-20,One year,Bank transfer,No,No,No,No
C12510,Female,23,Port Said,Suez,2022-11-20,Month-to-month,Mailed check,No,No,No,Yes
C12511,Male,48,Tanta,Delta,2021-06-05,One year,Electronic check,No,No,Yes,Yes
C12512,Male,49,Suez,Suez,2022-12-17,One year,Credit card,No,Yes,Yes,Yes
C12513,Male,49,Cairo,Greater Cairo,2020-05-16,Month-to-month,Electronic check,No,No,No,Yes
C12514,Male,38,Mansoura,Delta,2023-08-28,One year,Credit card,No,Yes,Yes,Yes
C12515,Male,40,Tanta,Delta,2022-11-23,Two year,Mailed check,Yes,No,Yes,Yes
C12516,Female,46,Ismailia,Suez,2021-11-01,Two year,Mailed check,Yes,Yes,No,No
C12517,Female,43,Suez,Suez,2023-08-22,Month-to-month,Mailed check,No,Yes,Yes,Yes
C12518,Female,18,Luxor,Upper Egypt,2022-05-26,One year,Credit card,No,No,No,Yes
C12519,Male,38,Ismailia,Suez,2022-01-27,Month-to-month,Electronic check,Yes,No,No,Yes
C12520,Male,30,Aswan,Upper Egypt,2023-06-14,Month-to-month,Electronic check,No,No,No,Yes
C12521,Female,44,Cairo,Greater Cairo,2021-09-26,Month-to-month,Credit card,No,Yes,Yes,Yes
C12522,Male,80,Ismailia,Suez,2021-02-01,Month-to-month,Bank transfer,No,Yes,Yes,Yes
C12523,Female,47,Aswan,Upper Egypt,2021-02-06,One year,Electronic check,No,No,Yes,Yes
C12524,Male,37,Suez,Suez,2023-09-20,Month-to-month,Electronic check,No,Yes,Yes,Yes
C12525,Male,54,Tanta,Delta,2022-07-30,Month-to-month,Electronic check,No,No,No,Yes
C12526,Female,48,Mansoura,Delta,2023-01-31,One year,Credit card,No,Yes,No,Yes
C12527,Female,47,Alexandria,Delta,2021-04-06,Month-to-month,Electronic check,No,Yes,No,Yes
C12528,Male,50,Suez,Suez,2020-05-26,One year,Bank transfer,No,No,Yes,Yes
C12529,Male,70,Ismailia,Suez,2020-12-06,Two year,Bank transfer,Yes,No,No,Yes
C12530,Female,26,Cairo,Greater Cairo,2023-05-24,Two year,Bank transfer,No,Yes,No,Yes
C12531,Male,48,Hurghada,Red Sea,2020-07-14,Month-to-month,Credit card,No,No,No,Yes
C12532,Male,29,Luxor,Upper Egypt,2020-04-06,One year,Credit card,Yes,No,Yes,Yes
C12533,Male,49,Hurghada,Red Sea,2021-09-29,Month-to-month,Electronic check,No,Yes,Yes,Yes
C12534,Male,29,Alexandria,Delta,2020-06-15,Two year,Electronic check,No,No,No,Yes
C12535,Male,36,Tanta,Delta,2022-11-18,Month-to-month,Credit card,No,No,Yes,Yes
C12536,Male,37,Alexandria,Delta,2022-03-13,Month-to-month,Bank transfer,No,No,No,Yes
C12537,Male,55,Tanta,Delta,2021-04-29,Month-to-month,Mailed check,No,Yes,No,Yes
C12538,Male,54,Port Said,Suez,2022-11-04,Two year,Credit card,No,No,Yes,Yes
C12539,Female,24,Cairo,Greater Cairo,2023-05-06,Month-to-month,Credit card,No,Yes,No,No
C12540,Male,42,Giza,Greater Cairo,2021-02-12,One year,Credit card,No,No,Yes,Yes
C12541,Female,32,Port Said,Suez,2021-11-24,One year,Mailed check,No,Yes,Yes,Yes
C12542,Male,24,Suez,Suez,2023-09-05,Month-to-month,Electronic check,No,Yes,Yes,Yes
C12543,Male,38,Suez,Suez,2022-08-21,One year,Mailed check,No,No,No,Yes
C12544,Male,37,Port Said,Suez,2023-10-22,Two year,Credit card,No,Yes,Yes,Yes
C12545,Male,75,Mansoura,Delta,2022-03-10,One year,Credit card,No,Yes,No,Yes
C12546,Female,48,Luxor,Upper Egypt,2022-04-15,Month-to-month,Mailed check,No,No,Yes,Yes
C12547,Male,22,Alexandria,Delta,2022-02-26,Month-to-month,Bank transfer,Yes,No,No,No
C12548,Female,34,Cairo,Greater Cairo,2021-03-18,Two year,Mailed check,Yes,Yes,No,Yes
C12549,Female,56,Luxor,Upper Egypt,2021-05-03,Month-to-month,Electronic check,Yes,Yes,No,Yes
C12550,Male,71,Suez,Suez,2023-01-21,One year,Electronic check,No,Yes,Yes,No
C12551,Male,19,Hurghada,Red Sea,2021-04-30,One year,Electronic check,Yes,No,No,Yes
C12552,Male,18,Aswan,Upper Egypt,2022-01-29,One year,Bank transfer,No,Yes,Yes,No
C12553,Male,68,Cairo,Greater Cairo,2023-06-30,One year,Mailed check,Yes,No,No,No
C12554,Female,47,Mansoura,Delta,2023-09-16,Month-to-month,Credit card,No,Yes,Yes,Yes
C12555,Female,29,Hurghada,Red Sea,2021-08-07,Two year,Electronic check,Yes,Yes,Yes,Yes
C12556,Female,49,Assiut,Upper Egypt,2023-07-12,Month-to-month,Electronic check,No,No,No,Yes
C12557,Female,18,Alexandria,Delta,2020-12-09,One year,Bank transfer,Yes,No,No,Yes
C12558,Female,42,Luxor,Upper Egypt,2020-01-25,Month-to-month,Credit card,Yes,No,Yes,Yes
C12559,Female,46,Cairo,Greater Cairo,2022-07-05,Month-to-month,Mailed check,No,No,No,Yes
C12560,Male,54,Assiut,Upper Egypt,2020-05-08,Month-to-month,Mailed check,Yes,Yes,Yes,Yes
C12561,Male,27,Ismailia,Suez,2023-07-24,Two year,Mailed check,No,No,No,Yes
C12562,Female,43,Suez,Suez,2020-05-06,Month-to-month,Electronic check,No,Yes,Yes,Yes
C12563,Female,29,Aswan,Upper Egypt,2023-03-07,Month-to-month,Bank transfer,No,No,Yes,Yes
C12564,Female,45,Hurghada,Red Sea,2022-08-15,One year,Electronic check,No,Yes,No,Yes
C12565,Female,29,Hurghada,Red Sea,2022-04-08,One year,Mailed check,No,Yes,Yes,Yes
C12566,Female,36,Hurghada,Red Sea,2023-05-28,Month-to-month,Bank transfer,No,No,Yes,Yes
C12567,Female,28,Cairo,Greater Cairo,2021-01-15,Two year,Credit card,No,No,Yes,Yes
C12568,Male,51,Cairo,Greater Cairo,2023-08-08,Month-to-month,Electronic check,Yes,No,No,Yes
C12569,Male,54,Tanta,Delta,2020-10-21,One year,Bank transfer,No,Yes,Yes,Yes
C12570,Female,38,Mansoura,Delta,2021-06-14,Month-to-month,Credit card,No,No,Yes,Yes
C12571,Female,42,Aswan,Upper Egypt,2022-02-09,One year,Bank transfer,No,Yes,No,Yes
C12572,Male,21,Suez,Suez,2020-11-22,Month-to-month,Bank transfer,No,Yes,Yes,Yes
C12573,Male,37,Cairo,Greater Cairo,2023-03-24,Month-to-month,Bank transfer,Yes,No,Yes,Yes
C12574,Male,41,Port Said,Suez,2021-07-25,Month-to-month,Electronic check,No,Yes,Yes,No
C12575,Male,78,Ismailia,Suez,2022-09-16,Month-to-month,Electronic check,Yes,No,No,Yes
C12576,Female,26,Cairo,Greater Cairo,2022-06-25,Month-to-month,Bank transfer,No,Yes,Yes,Yes
C12577,Male,62,Giza,Greater Cairo,2020-03-01,Month-to-month,Credit card,No,Yes,Yes,Yes
C12578,Male,55,Luxor,Upper Egypt,2023-07-04,One year,Electronic check,Yes,No,No,Yes
C12579,Male,45,Giza,Greater Cairo,2022-04-28,Two year,Mailed check,No,No,No,No
C12580,Female,66,Cairo,Greater Cairo,2022-06-26,Month-to-month,Bank transfer,Yes,No,Yes,Yes
C12581,Female,47,Alexandria,Delta,2023-07-01,Month-to-month,Electronic check,No,Yes,Yes,Yes
C12582,Female,47,Hurghada,Red Sea,2020-04-19,Month-to-month,Mailed check,Yes,No,No,No
C12583,Female,41,Port Said,Suez,2020-12-08,Month-to-month,Mailed check,No,Yes,No,No
C12584,Male,59,Cairo,Greater Cairo,2021-05-16,One year,Electronic check,No,No,No,No
C12585,Female,57,Luxor,Upper Egypt,2020-05-25,Month-to-month,Mailed check,No,No,Yes,Yes
C12586,Male,33,Suez,Suez,2023-12-02,One year,Bank transfer,No,No,Yes,Yes
C12587,Female,23,Cairo,Greater Cairo,2023-04-21,One year,Credit card,No,Yes,No,Yes
C12588,Male,39,Alexandria,Delta,2022-05-03,One year,Mailed check,No,Yes,Yes,No
C12589,Female,30,Luxor,Upper Egypt,2020-07-26,Month-to-month,Electronic check,No,Yes,Yes,Yes
C12590,Female,41,Port Said,Suez,2021-11-26,Month-to-month,Electronic check,No,Yes,No,Yes
C12591,Male,59,Alexandria,Delta,2021-01-30,Two year,Credit card,No,No,No,Yes
C12592,Male,35,Assiut,Upper Egypt,2022-03-25,One year,Bank transfer,No,Yes,Yes,No
C12593,Male,41,Tanta,Delta,2022-07-11,One year,Bank transfer,No,No,No,Yes
C12594,Male,42,Luxor,Upper Egypt,2023-11-29,Month-to-month,Bank transfer,No,No,No,Yes
C12595,Female,53,Hurghada,Red Sea,2023-03-23,One year,Credit card,No,No,Yes,Yes
C12596,Female,18,Port Said,Suez,2022-05-27,One year,Bank transfer,No,No,Yes,No
C12597,Male,33,Cairo,Greater Cairo,2023-06-25,Two year,Mailed check,No,Yes,Yes,No
C12598,Male,44,Suez,Suez,2020-10-15,Month-to-month,Mailed check,Yes,Yes,No,Yes
C12599,Female,58,Hurghada,Red Sea,2022-07-09,One year,Mailed check,No,No,No,Yes
C12600,Female,35,Aswan,Upper Egypt,2021-12-22,Month-to-month,Credit card,No,No,No,Yes
C12601,Male,18,Luxor,Upper Egypt,2022-12-08,Month-to-month,Bank transfer,No,Yes,No,Yes
C12602,Female,50,Giza,Greater Cairo,2022-04-29,Month-to-month,Electronic check,Yes,Yes,No,No
C12603,Female,33,Giza,Greater Cairo,2022-11-15,One year,Mailed check,No,Yes,Yes,Yes
C12604,Female,25,Port Said,Suez,2022-05-22,Month-to-month,Credit card,No,No,Yes,Yes
C12605,Female,33,Cairo,Greater Cairo,2021-05-17,Month-to-month,Electronic check,No,No,Yes,No
C12606,Female,39,Cairo,Greater Cairo,2020-12-21,Month-to-month,Bank transfer,No,Yes,Yes,No
C12607,Female,33,Hurghada,Red Sea,2020-05-21,Month-to-month,Bank transfer,Yes,No,Yes,No
C12608,Female,18,Suez,Suez,2022-09-19,Two year,Credit card,No,No,Yes,No
C12609,Female,54,Alexandria,Delta,2023-02-11,Month-to-month,Electronic check,No,No,Yes,Yes
C12610,Male,59,Aswan,Upper Egypt,2021-02-23,Month-to-month,Credit card,No,No,No,No
C12611,Male,51,Suez,Suez,2021-10-21,Month-to-month,Bank transfer,No,No,Yes,No
C12612,Male,26,Alexandria,Delta,2023-09-09,Two year,Electronic check,No,No,No,Yes
C12613,Male,39,Tanta,Delta,2020-07-03,Month-to-month,Bank transfer,No,Yes,No,Yes
C12614,Male,41,Aswan,Upper Egypt,2021-01-26,Two year,Electronic check,No,No,No,Yes
C12615,Female,50,Aswan,Upper Egypt,2022-01-12,One year,Credit card,Yes,No,Yes,Yes
C12616,Female,51,Hurghada,Red Sea,2021-07-01,Two year,Bank transfer,No,Yes,Yes,Yes
C12617,Male,31,Suez,Suez,2021-10-17,One year,Mailed check,No,No,Yes,Yes
C12618,Male,43,Tanta,Delta,2023-08-17,One year,Electronic check,No,Yes,No,Yes
C12619,Female,48,Hurghada,Red Sea,2023-06-29,One year,Electronic check,No,No,No,No
C12620,Male,62,Giza,Greater Cairo,2022-06-27,Month-to-month,Electronic check,No,Yes,Yes,Yes
C12621,Male,51,Aswan,Upper Egypt,2023-01-12,Month-to-month,Electronic check,Yes,No,No,No
C12622,Female,53,Luxor,Upper Egypt,2023-06-29,One year,Credit card,No,Yes,Yes,Yes
C12623,Male,43,Tanta,Delta,2023-08-31,Month-to-month,Mailed check,No,Yes,Yes,No
C12624,Male,61,Aswan,Upper Egypt,2023-10-23,Two year,Electronic check,No,No,No,No
C12625,Female,47,Cairo,Greater Cairo,2023-10-06,Two year,Electronic check,No,No,No,Yes
C12626,Male,29,Ismailia,Suez,2022-06-30,Month-to-month,Electronic check,No,Yes,Yes,No
C12627,Male,61,Aswan,Upper Egypt,2022-11-19,Month-to-month,Bank transfer,No,Yes,No,Yes
C12628,Female,51,Alexandria,Delta,2022-04-09,Two year,Electronic check,No,No,No,Yes
C12629,Male,35,Alexandria,Delta,2020-02-04,One year,Mailed check,Yes,No,Yes,Yes
C12630,Male,35,Ismailia,Suez,2021-11-14,One year,Bank transfer,No,Yes,Yes,No
C12631,Female,46,Ismailia,Suez,2020-07-20,Month-to-month,Electronic check,No,No,Yes,No
C12632,Female,48,Hurghada,Red Sea,2023-05-05,Month-to-month,Electronic check,No,Yes,Yes,Yes
C12633,Male,44,Suez,Suez,2023-02-10,Month-to-month,Bank transfer,No,Yes,No,No
C12634,Female,46,Ismailia,Suez,2021-09-14,One year,Mailed check,Yes,No,Yes,Yes
C12635,Female,65,Aswan,Upper Egypt,2022-11-12,One year,Credit card,No,Yes,Yes,Yes
C12636,Female,57,Cairo,Greater Cairo,2022-09-24,Month-to-month,Bank transfer,No,Yes,Yes,Yes
C12637,Female,44,Ismailia,Suez,2020-03-28,One year,Credit card,No,Yes,No,Yes
C12638,Male,55,Port Said,Suez,2022-09-06,One year,Bank transfer,No,No,No,Yes
C12639,Female,27,Assiut,Upper Egypt,2022-11-08,One year,Electronic check,Yes,Yes,No,No
C12640,Male,47,Ismailia,Suez,2023-12-07,Month-to-month,Electronic check,No,No,Yes,Yes
C12641,Female,67,Giza,Greater Cairo,2021-10-26,One year,Mailed check,No,Yes,Yes,Yes
C12642,Female,38,Aswan,Upper Egypt,2023-06-19,Month-to-month,Electronic check,No,Yes,No,No
C12643,Female,30,Assiut,Upper Egypt,2022-05-23,Month-to-month,Electronic check,No,No,Yes,No
C12644,Male,32,Luxor,Upper Egypt,2022-05-25,Two year,Credit card,Yes,Yes,Yes,Yes
C12645,Female,26,Tanta,Delta,2022-10-18,Month-to-month,Electronic check,Yes,No,No,Yes
C12646,Male,31,Suez,Suez,2023-12-11,One year,Bank transfer,No,No,Yes,Yes
C12647,Male,36,Suez,Suez,2020-06-30,Month-to-month,Mailed check,No,No,Yes,No
C12648,Male,22,Tanta,Delta,2020-12-24,Month-to-month,Mailed check,No,No,Yes,Yes
C12649,Female,42,Port Said,Suez,2021-05-21,One year,Credit card,Yes,No,Yes,Yes
C12650,Female,54,Aswan,Upper Egypt,2021-06-05,Month-to-month,Bank transfer,No,No,No,Yes
C12651,Female,29,Mansoura,Delta,2023-06-02,Month-to-month,Electronic check,Yes,Yes,Yes,No
C12652,Male,63,Port Said,Suez,2023-09-22,Month-to-month,Bank transfer,Yes,No,Yes,Yes
C12653,Female,49,Mansoura,Delta,2023-09-29,Month-to-month,Bank transfer,Yes,No,Yes,Yes
C12654,Female,56,Mansoura,Delta,2020-02-22,One year,Electronic check,No,Yes,No,Yes
C12655,Male,32,Tanta,Delta,2020-02-28,Two year,Mailed check,No,No,Yes,Yes
C12656,Female,53,Hurghada,Red Sea,2021-01-18,Month-to-month,Credit card,No,No,No,Yes
C12657,Female,26,Luxor,Upper Egypt,2022-04-27,Month-to-month,Electronic check,Yes,No,No,No
C12658,Female,54,Alexandria,Delta,2020-03-06,Month-to-month,Credit card,Yes,Yes,No,Yes
C12659,Male,44,Giza,Greater Cairo,2021-03-03,One year,Credit card,No,No,No,Yes
C12660,Male,49,Giza,Greater Cairo,2022-08-29,Two year,Bank transfer,No,No,No,No
C12661,Male,25,Mansoura,Delta,2021-08-24,Month-to-month,Electronic check,No,No,Yes,Yes
C12662,Female,29,Assiut,Upper Egypt,2022-06-08,Two year,Electronic check,No,Yes,Yes,Yes
C12663,Male,50,Aswan,Upper Egypt,2020-09-19,Month-to-month,Electronic check,No,No,No,No
C12664,Female,28,Assiut,Upper Egypt,2023-04-08,One year,Bank transfer,No,No,No,No
C12665,Female,48,Giza,Greater Cairo,2021-09-03,One year,Electronic check,No,No,Yes,No
C12666,Female,22,Assiut,Upper Egypt,2020-05-10,One year,Credit card,No,No,No,No
C12667,Female,53,Port Said,Suez,2022-03-28,Month-to-month,Electronic check,No,Yes,Yes,Yes
C12668,Male,24,Tanta,Delta,2020-05-15,Month-to-month,Mailed check,No,Yes,No,Yes
C12669,Female,49,Suez,Suez,2021-02-09,Month-to-month,Electronic check,No,No,No,Yes
C12670,Female,50,Tanta,Delta,2020-05-10,Month-to-month,Bank transfer,No,No,No,Yes
C12671,Female,32,Ismailia,Suez,2022-06-10,Month-to-month,Mailed check,Yes,No,Yes,Yes
C12672,Female,50,Tanta,Delta,2020-06-24,Month-to-month,Bank transfer,No,Yes,No,Yes
C12673,Female,45,Port Said,Suez,2022-04-24,Month-to-month,Electronic check,No,No,Yes,Yes
C12674,Male,34,Cairo,Greater Cairo,2023-06-13,One year,Bank transfer,No,No,Yes,Yes
C12675,Female,27,Cairo,Greater Cairo,2022-04-12,One year,Bank transfer,Yes,No,Yes,Yes
C12676,Male,18,Assiut,Upper Egypt,2021-06-23,Month-to-month,Bank transfer,Yes,Yes,Yes,Yes
C12677,Male,46,Alexandria,Delta,2022-10-25,Month-to-month,Electronic check,No,No,Yes,Yes
C12678,Male,20,Alexandria,Delta,2021-08-13,One year,Electronic check,No,Yes,No,Yes
C12679,Male,43,Giza,Greater Cairo,2021-10-07,Month-to-month,Electronic check,No,Yes,Yes,Yes
C12680,Female,38,Luxor,Upper Egypt,2021-05-26,Month-to-month,Bank transfer,Yes,Yes,Yes,Yes
C12681,Male,51,Assiut,Upper Egypt,2021-04-20,Two year,Bank transfer,No,Yes,Yes,Yes
C12682,Male,37,Ismailia,Suez,2020-02-26,Month-to-month,Bank transfer,No,Yes,Yes,Yes
C12683,Male,37,Mansoura,Delta,2022-12-30,Month-to-month,Electronic check,Yes,Yes,Yes,Yes
C12684,Female,52,Giza,Greater Cairo,2021-03-15,Month-to-month,Bank transfer,No,No,No,Yes
C12685,Male,46,Mansoura,Delta,2021-01-15,Month-to-month,Electronic check,No,No,No,No
C12686,Male,46,Mansoura,Delta,2023-04-10,Month-to-month,Mailed check,No,Yes,No,Yes
C12687,Female,48,Ismailia,Suez,2023-10-04,Month-to-month,Credit card,No,No,No,Yes
C12688,Female,20,Tanta,Delta,2021-12-30,Month-to-month,Credit card,No,Yes,No,No
C12689,Female,52,Assiut,Upper Egypt,2021-11-11,One year,Electronic check,No,No,Yes,Yes
C12690,Male,50,Ismailia,Suez,2022-11-12,Month-to-month,Credit card,No,Yes,No,Yes
C12691,Female,27,Tanta,Delta,2021-05-25,Month-to-month,Bank transfer,No,No,No,Yes
C12692,Female,38,Luxor,Upper Egypt,2022-06-08,One year,Bank transfer,No,No,Yes,Yes
C12693,Female,41,Hurghada,Red Sea,2021-05-26,Month-to-month,Electronic check,No,No,No,No
C12694,Male,40,Mansoura,Delta,2020-07-30,Month-to-month,Electronic check,No,No,Yes,Yes
C12695,Male,46,Assiut,Upper Egypt,2021-07-09,Month-to-month,Bank transfer,No,No,No,Yes
C12696,Male,62,Luxor,Upper Egypt,2020-07-26,Month-to-month,Bank transfer,No,No,Yes,Yes
C12697,Male,57,Luxor,Upper Egypt,2020-07-15,Month-to-month,Electronic check,No,Yes,Yes,Yes
C12698,Male,23,Hurghada,Red Sea,2022-08-03,Month-to-month,Electronic check,No,Yes,No,Yes
C12699,Male,50,Aswan,Upper Egypt,2023-11-16,Month-to-month,Credit card,Yes,Yes,No,Yes
C12700,Female,60,Aswan,Upper Egypt,2023-02-08,Two year,Electronic check,No,No,No,Yes
C12701,Male,47,Alexandria,Delta,2020-09-07,Two year,Mailed check,No,No,No,Yes
C12702,Female,57,Ismailia,Suez,2021-07-23,Two year,Bank transfer,No,Yes,No,No
C12703,Female,70,Assiut,Upper Egypt,2022-04-10,Month-to-month,Credit card,No,No,Yes,Yes
C12704,Female,56,Cairo,Greater Cairo,2021-03-16,Month-to-month,Bank transfer,No,Yes,Yes,Yes
C12705,Female,45,Hurghada,Red Sea,2022-02-23,One year,Bank transfer,Yes,No,No,No
C12706,Male,56,Luxor,Upper Egypt,2023-10-28,Two year,Electronic check,No,Yes,Yes,Yes
C12707,Female,44,Giza,Greater Cairo,2020-12-13,Month-to-month,Credit card,Yes,No,Yes,Yes
C12708,Female,42,Hurghada,Red Sea,2023-04-13,Month-to-month,Bank transfer,No,Yes,No,No
C12709,Male,37,Aswan,Upper Egypt,2023-09-25,Month-to-month,Mailed check,No,No,Yes,Yes
C12710,Female,63,Giza,Greater Cairo,2020-05-07,Two year,Credit card,No,Yes,Yes,Yes
C12711,Female,30,Port Said,Suez,2020-07-05,Month-to-month,Electronic check,No,Yes,Yes,Yes
C12712,Female,63,Ismailia,Suez,2020-11-26,Two year,Electronic check,No,No,No,No
C12713,Female,48,Port Said,Suez,2020-03-08,One year,Electronic check,No,Yes,Yes,Yes
C12714,Male,22,Tanta,Delta,2021-06-12,Month-to-month,Bank transfer,No,No,Yes,No
C12715,Male,47,Assiut,Upper Egypt,2021-02-08,Month-to-month,Electronic check,No,Yes,No,No
C12716,Male,18,Tanta,Delta,2023-01-18,Month-to-month,Electronic check,No,Yes,Yes,No
C12717,Male,50,Tanta,Delta,2020-10-03,One year,Electronic check,No,Yes,Yes,Yes
C12718,Female,54,Ismailia,Suez,2020-01-09,Month-to-month,Credit card,No,Yes,No,Yes
C12719,Male,33,Port Said,Suez,2022-07-29,Two year,Electronic check,Yes,No,Yes,Yes
C12720,Male,43,Luxor,Upper Egypt,2022-09-02,Two year,Mailed check,No,No,Yes,Yes
C12721,Male,69,Port Said,Suez,2020-06-12,Month-to-month,Bank transfer,No,Yes,No,Yes
C12722,Female,34,Alexandria,Delta,2021-05-25,One year,Electronic check,No,Yes,Yes,Yes
C12723,Male,27,Assiut,Upper Egypt,2021-03-22,Month-to-month,Mailed check,No,Yes,No,Yes
C12724,Female,62,Assiut,Upper Egypt,2021-11-21,Month-to-month,Electronic check,No,No,No,No
C12725,Male,69,Alexandria,Delta,2023-07-20,Month-to-month,Mailed check,No,No,No,Yes
C12726,Female,42,Luxor,Upper Egypt,2022-03-10,One year,Mailed check,No,Yes,Yes,Yes
C12727,Male,56,Suez,Suez,2023-07-11,One year,Mailed check,No,No,Yes,Yes
C12728,Female,60,Alexandria,Delta,2021-01-12,Month-to-month,Bank transfer,No,No,No,Yes
C12729,Female,31,Luxor,Upper Egypt,2022-01-21,Month-to-month,Mailed check,Yes,Yes,Yes,Yes
C12730,Female,35,Giza,Greater Cairo,2021-03-31,Month-to-month,Credit card,No,No,Yes,Yes
C12731,Female,59,Giza,Greater Cairo,2020-01-11,Month-to-month,Bank transfer,No,No,Yes,Yes
C12732,Male,65,Aswan,Upper Egypt,2020-10-04,One year,Electronic check,No,Yes,Yes,Yes
C12733,Male,49,Alexandria,Delta,2021-04-14,Month-to-month,Electronic check,No,Yes,No,Yes
C12734,Female,29,Aswan,Upper Egypt,2021-10-31,Two year,Bank transfer,No,No,Yes,Yes
C12735,Male,69,Cairo,Greater Cairo,2023-02-09,Month-to-month,Bank transfer,Yes,No,Yes,Yes
C12736,Male,34,Assiut,Upper Egypt,2023-09-28,Month-to-month,Credit card,No,Yes,No,No
C12737,Female,37,Alexandria,Delta,2020-12-03,One year,Bank transfer,Yes,Yes,No,Yes
C12738,Female,46,Aswan,Upper Egypt,2023-02-13,Two year,Bank transfer,No,Yes,Yes,Yes
C12739,Male,63,Giza,Greater Cairo,2020-02-18,Two year,Electronic check,No,No,Yes,Yes
C12740,Female,53,Alexandria,Delta,2022-11-11,One year,Electronic check,No,No,No,Yes
C12741,Female,47,Mansoura,Delta,2023-07-11,Month-to-month,Electronic check,Yes,Yes,Yes,Yes
C12742,Female,48,Aswan,Upper Egypt,2023-02-19,One year,Credit card,No,Yes,No,Yes
C12743,Male,42,Ismailia,Suez,2020-10-25,Month-to-month,Credit card,No,No,No,No
C12744,Male,49,Hurghada,Red Sea,2022-04-04,One year,Electronic check,No,No,No,No
C12745,Female,18,Suez,Suez,2023-03-17,Month-to-month,Credit card,No,No,Yes,Yes
C12746,Male,37,Luxor,Upper Egypt,2023-05-19,Two year,Bank transfer,Yes,No,No,No
C12747,Female,45,Cairo,Greater Cairo,2022-02-11,Month-to-month,Electronic check,No,No,Yes,Yes
C12748,Female,25,Assiut,Upper Egypt,2022-06-28,Two year,Electronic check,No,No,No,Yes
C12749,Male,47,Luxor,Upper Egypt,2023-09-21,One year,Electronic check,No,Yes,Yes,Yes
C12750,Male,39,Port Said,Suez,2021-07-28,Month-to-month,Bank transfer,No,Yes,No,Yes
C12751,Female,66,Aswan,Upper Egypt,2022-10-18,Two year,Electronic check,No,Yes,No,Yes
C12752,Male,64,Hurghada,Red Sea,2020-10-15,Two year,Electronic check,No,Yes,Yes,Yes
C12753,Female,35,Hurghada,Red Sea,2020-09-15,Month-to-month,Bank transfer,No,No,Yes,Yes
C12754,Female,39,Assiut,Upper Egypt,2022-07-28,Month-to-month,Credit card,No,No,Yes,No
C12755,Female,40,Cairo,Greater Cairo,2020-11-28,Month-to-month,Mailed check,Yes,Yes,Yes,Yes
C12756,Female,35,Ismailia,Suez,2023-05-13,Month-to-month,Electronic check,No,Yes,No,Yes
C12757,Male,44,Port Said,Suez,2022-03-03,Month-to-month,Electronic check,No,Yes,No,Yes
C12758,Male,31,Aswan,Upper Egypt,2020-11-19,Month-to-month,Electronic check,Yes,Yes,Yes,Yes
C12759,Male,26,Luxor,Upper Egypt,2022-08-08,One year,Credit card,No,No,Yes,Yes
C12760,Female,50,Luxor,Upper Egypt,2023-05-22,Month-to-month,Credit card,No,No,Yes,No
C12761,Female,50,Cairo,Greater Cairo,2021-03-17,Month-to-month,Electronic check,Yes,Yes,No,Yes
C12762,Female,30,Cairo,Greater Cairo,2021-01-13,Month-to-month,Mailed check,No,Yes,Yes,Yes
C12763,Male,54,Tanta,Delta,2022-02-04,One year,Mailed check,No,Yes,Yes,Yes
C12764,Male,33,Alexandria,Delta,2023-04-06,One year,Mailed check,No,Yes,No,Yes
C12765,Female,45,Hurghada,Red Sea,2022-10-05,Month-to-month,Bank transfer,No,No,Yes,Yes
C12766,Male,53,Tanta,Delta,2020-01-01,Month-to-month,Credit card,No,Yes,Yes,Yes
C12767,Male,41,Luxor,Upper Egypt,2023-08-26,One year,Mailed check,No,Yes,No,Yes
C12768,Female,48,Aswan,Upper Egypt,2021-08-12,Two year,Mailed check,No,Yes,No,No
C12769,Female,34,Tanta,Delta,2023-10-19,One year,Credit card,No,No,No,Yes
C12770,Female,39,Hurghada,Red Sea,2022-05-26,Month-to-month,Mailed check,No,No,Yes,Yes
C12771,Male,39,Port Said,Suez,2020-06-26,Two year,Bank transfer,No,Yes,No,Yes
C12772,Male,31,Alexandria,Delta,2020-09-27,Month-to-month,Bank transfer,No,No,Yes,Yes
C12773,Female,39,Ismailia,Suez,2022-05-25,Month-to-month,Electronic check,Yes,No,Yes,Yes
C12774,Male,20,Giza,Greater Cairo,2020-10-09,Month-to-month,Bank transfer,No,No,No,Yes
C12775,Female,35,Giza,Greater Cairo,2020-06-19,Month-to-month,Electronic check,No,Yes,Yes,Yes
C12776,Male,38,Aswan,Upper Egypt,2021-11-20,One year,Electronic check,No,Yes,Yes,Yes
C12777,Male,38,Tanta,Delta,2020-10-20,Month-to-month,Mailed check,No,No,No,Yes
C12778,Male,38,Aswan,Upper Egypt,2023-01-01,One year,Electronic check,No,Yes,No,Yes
C12779,Male,41,Assiut,Upper Egypt,2021-03-06,Two year,Electronic check,Yes,No,Yes,No
C12780,Female,48,Alexandria,Delta,2023-12-05,Month-to-month,Electronic check,No,Yes,No,Yes
C12781,Male,54,Aswan,Upper Egypt,2021-01-09,Two year,Electronic check,No,Yes,No,No
C12782,Female,32,Ismailia,Suez,2022-03-14,Month-to-month,Bank transfer,No,No,No,Yes
C12783,Female,25,Suez,Suez,2022-05-22,Month-to-month,Electronic check,No,No,No,No
C12784,Male,27,Mansoura,Delta,2022-04-13,One year,Electronic check,No,Yes,No,Yes
C12785,Female,35,Giza,Greater Cairo,2020-10-19,Two year,Electronic check,No,Yes,No,No
C12786,Female,37,Alexandria,Delta,2023-05-08,Two year,Bank transfer,No,No,Yes,Yes
C12787,Female,31,Alexandria,Delta,2020-05-29,Month-to-month,Electronic check,No,No,Yes,Yes
C12788,Male,23,Mansoura,Delta,2022-10-07,Month-to-month,Credit card,No,Yes,No,No
C12789,Female,35,Hurghada,Red Sea,2023-03-07,Month-to-month,Credit card,No,No,Yes,Yes
C12790,Male,44,Tanta,Delta,2023-08-23,One year,Electronic check,No,Yes,Yes,Yes
C12791,Male,50,Hurghada,Red Sea,2020-04-24,Two year,Bank transfer,No,Yes,No,Yes
C12792,Female,34,Cairo,Greater Cairo,2022-03-20,Month-to-month,Bank transfer,No,No,Yes,Yes
C12793,Male,36,Alexandria,Delta,2020-11-06,Month-to-month,Credit card,Yes,No,No,Yes
C12794,Female,29,Port Said,Suez,2021-02-20,Month-to-month,Bank transfer,No,No,No,Yes
C12795,Male,41,Hurghada,Red Sea,2023-01-11,One year,Mailed check,No,Yes,Yes,Yes
C12796,Female,30,Ismailia,Suez,2023-10-18,Month-to-month,Credit card,No,Yes,Yes,Yes
C12797,Female,50,Luxor,Upper Egypt,2021-07-27,One year,Credit card,Yes,Yes,Yes,Yes
C12798,Female,18,Giza,Greater Cairo,2023-02-28,Two year,Mailed check,No,Yes,Yes,Yes
C12799,Female,36,Mansoura,Delta,2022-03-12,Month-to-month,Mailed check,No,Yes,Yes,Yes
C12800,Male,46,Mansoura,Delta,2021-06-06,One year,Electronic check,Yes,Yes,Yes,Yes
C12801,Female,44,Port Said,Suez,2021-11-27,Month-to-month,Electronic check,No,Yes,No,Yes
C12802,Male,79,Aswan,Upper Egypt,2021-09-27,Month-to-month,Mailed check,Yes,Yes,Yes,Yes
C12803,Female,46,Port Said,Suez,2021-10-12,Month-to-month,Mailed check,No,No,No,Yes
C12804,Male,27,Alexandria,Delta,2022-08-05,One year,Bank transfer,No,Yes,No,Yes
C12805,Female,40,Giza,Greater Cairo,2020-08-06,Month-to-month,Credit card,No,No,Yes,Yes
C12806,Female,18,Luxor,Upper Egypt,2022-06-17,Month-to-month,Bank transfer,No,Yes,Yes,Yes
C12807,Female,40,Cairo,Greater Cairo,2021-10-19,Two year,Electronic check,No,Yes,No,Yes
C12808,Female,30,Ismailia,Suez,2023-01-09,Month-to-month,Mailed check,No,Yes,No,Yes
C12809,Male,54,Tanta,Delta,2023-03-30,One year,Credit card,No,No,Yes,Yes
C12810,Male,34,Giza,Greater Cairo,2022-08-16,Two year,Bank transfer,No,Yes,Yes,Yes
C12811,Female,40,Luxor,Upper Egypt,2022-05-26,One year,Bank transfer,No,Yes,Yes,Yes
C12812,Female,33,Tanta,Delta,2020-11-18,Two year,Mailed check,No,No,No,Yes
C12813,Male,66,Mansoura,Delta,2021-10-10,Month-to-month,Mailed check,No,Yes,Yes,Yes
C12814,Female,37,Mansoura,Delta,2022-05-23,Month-to-month,Electronic check,No,No,Yes,No
C12815,Male,67,Port Said,Suez,2023-03-01,Two year,Electronic check,No,Yes,No,Yes
C12816,Male,53,Port Said,Suez,2020-12-07,Two year,Credit card,No,Yes,Yes,No
C12817,Female,48,Alexandria,Delta,2021-10-15,Month-to-month,Bank transfer,No,No,Yes,Yes
C12818,Male,47,Cairo,Greater Cairo,2022-06-25,Two year,Electronic check,Yes,Yes,No,Yes
C12819,Female,47,Ismailia,Suez,2021-08-17,Month-to-month,Credit card,No,No,No,No
C12820,Female,18,Aswan,Upper Egypt,2020-07-11,One year,Credit card,No,No,Yes,Yes
C12821,Female,38,Giza,Greater Cairo,2022-02-09,Month-to-month,Bank transfer,No,No,No,Yes
C12822,Female,53,Mansoura,Delta,2020-03-24,One year,Bank transfer,No,Yes,Yes,Yes
C12823,Female,41,Cairo,Greater Cairo,2020-02-05,One year,Mailed check,No,No,Yes,No
C12824,Female,22,Ismailia,Suez,2022-01-16,Month-to-month,Mailed check,No,Yes,Yes,No
C12825,Male,41,Mansoura,Delta,2021-05-14,Two year,Bank transfer,No,No,No,Yes
C12826,Male,65,Luxor,Upper Egypt,2020-04-12,One year,Electronic check,No,Yes,Yes,No
C12827,Female,59,Cairo,Greater Cairo,2023-12-08,Month-to-month,Electronic check,No,Yes,No,Yes
C12828,Male,41,Alexandria,Delta,2022-04-01,Month-to-month,Bank transfer,No,No,No,No
C12829,Female,55,Port Said,Suez,2021-02-20,Month-to-month,Electronic check,No,Yes,No,Yes
C12830,Male,36,Suez,Suez,2021-01-17,Month-to-month,Bank transfer,No,Yes,No,Yes
C12831,Female,18,Ismailia,Suez,2022-03-04,Two year,Bank transfer,No,Yes,Yes,No
C12832,Male,29,Aswan,Upper Egypt,2023-11-19,Month-to-month,Bank transfer,No,Yes,Yes,Yes
C12833,Female,63,Mansoura,Delta,2023-04-27,Two year,Credit card,No,Yes,No,Yes
C12834,Male,38,Hurghada,Red Sea,2023-10-15,One year,Electronic check,No,Yes,Yes,Yes
C12835,Female,38,Cairo,Greater Cairo,2021-10-16,Month-to-month,Electronic check,No,No,Yes,No
C12836,Female,37,Giza,Greater Cairo,2022-03-31,Two year,Electronic check,Yes,Yes,Yes,Yes
C12837,Female,68,Ismailia,Suez,2021-03-20,Month-to-month,Bank transfer,No,Yes,Yes,Yes
C12838,Male,64,Cairo,Greater Cairo,2020-03-18,One year,Bank transfer,No,Yes,Yes,Yes
C12839,Male,73,Hurghada,Red Sea,2020-01-08,Two year,Electronic check,No,Yes,Yes,Yes
C12840,Male,39,Assiut,Upper Egypt,2023-12-02,Two year,Electronic check,No,Yes,Yes,Yes
C12841,Male,46,Cairo,Greater Cairo,2021-06-21,One year,Bank transfer,No,Yes,Yes,Yes
C12842,Female,20,Alexandria,Delta,2022-12-29,Two year,Electronic check,No,Yes,Yes,No
C12843,Female,62,Port Said,Suez,2020-05-16,Month-to-month,Credit card,No,No,No,No
C12844,Female,25,Aswan,Upper Egypt,2020-01-08,Two year,Credit card,No,Yes,Yes,No
C12845,Male,45,Ismailia,Suez,2021-05-15,Month-to-month,Bank transfer,No,Yes,No,Yes
C12846,Female,26,Alexandria,Delta,2020-07-12,One year,Credit card,No,Yes,No,Yes
C12847,Female,33,Luxor,Upper Egypt,2021-12-30,One year,Bank transfer,Yes,No,No,Yes
C12848,Male,30,Port Said,Suez,2022-10-11,Month-to-month,Credit card,Yes,Yes,No,No
C12849,Female,33,Port Said,Suez,2022-12-13,Two year,Bank transfer,Yes,No,Yes,Yes
C12850,Female,34,Alexandria,Delta,2023-04-27,Month-to-month,Mailed check,No,Yes,Yes,Yes
C12851,Female,34,Giza,Greater Cairo,2022-03-20,Two year,Electronic check,No,Yes,No,Yes
C12852,Male,53,Assiut,Upper Egypt,2023-03-04,One year,Electronic check,No,No,No,Yes
C12853,Female,26,Assiut,Upper Egypt,2023-05-20,Two year,Mailed check,Yes,Yes,No,No
C12854,Male,45,Assiut,Upper Egypt,2020-03-01,Two year,Credit card,No,No,Yes,Yes
C12855,Male,59,Luxor,Upper Egypt,2021-11-06,Month-to-month,Bank transfer,No,Yes,No,No
C12856,Female,34,Giza,Greater Cairo,2022-12-30,One year,Electronic check,Yes,No,No,Yes
C12857,Female,31,Cairo,Greater Cairo,2020-01-09,One year,Electronic check,No,Yes,No,Yes
C12858,Female,38,Assiut,Upper Egypt,2023-08-02,Month-to-month,Electronic check,No,Yes,Yes,Yes
C12859,Male,58,Giza,Greater Cairo,2020-07-27,One year,Electronic check,No,Yes,No,No
C12860,Male,44,Aswan,Upper Egypt,2021-07-17,Month-to-month,Bank transfer,Yes,No,Yes,No
C12861,Male,34,Tanta,Delta,2021-01-22,Month-to-month,Electronic check,Yes,Yes,No,Yes
C12862,Male,48,Cairo,Greater Cairo,2022-10-17,One year,Electronic check,Yes,No,Yes,No
C12863,Female,26,Alexandria,Delta,2021-06-15,One year,Bank transfer,No,No,No,No
C12864,Female,51,Aswan,Upper Egypt,2023-11-14,Month-to-month,Bank transfer,No,No,No,No
C12865,Female,47,Mansoura,Delta,2020-04-11,One year,Bank transfer,No,Yes,No,Yes
C12866,Female,37,Assiut,Upper Egypt,2021-03-24,Month-to-month,Bank transfer,No,No,No,Yes
C12867,Male,30,Ismailia,Suez,2021-07-02,Month-to-month,Credit card,No,Yes,No,Yes
C12868,Female,29,Ismailia,Suez,2020-11-23,Two year,Credit card,No,No,No,Yes
C12869,Male,49,Alexandria,Delta,2020-03-01,Two year,Credit card,No,No,Yes,No
C12870,Female,59,Tanta,Delta,2020-11-21,One year,Bank transfer,No,Yes,No,Yes
C12871,Female,33,Suez,Suez,2023-11-15,Month-to-month,Bank transfer,No,No,No,No
C12872,Female,48,Hurghada,Red Sea,2020-03-06,One year,Bank transfer,No,Yes,Yes,Yes
C12873,Male,18,Mansoura,Delta,2020-12-18,Two year,Bank transfer,No,Yes,No,Yes
C12874,Female,33,Alexandria,Delta,2023-04-23,Month-to-month,Bank transfer,No,Yes,Yes,Yes
C12875,Male,41,Giza,Greater Cairo,2022-05-13,Month-to-month,Bank transfer,No,No,Yes,Yes
C12876,Male,29,Mansoura,Delta,2021-12-04,Month-to-month,Electronic check,No,No,Yes,Yes
C12877,Male,28,Alexandria,Delta,2022-08-08,One year,Credit card,No,Yes,Yes,Yes
C12878,Female,32,Tanta,Delta,2020-06-10,One year,Bank transfer,Yes,Yes,Yes,Yes
C12879,Male,46,Mansoura,Delta,2020-12-07,Month-to-month,Electronic check,No,No,Yes,Yes
C12880,Female,39,Alexandria,Delta,2023-09-29,Month-to-month,Bank transfer,No,No,Yes,Yes
C12881,Female,18,Assiut,Upper Egypt,2021-08-22,Month-to-month,Electronic check,No,No,Yes,No
C12882,Male,18,Suez,Suez,2021-04-20,Month-to-month,Electronic check,No,No,No,No
C12883,Female,33,Ismailia,Suez,2021-03-26,One year,Bank transfer,No,No,Yes,Yes
C12884,Male,48,Luxor,Upper Egypt,2022-07-22,Month-to-month,Mailed check,No,Yes,Yes,Yes
C12885,Female,18,Assiut,Upper Egypt,2022-05-16,One year,Credit card,No,No,No,No
C12886,Male,35,Luxor,Upper Egypt,2020-02-28,Month-to-month,Bank transfer,No,No,No,Yes
C12887,Male,34,Luxor,Upper Egypt,2023-03-15,Month-to-month,Bank transfer,No,Yes,Yes,No
C12888,Female,61,Giza,Greater Cairo,2022-06-11,One year,Credit card,No,Yes,No,Yes
C12889,Male,36,Alexandria,Delta,2023-10-18,One year,Mailed check,No,Yes,Yes,No
C12890,Male,47,Mansoura,Delta,2021-04-14,Two year,Bank transfer,No,Yes,No,Yes
C12891,Male,43,Ismailia,Suez,2021-08-20,One year,Electronic check,No,Yes,No,Yes
C12892,Male,18,Ismailia,Suez,2020-10-23,One year,Credit card,No,Yes,No,Yes
C12893,Female,52,Assiut,Upper Egypt,2022-06-23,Month-to-month,Electronic check,No,Yes,No,Yes
C12894,Male,45,Hurghada,Red Sea,2021-08-07,One year,Electronic check,Yes,Yes,No,Yes
C12895,Female,49,Tanta,Delta,2020-06-22,Two year,Bank transfer,No,No,No,Yes
C12896,Male,80,Assiut,Upper Egypt,2020-02-02,Month-to-month,Bank transfer,Yes,No,Yes,Yes
C12897,Female,18,Giza,Greater Cairo,2022-07-14,Month-to-month,Electronic check,Yes,No,Yes,Yes
C12898,Male,66,Hurghada,Red Sea,2020-04-19,One year,Mailed check,No,Yes,Yes,Yes
C12899,Male,37,Luxor,Upper Egypt,2023-03-07,Two year,Credit card,No,No,No,Yes
C12900,Male,46,Cairo,Greater Cairo,2022-01-05,Month-to-month,Mailed check,No,Yes,No,Yes
C12901,Female,41,Suez,Suez,2023-06-21,Two year,Electronic check,No,Yes,No,Yes
C12902,Male,36,Cairo,Greater Cairo,2020-12-29,Month-to-month,Credit card,No,Yes,No,Yes
C12903,Male,34,Tanta,Delta,2021-09-26,One year,Credit card,No,No,No,Yes
C12904,Female,46,Cairo,Greater Cairo,2021-05-01,One year,Electronic check,Yes,Yes,No,Yes
C12905,Female,20,Ismailia,Suez,2021-12-13,Month-to-month,Electronic check,No,Yes,Yes,No
C12906,Male,52,Cairo,Greater Cairo,2020-06-03,Two year,Credit card,No,No,Yes,Yes
C12907,Female,36,Giza,Greater Cairo,2021-05-14,Month-to-month,Mailed check,Yes,No,Yes,Yes
C12908,Male,26,Tanta,Delta,2023-01-01,One year,Electronic check,No,Yes,Yes,Yes
C12909,Male,35,Ismailia,Suez,2020-06-06,Two year,Bank transfer,No,No,Yes,Yes
C12910,Male,59,Tanta,Delta,2023-01-05,One year,Bank transfer,Yes,No,Yes,Yes
C12911,Male,34,Aswan,Upper Egypt,2022-11-11,One year,Electronic check,No,No,Yes,Yes
C12912,Male,47,Assiut,Upper Egypt,2020-09-22,Month-to-month,Bank transfer,Yes,Yes,No,No
C12913,Female,31,Giza,Greater Cairo,2022-06-07,Month-to-month,Bank transfer,No,Yes,No,Yes
C12914,Male,52,Aswan,Upper Egypt,2020-01-14,One year,Electronic check,Yes,Yes,No,No
C12915,Female,51,Assiut,Upper Egypt,2021-06-15,Two year,Mailed check,No,No,No,Yes
C12916,Male,67,Suez,Suez,2021-01-16,Month-to-month,Mailed check,No,No,Yes,Yes
C12917,Female,39,Alexandria,Delta,2022-05-21,Month-to-month,Mailed check,Yes,No,No,No
C12918,Female,51,Port Said,Suez,2021-03-24,Two year,Mailed check,No,No,Yes,Yes
C12919,Female,43,Hurghada,Red Sea,2021-08-09,Two year,Electronic check,No,Yes,No,Yes
C12920,Male,60,Mansoura,Delta,2021-08-31,One year,Credit card,No,No,Yes,Yes
C12921,Male,31,Mansoura,Delta,2023-10-24,Month-to-month,Credit card,No,Yes,No,Yes
C12922,Male,52,Assiut,Upper Egypt,2021-01-15,Month-to-month,Electronic check,No,No,Yes,No
C12923,Female,39,Mansoura,Delta,2022-09-08,Month-to-month,Electronic check,No,No,No,No
C12924,Male,41,Luxor,Upper Egypt,2023-02-02,One year,Credit card,Yes,No,Yes,Yes
C12925,Male,43,Luxor,Upper Egypt,2021-04-09,One year,Electronic check,No,Yes,Yes,Yes
C12926,Male,45,Ismailia,Suez,2023-08-11,Month-to-month,Credit card,No,Yes,No,Yes
C12927,Female,40,Cairo,Greater Cairo,2022-02-11,One year,Bank transfer,No,Yes,No,Yes
C12928,Male,45,Mansoura,Delta,2022-09-09,Month-to-month,Electronic check,Yes,Yes,No,Yes
C12929,Female,64,Ismailia,Suez,2020-04-19,Two year,Mailed check,No,No,No,No
C12930,Female,55,Suez,Suez,2023-05-14,Month-to-month,Electronic check,No,Yes,No,Yes
C12931,Female,54,Port Said,Suez,2022-04-18,One year,Credit card,No,Yes,Yes,No
C12932,Male,35,Luxor,Upper Egypt,2020-06-06,Month-to-month,Bank transfer,No,No,No,No
C12933,Male,29,Luxor,Upper Egypt,2021-02-13,Two year,Electronic check,No,No,No,Yes
C12934,Male,55,Hurghada,Red Sea,2022-04-28,Month-to-month,Bank transfer,No,Yes,No,No
C12935,Male,54,Giza,Greater Cairo,2023-03-21,Two year,Electronic check,No,Yes,No,Yes
C12936,Male,62,Hurghada,Red Sea,2020-04-06,Month-to-month,Electronic check,No,No,Yes,Yes
C12937,Female,33,Assiut,Upper Egypt,2021-01-21,One year,Bank transfer,Yes,Yes,Yes,Yes
C12938,Male,38,Tanta,Delta,2020-06-06,Month-to-month,Credit card,No,Yes,Yes,Yes
C12939,Male,19,Tanta,Delta,2022-09-02,One year,Bank transfer,No,No,No,Yes
C12940,Female,36,Hurghada,Red Sea,2022-05-12,Two year,Credit card,No,Yes,Yes,Yes
C12941,Female,55,Hurghada,Red Sea,2021-03-22,One year,Electronic check,No,No,Yes,Yes
C12942,Female,35,Giza,Greater Cairo,2023-05-14,One year,Electronic check,No,Yes,No,No
C12943,Female,50,Alexandria,Delta,2020-08-05,Two year,Credit card,No,No,Yes,Yes
C12944,Female,39,Tanta,Delta,2023-03-16,One year,Mailed check,Yes,Yes,No,Yes
C12945,Male,46,Assiut,Upper Egypt,2022-03-08,Month-to-month,Electronic check,No,No,No,Yes
C12946,Female,25,Suez,Suez,2020-04-04,One year,Mailed check,No,No,No,Yes
C12947,Female,43,Hurghada,Red Sea,2020-03-06,One year,Bank transfer,No,Yes,Yes,Yes
C12948,Male,18,Assiut,Upper Egypt,2023-08-25,Two year,Credit card,No,Yes,Yes,No
C12949,Male,39,Suez,Suez,2022-08-21,Month-to-month,Mailed check,Yes,Yes,Yes,Yes
C12950,Male,19,Hurghada,Red Sea,2021-08-24,Two year,Bank transfer,No,Yes,Yes,Yes
C12951,Female,58,Giza,Greater Cairo,2023-11-10,One year,Credit card,No,Yes,Yes,Yes
C12952,Male,52,Alexandria,Delta,2021-04-25,Month-to-month,Electronic check,Yes,Yes,No,Yes
C12953,Male,48,Mansoura,Delta,2023-02-06,Two year,Electronic check,No,Yes,Yes,Yes
C12954,Male,63,Assiut,Upper Egypt,2020-01-15,One year,Electronic check,No,Yes,Yes,Yes
C12955,Female,28,Ismailia,Suez,2020-05-13,Two year,Mailed check,No,No,Yes,Yes
C12956,Female,66,Tanta,Delta,2023-06-25,One year,Bank transfer,No,No,Yes,Yes
C12957,Male,55,Mansoura,Delta,2021-10-27,Two year,Bank transfer,No,Yes,No,No
C12958,Male,38,Cairo,Greater Cairo,2023-08-09,Month-to-month,Mailed check,No,Yes,Yes,Yes
C12959,Male,57,Tanta,Delta,2022-09-10,Month-to-month,Mailed check,No,No,Yes,Yes
C12960,Female,26,Tanta,Delta,2021-04-19,One year,Electronic check,No,Yes,Yes,Yes
C12961,Male,30,Suez,Suez,2021-04-17,One year,Electronic check,No,Yes,No,Yes
C12962,Female,33,Ismailia,Suez,2020-12-29,Month-to-month,Electronic check,No,Yes,No,Yes
C12963,Male,34,Tanta,Delta,2021-06-11,Month-to-month,Mailed check,No,No,No,No
C12964,Female,27,Hurghada,Red Sea,2020-03-17,Month-to-month,Credit card,No,No,Yes,Yes
C12965,Male,59,Luxor,Upper Egypt,2023-06-24,Two year,Bank transfer,No,No,No,Yes
C12966,Male,38,Suez,Suez,2021-12-12,Month-to-month,Bank transfer,No,No,No,No
C12967,Female,46,Ismailia,Suez,2020-01-17,Month-to-month,Mailed check,No,No,No,Yes
C12968,Female,34,Suez,Suez,2020-07-15,Two year,Mailed check,No,No,No,Yes
C12969,Male,18,Cairo,Greater Cairo,2020-03-18,One year,Credit card,No,Yes,No,Yes
C12970,Female,45,Mansoura,Delta,2023-06-04,One year,Bank transfer,No,No,No,Yes
C12971,Female,18,Aswan,Upper Egypt,2020-02-03,Month-to-month,Electronic check,No,Yes,No,Yes
C12972,Male,41,Mansoura,Delta,2023-06-26,Month-to-month,Electronic check,Yes,Yes,No,No
C12973,Female,22,Giza,Greater Cairo,2021-11-20,Month-to-month,Credit card,No,No,Yes,Yes
C12974,Male,69,Port Said,Suez,2022-10-31,Month-to-month,Electronic check,Yes,No,No,Yes
C12975,Male,54,Tanta,Delta,2021-08-04,One year,Credit card,No,No,No,Yes
C12976,Female,43,Assiut,Upper Egypt,2020-02-04,One year,Credit card,No,Yes,No,Yes
C12977,Male,59,Alexandria,Delta,2021-06-25,Two year,Credit card,No,No,Yes,No
C12978,Female,30,Giza,Greater Cairo,2021-09-07,Two year,Credit card,No,Yes,No,No
C12979,Female,49,Luxor,Upper Egypt,2020-12-19,One year,Credit card,No,Yes,No,Yes
C12980,Male,44,Port Said,Suez,2023-08-17,Month-to-month,Electronic check,No,Yes,No,Yes
C12981,Female,45,Tanta,Delta,2020-02-08,One year,Electronic check,No,Yes,No,Yes
C12982,Female,59,Suez,Suez,2021-11-13,Month-to-month,Credit card,No,Yes,No,Yes
C12983,Female,52,Alexandria,Delta,2023-12-21,Month-to-month,Mailed check,No,No,Yes,No
C12984,Female,46,Assiut,Upper Egypt,2022-04-29,Month-to-month,Credit card,No,Yes,No,Yes
C12985,Female,18,Tanta,Delta,2023-07-11,One year,Mailed check,No,No,Yes,Yes
C12986,Male,28,Ismailia,Suez,2020-11-04,Month-to-month,Mailed check,No,Yes,No,Yes
C12987,Male,40,Aswan,Upper Egypt,2021-03-26,Two year,Credit card,No,No,No,Yes
C12988,Female,43,Alexandria,Delta,2023-10-14,Month-to-month,Electronic check,No,No,No,Yes
C12989,Male,26,Port Said,Suez,2023-06-11,Two year,Bank transfer,No,No,No,Yes
C12990,Female,75,Assiut,Upper Egypt,2023-06-09,Month-to-month,Electronic check,No,No,No,Yes
C12991,Female,63,Tanta,Delta,2022-07-02,One year,Credit card,No,Yes,Yes,Yes
C12992,Female,50,Luxor,Upper Egypt,2023-02-15,Month-to-month,Electronic check,No,Yes,No,Yes
C12993,Female,43,Giza,Greater Cairo,2021-09-23,One year,Mailed check,No,Yes,No,Yes
C12994,Male,39,Ismailia,Suez,2021-03-01,Month-to-month,Bank transfer,No,Yes,No,Yes
C12995,Female,28,Assiut,Upper Egypt,2022-03-26,Month-to-month,Mailed check,No,No,No,Yes
C12996,Female,43,Ismailia,Suez,2023-09-07,Month-to-month,Electronic check,No,Yes,Yes,No
C12997,Female,45,Cairo,Greater Cairo,2023-07-16,One year,Credit card,No,Yes,No,Yes
C12998,Male,24,Giza,Greater Cairo,2020-05-02,One year,Credit card,No,No,No,Yes
C12999,Female,46,Assiut,Upper Egypt,2020-06-13,Month-to-month,Electronic check,No,Yes,No,No
C13000,Female,39,Luxor,Upper Egypt,2022-05-23,Month-to-month,Bank transfer,No,No,Yes,Yes
C13001,Female,18,Port Said,Suez,2022-09-24,One year,Electronic check,No,No,No,Yes
C13002,Female,29,Port Said,Suez,2020-10-28,One year,Electronic check,No,Yes,No,Yes
C13003,Female,36,Cairo,Greater Cairo,2022-12-14,One year,Electronic check,No,Yes,Yes,Yes
C13004,Male,68,Suez,Suez,2023-12-13,Month-to-month,Mailed check,No,Yes,No,Yes
C13005,Female,49,Ismailia,Suez,2021-05-10,One year,Mailed check,No,Yes,No,Yes
C13006,Male,23,Tanta,Delta,2020-06-29,One year,Mailed check,No,No,No,No
C13007,Male,48,Port Said,Suez,2023-04-24,Two year,Electronic check,No,No,Yes,Yes
C13008,Female,20,Mansoura,Delta,2020-09-19,Month-to-month,Electronic check,No,Yes,Yes,No
C13009,Male,57,Hurghada,Red Sea,2021-04-07,One year,Mailed check,No,No,Yes,Yes
C13010,Female,35,Luxor,Upper Egypt,2021-09-27,Two year,Credit card,No,Yes,Yes,Yes
C13011,Male,40,Assiut,Upper Egypt,2020-06-05,Month-to-month,Electronic check,Yes,No,Yes,Yes
C13012,Female,60,Assiut,Upper Egypt,2022-12-30,Two year,Mailed check,No,No,Yes,Yes
C13013,Female,23,Port Said,Suez,2023-05-18,Month-to-month,Credit card,No,Yes,No,Yes
C13014,Male,22,Alexandria,Delta,2023-02-08,Two year,Electronic check,No,Yes,No,Yes
C13015,Male,33,Tanta,Delta,2023-01-06,Month-to-month,Credit card,No,No,Yes,Yes
C13016,Male,56,Hurghada,Red Sea,2020-04-23,Two year,Credit card,Yes,No,No,Yes
C13017,Male,20,Hurghada,Red Sea,2023-05-27,Two year,Electronic check,No,Yes,No,Yes
C13018,Male,18,Cairo,Greater Cairo,2023-04-18,One year,Electronic check,Yes,No,Yes,Yes
C13019,Male,35,Mansoura,Delta,2020-07-04,Two year,Electronic check,No,Yes,Yes,Yes
C13020,Female,49,Assiut,Upper Egypt,2021-02-04,Two year,Credit card,No,Yes,Yes,Yes
C13021,Female,58,Mansoura,Delta,2020-01-22,Month-to-month,Bank transfer,No,Yes,Yes,Yes
C13022,Female,35,Assiut,Upper Egypt,2023-06-11,One year,Bank transfer,No,No,No,Yes
C13023,Female,36,Tanta,Delta,2021-09-17,Month-to-month,Credit card,Yes,Yes,Yes,Yes
C13024,Female,58,Assiut,Upper Egypt,2020-11-08,Month-to-month,Electronic check,Yes,Yes,Yes,Yes
C13025,Male,18,Hurghada,Red Sea,2022-02-22,Two year,Mailed check,No,Yes,Yes,No
C13026,Male,36,Alexandria,Delta,2023-09-22,Month-to-month,Credit card,Yes,Yes,No,No
C13027,Male,44,Alexandria,Delta,2023-11-08,Month-to-month,Credit card,No,No,Yes,Yes
C13028,Female,48,Suez,Suez,2023-03-10,One year,Credit card,Yes,Yes,No,Yes
C13029,Male,34,Hurghada,Red Sea,2020-01-08,Month-to-month,Bank transfer,Yes,No,No,Yes
C13030,Male,42,Port Said,Suez,2023-07-08,Month-to-month,Bank transfer,Yes,Yes,Yes,No
C13031,Female,18,Mansoura,Delta,2023-02-18,Month-to-month,Mailed check,Yes,Yes,No,No
C13032,Male,32,Suez,Suez,2021-12-17,Month-to-month,Electronic check,No,Yes,No,Yes
C13033,Male,48,Hurghada,Red Sea,2020-10-28,Two year,Credit card,No,No,Yes,Yes
C13034,Male,28,Alexandria,Delta,2021-01-07,Month-to-month,Mailed check,No,No,No,Yes
C13035,Female,42,Hurghada,Red Sea,2023-05-28,Two year,Electronic check,No,No,Yes,Yes
C13036,Female,48,Luxor,Upper Egypt,2022-03-14,Two year,Electronic check,Yes,No,No,Yes
C13037,Female,37,Luxor,Upper Egypt,2020-10-02,Month-to-month,Bank transfer,No,No,No,Yes
C13038,Male,44,Giza,Greater Cairo,2021-02-25,Month-to-month,Credit card,No,Yes,Yes,No
C13039,Male,28,Giza,Greater Cairo,2020-07-19,One year,Credit card,No,Yes,No,Yes
C13040,Female,39,Ismailia,Suez,2022-07-04,Two year,Electronic check,No,Yes,Yes,Yes
C13041,Male,50,Assiut,Upper Egypt,2020-09-05,One year,Bank transfer,No,No,Yes,Yes
C13042,Female,44,Mansoura,Delta,2020-05-30,One year,Bank transfer,No,Yes,No,Yes
C13043,Female,33,Alexandria,Delta,2023-02-22,Month-to-month,Mailed check,Yes,No,No,Yes
C13044,Male,45,Suez,Suez,2021-11-09,One year,Electronic check,No,No,Yes,No
C13045,Female,52,Port Said,Suez,2022-11-24,Month-to-month,Bank transfer,No,No,No,Yes
C13046,Male,18,Suez,Suez,2020-12-07,Month-to-month,Bank transfer,No,Yes,Yes,Yes
C13047,Male,58,Hurghada,Red Sea,2023-01-03,Two year,Credit card,Yes,Yes,Yes,Yes
C13048,Male,37,Cairo,Greater Cairo,2022-06-13,Two year,Mailed check,No,No,No,Yes
C13049,Female,47,Ismailia,Suez,2022-10-11,Month-to-month,Bank transfer,No,No,Yes,Yes
C13050,Female,58,Hurghada,Red Sea,2021-07-28,One year,Credit card,No,Yes,Yes,Yes
C13051,Male,22,Giza,Greater Cairo,2022-09-05,Month-to-month,Mailed check,No,No,Yes,No
C13052,Female,32,Mansoura,Delta,2023-01-05,One year,Credit card,Yes,Yes,No,No
C13053,Female,37,Ismailia,Suez,2020-11-16,Month-to-month,Electronic check,Yes,Yes,No,Yes
C13054,Female,31,Tanta,Delta,2021-07-03,One year,Mailed check,No,No,No,Yes
C13055,Male,66,Suez,Suez,2022-04-05,Month-to-month,Bank transfer,No,Yes,Yes,Yes
C13056,Male,30,Assiut,Upper Egypt,2022-10-29,Two year,Electronic check,Yes,Yes,Yes,Yes
C13057,Female,34,Suez,Suez,2022-08-31,One year,Electronic check,No,Yes,Yes,Yes
C13058,Male,44,Mansoura,Delta,2023-09-19,One year,Mailed check,No,Yes,No,Yes
C13059,Male,25,Giza,Greater Cairo,2023-07-21,Two year,Credit card,No,Yes,Yes,No
C13060,Male,36,Giza,Greater Cairo,2021-11-14,Two year,Mailed check,No,No,No,No
C13061,Female,46,Giza,Greater Cairo,2021-12-09,Month-to-month,Electronic check,No,No,Yes,Yes
C13062,Female,37,Cairo,Greater Cairo,2023-06-13,Two year,Mailed check,No,No,Yes,Yes
C13063,Male,40,Ismailia,Suez,2021-11-12,One year,Mailed check,No,No,Yes,Yes
C13064,Male,34,Hurghada,Red Sea,2022-12-22,Two year,Mailed check,No,Yes,No,Yes
C13065,Male,20,Giza,Greater Cairo,2022-01-01,Two year,Bank transfer,No,Yes,Yes,No
C13066,Female,46,Aswan,Upper Egypt,2021-11-27,Two year,Bank transfer,Yes,Yes,No,Yes
C13067,Female,66,Tanta,Delta,2023-05-28,Month-to-month,Mailed check,No,No,No,Yes
C13068,Male,42,Aswan,Upper Egypt,2021-12-04,Month-to-month,Credit card,No,Yes,Yes,Yes
C13069,Female,45,Assiut,Upper Egypt,2020-05-20,Month-to-month,Bank transfer,No,Yes,No,Yes
C13070,Male,51,Assiut,Upper Egypt,2021-02-25,One year,Mailed check,No,Yes,Yes,Yes
C13071,Female,24,Ismailia,Suez,2023-03-14,Month-to-month,Mailed check,No,No,No,Yes
C13072,Male,65,Aswan,Upper Egypt,2020-02-08,Month-to-month,Electronic check,No,Yes,No,Yes
C13073,Female,44,Port Said,Suez,2022-08-22,One year,Electronic check,No,Yes,Yes,Yes
C13074,Female,64,Suez,Suez,2020-04-20,Month-to-month,Credit card,No,No,Yes,Yes
C13075,Female,31,Suez,Suez,2022-08-07,Month-to-month,Credit card,No,Yes,Yes,No
C13076,Female,67,Aswan,Upper Egypt,2022-07-20,Two year,Credit card,No,No,Yes,Yes
C13077,Female,52,Hurghada,Red Sea,2023-01-03,Month-to-month,Electronic check,No,No,No,Yes
C13078,Male,49,Tanta,Delta,2021-12-02,Month-to-month,Credit card,No,No,Yes,Yes
C13079,Female,45,Ismailia,Suez,2022-02-05,Month-to-month,Bank transfer,No,Yes,Yes,Yes
C13080,Female,38,Assiut,Upper Egypt,2023-02-05,Month-to-month,Credit card,No,No,No,Yes
C13081,Female,58,Aswan,Upper Egypt,2022-01-11,Two year,Electronic check,No,Yes,Yes,No
C13082,Female,43,Ismailia,Suez,2023-08-04,Month-to-month,Electronic check,No,Yes,No,Yes
C13083,Female,18,Cairo,Greater Cairo,2022-08-10,Month-to-month,Mailed check,No,No,Yes,Yes
C13084,Female,26,Ismailia,Suez,2023-04-23,Month-to-month,Credit card,No,Yes,No,Yes
C13085,Female,39,Hurghada,Red Sea,2021-10-16,One year,Credit card,No,Yes,No,No
C13086,Female,46,Hurghada,Red Sea,2022-04-04,Month-to-month,Mailed check,No,No,Yes,Yes
C13087,Female,41,Assiut,Upper Egypt,2023-06-15,One year,Bank transfer,Yes,Yes,No,Yes
C13088,Female,59,Aswan,Upper Egypt,2023-03-19,One year,Electronic check,Yes,No,Yes,No
C13089,Female,18,Assiut,Upper Egypt,2023-10-24,Month-to-month,Credit card,Yes,No,Yes,Yes
C13090,Female,44,Aswan,Upper Egypt,2022-04-02,One year,Mailed check,No,No,No,No
C13091,Female,18,Ismailia,Suez,2021-12-30,One year,Bank transfer,Yes,Yes,No,Yes
C13092,Male,52,Mansoura,Delta,2020-06-23,Two year,Electronic check,No,Yes,Yes,Yes
C13093,Male,40,Mansoura,Delta,2021-01-23,Month-to-month,Mailed check,No,Yes,No,Yes
C13094,Male,47,Luxor,Upper Egypt,2022-04-09,Two year,Credit card,No,No,No,Yes
C13095,Male,29,Hurghada,Red Sea,2021-07-02,One year,Electronic check,No,Yes,Yes,No
C13096,Male,59,Assiut,Upper Egypt,2023-07-11,Month-to-month,Mailed check,No,No,Yes,Yes
C13097,Female,56,Alexandria,Delta,2023-10-02,Month-to-month,Credit card,No,No,Yes,Yes
C13098,Female,50,Luxor,Upper Egypt,2023-04-09,Month-to-month,Credit card,No,Yes,Yes,Yes
C13099,Male,40,Assiut,Upper Egypt,2020-11-21,Two year,Electronic check,Yes,No,Yes,No
C13100,Female,50,Luxor,Upper Egypt,2021-10-14,Month-to-month,Electronic check,No,No,No,Yes
C13101,Male,32,Assiut,Upper Egypt,2023-11-06,Two year,Electronic check,No,Yes,Yes,No
C13102,Female,53,Giza,Greater Cairo,2021-03-13,Month-to-month,Mailed check,No,Yes,No,Yes
C13103,Male,65,Port Said,Suez,2023-08-20,One year,Electronic check,No,No,No,Yes
C13104,Male,56,Port Said,Suez,2021-07-26,Two year,Credit card,No,Yes,Yes,Yes
C13105,Male,31,Mansoura,Delta,2023-09-17,One year,Electronic check,No,Yes,Yes,Yes
C13106,Female,47,Alexandria,Delta,2023-01-14,Month-to-month,Mailed check,No,No,No,No
C13107,Female,23,Aswan,Upper Egypt,2020-04-04,One year,Electronic check,No,No,No,Yes
C13108,Male,50,Aswan,Upper Egypt,2022-02-11,Month-to-month,Bank transfer,Yes,No,No,Yes
C13109,Male,48,Ismailia,Suez,2022-05-02,Month-to-month,Electronic check,Yes,No,No,Yes
C13110,Female,18,Giza,Greater Cairo,2022-10-23,Month-to-month,Bank transfer,Yes,Yes,No,No
C13111,Female,25,Luxor,Upper Egypt,2021-06-09,One year,Mailed check,Yes,Yes,No,Yes
C13112,Male,38,Suez,Suez,2023-10-28,Month-to-month,Credit card,No,Yes,No,Yes
C13113,Male,37,Mansoura,Delta,2020-09-24,Month-to-month,Bank transfer,Yes,No,Yes,Yes
C13114,Male,25,Hurghada,Red Sea,2022-02-04,One year,Electronic check,No,Yes,No,Yes
C13115,Male,47,Aswan,Upper Egypt,2021-07-21,Month-to-month,Credit card,No,Yes,Yes,Yes
C13116,Female,45,Hurghada,Red Sea,2020-10-10,One year,Mailed check,No,Yes,Yes,Yes
C13117,Female,39,Suez,Suez,2020-02-21,One year,Mailed check,No,No,Yes,Yes
C13118,Male,31,Tanta,Delta,2022-01-23,One year,Bank transfer,No,Yes,Yes,Yes
C13119,Female,56,Aswan,Upper Egypt,2021-05-05,Two year,Electronic check,Yes,No,No,No
C13120,Female,65,Suez,Suez,2021-03-21,One year,Bank transfer,Yes,Yes,Yes,Yes
C13121,Male,35,Alexandria,Delta,2023-01-17,Month-to-month,Electronic check,No,No,Yes,No
C13122,Female,33,Suez,Suez,2022-07-18,Month-to-month,Credit card,Yes,No,Yes,Yes
C13123,Female,48,Luxor,Upper Egypt,2022-10-21,Month-to-month,Electronic check,No,Yes,Yes,Yes
C13124,Female,36,Cairo,Greater Cairo,2021-11-06,Month-to-month,Mailed check,No,Yes,No,Yes
C13125,Female,40,Luxor,Upper Egypt,2023-02-18,Month-to-month,Bank transfer,No,No,No,Yes
C13126,Female,52,Cairo,Greater Cairo,2020-01-20,Month-to-month,Electronic check,No,No,Yes,No
C13127,Female,18,Tanta,Delta,2020-04-01,Month-to-month,Electronic check,No,No,No,Yes
C13128,Female,60,Mansoura,Delta,2021-11-27,Month-to-month,Electronic check,No,Yes,No,Yes
C13129,Female,43,Hurghada,Red Sea,2021-03-20,Two year,Bank transfer,No,No,Yes,No
C13130,Female,36,Alexandria,Delta,2022-09-17,Month-to-month,Bank transfer,No,No,No,No
C13131,Female,40,Giza,Greater Cairo,2020-08-03,Month-to-month,Mailed check,No,No,No,Yes
C13132,Female,41,Assiut,Upper Egypt,2021-08-16,One year,Mailed check,No,Yes,No,Yes
C13133,Female,18,Ismailia,Suez,2023-03-26,Month-to-month,Mailed check,No,Yes,Yes,Yes
C13134,Female,62,Ismailia,Suez,2022-02-17,One year,Mailed check,No,No,No,Yes
C13135,Male,42,Ismailia,Suez,2022-04-15,Month-to-month,Mailed check,No,No,Yes,Yes
C13136,Female,48,Aswan,Upper Egypt,2022-07-23,Month-to-month,Mailed check,Yes,Yes,No,Yes
C13137,Male,55,Aswan,Upper Egypt,2022-08-17,One year,Credit card,No,No,Yes,Yes
C13138,Male,27,Cairo,Greater Cairo,2022-06-15,One year,Credit card,Yes,No,Yes,Yes
C13139,Male,48,Luxor,Upper Egypt,2023-01-10,Two year,Bank transfer,No,Yes,Yes,Yes
C13140,Male,38,Cairo,Greater Cairo,2020-10-20,Month-to-month,Bank transfer,No,No,No,Yes
C13141,Female,53,Hurghada,Red Sea,2020-02-26,Two year,Credit card,No,No,Yes,Yes
C13142,Male,18,Luxor,Upper Egypt,2023-06-07,Month-to-month,Electronic check,No,No,No,Yes
C13143,Female,40,Giza,Greater Cairo,2020-10-06,Month-to-month,Electronic check,No,Yes,Yes,No
C13144,Female,33,Mansoura,Delta,2022-12-23,Two year,Bank transfer,No,No,No,Yes
C13145,Male,48,Suez,Suez,2023-07-17,One year,Credit card,No,No,Yes,Yes
C13146,Female,48,Alexandria,Delta,2022-12-20,Two year,Electronic check,No,No,No,No
C13147,Female,32,Assiut,Upper Egypt,2020-03-02,Month-to-month,Credit card,No,No,No,Yes
C13148,Male,32,Cairo,Greater Cairo,2021-04-13,One year,Credit card,No,Yes,Yes,No
C13149,Male,40,Giza,Greater Cairo,2023-06-26,Two year,Credit card,No,No,Yes,No
C13150,Male,29,Port Said,Suez,2022-08-24,One year,Credit card,Yes,No,Yes,No
C13151,Male,53,Mansoura,Delta,2020-11-18,Two year,Bank transfer,No,Yes,Yes,Yes
C13152,Female,36,Mansoura,Delta,2021-09-07,Month-to-month,Electronic check,No,Yes,Yes,Yes
C13153,Male,18,Assiut,Upper Egypt,2020-06-09,One year,Electronic check,No,No,Yes,Yes
C13154,Male,36,Alexandria,Delta,2023-10-26,Month-to-month,Bank transfer,No,Yes,No,Yes
C13155,Female,27,Mansoura,Delta,2020-05-16,Month-to-month,Bank transfer,No,Yes,Yes,No
C13156,Female,19,Luxor,Upper Egypt,2022-04-30,Month-to-month,Mailed check,No,Yes,Yes,Yes
C13157,Female,24,Ismailia,Suez,2023-10-25,One year,Electronic check,No,Yes,Yes,No
C13158,Female,43,Cairo,Greater Cairo,2022-09-12,One year,Credit card,No,Yes,Yes,Yes
C13159,Female,60,Port Said,Suez,2022-10-07,Month-to-month,Electronic check,No,No,Yes,Yes
C13160,Male,46,Mansoura,Delta,2021-11-18,Month-to-month,Bank transfer,No,No,No,Yes
C13161,Female,33,Port Said,Suez,2023-12-12,Month-to-month,Bank transfer,Yes,No,Yes,Yes
C13162,Female,48,Aswan,Upper Egypt,2023-06-01,Two year,Credit card,No,Yes,Yes,Yes
C13163,Male,35,Cairo,Greater Cairo,2020-09-01,Two year,Electronic check,No,No,Yes,Yes
C13164,Male,32,Suez,Suez,2022-07-10,Two year,Credit card,No,Yes,No,Yes
C13165,Male,25,Suez,Suez,2020-07-30,Month-to-month,Credit card,No,No,No,No
C13166,Male,18,Luxor,Upper Egypt,2021-03-08,Two year,Bank transfer,Yes,Yes,Yes,No
C13167,Female,36,Assiut,Upper Egypt,2022-07-30,Month-to-month,Credit card,No,No,Yes,Yes
C13168,Female,44,Tanta,Delta,2023-04-08,Month-to-month,Mailed check,No,Yes,Yes,Yes
C13169,Male,40,Mansoura,Delta,2023-08-30,One year,Credit card,No,No,No,Yes
C13170,Female,36,Hurghada,Red Sea,2022-08-02,Month-to-month,Credit card,No,Yes,No,Yes
C13171,Female,28,Mansoura,Delta,2023-06-29,Two year,Mailed check,No,No,No,Yes
C13172,Female,50,Luxor,Upper Egypt,2021-09-21,Month-to-month,Mailed check,No,Yes,Yes,Yes
C13173,Male,23,Tanta,Delta,2021-07-07,Two year,Bank transfer,No,Yes,No,Yes
C13174,Female,52,Cairo,Greater Cairo,2023-07-07,Month-to-month,Electronic check,No,Yes,No,Yes
C13175,Female,27,Tanta,Delta,2022-09-05,Month-to-month,Electronic check,No,No,Yes,Yes
C13176,Female,31,Suez,Suez,2020-11-10,Two year,Electronic check,No,Yes,Yes,Yes
C13177,Male,21,Hurghada,Red Sea,2021-07-03,Two year,Bank transfer,Yes,Yes,No,Yes
C13178,Male,34,Giza,Greater Cairo,2020-08-20,One year,Electronic check,No,No,Yes,Yes
C13179,Female,55,Luxor,Upper Egypt,2023-03-16,Two year,Electronic check,Yes,Yes,No,Yes
C13180,Male,49,Tanta,Delta,2021-11-06,One year,Credit card,No,No,Yes,Yes
C13181,Male,55,Ismailia,Suez,2021-10-23,One year,Bank transfer,No,No,No,No
C13182,Male,49,Assiut,Upper Egypt,2021-05-25,Two year,Electronic check,No,No,Yes,Yes
C13183,Female,26,Hurghada,Red Sea,2021-04-28,Month-to-month,Electronic check,No,Yes,Yes,Yes
C13184,Male,37,Luxor,Upper Egypt,2021-09-07,Two year,Mailed check,No,No,No,Yes
C13185,Female,31,Tanta,Delta,2023-12-16,Month-to-month,Electronic check,No,No,Yes,Yes
C13186,Male,60,Luxor,Upper Egypt,2023-06-22,Month-to-month,Electronic check,No,Yes,No,Yes
C13187,Female,25,Mansoura,Delta,2023-03-15,Month-to-month,Electronic check,No,No,Yes,Yes
C13188,Male,54,Hurghada,Red Sea,2023-10-07,One year,Electronic check,No,No,Yes,Yes
C13189,Male,54,Assiut,Upper Egypt,2022-07-24,Month-to-month,Credit card,No,Yes,Yes,Yes
C13190,Female,67,Tanta,Delta,2021-07-21,Month-to-month,Bank transfer,No,Yes,Yes,Yes
C13191,Male,36,Luxor,Upper Egypt,2021-09-27,Month-to-month,Electronic check,No,No,No,Yes
C13192,Female,51,Tanta,Delta,2022-07-28,Month-to-month,Electronic check,No,No,Yes,Yes
C13193,Male,73,Tanta,Delta,2020-09-27,Month-to-month,Credit card,No,Yes,No,No
C13194,Female,33,Port Said,Suez,2022-10-18,Month-to-month,Bank transfer,No,Yes,No,Yes
C13195,Female,20,Assiut,Upper Egypt,2022-03-16,Month-to-month,Electronic check,No,No,No,No
C13196,Male,18,Assiut,Upper Egypt,2021-04-21,Month-to-month,Credit card,No,Yes,Yes,No
C13197,Female,51,Cairo,Greater Cairo,2021-12-16,One year,Electronic check,No,No,Yes,Yes
C13198,Female,18,Giza,Greater Cairo,2021-11-13,One year,Credit card,No,No,Yes,No
C13199,Female,36,Luxor,Upper Egypt,2021-04-17,Month-to-month,Mailed check,No,No,No,Yes
C13200,Female,48,Giza,Greater Cairo,2022-04-20,Month-to-month,Credit card,No,No,No,Yes
C13201,Male,44,Cairo,Greater Cairo,2020-01-02,Month-to-month,Credit card,No,No,Yes,Yes
C13202,Female,47,Port Said,Suez,2022-01-04,One year,Mailed check,No,Yes,No,Yes
C13203,Male,45,Hurghada,Red Sea,2022-05-15,Month-to-month,Credit card,Yes,Yes,Yes,Yes
C13204,Female,59,Luxor,Upper Egypt,2020-07-15,Two year,Bank transfer,No,No,Yes,Yes
C13205,Male,28,Cairo,Greater Cairo,2021-07-29,One year,Credit card,No,No,Yes,Yes
C13206,Male,32,Luxor,Upper Egypt,2022-11-06,Month-to-month,Bank transfer,No,No,No,No
C13207,Male,31,Assiut,Upper Egypt,2023-07-09,Month-to-month,Bank transfer,No,No,Yes,Yes
C13208,Male,53,Port Said,Suez,2020-03-11,Month-to-month,Credit card,No,Yes,Yes,Yes
C13209,Male,54,Ismailia,Suez,2023-10-01,Two year,Electronic check,Yes,Yes,No,Yes
C13210,Female,48,Mansoura,Delta,2020-02-06,Month-to-month,Electronic check,No,Yes,Yes,Yes
C13211,Female,58,Suez,Suez,2022-06-27,Two year,Bank transfer,No,No,Yes,Yes
C13212,Female,25,Mansoura,Delta,2023-05-29,One year,Mailed check,No,No,No,Yes
C13213,Male,65,Luxor,Upper Egypt,2022-02-15,One year,Bank transfer,No,Yes,No,Yes
C13214,Male,63,Giza,Greater Cairo,2022-05-20,Month-to-month,Mailed check,No,No,No,Yes
C13215,Female,52,Tanta,Delta,2020-07-02,Month-to-month,Credit card,No,Yes,Yes,Yes
C13216,Male,66,Alexandria,Delta,2021-12-16,One year,Credit card,No,Yes,Yes,Yes
C13217,Female,18,Aswan,Upper Egypt,2021-05-10,Month-to-month,Electronic check,No,No,Yes,Yes
C13218,Male,34,Luxor,Upper Egypt,2020-08-08,Month-to-month,Bank transfer,No,Yes,Yes,Yes
C13219,Male,31,Alexandria,Delta,2022-02-06,Two year,Electronic check,No,Yes,No,Yes
C13220,Male,52,Port Said,Suez,2020-03-15,One year,Bank transfer,No,Yes,No,Yes
C13221,Female,27,Tanta,Delta,2022-12-01,Month-to-month,Electronic check,No,No,Yes,Yes
C13222,Female,52,Tanta,Delta,2022-12-13,Month-to-month,Bank transfer,Yes,Yes,No,Yes
C13223,Male,61,Suez,Suez,2021-09-21,One year,Electronic check,Yes,No,Yes,Yes
C13224,Female,51,Assiut,Upper Egypt,2021-07-09,Month-to-month,Mailed check,No,No,Yes,Yes
C13225,Female,45,Alexandria,Delta,2020-10-24,Month-to-month,Mailed check,No,No,Yes,Yes
C13226,Male,28,Tanta,Delta,2020-03-17,Month-to-month,Credit card,No,No,No,Yes
C13227,Female,30,Giza,Greater Cairo,2021-01-12,Month-to-month,Bank transfer,No,Yes,No,Yes
C13228,Male,59,Port Said,Suez,2020-01-25,Month-to-month,Mailed check,No,Yes,Yes,Yes
C13229,Male,52,Aswan,Upper Egypt,2022-12-15,One year,Credit card,No,Yes,No,No
C13230,Female,41,Giza,Greater Cairo,2021-10-30,Month-to-month,Mailed check,No,No,No,Yes
C13231,Male,36,Alexandria,Delta,2020-11-23,One year,Electronic check,No,No,No,Yes
C13232,Male,18,Tanta,Delta,2022-08-03,Month-to-month,Electronic check,No,Yes,Yes,No
C13233,Male,27,Port Said,Suez,2020-03-05,One year,Mailed check,No,Yes,No,No
C13234,Male,68,Ismailia,Suez,2023-03-21,Month-to-month,Mailed check,Yes,No,Yes,No
C13235,Male,24,Giza,Greater Cairo,2023-04-03,Two year,Bank transfer,No,No,Yes,No
C13236,Female,44,Luxor,Upper Egypt,2023-02-21,One year,Credit card,No,Yes,Yes,Yes
C13237,Female,56,Giza,Greater Cairo,2021-02-09,One year,Mailed check,Yes,Yes,No,Yes
C13238,Female,24,Giza,Greater Cairo,2023-11-29,One year,Electronic check,No,No,Yes,Yes
C13239,Female,44,Cairo,Greater Cairo,2022-10-25,Month-to-month,Electronic check,No,Yes,No,Yes
C13240,Female,55,Ismailia,Suez,2022-10-27,Month-to-month,Electronic check,Yes,Yes,No,No
C13241,Female,42,Luxor,Upper Egypt,2021-07-10,Month-to-month,Electronic check,No,No,No,Yes
C13242,Female,80,Suez,Suez,2021-07-04,One year,Mailed check,No,Yes,Yes,No
C13243,Female,18,Mansoura,Delta,2021-06-12,One year,Bank transfer,No,No,Yes,Yes
C13244,Male,56,Tanta,Delta,2023-05-31,Month-to-month,Electronic check,No,No,Yes,Yes
C13245,Female,39,Mansoura,Delta,2020-05-25,Month-to-month,Mailed check,No,No,No,Yes
C13246,Male,52,Hurghada,Red Sea,2023-08-15,One year,Mailed check,No,No,Yes,Yes
C13247,Male,48,Giza,Greater Cairo,2020-02-24,Two year,Bank transfer,No,No,No,No
C13248,Male,31,Assiut,Upper Egypt,2021-04-07,Month-to-month,Mailed check,No,Yes,No,Yes
C13249,Female,45,Aswan,Upper Egypt,2023-05-12,Month-to-month,Bank transfer,No,No,No,Yes
C13250,Female,18,Cairo,Greater Cairo,2023-08-23,Month-to-month,Credit card,Yes,Yes,No,No
C13251,Male,50,Giza,Greater Cairo,2022-06-29,Month-to-month,Credit card,No,No,No,Yes
C13252,Female,46,Suez,Suez,2021-02-08,Two year,Credit card,No,No,Yes,Yes
C13253,Male,50,Aswan,Upper Egypt,2020-08-06,One year,Bank transfer,No,Yes,No,Yes
C13254,Male,56,Giza,Greater Cairo,2021-07-02,Month-to-month,Electronic check,No,No,No,No
C13255,Female,47,Aswan,Upper Egypt,2021-07-26,Month-to-month,Electronic check,No,No,No,No
C13256,Female,44,Assiut,Upper Egypt,2020-11-27,Month-to-month,Credit card,No,Yes,Yes,Yes
C13257,Female,29,Tanta,Delta,2020-01-03,Two year,Bank transfer,No,Yes,No,Yes
C13258,Female,32,Tanta,Delta,2022-03-01,One year,Credit card,No,No,Yes,Yes
C13259,Female,58,Tanta,Delta,2023-03-09,Two year,Credit card,No,Yes,No,Yes
C13260,Male,62,Tanta,Delta,2023-02-21,Two year,Credit card,No,No,Yes,No
C13261,Male,38,Aswan,Upper Egypt,2023-09-11,Two year,Bank transfer,No,No,Yes,No
C13262,Male,42,Mansoura,Delta,2023-03-26,Month-to-month,Electronic check,No,No,No,No
C13263,Female,29,Cairo,Greater Cairo,2022-01-18,Month-to-month,Bank transfer,No,Yes,No,Yes
C13264,Male,58,Giza,Greater Cairo,2020-09-05,Month-to-month,Electronic check,No,Yes,No,Yes
C13265,Female,51,Mansoura,Delta,2022-03-31,Month-to-month,Bank transfer,No,No,Yes,Yes
C13266,Female,69,Ismailia,Suez,2023-07-10,One year,Mailed check,Yes,Yes,Yes,Yes
C13267,Male,29,Aswan,Upper Egypt,2023-11-25,Two year,Electronic check,No,No,No,No
C13268,Male,36,Assiut,Upper Egypt,2021-10-21,Month-to-month,Credit card,No,No,Yes,Yes
C13269,Male,45,Luxor,Upper Egypt,2020-04-19,Month-to-month,Bank transfer,No,Yes,Yes,Yes
C13270,Female,51,Luxor,Upper Egypt,2020-05-31,Month-to-month,Credit card,No,No,No,No
C13271,Male,38,Alexandria,Delta,2020-06-28,Two year,Electronic check,No,Yes,Yes,Yes
C13272,Female,29,Ismailia,Suez,2022-02-07,Two year,Bank transfer,No,No,No,Yes
C13273,Male,54,Giza,Greater Cairo,2020-05-05,Month-to-month,Electronic check,Yes,No,Yes,Yes
C13274,Female,52,Assiut,Upper Egypt,2021-10-11,One year,Electronic check,Yes,Yes,Yes,No
C13275,Male,29,Luxor,Upper Egypt,2021-03-12,One year,Bank transfer,No,No,Yes,Yes
C13276,Male,60,Ismailia,Suez,2023-07-13,One year,Bank transfer,No,Yes,Yes,Yes
C13277,Male,58,Hurghada,Red Sea,2023-07-09,Month-to-month,Electronic check,No,No,Yes,Yes
C13278,Female,43,Luxor,Upper Egypt,2021-07-14,Month-to-month,Electronic check,No,Yes,Yes,Yes
C13279,Female,43,Alexandria,Delta,2022-12-28,Month-to-month,Credit card,No,No,Yes,Yes
C13280,Male,49,Aswan,Upper Egypt,2023-04-09,Month-to-month,Credit card,No,Yes,Yes,Yes
C13281,Female,29,Mansoura,Delta,2021-06-12,Month-to-month,Bank transfer,No,Yes,No,Yes
C13282,Female,42,Port Said,Suez,2020-08-19,Two year,Credit card,Yes,Yes,Yes,Yes
C13283,Female,18,Cairo,Greater Cairo,2023-05-24,One year,Electronic check,No,No,Yes,No
C13284,Female,54,Hurghada,Red Sea,2021-12-13,One year,Bank transfer,No,No,Yes,Yes
C13285,Female,20,Suez,Suez,2020-04-16,Month-to-month,Mailed check,Yes,Yes,Yes,Yes
C13286,Female,63,Luxor,Upper Egypt,2021-04-27,Month-to-month,Electronic check,No,No,No,Yes
C13287,Male,37,Alexandria,Delta,2021-01-24,Month-to-month,Electronic check,No,Yes,Yes,Yes
C13288,Female,39,Ismailia,Suez,2023-06-22,One year,Credit card,No,Yes,No,No
C13289,Male,33,Suez,Suez,2022-01-05,Two year,Credit card,No,No,Yes,Yes
C13290,Male,37,Mansoura,Delta,2022-07-13,Month-to-month,Electronic check,Yes,Yes,No,No
C13291,Female,61,Cairo,Greater Cairo,2021-03-23,One year,Mailed check,No,No,No,No
C13292,Male,18,Giza,Greater Cairo,2020-11-24,Month-to-month,Bank transfer,No,Yes,Yes,Yes
C13293,Male,59,Port Said,Suez,2020-03-28,Month-to-month,Credit card,Yes,Yes,Yes,Yes
C13294,Male,46,Port Said,Suez,2022-08-13,Month-to-month,Credit card,No,Yes,Yes,No
C13295,Male,25,Giza,Greater Cairo,2020-12-17,One year,Electronic check,No,No,No,Yes
C13296,Male,26,Alexandria,Delta,2020-01-06,Month-to-month,Electronic check,No,Yes,No,Yes
C13297,Female,65,Mansoura,Delta,2023-10-11,Month-to-month,Bank transfer,No,No,Yes,Yes
C13298,Female,28,Giza,Greater Cairo,2020-11-17,One year,Bank transfer,No,Yes,Yes,Yes
C13299,Female,25,Giza,Greater Cairo,2020-03-07,Month-to-month,Bank transfer,No,No,Yes,Yes
C13300,Male,57,Tanta,Delta,2023-11-14,Month-to-month,Electronic check,Yes,No,Yes,Yes
C13301,Female,46,Cairo,Greater Cairo,2020-11-10,One year,Bank transfer,Yes,Yes,No,Yes
C13302,Female,28,Tanta,Delta,2022-07-24,Month-to-month,Electronic check,Yes,No,Yes,No
C13303,Male,45,Suez,Suez,2020-08-17,Two year,Bank transfer,No,No,No,Yes
C13304,Female,27,Hurghada,Red Sea,2023-10-16,Month-to-month,Electronic check,No,No,No,Yes
C13305,Female,57,Giza,Greater Cairo,2020-02-08,Month-to-month,Mailed check,No,No,Yes,Yes
C13306,Female,56,Mansoura,Delta,2021-11-09,One year,Electronic check,No,Yes,No,Yes
C13307,Male,49,Suez,Suez,2022-04-25,Two year,Electronic check,Yes,Yes,No,Yes
C13308,Female,47,Cairo,Greater Cairo,2021-10-12,Two year,Bank transfer,No,No,No,Yes
C13309,Male,66,Giza,Greater Cairo,2021-11-06,Two year,Bank transfer,No,Yes,Yes,Yes
C13310,Male,41,Assiut,Upper Egypt,2022-10-27,Two year,Electronic check,No,No,No,Yes
C13311,Female,25,Hurghada,Red Sea,2020-04-27,Two year,Credit card,No,No,Yes,No
C13312,Male,48,Suez,Suez,2022-01-15,Month-to-month,Electronic check,Yes,No,Yes,No
C13313,Female,71,Port Said,Suez,2023-11-05,Month-to-month,Electronic check,No,Yes,No,Yes
C13314,Male,27,Aswan,Upper Egypt,2021-07-19,One year,Electronic check,No,No,No,No
C13315,Male,36,Hurghada,Red Sea,2023-04-29,Month-to-month,Credit card,No,No,Yes,Yes
C13316,Male,47,Assiut,Upper Egypt,2023-12-09,Month-to-month,Bank transfer,No,No,Yes,Yes
C13317,Female,41,Suez,Suez,2022-04-13,Month-to-month,Mailed check,No,Yes,Yes,Yes
C13318,Female,28,Suez,Suez,2023-01-27,Month-to-month,Bank transfer,No,No,No,No
C13319,Female,57,Mansoura,Delta,2021-10-27,One year,Bank transfer,Yes,No,Yes,Yes
C13320,Female,74,Port Said,Suez,2023-03-14,Month-to-month,Credit card,No,Yes,No,Yes
C13321,Male,44,Alexandria,Delta,2020-08-26,One year,Electronic check,No,No,Yes,Yes
C13322,Male,29,Mansoura,Delta,2022-07-28,Month-to-month,Bank transfer,Yes,Yes,Yes,Yes
C13323,Female,20,Mansoura,Delta,2022-03-10,Two year,Bank transfer,No,No,Yes,Yes
C13324,Female,45,Hurghada,Red Sea,2022-03-17,Two year,Credit card,No,Yes,Yes,Yes
C13325,Female,57,Hurghada,Red Sea,2023-01-12,Two year,Bank transfer,No,Yes,No,Yes
C13326,Female,48,Port Said,Suez,2023-08-28,Month-to-month,Credit card,No,Yes,No,Yes
C13327,Male,41,Cairo,Greater Cairo,2023-03-10,Month-to-month,Electronic check,No,No,No,No
C13328,Female,33,Aswan,Upper Egypt,2023-11-01,Two year,Bank transfer,No,No,No,Yes
C13329,Male,26,Aswan,Upper Egypt,2022-04-05,One year,Credit card,No,Yes,No,Yes
C13330,Female,53,Mansoura,Delta,2023-09-01,Month-to-month,Credit card,No,Yes,No,Yes
C13331,Female,54,Tanta,Delta,2021-11-29,One year,Credit card,No,No,Yes,Yes
C13332,Female,20,Assiut,Upper Egypt,2022-11-02,Two year,Mailed check,No,No,No,Yes
C13333,Male,64,Luxor,Upper Egypt,2022-09-03,One year,Credit card,No,No,Yes,Yes
C13334,Male,50,Cairo,Greater Cairo,2022-06-25,One year,Electronic check,No,No,No,No
C13335,Male,61,Ismailia,Suez,2023-07-28,Two year,Electronic check,Yes,Yes,No,Yes
C13336,Male,23,Luxor,Upper Egypt,2023-04-10,Month-to-month,Electronic check,No,No,No,Yes
C13337,Male,22,Luxor,Upper Egypt,2023-04-06,One year,Mailed check,No,No,Yes,Yes
C13338,Male,39,Giza,Greater Cairo,2020-10-10,Two year,Bank transfer,No,Yes,Yes,Yes
C13339,Female,49,Hurghada,Red Sea,2023-10-06,One year,Credit card,No,No,Yes,Yes
C13340,Male,67,Tanta,Delta,2020-10-13,Two year,Electronic check,No,Yes,No,Yes
C13341,Female,51,Cairo,Greater Cairo,2023-04-13,Month-to-month,Mailed check,No,No,Yes,No
C13342,Male,38,Cairo,Greater Cairo,2020-03-24,Month-to-month,Mailed check,Yes,No,No,Yes
C13343,Female,27,Suez,Suez,2021-07-15,One year,Credit card,Yes,Yes,Yes,Yes
C13344,Male,59,Ismailia,Suez,2023-05-07,Month-to-month,Bank transfer,No,Yes,No,Yes
C13345,Female,28,Hurghada,Red Sea,2022-04-09,Month-to-month,Electronic check,No,Yes,Yes,Yes
C13346,Female,64,Mansoura,Delta,2022-05-08,One year,Mailed check,No,No,No,Yes
C13347,Female,38,Suez,Suez,2021-11-12,Month-to-month,Credit card,No,No,No,Yes
C13348,Female,64,Aswan,Upper Egypt,2023-01-08,One year,Bank transfer,No,Yes,Yes,Yes
C13349,Female,51,Luxor,Upper Egypt,2021-01-27,One year,Bank transfer,No,No,Yes,Yes
C13350,Male,40,Hurghada,Red Sea,2021-05-15,Month-to-month,Mailed check,No,Yes,No,No
C13351,Male,34,Alexandria,Delta,2023-11-05,Month-to-month,Electronic check,No,No,Yes,Yes
C13352,Female,37,Suez,Suez,2020-03-17,Month-to-month,Credit card,No,Yes,No,Yes
C13353,Male,47,Cairo,Greater Cairo,2020-04-24,Month-to-month,Credit card,No,Yes,No,Yes
C13354,Female,43,Alexandria,Delta,2020-08-22,Month-to-month,Bank transfer,No,Yes,Yes,Yes
C13355,Male,33,Suez,Suez,2023-07-24,Two year,Electronic check,No,No,Yes,Yes
C13356,Female,39,Tanta,Delta,2020-02-20,Month-to-month,Electronic check,No,Yes,Yes,No
C13357,Male,43,Alexandria,Delta,2022-11-12,Month-to-month,Mailed check,No,Yes,No,Yes
C13358,Female,18,Mansoura,Delta,2023-06-24,One year,Mailed check,No,No,Yes,No
C13359,Male,48,Cairo,Greater Cairo,2022-03-30,Month-to-month,Electronic check,No,Yes,Yes,No
C13360,Male,28,Luxor,Upper Egypt,2023-03-27,One year,Credit card,No,No,No,Yes
C13361,Female,25,Alexandria,Delta,2021-07-08,Month-to-month,Electronic check,No,Yes,No,No
C13362,Female,18,Aswan,Upper Egypt,2020-11-14,One year,Electronic check,No,No,Yes,Yes
C13363,Male,18,Aswan,Upper Egypt,2023-01-31,Month-to-month,Electronic check,No,No,Yes,Yes
C13364,Female,23,Luxor,Upper Egypt,2021-10-13,Month-to-month,Mailed check,No,No,Yes,Yes
C13365,Female,32,Alexandria,Delta,2023-01-22,Month-to-month,Mailed check,Yes,Yes,Yes,No
C13366,Male,69,Hurghada,Red Sea,2023-08-11,One year,Electronic check,No,Yes,No,Yes
C13367,Female,34,Giza,Greater Cairo,2023-08-14,Month-to-month,Mailed check,No,No,Yes,No
C13368,Male,44,Hurghada,Red Sea,2023-08-06,Month-to-month,Electronic check,No,No,Yes,Yes
C13369,Male,47,Giza,Greater Cairo,2020-12-22,One year,Credit card,Yes,No,Yes,No
C13370,Female,43,Giza,Greater Cairo,2022-03-27,One year,Electronic check,No,No,Yes,Yes
C13371,Male,40,Hurghada,Red Sea,2020-08-30,Month-to-month,Bank transfer,No,No,No,No
C13372,Male,25,Assiut,Upper Egypt,2020-12-15,Month-to-month,Mailed check,Yes,Yes,No,No
C13373,Male,62,Mansoura,Delta,2021-04-08,Month-to-month,Credit card,No,No,No,Yes
C13374,Male,67,Ismailia,Suez,2021-08-24,Month-to-month,Bank transfer,No,Yes,Yes,Yes
C13375,Male,18,Cairo,Greater Cairo,2023-10-17,Month-to-month,Credit card,No,No,Yes,Yes
C13376,Male,27,Assiut,Upper Egypt,2020-04-08,Month-to-month,Bank transfer,No,Yes,Yes,Yes
C13377,Male,38,Cairo,Greater Cairo,2020-06-16,Month-to-month,Bank transfer,No,No,No,No
C13378,Female,28,Mansoura,Delta,2023-08-20,Month-to-month,Bank transfer,No,No,Yes,No
C13379,Female,49,Assiut,Upper Egypt,2023-05-03,Two year,Credit card,No,No,Yes,Yes
C13380,Female,31,Ismailia,Suez,2023-10-20,One year,Credit card,No,Yes,Yes,Yes
C13381,Female,72,Mansoura,Delta,2020-08-19,Month-to-month,Bank transfer,No,Yes,No,Yes
C13382,Male,58,Tanta,Delta,2022-07-28,Two year,Credit card,No,No,No,No
C13383,Female,44,Hurghada,Red Sea,2023-03-20,One year,Bank transfer,No,Yes,No,Yes
C13384,Male,56,Port Said,Suez,2021-10-17,Month-to-month,Credit card,No,No,No,Yes
C13385,Male,57,Assiut,Upper Egypt,2022-12-02,Month-to-month,Bank transfer,No,Yes,No,Yes
C13386,Male,34,Port Said,Suez,2020-04-29,Month-to-month,Credit card,No,No,Yes,Yes
C13387,Male,30,Ismailia,Suez,2021-12-29,Month-to-month,Electronic check,Yes,No,Yes,Yes
C13388,Female,43,Tanta,Delta,2021-10-11,Month-to-month,Mailed check,No,Yes,Yes,Yes
C13389,Male,54,Hurghada,Red Sea,2022-11-27,Month-to-month,Bank transfer,Yes,No,No,Yes
C13390,Female,43,Suez,Suez,2021-03-31,Two year,Electronic check,No,No,Yes,Yes
C13391,Male,19,Cairo,Greater Cairo,2023-09-11,Month-to-month,Bank transfer,No,Yes,Yes,No
C13392,Male,30,Ismailia,Suez,2022-05-07,Month-to-month,Mailed check,No,No,Yes,Yes
C13393,Female,40,Mansoura,Delta,2023-01-24,Two year,Credit card,No,No,Yes,Yes
C13394,Male,40,Giza,Greater Cairo,2021-07-31,Month-to-month,Bank transfer,No,No,No,Yes
C13395,Male,69,Mansoura,Delta,2020-12-23,One year,Credit card,No,No,No,Yes
C13396,Male,22,Giza,Greater Cairo,2021-06-21,Month-to-month,Mailed check,No,Yes,No,Yes
C13397,Male,49,Suez,Suez,2021-01-05,Month-to-month,Credit card,No,No,No,No
C13398,Female,62,Mansoura,Delta,2021-07-24,Month-to-month,Electronic check,No,No,Yes,Yes
C13399,Male,73,Giza,Greater Cairo,2023-06-04,Two year,Electronic check,No,Yes,No,No
C13400,Male,36,Hurghada,Red Sea,2021-11-03,Two year,Mailed check,No,No,Yes,No
C13401,Male,48,Mansoura,Delta,2022-02-10,Two year,Mailed check,Yes,Yes,No,No
C13402,Female,49,Mansoura,Delta,2022-09-07,One year,Mailed check,No,No,No,Yes
C13403,Male,44,Assiut,Upper Egypt,2022-04-18,One year,Mailed check,No,Yes,Yes,No
C13404,Female,40,Cairo,Greater Cairo,2023-09-08,Month-to-month,Bank transfer,No,No,Yes,Yes
C13405,Male,48,Alexandria,Delta,2023-12-18,Month-to-month,Bank transfer,No,Yes,Yes,Yes
C13406,Female,18,Ismailia,Suez,2020-12-26,Two year,Credit card,No,No,Yes,Yes
C13407,Male,51,Mansoura,Delta,2021-09-02,Month-to-month,Credit card,No,Yes,Yes,Yes
C13408,Male,43,Tanta,Delta,2023-01-18,One year,Mailed check,No,No,Yes,No
C13409,Female,38,Giza,Greater Cairo,2021-10-15,One year,Electronic check,No,No,No,Yes
C13410,Female,70,Luxor,Upper Egypt,2021-10-29,One year,Electronic check,No,Yes,Yes,Yes
C13411,Male,32,Assiut,Upper Egypt,2020-10-12,Month-to-month,Electronic check,No,No,No,Yes
C13412,Female,36,Suez,Suez,2021-07-12,Month-to-month,Credit card,No,No,Yes,Yes
C13413,Male,69,Hurghada,Red Sea,2022-12-26,Two year,Mailed check,Yes,Yes,Yes,Yes
C13414,Male,30,Ismailia,Suez,2020-12-09,Two year,Bank transfer,No,No,Yes,No
C13415,Male,34,Tanta,Delta,2020-11-22,Two year,Electronic check,No,No,No,No
C13416,Male,39,Aswan,Upper Egypt,2022-09-11,One year,Electronic check,No,No,Yes,Yes
C13417,Female,53,Hurghada,Red Sea,2022-02-14,Two year,Bank transfer,Yes,No,No,Yes
C13418,Female,44,Aswan,Upper Egypt,2020-06-12,Two year,Electronic check,No,Yes,Yes,Yes
C13419,Female,23,Ismailia,Suez,2023-12-13,Month-to-month,Electronic check,No,Yes,Yes,No
C13420,Male,34,Aswan,Upper Egypt,2022-10-20,One year,Credit card,Yes,No,Yes,Yes
C13421,Female,33,Hurghada,Red Sea,2023-04-11,Month-to-month,Electronic check,Yes,No,Yes,Yes
C13422,Male,40,Alexandria,Delta,2023-02-01,Month-to-month,Credit card,No,Yes,No,Yes
C13423,Female,47,Cairo,Greater Cairo,2020-11-08,Month-to-month,Electronic check,No,Yes,No,No
C13424,Female,47,Ismailia,Suez,2020-03-20,Month-to-month,Electronic check,No,Yes,No,No
C13425,Female,18,Ismailia,Suez,2021-08-07,Month-to-month,Bank transfer,No,No,No,Yes
C13426,Male,56,Mansoura,Delta,2021-07-24,Month-to-month,Credit card,No,No,No,Yes
C13427,Male,45,Alexandria,Delta,2020-12-31,One year,Electronic check,No,No,No,Yes
C13428,Female,61,Hurghada,Red Sea,2022-06-15,Month-to-month,Bank transfer,No,Yes,Yes,Yes
C13429,Female,48,Assiut,Upper Egypt,2023-04-08,Two year,Bank transfer,No,Yes,No,Yes
C13430,Female,57,Luxor,Upper Egypt,2020-02-19,One year,Bank transfer,No,Yes,Yes,No
C13431,Male,48,Tanta,Delta,2021-05-16,One year,Electronic check,Yes,No,Yes,No
C13432,Female,60,Alexandria,Delta,2023-01-19,Month-to-month,Mailed check,No,Yes,No,No
C13433,Male,49,Cairo,Greater Cairo,2023-01-12,One year,Credit card,No,Yes,Yes,Yes
C13434,Male,40,Assiut,Upper Egypt,2022-04-06,Month-to-month,Electronic check,No,No,Yes,Yes
C13435,Female,73,Giza,Greater Cairo,2021-10-14,Two year,Mailed check,No,No,No,Yes
C13436,Female,54,Assiut,Upper Egypt,2022-10-10,Month-to-month,Mailed check,No,No,Yes,No
C13437,Female,50,Ismailia,Suez,2021-05-06,One year,Mailed check,No,Yes,No,Yes
C13438,Female,24,Mansoura,Delta,2020-06-01,One year,Bank transfer,No,No,Yes,Yes
C13439,Female,23,Alexandria,Delta,2020-05-06,Two year,Credit card,No,Yes,Yes,Yes
C13440,Female,46,Giza,Greater Cairo,2020-05-17,One year,Bank transfer,Yes,No,No,Yes
C13441,Female,44,Assiut,Upper Egypt,2020-11-01,Month-to-month,Electronic check,No,Yes,No,Yes
C13442,Female,33,Aswan,Upper Egypt,2021-02-18,Month-to-month,Bank transfer,No,No,Yes,Yes
C13443,Female,43,Ismailia,Suez,2021-05-10,Month-to-month,Credit card,No,No,No,Yes
C13444,Male,64,Suez,Suez,2021-02-14,Two year,Mailed check,No,Yes,No,Yes
C13445,Male,51,Port Said,Suez,2020-03-20,Month-to-month,Credit card,No,No,No,Yes
C13446,Male,26,Hurghada,Red Sea,2020-02-25,Month-to-month,Credit card,No,No,Yes,Yes
C13447,Male,40,Alexandria,Delta,2021-10-27,Month-to-month,Electronic check,No,Yes,Yes,Yes
C13448,Female,30,Hurghada,Red Sea,2021-04-22,Month-to-month,Mailed check,No,Yes,Yes,Yes
C13449,Female,36,Hurghada,Red Sea,2020-12-26,Two year,Mailed check,No,Yes,No,Yes
C13450,Male,36,Giza,Greater Cairo,2020-08-26,Month-to-month,Credit card,No,Yes,Yes,No
C13451,Male,35,Giza,Greater Cairo,2021-08-16,One year,Electronic check,Yes,Yes,Yes,Yes
C13452,Female,24,Mansoura,Delta,2022-01-08,Month-to-month,Electronic check,No,Yes,Yes,Yes
C13453,Male,40,Tanta,Delta,2021-10-19,Month-to-month,Bank transfer,No,Yes,Yes,Yes
C13454,Male,34,Tanta,Delta,2022-06-01,Two year,Bank transfer,No,No,Yes,No
C13455,Male,18,Cairo,Greater Cairo,2023-09-03,Month-to-month,Bank transfer,No,Yes,No,Yes
C13456,Female,70,Cairo,Greater Cairo,2020-08-17,Month-to-month,Electronic check,Yes,Yes,No,No
C13457,Female,57,Suez,Suez,2022-01-23,Month-to-month,Credit card,Yes,No,No,Yes
C13458,Female,36,Aswan,Upper Egypt,2021-12-11,One year,Electronic check,No,No,Yes,Yes
C13459,Female,42,Hurghada,Red Sea,2021-03-03,Month-to-month,Electronic check,No,No,Yes,Yes
C13460,Male,25,Assiut,Upper Egypt,2023-11-14,One year,Credit card,No,Yes,No,No
C13461,Male,65,Cairo,Greater Cairo,2022-05-19,Month-to-month,Mailed check,Yes,No,No,No
C13462,Female,68,Luxor,Upper Egypt,2023-11-06,One year,Credit card,Yes,Yes,Yes,Yes
C13463,Male,44,Cairo,Greater Cairo,2022-10-06,Month-to-month,Bank transfer,No,Yes,Yes,Yes
C13464,Male,56,Mansoura,Delta,2023-09-05,Month-to-month,Mailed check,No,Yes,No,Yes
C13465,Male,44,Luxor,Upper Egypt,2021-11-22,Two year,Credit card,No,Yes,Yes,Yes
C13466,Female,23,Suez,Suez,2020-01-11,Two year,Mailed check,Yes,No,Yes,Yes
C13467,Female,36,Hurghada,Red Sea,2021-07-15,Month-to-month,Credit card,Yes,Yes,No,No
C13468,Male,43,Mansoura,Delta,2022-11-29,Two year,Credit card,No,No,Yes,Yes
C13469,Female,35,Tanta,Delta,2022-03-22,Two year,Credit card,No,Yes,Yes,Yes
C13470,Male,38,Luxor,Upper Egypt,2021-06-06,Month-to-month,Mailed check,No,No,No,Yes
C13471,Female,40,Giza,Greater Cairo,2022-03-15,Month-to-month,Credit card,Yes,No,Yes,Yes
C13472,Female,40,Assiut,Upper Egypt,2020-12-11,One year,Mailed check,Yes,No,No,Yes
C13473,Male,42,Port Said,Suez,2020-07-30,Month-to-month,Credit card,No,Yes,No,Yes
C13474,Male,27,Hurghada,Red Sea,2021-09-30,One year,Bank transfer,No,Yes,No,Yes
C13475,Male,31,Giza,Greater Cairo,2021-09-20,Month-to-month,Electronic check,No,No,Yes,Yes
C13476,Male,24,Luxor,Upper Egypt,2020-02-15,One year,Mailed check,No,No,No,No
C13477,Female,55,Alexandria,Delta,2022-03-26,Month-to-month,Electronic check,No,No,Yes,Yes
C13478,Male,18,Mansoura,Delta,2020-02-25,Month-to-month,Credit card,No,No,No,No
C13479,Female,58,Ismailia,Suez,2022-04-20,One year,Electronic check,No,Yes,Yes,Yes
C13480,Female,61,Ismailia,Suez,2020-10-08,Month-to-month,Credit card,No,No,No,No
C13481,Male,37,Hurghada,Red Sea,2020-07-21,One year,Bank transfer,No,Yes,No,No
C13482,Male,18,Port Said,Suez,2022-01-22,One year,Credit card,No,No,No,Yes
C13483,Male,36,Mansoura,Delta,2020-03-01,One year,Bank transfer,Yes,No,Yes,Yes
C13484,Male,41,Tanta,Delta,2022-04-23,Two year,Credit card,No,Yes,Yes,Yes
C13485,Female,27,Port Said,Suez,2021-07-11,Month-to-month,Bank transfer,No,No,Yes,Yes
C13486,Female,34,Alexandria,Delta,2022-09-24,Two year,Electronic check,No,No,Yes,Yes
C13487,Male,63,Suez,Suez,2021-12-28,Month-to-month,Bank transfer,No,No,No,Yes
C13488,Male,51,Hurghada,Red Sea,2023-11-27,Month-to-month,Bank transfer,No,No,Yes,Yes
C13489,Male,29,Port Said,Suez,2020-01-16,Two year,Electronic check,No,Yes,No,Yes
C13490,Female,19,Aswan,Upper Egypt,2023-04-02,One year,Electronic check,No,Yes,Yes,Yes
C13491,Male,37,Luxor,Upper Egypt,2021-03-11,One year,Credit card,No,No,Yes,Yes
C13492,Male,39,Cairo,Greater Cairo,2020-07-04,Month-to-month,Mailed check,No,Yes,Yes,Yes
C13493,Female,48,Ismailia,Suez,2023-09-05,Month-to-month,Mailed check,Yes,Yes,Yes,No
C13494,Female,34,Port Said,Suez,2021-07-31,Month-to-month,Credit card,No,Yes,No,Yes
C13495,Male,49,Port Said,Suez,2021-02-17,One year,Mailed check,No,No,No,No
C13496,Female,69,Suez,Suez,2023-02-10,Month-to-month,Electronic check,No,No,No,Yes
C13497,Female,53,Hurghada,Red Sea,2022-08-25,Month-to-month,Electronic check,No,Yes,Yes,No
C13498,Female,41,Cairo,Greater Cairo,2023-10-14,Two year,Credit card,No,Yes,No,Yes
C13499,Male,39,Giza,Greater Cairo,2022-05-03,Month-to-month,Electronic check,No,No,No,Yes
C13500,Male,37,Giza,Greater Cairo,2023-04-08,Two year,Electronic check,No,No,No,No
C13501,Male,58,Hurghada,Red Sea,2021-09-10,Two year,Mailed check,No,No,Yes,Yes
C13502,Female,33,Mansoura,Delta,2023-02-19,One year,Credit card,No,Yes,Yes,Yes
C13503,Male,42,Ismailia,Suez,2020-10-28,Month-to-month,Electronic check,No,Yes,Yes,Yes
C13504,Male,42,Port Said,Suez,2020-11-30,One year,Mailed check,No,Yes,No,Yes
C13505,Female,34,Hurghada,Red Sea,2020-02-09,Month-to-month,Mailed check,No,Yes,Yes,No
C13506,Female,22,Aswan,Upper Egypt,2020-05-09,Month-to-month,Mailed check,No,Yes,Yes,Yes
C13507,Male,46,Cairo,Greater Cairo,2021-01-21,One year,Bank transfer,Yes,Yes,No,Yes
C13508,Male,41,Aswan,Upper Egypt,2022-12-01,One year,Bank transfer,No,No,No,Yes
C13509,Male,49,Alexandria,Delta,2020-03-15,Month-to-month,Credit card,No,Yes,Yes,Yes
C13510,Female,34,Suez,Suez,2020-11-12,One year,Bank transfer,No,No,No,No
C13511,Male,59,Suez,Suez,2022-04-19,Month-to-month,Credit card,No,No,No,Yes
C13512,Female,29,Alexandria,Delta,2022-05-24,Month-to-month,Mailed check,No,Yes,Yes,Yes
C13513,Female,65,Aswan,Upper Egypt,2022-09-03,One year,Electronic check,No,Yes,Yes,Yes
C13514,Male,18,Alexandria,Delta,2020-05-04,Month-to-month,Credit card,No,Yes,Yes,Yes
C13515,Female,48,Ismailia,Suez,2021-06-07,Month-to-month,Credit card,No,No,Yes,Yes
C13516,Male,48,Aswan,Upper Egypt,2021-06-12,One year,Electronic check,No,No,Yes,Yes
C13517,Female,30,Alexandria,Delta,2023-08-18,Month-to-month,Mailed check,No,No,Yes,Yes
C13518,Male,47,Aswan,Upper Egypt,2023-07-20,One year,Credit card,Yes,No,Yes,Yes
C13519,Female,59,Suez,Suez,2021-03-03,Month-to-month,Mailed check,No,No,Yes,Yes
C13520,Female,18,Hurghada,Red Sea,2022-03-30,Month-to-month,Credit card,No,No,Yes,No
C13521,Male,49,Aswan,Upper Egypt,2023-10-12,Month-to-month,Electronic check,No,Yes,Yes,Yes
C13522,Male,18,Hurghada,Red Sea,2022-08-23,Two year,Bank transfer,No,Yes,Yes,Yes
C13523,Female,28,Alexandria,Delta,2023-09-03,Month-to-month,Credit card,Yes,No,Yes,Yes
C13524,Male,64,Tanta,Delta,2021-02-06,One year,Bank transfer,No,Yes,No,Yes
C13525,Male,33,Alexandria,Delta,2022-01-07,One year,Credit card,No,Yes,No,Yes
C13526,Female,25,Giza,Greater Cairo,2023-04-28,One year,Bank transfer,No,Yes,No,No
C13527,Female,39,Port Said,Suez,2020-02-03,Two year,Bank transfer,No,No,No,Yes
C13528,Male,70,Giza,Greater Cairo,2022-01-22,Month-to-month,Bank transfer,No,No,Yes,Yes
C13529,Male,18,Assiut,Upper Egypt,2021-02-26,One year,Bank transfer,No,No,No,Yes
C13530,Female,27,Hurghada,Red Sea,2020-09-28,One year,Bank transfer,No,Yes,Yes,Yes
C13531,Female,62,Ismailia,Suez,2023-10-08,Month-to-month,Electronic check,No,No,Yes,Yes
C13532,Male,68,Suez,Suez,2022-11-10,Month-to-month,Bank transfer,No,No,No,Yes
C13533,Male,40,Alexandria,Delta,2021-11-10,Month-to-month,Mailed check,No,No,Yes,Yes
C13534,Female,24,Tanta,Delta,2021-09-01,Month-to-month,Mailed check,No,No,Yes,Yes
C13535,Female,71,Hurghada,Red Sea,2023-06-14,Month-to-month,Bank transfer,No,No,Yes,Yes
C13536,Female,64,Luxor,Upper Egypt,2020-12-11,Month-to-month,Electronic check,No,No,Yes,No
C13537,Female,51,Mansoura,Delta,2021-02-25,One year,Credit card,No,No,No,No
C13538,Female,30,Cairo,Greater Cairo,2021-02-15,One year,Mailed check,No,No,No,Yes
C13539,Female,41,Tanta,Delta,2020-06-01,Month-to-month,Mailed check,No,Yes,Yes,Yes
C13540,Male,39,Cairo,Greater Cairo,2023-09-18,Month-to-month,Credit card,No,Yes,No,Yes
C13541,Male,46,Ismailia,Suez,2020-12-09,Month-to-month,Mailed check,No,Yes,Yes,Yes
C13542,Male,62,Mansoura,Delta,2022-10-31,Month-to-month,Bank transfer,No,Yes,No,Yes
C13543,Male,54,Giza,Greater Cairo,2023-04-03,Month-to-month,Bank transfer,No,No,No,Yes
C13544,Male,26,Hurghada,Red Sea,2022-06-24,Month-to-month,Credit card,Yes,No,No,No
C13545,Female,61,Port Said,Suez,2023-03-15,One year,Electronic check,No,No,No,Yes
C13546,Female,46,Giza,Greater Cairo,2022-09-18,Two year,Credit card,No,Yes,Yes,Yes
C13547,Female,51,Mansoura,Delta,2023-12-19,One year,Mailed check,No,Yes,Yes,Yes
C13548,Female,62,Tanta,Delta,2021-07-10,Month-to-month,Credit card,No,No,No,No
C13549,Male,26,Port Said,Suez,2022-06-21,One year,Credit card,No,No,Yes,Yes
C13550,Male,41,Ismailia,Suez,2021-11-10,Month-to-month,Mailed check,No,Yes,No,Yes
C13551,Female,34,Hurghada,Red Sea,2022-07-09,Month-to-month,Bank transfer,No,Yes,No,Yes
C13552,Female,20,Assiut,Upper Egypt,2020-03-29,One year,Mailed check,No,Yes,Yes,Yes
C13553,Female,46,Cairo,Greater Cairo,2020-11-02,Month-to-month,Mailed check,No,No,No,Yes
C13554,Male,77,Mansoura,Delta,2021-03-31,Month-to-month,Credit card,No,No,No,Yes
C13555,Male,18,Alexandria,Delta,2020-07-28,One year,Mailed check,No,No,Yes,Yes
C13556,Male,41,Tanta,Delta,2021-11-07,Two year,Mailed check,No,No,Yes,No
C13557,Male,50,Tanta,Delta,2022-09-03,Month-to-month,Mailed check,No,Yes,Yes,Yes
C13558,Male,43,Alexandria,Delta,2020-08-25,Two year,Electronic check,No,No,No,No
C13559,Female,40,Hurghada,Red Sea,2022-10-26,One year,Bank transfer,No,Yes,Yes,No
C13560,Female,23,Giza,Greater Cairo,2021-10-04,One year,Electronic check,No,Yes,No,Yes
C13561,Female,45,Cairo,Greater Cairo,2020-07-24,Two year,Mailed check,No,Yes,Yes,Yes
C13562,Female,31,Aswan,Upper Egypt,2021-01-30,One year,Electronic check,No,Yes,Yes,Yes
C13563,Female,18,Assiut,Upper Egypt,2022-08-11,Month-to-month,Bank transfer,No,Yes,No,Yes
C13564,Male,58,Suez,Suez,2021-08-27,One year,Credit card,Yes,No,No,Yes
C13565,Female,55,Assiut,Upper Egypt,2020-09-04,One year,Bank transfer,No,Yes,No,Yes
C13566,Male,42,Port Said,Suez,2022-06-05,One year,Mailed check,No,Yes,No,Yes
C13567,Male,45,Suez,Suez,2021-02-21,One year,Bank transfer,No,No,Yes,Yes
C13568,Male,57,Suez,Suez,2022-05-15,Month-to-month,Credit card,No,Yes,Yes,Yes
C13569,Female,45,Suez,Suez,2021-12-23,Month-to-month,Electronic check,No,No,Yes,Yes
C13570,Male,54,Aswan,Upper Egypt,2023-10-16,Month-to-month,Credit card,No,No,No,Yes
C13571,Female,37,Mansoura,Delta,2023-01-12,Month-to-month,Mailed check,Yes,Yes,No,No
C13572,Male,60,Hurghada,Red Sea,2020-03-08,One year,Credit card,No,No,Yes,Yes
C13573,Female,46,Ismailia,Suez,2020-07-10,Month-to-month,Electronic check,No,Yes,Yes,No
C13574,Male,44,Ismailia,Suez,2023-08-14,One year,Credit card,No,Yes,Yes,Yes
C13575,Female,24,Assiut,Upper Egypt,2023-04-10,Two year,Mailed check,No,Yes,Yes,Yes
C13576,Male,46,Tanta,Delta,2020-08-23,One year,Credit card,No,No,Yes,No
C13577,Female,30,Ismailia,Suez,2020-08-08,One year,Mailed check,No,No,No,Yes
C13578,Male,33,Giza,Greater Cairo,2020-05-13,Month-to-month,Electronic check,No,No,Yes,Yes
C13579,Female,30,Mansoura,Delta,2020-07-30,Two year,Credit card,No,No,No,Yes
C13580,Female,27,Cairo,Greater Cairo,2023-01-13,One year,Bank transfer,No,Yes,No,Yes
C13581,Male,71,Mansoura,Delta,2022-05-20,One year,Electronic check,No,No,Yes,No
C13582,Male,60,Suez,Suez,2023-10-24,Two year,Bank transfer,No,Yes,No,No
C13583,Female,68,Mansoura,Delta,2021-11-28,Month-to-month,Bank transfer,No,No,Yes,Yes
C13584,Male,24,Suez,Suez,2021-07-15,Month-to-month,Electronic check,No,Yes,No,Yes
C13585,Female,42,Ismailia,Suez,2022-06-26,Two year,Electronic check,No,No,No,Yes
C13586,Female,23,Suez,Suez,2020-06-24,Two year,Credit card,No,Yes,No,No
C13587,Female,32,Aswan,Upper Egypt,2020-10-11,One year,Bank transfer,Yes,No,No,No
C13588,Female,29,Suez,Suez,2020-01-30,Month-to-month,Credit card,No,Yes,No,No
C13589,Male,59,Giza,Greater Cairo,2022-03-10,Month-to-month,Credit card,No,No,Yes,Yes
C13590,Female,36,Suez,Suez,2022-12-05,Month-to-month,Credit card,No,No,No,Yes
C13591,Male,56,Luxor,Upper Egypt,2022-01-26,Month-to-month,Credit card,No,No,Yes,Yes
C13592,Female,50,Aswan,Upper Egypt,2020-09-27,Month-to-month,Bank transfer,Yes,Yes,No,Yes
C13593,Male,74,Assiut,Upper Egypt,2020-11-06,Month-to-month,Bank transfer,No,Yes,No,Yes
C13594,Female,21,Suez,Suez,2022-03-10,Two year,Mailed check,Yes,Yes,No,Yes
C13595,Male,59,Ismailia,Suez,2022-01-07,Two year,Credit card,No,Yes,Yes,Yes
C13596,Female,58,Assiut,Upper Egypt,2022-04-27,Month-to-month,Bank transfer,No,Yes,No,Yes
C13597,Male,28,Alexandria,Delta,2020-09-16,One year,Bank transfer,Yes,Yes,Yes,No
C13598,Female,56,Mansoura,Delta,2021-04-08,One year,Credit card,No,Yes,No,No
C13599,Female,46,Port Said,Suez,2021-03-31,Month-to-month,Credit card,No,No,No,Yes
C13600,Male,38,Hurghada,Red Sea,2021-09-14,Month-to-month,Electronic check,No,No,Yes,Yes
C13601,Male,30,Aswan,Upper Egypt,2023-06-29,Two year,Credit card,No,Yes,Yes,Yes
C13602,Male,31,Ismailia,Suez,2023-03-06,Month-to-month,Credit card,No,No,No,No
C13603,Female,70,Tanta,Delta,2023-10-23,Month-to-month,Mailed check,No,No,No,No
C13604,Female,42,Tanta,Delta,2023-12-09,Month-to-month,Bank transfer,No,Yes,No,No
C13605,Male,52,Assiut,Upper Egypt,2021-09-28,Month-to-month,Electronic check,No,Yes,No,Yes
C13606,Female,30,Port Said,Suez,2023-10-23,One year,Electronic check,Yes,Yes,Yes,Yes
C13607,Female,31,Tanta,Delta,2023-02-08,One year,Electronic check,No,Yes,Yes,No
C13608,Female,57,Luxor,Upper Egypt,2022-08-26,Month-to-month,Credit card,No,Yes,No,Yes
C13609,Female,23,Giza,Greater Cairo,2023-09-24,Month-to-month,Bank transfer,No,Yes,Yes,Yes
C13610,Female,36,Port Said,Suez,2022-01-07,One year,Electronic check,No,Yes,No,Yes
C13611,Male,42,Aswan,Upper Egypt,2021-08-28,One year,Credit card,No,No,Yes,Yes
C13612,Male,43,Cairo,Greater Cairo,2022-03-04,Month-to-month,Credit card,No,No,No,Yes
C13613,Female,39,Mansoura,Delta,2021-07-09,Two year,Electronic check,No,No,Yes,No
C13614,Female,47,Tanta,Delta,2021-04-10,Two year,Credit card,No,No,Yes,Yes
C13615,Female,51,Cairo,Greater Cairo,2020-07-07,Month-to-month,Electronic check,No,No,Yes,Yes
C13616,Female,52,Assiut,Upper Egypt,2023-01-16,One year,Credit card,No,Yes,Yes,No
C13617,Female,28,Port Said,Suez,2022-04-06,Month-to-month,Bank transfer,No,Yes,Yes,Yes
C13618,Male,38,Aswan,Upper Egypt,2023-05-28,Month-to-month,Mailed check,No,Yes,Yes,Yes
C13619,Female,58,Suez,Suez,2020-04-02,Two year,Electronic check,Yes,Yes,Yes,Yes
C13620,Female,54,Mansoura,Delta,2023-02-14,Month-to-month,Credit card,Yes,No,Yes,Yes
C13621,Female,22,Hurghada,Red Sea,2022-12-11,Month-to-month,Mailed check,No,No,No,Yes
C13622,Female,46,Mansoura,Delta,2020-01-14,Month-to-month,Electronic check,No,No,No,Yes
C13623,Female,18,Luxor,Upper Egypt,2020-10-12,Month-to-month,Credit card,No,Yes,Yes,No
C13624,Male,42,Giza,Greater Cairo,2023-04-04,Two year,Electronic check,No,No,Yes,Yes
C13625,Female,68,Aswan,Upper Egypt,2020-09-30,Month-to-month,Bank transfer,No,Yes,Yes,No
C13626,Female,28,Hurghada,Red Sea,2022-01-07,One year,Credit card,No,Yes,Yes,No
C13627,Female,30,Ismailia,Suez,2022-03-24,Month-to-month,Electronic check,No,Yes,Yes,Yes
C13628,Female,52,Ismailia,Suez,2021-06-25,Month-to-month,Mailed check,No,No,Yes,Yes
C13629,Female,20,Luxor,Upper Egypt,2021-12-20,Month-to-month,Credit card,No,Yes,No,Yes
C13630,Female,33,Port Said,Suez,2023-10-29,Month-to-month,Bank transfer,Yes,Yes,No,Yes
C13631,Male,50,Giza,Greater Cairo,2023-11-12,Month-to-month,Electronic check,No,No,No,Yes
C13632,Female,33,Alexandria,Delta,2020-05-30,One year,Mailed check,No,Yes,Yes,Yes
C13633,Female,38,Tanta,Delta,2023-11-12,Month-to-month,Bank transfer,No,No,No,Yes
C13634,Female,52,Aswan,Upper Egypt,2022-09-26,Month-to-month,Electronic check,No,No,Yes,Yes
C13635,Female,47,Giza,Greater Cairo,2022-09-21,Month-to-month,Bank transfer,No,Yes,Yes,No
C13636,Female,45,Alexandria,Delta,2022-06-04,One year,Credit card,No,Yes,No,No
C13637,Male,37,Assiut,Upper Egypt,2020-02-26,Month-to-month,Electronic check,No,Yes,No,Yes
C13638,Male,47,Mansoura,Delta,2021-08-02,Month-to-month,Electronic check,No,No,Yes,Yes
C13639,Female,40,Suez,Suez,2023-05-21,Month-to-month,Electronic check,No,No,Yes,No
C13640,Female,48,Mansoura,Delta,2022-07-31,One year,Electronic check,No,Yes,No,No
C13641,Female,35,Tanta,Delta,2022-12-22,One year,Electronic check,No,No,No,Yes
C13642,Female,39,Aswan,Upper Egypt,2021-01-06,Two year,Bank transfer,No,Yes,Yes,Yes
C13643,Female,28,Alexandria,Delta,2022-06-04,Month-to-month,Bank transfer,Yes,No,No,No
C13644,Female,41,Assiut,Upper Egypt,2023-06-24,Two year,Electronic check,No,No,No,No
C13645,Female,30,Suez,Suez,2021-02-04,Month-to-month,Credit card,No,Yes,Yes,Yes
C13646,Female,26,Ismailia,Suez,2023-06-20,Month-to-month,Credit card,No,Yes,Yes,Yes
C13647,Female,45,Cairo,Greater Cairo,2023-04-15,Month-to-month,Mailed check,No,No,Yes,Yes
C13648,Female,44,Ismailia,Suez,2023-05-23,Month-to-month,Credit card,No,No,No,No
C13649,Male,52,Luxor,Upper Egypt,2021-07-14,Month-to-month,Mailed check,No,Yes,Yes,Yes
C13650,Female,35,Ismailia,Suez,2022-05-18,Two year,Credit card,No,No,No,Yes
C13651,Female,47,Ismailia,Suez,2022-03-04,Month-to-month,Electronic check,No,No,No,Yes
C13652,Female,49,Assiut,Upper Egypt,2023-07-10,Two year,Electronic check,No,No,No,Yes
C13653,Male,48,Mansoura,Delta,2020-02-18,One year,Electronic check,No,Yes,No,Yes
C13654,Female,30,Assiut,Upper Egypt,2021-04-09,One year,Electronic check,No,Yes,No,No
C13655,Female,44,Mansoura,Delta,2023-02-08,Two year,Electronic check,No,Yes,No,Yes
C13656,Male,47,Tanta,Delta,2022-12-28,Month-to-month,Mailed check,No,Yes,Yes,Yes
C13657,Female,42,Mansoura,Delta,2022-12-10,Month-to-month,Credit card,No,Yes,No,Yes
C13658,Male,18,Cairo,Greater Cairo,2021-07-16,Month-to-month,Electronic check,No,Yes,Yes,No
C13659,Female,44,Cairo,Greater Cairo,2021-10-05,Month-to-month,Credit card,No,No,No,Yes
C13660,Female,72,Ismailia,Suez,2023-04-05,Month-to-month,Electronic check,No,No,No,Yes
C13661,Female,36,Mansoura,Delta,2023-11-17,Two year,Credit card,No,No,Yes,Yes
C13662,Male,31,Aswan,Upper Egypt,2021-02-06,Two year,Bank transfer,No,Yes,No,Yes
C13663,Male,47,Hurghada,Red Sea,2023-03-24,Month-to-month,Credit card,Yes,Yes,Yes,Yes
C13664,Female,46,Luxor,Upper Egypt,2020-04-01,Month-to-month,Bank transfer,No,No,Yes,Yes
C13665,Female,58,Suez,Suez,2022-08-03,Month-to-month,Bank transfer,No,Yes,Yes,No
C13666,Male,24,Luxor,Upper Egypt,2020-06-27,Month-to-month,Electronic check,No,No,No,Yes
C13667,Female,52,Port Said,Suez,2023-04-23,Month-to-month,Mailed check,No,No,Yes,Yes
C13668,Male,50,Aswan,Upper Egypt,2020-02-29,One year,Credit card,No,No,No,Yes
C13669,Male,40,Ismailia,Suez,2023-12-03,One year,Credit card,No,Yes,Yes,No
C13670,Female,46,Giza,Greater Cairo,2021-03-23,One year,Electronic check,No,No,No,Yes
C13671,Female,56,Ismailia,Suez,2020-07-28,One year,Credit card,No,Yes,No,Yes
C13672,Female,54,Cairo,Greater Cairo,2021-11-15,Two year,Mailed check,No,No,Yes,Yes
C13673,Female,25,Ismailia,Suez,2022-01-14,Month-to-month,Electronic check,No,Yes,No,Yes
C13674,Female,53,Port Said,Suez,2021-02-23,One year,Bank transfer,No,No,Yes,No
C13675,Male,41,Mansoura,Delta,2022-11-25,Two year,Mailed check,No,No,No,Yes
C13676,Male,43,Mansoura,Delta,2021-06-21,One year,Mailed check,No,Yes,Yes,Yes
C13677,Female,43,Port Said,Suez,2022-11-02,Month-to-month,Bank transfer,No,No,Yes,Yes
C13678,Male,39,Luxor,Upper Egypt,2022-10-05,One year,Electronic check,No,No,No,No
C13679,Male,58,Port Said,Suez,2023-02-24,One year,Credit card,No,Yes,Yes,Yes
C13680,Male,40,Ismailia,Suez,2020-03-09,Month-to-month,Credit card,No,No,Yes,Yes
C13681,Male,26,Giza,Greater Cairo,2022-01-10,Month-to-month,Credit card,No,Yes,No,Yes
C13682,Male,36,Cairo,Greater Cairo,2023-05-14,Two year,Electronic check,No,No,No,Yes
C13683,Male,44,Tanta,Delta,2020-03-01,Month-to-month,Bank transfer,Yes,No,No,No
C13684,Male,59,Alexandria,Delta,2023-10-30,Month-to-month,Credit card,Yes,Yes,No,Yes
C13685,Female,50,Cairo,Greater Cairo,2020-02-15,Month-to-month,Electronic check,No,Yes,Yes,Yes
C13686,Female,30,Port Said,Suez,2020-09-15,Two year,Electronic check,No,Yes,Yes,Yes
C13687,Male,76,Assiut,Upper Egypt,2021-08-31,One year,Bank transfer,No,No,No,Yes
C13688,Female,45,Suez,Suez,2022-07-04,Two year,Bank transfer,No,Yes,No,No
C13689,Female,59,Ismailia,Suez,2023-10-24,Month-to-month,Bank transfer,Yes,Yes,Yes,Yes
C13690,Male,39,Port Said,Suez,2020-10-09,Month-to-month,Electronic check,Yes,No,Yes,Yes
C13691,Male,49,Assiut,Upper Egypt,2022-01-17,One year,Bank transfer,No,Yes,No,No
C13692,Male,53,Tanta,Delta,2020-04-19,Two year,Electronic check,No,No,No,Yes
C13693,Female,59,Luxor,Upper Egypt,2020-07-30,One year,Electronic check,No,No,No,Yes
C13694,Male,56,Hurghada,Red Sea,2021-10-28,One year,Mailed check,Yes,No,No,Yes
C13695,Female,54,Cairo,Greater Cairo,2021-05-01,Two year,Electronic check,No,No,No,Yes
C13696,Female,37,Suez,Suez,2023-11-30,One year,Credit card,No,No,Yes,No
C13697,Male,33,Ismailia,Suez,2020-11-08,Month-to-month,Credit card,No,No,No,No
C13698,Female,46,Assiut,Upper Egypt,2023-03-22,Two year,Mailed check,No,Yes,Yes,Yes
C13699,Female,55,Alexandria,Delta,2021-08-13,One year,Credit card,No,No,Yes,Yes
C13700,Male,38,Hurghada,Red Sea,2021-08-06,Two year,Credit card,No,No,No,Yes
C13701,Female,56,Aswan,Upper Egypt,2021-06-27,Two year,Credit card,Yes,No,Yes,Yes
C13702,Female,62,Luxor,Upper Egypt,2023-09-11,Two year,Electronic check,No,Yes,No,No
C13703,Male,29,Aswan,Upper Egypt,2022-06-01,Month-to-month,Bank transfer,No,No,No,Yes
C13704,Male,30,Alexandria,Delta,2022-10-02,Month-to-month,Mailed check,No,Yes,No,No
C13705,Male,40,Hurghada,Red Sea,2023-07-09,Month-to-month,Electronic check,No,Yes,Yes,Yes
C13706,Female,46,Assiut,Upper Egypt,2023-02-12,Month-to-month,Electronic check,No,No,No,No
C13707,Male,34,Giza,Greater Cairo,2022-05-18,Two year,Credit card,No,Yes,No,No
C13708,Female,60,Hurghada,Red Sea,2022-04-29,Month-to-month,Electronic check,No,No,Yes,Yes
C13709,Male,47,Cairo,Greater Cairo,2022-10-26,Month-to-month,Bank transfer,No,Yes,No,Yes
C13710,Female,42,Ismailia,Suez,2022-08-23,One year,Credit card,Yes,No,Yes,Yes
C13711,Female,21,Cairo,Greater Cairo,2023-06-15,One year,Electronic check,Yes,No,Yes,Yes
C13712,Female,23,Ismailia,Suez,2023-10-23,Month-to-month,Electronic check,No,Yes,Yes,Yes
C13713,Female,45,Tanta,Delta,2020-12-20,Month-to-month,Mailed check,Yes,Yes,Yes,Yes
C13714,Female,18,Tanta,Delta,2022-10-20,One year,Electronic check,Yes,Yes,No,Yes
C13715,Male,56,Port Said,Suez,2022-12-26,One year,Bank transfer,No,No,Yes,Yes
C13716,Female,39,Aswan,Upper Egypt,2022-06-04,Month-to-month,Bank transfer,No,Yes,Yes,Yes
C13717,Female,80,Port Said,Suez,2023-12-03,Month-to-month,Electronic check,No,No,No,Yes
C13718,Female,74,Alexandria,Delta,2022-04-25,Month-to-month,Credit card,No,Yes,Yes,Yes
C13719,Female,39,Luxor,Upper Egypt,2021-05-05,Month-to-month,Credit card,No,Yes,No,Yes
C13720,Female,40,Mansoura,Delta,2023-06-02,One year,Electronic check,No,Yes,No,No
C13721,Female,55,Luxor,Upper Egypt,2023-06-02,Month-to-month,Credit card,No,No,Yes,Yes
C13722,Female,65,Assiut,Upper Egypt,2022-06-14,Month-to-month,Bank transfer,No,No,Yes,No
C13723,Female,19,Suez,Suez,2020-01-23,Two year,Credit card,No,No,No,Yes
C13724,Male,18,Giza,Greater Cairo,2023-09-16,Two year,Electronic check,Yes,Yes,Yes,Yes
C13725,Male,33,Mansoura,Delta,2022-02-24,One year,Electronic check,No,Yes,No,Yes
C13726,Female,50,Hurghada,Red Sea,2023-02-16,One year,Electronic check,No,Yes,Yes,Yes
C13727,Female,48,Mansoura,Delta,2023-12-18,Two year,Bank transfer,No,Yes,Yes,No
C13728,Female,56,Assiut,Upper Egypt,2023-04-11,Month-to-month,Credit card,No,No,No,Yes
C13729,Female,25,Aswan,Upper Egypt,2022-10-25,Month-to-month,Bank transfer,Yes,No,No,Yes
C13730,Male,18,Luxor,Upper Egypt,2023-07-28,One year,Bank transfer,No,No,No,Yes
C13731,Female,54,Tanta,Delta,2020-12-05,Month-to-month,Mailed check,Yes,No,No,Yes
C13732,Female,30,Mansoura,Delta,2020-12-29,Month-to-month,Electronic check,Yes,No,No,Yes
C13733,Male,18,Assiut,Upper Egypt,2020-10-08,Month-to-month,Electronic check,No,Yes,No,Yes
C13734,Male,44,Assiut,Upper Egypt,2022-04-17,Month-to-month,Electronic check,No,No,Yes,Yes
C13735,Female,53,Tanta,Delta,2021-01-15,Two year,Bank transfer,No,No,No,Yes
C13736,Male,40,Alexandria,Delta,2022-09-30,One year,Bank transfer,Yes,No,Yes,Yes
C13737,Male,35,Cairo,Greater Cairo,2022-04-03,Month-to-month,Credit card,No,Yes,No,Yes
C13738,Female,39,Alexandria,Delta,2020-09-16,One year,Bank transfer,No,No,No,Yes
C13739,Male,36,Assiut,Upper Egypt,2020-09-28,Month-to-month,Bank transfer,No,No,Yes,No
C13740,Female,23,Tanta,Delta,2021-10-10,Two year,Mailed check,No,No,Yes,Yes
C13741,Female,31,Hurghada,Red Sea,2022-01-20,Month-to-month,Electronic check,Yes,Yes,Yes,Yes
C13742,Female,49,Mansoura,Delta,2021-11-25,Two year,Electronic check,No,No,No,Yes
C13743,Male,46,Cairo,Greater Cairo,2021-08-03,Month-to-month,Bank transfer,No,Yes,Yes,Yes
C13744,Female,44,Luxor,Upper Egypt,2021-12-20,Month-to-month,Electronic check,No,No,Yes,No
C13745,Female,28,Assiut,Upper Egypt,2022-11-10,Month-to-month,Credit card,No,No,No,Yes
C13746,Female,39,Aswan,Upper Egypt,2020-10-11,Two year,Bank transfer,No,No,Yes,Yes
C13747,Female,18,Giza,Greater Cairo,2020-01-16,Month-to-month,Credit card,No,No,No,Yes
C13748,Male,44,Assiut,Upper Egypt,2022-08-04,Two year,Credit card,No,Yes,Yes,No
C13749,Female,62,Hurghada,Red Sea,2023-05-11,Month-to-month,Electronic check,No,Yes,Yes,Yes
C13750,Male,21,Cairo,Greater Cairo,2023-07-13,Two year,Electronic check,No,No,Yes,No
C13751,Female,33,Assiut,Upper Egypt,2022-08-26,Two year,Credit card,No,Yes,Yes,No
C13752,Male,46,Cairo,Greater Cairo,2020-10-29,Month-to-month,Mailed check,No,No,No,Yes
C13753,Male,59,Alexandria,Delta,2020-03-11,Month-to-month,Credit card,No,Yes,No,Yes
C13754,Male,35,Assiut,Upper Egypt,2020-07-20,Month-to-month,Electronic check,No,No,Yes,Yes
C13755,Female,32,Tanta,Delta,2021-05-02,Month-to-month,Mailed check,No,No,Yes,Yes
C13756,Male,18,Cairo,Greater Cairo,2023-03-29,Two year,Credit card,Yes,No,Yes,Yes
C13757,Female,43,Cairo,Greater Cairo,2023-08-03,One year,Electronic check,No,No,No,Yes
C13758,Male,70,Assiut,Upper Egypt,2023-12-12,One year,Bank transfer,No,Yes,Yes,No
C13759,Female,45,Giza,Greater Cairo,2022-07-08,One year,Credit card,No,Yes,No,Yes
C13760,Female,41,Assiut,Upper Egypt,2020-03-16,Month-to-month,Electronic check,No,Yes,Yes,Yes
C13761,Male,46,Cairo,Greater Cairo,2023-11-05,Month-to-month,Mailed check,No,Yes,No,Yes
C13762,Male,41,Tanta,Delta,2023-08-25,Month-to-month,Bank transfer,No,No,No,Yes
C13763,Male,30,Port Said,Suez,2023-05-18,One year,Electronic check,No,No,No,Yes
C13764,Female,53,Assiut,Upper Egypt,2020-11-01,Two year,Electronic check,No,No,No,Yes
C13765,Female,45,Luxor,Upper Egypt,2022-01-25,Month-to-month,Electronic check,No,Yes,No,Yes
C13766,Female,42,Luxor,Upper Egypt,2020-10-28,One year,Bank transfer,No,Yes,No,Yes
C13767,Male,28,Ismailia,Suez,2023-09-08,Month-to-month,Bank transfer,No,Yes,No,Yes
C13768,Male,60,Hurghada,Red Sea,2020-08-28,Month-to-month,Bank transfer,No,Yes,No,No
C13769,Male,51,Suez,Suez,2021-07-24,Two year,Electronic check,No,No,Yes,Yes
C13770,Male,34,Alexandria,Delta,2022-10-20,One year,Bank transfer,No,No,No,Yes
C13771,Female,56,Aswan,Upper Egypt,2020-04-11,Month-to-month,Bank transfer,No,No,Yes,No
C13772,Male,35,Giza,Greater Cairo,2023-02-27,Month-to-month,Bank transfer,No,No,No,Yes
C13773,Female,31,Aswan,Upper Egypt,2021-02-18,One year,Credit card,No,Yes,Yes,Yes
C13774,Female,31,Giza,Greater Cairo,2021-02-23,Month-to-month,Electronic check,No,No,No,Yes
C13775,Male,18,Assiut,Upper Egypt,2020-04-01,Month-to-month,Mailed check,No,No,No,Yes
C13776,Male,48,Assiut,Upper Egypt,2023-01-13,Month-to-month,Electronic check,Yes,No,No,Yes
C13777,Female,18,Aswan,Upper Egypt,2022-07-12,One year,Mailed check,No,No,No,Yes
C13778,Male,24,Assiut,Upper Egypt,2022-03-02,One year,Bank transfer,No,Yes,No,Yes
C13779,Male,18,Giza,Greater Cairo,2023-06-06,Month-to-month,Bank transfer,No,No,Yes,Yes
C13780,Female,40,Giza,Greater Cairo,2023-03-28,Month-to-month,Mailed check,No,Yes,Yes,Yes
C13781,Male,39,Tanta,Delta,2023-07-08,Month-to-month,Credit card,No,Yes,Yes,Yes
C13782,Female,37,Port Said,Suez,2020-09-28,Month-to-month,Bank transfer,No,No,Yes,Yes
C13783,Female,27,Alexandria,Delta,2022-05-17,One year,Electronic check,No,No,No,Yes
C13784,Male,25,Giza,Greater Cairo,2021-01-16,One year,Mailed check,No,Yes,No,Yes
C13785,Male,48,Aswan,Upper Egypt,2021-04-17,One year,Electronic check,Yes,Yes,Yes,Yes
C13786,Female,34,Port Said,Suez,2022-06-02,Month-to-month,Credit card,No,No,No,Yes
C13787,Male,46,Assiut,Upper Egypt,2021-10-28,Two year,Bank transfer,No,No,Yes,Yes
C13788,Male,29,Giza,Greater Cairo,2020-09-14,One year,Electronic check,No,Yes,No,Yes
C13789,Male,44,Giza,Greater Cairo,2023-11-13,Month-to-month,Mailed check,No,Yes,No,Yes
C13790,Female,60,Port Said,Suez,2020-03-11,One year,Electronic check,No,No,No,Yes
C13791,Female,50,Alexandria,Delta,2023-06-06,Month-to-month,Electronic check,Yes,No,No,No
C13792,Female,36,Assiut,Upper Egypt,2020-02-03,Month-to-month,Bank transfer,No,No,No,No
C13793,Male,45,Hurghada,Red Sea,2020-05-18,Month-to-month,Electronic check,No,No,No,Yes
C13794,Female,38,Mansoura,Delta,2023-04-12,Month-to-month,Credit card,Yes,Yes,No,Yes
C13795,Male,42,Tanta,Delta,2020-11-14,One year,Credit card,No,No,No,No
C13796,Female,37,Tanta,Delta,2022-12-18,Month-to-month,Mailed check,No,Yes,Yes,Yes
C13797,Female,39,Cairo,Greater Cairo,2021-01-21,Month-to-month,Mailed check,Yes,Yes,No,Yes
C13798,Male,44,Luxor,Upper Egypt,2021-01-18,Month-to-month,Credit card,No,No,No,No
C13799,Male,28,Alexandria,Delta,2020-09-09,Two year,Mailed check,No,No,Yes,Yes
C13800,Male,27,Suez,Suez,2021-08-05,Month-to-month,Credit card,Yes,No,Yes,Yes
C13801,Male,22,Mansoura,Delta,2022-02-27,Month-to-month,Electronic check,No,No,No,Yes
C13802,Male,19,Hurghada,Red Sea,2023-09-17,Month-to-month,Electronic check,No,Yes,Yes,Yes
C13803,Female,24,Giza,Greater Cairo,2022-03-12,Month-to-month,Electronic check,No,Yes,Yes,Yes
C13804,Male,44,Alexandria,Delta,2021-08-19,One year,Mailed check,No,No,Yes,No
C13805,Female,29,Luxor,Upper Egypt,2021-06-02,One year,Electronic check,No,No,No,Yes
C13806,Male,49,Ismailia,Suez,2021-02-07,Month-to-month,Mailed check,No,Yes,No,No
C13807,Male,42,Assiut,Upper Egypt,2022-06-01,One year,Credit card,No,No,Yes,Yes
C13808,Female,18,Port Said,Suez,2020-12-15,One year,Bank transfer,No,No,Yes,Yes
C13809,Male,51,Ismailia,Suez,2023-11-05,Month-to-month,Electronic check,No,No,Yes,Yes
C13810,Female,53,Cairo,Greater Cairo,2020-06-21,Month-to-month,Mailed check,No,No,Yes,Yes
C13811,Female,28,Alexandria,Delta,2022-04-24,Month-to-month,Electronic check,Yes,Yes,Yes,Yes
C13812,Female,47,Cairo,Greater Cairo,2020-11-07,Month-to-month,Credit card,No,No,No,Yes
C13813,Female,30,Luxor,Upper Egypt,2022-01-15,One year,Bank transfer,No,Yes,No,Yes
C13814,Male,43,Tanta,Delta,2023-09-17,Month-to-month,Credit card,No,Yes,No,Yes
C13815,Female,24,Hurghada,Red Sea,2023-08-02,One year,Credit card,No,Yes,Yes,Yes
C13816,Male,18,Giza,Greater Cairo,2020-07-20,Month-to-month,Mailed check,No,Yes,Yes,Yes
C13817,Male,36,Tanta,Delta,2021-08-16,Month-to-month,Electronic check,No,Yes,Yes,Yes
C13818,Female,40,Luxor,Upper Egypt,2020-12-22,Two year,Mailed check,Yes,Yes,Yes,Yes
C13819,Male,36,Assiut,Upper Egypt,2021-05-20,Two year,Credit card,No,Yes,Yes,Yes
C13820,Female,25,Cairo,Greater Cairo,2022-07-06,Month-to-month,Electronic check,No,Yes,No,Yes
C13821,Female,36,Hurghada,Red Sea,2022-03-20,Two year,Electronic check,No,No,No,No
C13822,Male,45,Cairo,Greater Cairo,2022-07-08,One year,Electronic check,No,Yes,Yes,Yes
C13823,Male,41,Hurghada,Red Sea,2020-03-14,Two year,Mailed check,Yes,No,Yes,Yes
C13824,Female,44,Alexandria,Delta,2021-12-06,Month-to-month,Mailed check,No,Yes,No,Yes
C13825,Male,32,Suez,Suez,2020-12-30,Month-to-month,Credit card,No,Yes,No,Yes
C13826,Male,58,Port Said,Suez,2023-09-08,Month-to-month,Bank transfer,No,Yes,No,Yes
C13827,Male,25,Aswan,Upper Egypt,2023-01-29,One year,Mailed check,No,Yes,No,Yes
C13828,Male,48,Assiut,Upper Egypt,2022-07-24,One year,Electronic check,No,No,Yes,Yes
C13829,Male,58,Hurghada,Red Sea,2022-05-23,One year,Bank transfer,No,Yes,No,Yes
C13830,Female,48,Hurghada,Red Sea,2020-04-26,Month-to-month,Credit card,No,Yes,No,Yes
C13831,Male,39,Hurghada,Red Sea,2023-02-17,One year,Credit card,No,No,No,Yes
C13832,Female,34,Aswan,Upper Egypt,2022-02-12,Month-to-month,Bank transfer,No,Yes,Yes,Yes
C13833,Male,56,Assiut,Upper Egypt,2023-03-31,Month-to-month,Bank transfer,No,No,No,Yes
C13834,Male,22,Alexandria,Delta,2022-01-29,One year,Electronic check,No,Yes,Yes,Yes
C13835,Male,28,Assiut,Upper Egypt,2021-08-25,Month-to-month,Mailed check,No,No,Yes,No
C13836,Male,36,Cairo,Greater Cairo,2023-05-06,Month-to-month,Electronic check,Yes,Yes,No,Yes
C13837,Female,59,Hurghada,Red Sea,2023-05-24,Month-to-month,Credit card,No,No,Yes,Yes
C13838,Female,47,Alexandria,Delta,2020-10-15,Month-to-month,Electronic check,No,No,No,No
C13839,Male,28,Hurghada,Red Sea,2021-02-10,Two year,Credit card,No,Yes,Yes,Yes
C13840,Female,37,Giza,Greater Cairo,2022-12-13,Two year,Bank transfer,No,Yes,No,No
C13841,Female,33,Ismailia,Suez,2022-06-26,One year,Credit card,No,Yes,Yes,Yes
C13842,Male,32,Aswan,Upper Egypt,2021-10-11,Two year,Mailed check,No,No,Yes,Yes
C13843,Female,55,Suez,Suez,2021-02-25,Month-to-month,Credit card,No,No,Yes,No
C13844,Male,22,Luxor,Upper Egypt,2021-11-15,One year,Bank transfer,No,Yes,Yes,Yes
C13845,Male,64,Port Said,Suez,2020-02-08,Month-to-month,Mailed check,No,No,Yes,Yes
C13846,Male,53,Alexandria,Delta,2020-05-18,Month-to-month,Electronic check,No,Yes,Yes,Yes
C13847,Male,57,Port Said,Suez,2021-06-20,Two year,Electronic check,No,No,No,Yes
C13848,Male,35,Alexandria,Delta,2020-05-11,Month-to-month,Bank transfer,No,Yes,Yes,Yes
C13849,Male,39,Mansoura,Delta,2021-01-19,One year,Bank transfer,No,Yes,No,Yes
C13850,Male,21,Cairo,Greater Cairo,2022-04-22,Month-to-month,Credit card,No,No,No,Yes
C13851,Male,34,Ismailia,Suez,2021-08-21,Month-to-month,Electronic check,No,No,No,Yes
C13852,Male,48,Cairo,Greater Cairo,2022-08-25,One year,Credit card,No,Yes,Yes,Yes
C13853,Female,60,Luxor,Upper Egypt,2023-11-19,Month-to-month,Bank transfer,No,Yes,No,Yes
C13854,Female,26,Aswan,Upper Egypt,2022-05-17,Month-to-month,Mailed check,No,Yes,Yes,Yes
C13855,Female,36,Ismailia,Suez,2020-06-05,Month-to-month,Electronic check,No,Yes,No,Yes
C13856,Male,39,Cairo,Greater Cairo,2021-07-22,Month-to-month,Electronic check,No,Yes,No,Yes
C13857,Female,22,Port Said,Suez,2020-06-22,One year,Credit card,No,Yes,No,Yes
C13858,Male,50,Aswan,Upper Egypt,2023-03-31,One year,Credit card,No,Yes,Yes,Yes
C13859,Male,31,Assiut,Upper Egypt,2022-09-19,Two year,Mailed check,No,Yes,No,Yes
C13860,Female,39,Hurghada,Red Sea,2020-10-14,Month-to-month,Credit card,No,Yes,Yes,Yes
C13861,Female,35,Giza,Greater Cairo,2023-10-12,One year,Electronic check,No,Yes,No,No
C13862,Female,30,Cairo,Greater Cairo,2020-10-14,Two year,Bank transfer,No,Yes,No,Yes
C13863,Female,41,Alexandria,Delta,2020-04-22,One year,Mailed check,No,No,No,Yes
C13864,Female,38,Mansoura,Delta,2021-08-01,Two year,Credit card,No,No,No,Yes
C13865,Male,36,Ismailia,Suez,2020-10-04,Two year,Credit card,No,Yes,Yes,Yes
C13866,Male,31,Ismailia,Suez,2023-09-26,Month-to-month,Electronic check,No,No,No,Yes
C13867,Male,46,Giza,Greater Cairo,2020-12-21,Month-to-month,Electronic check,No,No,Yes,No
C13868,Female,65,Giza,Greater Cairo,2020-02-17,Two year,Credit card,No,No,No,Yes
C13869,Female,43,Mansoura,Delta,2021-07-13,Month-to-month,Mailed check,No,No,No,Yes
C13870,Female,55,Suez,Suez,2023-01-28,Month-to-month,Electronic check,No,Yes,No,Yes
C13871,Male,22,Tanta,Delta,2021-05-11,Month-to-month,Mailed check,Yes,No,No,Yes
C13872,Male,44,Aswan,Upper Egypt,2021-05-15,Month-to-month,Credit card,No,No,No,Yes
C13873,Male,26,Tanta,Delta,2023-08-01,One year,Electronic check,No,Yes,No,Yes
C13874,Male,21,Mansoura,Delta,2022-04-07,Two year,Electronic check,No,No,Yes,Yes
C13875,Male,31,Cairo,Greater Cairo,2020-07-09,Month-to-month,Credit card,No,Yes,Yes,Yes
C13876,Female,58,Assiut,Upper Egypt,2023-11-12,Month-to-month,Mailed check,No,Yes,Yes,Yes
C13877,Male,55,Aswan,Upper Egypt,2020-04-26,Month-to-month,Electronic check,No,No,No,Yes
C13878,Male,45,Assiut,Upper Egypt,2022-02-19,Two year,Mailed check,Yes,No,Yes,Yes
C13879,Female,20,Giza,Greater Cairo,2023-08-22,One year,Electronic check,Yes,No,No,Yes
C13880,Male,39,Giza,Greater Cairo,2023-04-27,Two year,Credit card,No,Yes,No,Yes
C13881,Male,46,Tanta,Delta,2022-04-03,One year,Electronic check,No,No,Yes,Yes
C13882,Female,44,Mansoura,Delta,2020-12-01,One year,Mailed check,No,Yes,No,No
C13883,Female,18,Ismailia,Suez,2020-10-05,Month-to-month,Mailed check,Yes,No,Yes,No
C13884,Female,29,Ismailia,Suez,2023-06-26,One year,Bank transfer,No,Yes,No,No
C13885,Male,41,Port Said,Suez,2021-07-17,Two year,Electronic check,No,No,Yes,Yes
C13886,Male,49,Hurghada,Red Sea,2023-08-06,One year,Electronic check,Yes,No,Yes,Yes
C13887,Male,18,Alexandria,Delta,2021-02-03,Month-to-month,Mailed check,No,No,Yes,Yes
C13888,Female,39,Ismailia,Suez,2020-12-17,Month-to-month,Electronic check,Yes,No,No,Yes
C13889,Female,44,Hurghada,Red Sea,2023-09-25,Month-to-month,Bank transfer,No,No,Yes,Yes
C13890,Female,53,Alexandria,Delta,2022-01-03,Month-to-month,Bank transfer,No,No,No,Yes
C13891,Female,51,Suez,Suez,2022-03-10,Month-to-month,Bank transfer,Yes,No,No,No
C13892,Male,50,Luxor,Upper Egypt,2020-01-18,Month-to-month,Bank transfer,No,Yes,No,Yes
C13893,Female,30,Alexandria,Delta,2023-10-07,Month-to-month,Credit card,No,No,No,Yes
C13894,Female,18,Ismailia,Suez,2021-08-17,One year,Mailed check,No,Yes,Yes,Yes
C13895,Female,36,Cairo,Greater Cairo,2022-08-16,Month-to-month,Mailed check,No,No,Yes,Yes
C13896,Male,56,Giza,Greater Cairo,2022-06-08,Month-to-month,Credit card,No,Yes,Yes,No
C13897,Female,61,Aswan,Upper Egypt,2020-03-04,Month-to-month,Electronic check,No,No,Yes,Yes
C13898,Female,51,Tanta,Delta,2020-09-11,One year,Credit card,No,No,Yes,Yes
C13899,Male,48,Hurghada,Red Sea,2023-10-25,Two year,Credit card,No,No,No,No
C13900,Female,47,Port Said,Suez,2023-03-19,Month-to-month,Bank transfer,No,Yes,No,Yes
C13901,Female,34,Suez,Suez,2022-04-28,One year,Electronic check,No,No,No,No
C13902,Male,40,Alexandria,Delta,2022-07-07,One year,Bank transfer,No,No,Yes,Yes
C13903,Male,65,Port Said,Suez,2021-04-13,Month-to-month,Electronic check,No,Yes,Yes,Yes
C13904,Male,28,Luxor,Upper Egypt,2023-09-25,Two year,Mailed check,Yes,No,No,Yes
C13905,Female,64,Cairo,Greater Cairo,2021-07-23,One year,Mailed check,No,Yes,Yes,Yes
C13906,Female,37,Tanta,Delta,2022-10-30,Month-to-month,Electronic check,Yes,Yes,Yes,Yes
C13907,Male,60,Port Said,Suez,2023-05-20,Month-to-month,Mailed check,No,No,No,Yes
C13908,Male,22,Aswan,Upper Egypt,2022-05-10,Month-to-month,Credit card,No,Yes,No,Yes
C13909,Male,50,Tanta,Delta,2023-08-01,Two year,Mailed check,No,Yes,No,Yes
C13910,Male,31,Suez,Suez,2022-05-06,One year,Bank transfer,Yes,No,Yes,Yes
C13911,Male,22,Luxor,Upper Egypt,2020-01-03,Month-to-month,Bank transfer,Yes,Yes,No,No
C13912,Female,45,Suez,Suez,2023-09-26,One year,Credit card,No,No,Yes,No
C13913,Male,56,Assiut,Upper Egypt,2021-12-31,Month-to-month,Electronic check,Yes,Yes,Yes,Yes
C13914,Male,30,Giza,Greater Cairo,2023-02-12,Month-to-month,Electronic check,No,No,Yes,Yes
C13915,Male,21,Tanta,Delta,2022-08-14,Month-to-month,Credit card,No,Yes,No,No
C13916,Female,40,Giza,Greater Cairo,2021-09-29,Month-to-month,Electronic check,No,Yes,No,Yes
C13917,Female,40,Suez,Suez,2023-08-01,Two year,Bank transfer,No,No,Yes,Yes
C13918,Male,49,Aswan,Upper Egypt,2020-11-04,Month-to-month,Bank transfer,No,Yes,Yes,No
C13919,Male,55,Port Said,Suez,2023-04-11,Two year,Credit card,No,Yes,No,Yes
C13920,Male,41,Alexandria,Delta,2021-04-25,Month-to-month,Credit card,No,No,No,Yes
C13921,Female,67,Aswan,Upper Egypt,2023-06-25,Month-to-month,Electronic check,Yes,Yes,No,No
C13922,Female,45,Giza,Greater Cairo,2022-08-10,Month-to-month,Electronic check,No,No,Yes,No
C13923,Male,37,Cairo,Greater Cairo,2022-06-27,Month-to-month,Bank transfer,No,No,No,Yes
C13924,Female,19,Cairo,Greater Cairo,2023-04-18,Month-to-month,Bank transfer,No,Yes,No,Yes
C13925,Female,38,Alexandria,Delta,2021-05-23,Month-to-month,Bank transfer,No,Yes,No,Yes
C13926,Female,37,Assiut,Upper Egypt,2020-08-01,One year,Electronic check,No,Yes,Yes,Yes
C13927,Male,55,Ismailia,Suez,2023-02-07,Month-to-month,Bank transfer,No,No,No,Yes
C13928,Female,48,Luxor,Upper Egypt,2021-06-18,One year,Credit card,No,Yes,No,Yes
C13929,Female,25,Aswan,Upper Egypt,2021-06-09,Two year,Mailed check,No,No,No,Yes
C13930,Female,44,Mansoura,Delta,2023-06-24,Month-to-month,Bank transfer,Yes,No,No,Yes
C13931,Female,51,Mansoura,Delta,2020-07-06,Month-to-month,Bank transfer,No,No,No,Yes
C13932,Female,63,Cairo,Greater Cairo,2020-05-28,Two year,Electronic check,No,Yes,No,Yes
C13933,Female,54,Ismailia,Suez,2023-10-04,One year,Credit card,No,No,Yes,No
C13934,Female,52,Port Said,Suez,2020-01-30,Month-to-month,Electronic check,Yes,Yes,No,Yes
C13935,Female,42,Assiut,Upper Egypt,2022-03-17,One year,Electronic check,No,Yes,Yes,No
C13936,Male,47,Ismailia,Suez,2020-11-21,Month-to-month,Electronic check,No,No,Yes,Yes
C13937,Female,59,Aswan,Upper Egypt,2021-01-13,Two year,Electronic check,No,Yes,No,Yes
C13938,Female,23,Suez,Suez,2020-08-23,Month-to-month,Electronic check,No,No,No,Yes
C13939,Male,37,Suez,Suez,2023-01-10,One year,Credit card,No,No,No,No
C13940,Male,31,Luxor,Upper Egypt,2023-08-31,One year,Bank transfer,No,Yes,No,Yes
C13941,Male,47,Ismailia,Suez,2022-04-10,Month-to-month,Electronic check,No,No,No,Yes
C13942,Female,59,Suez,Suez,2023-10-23,One year,Credit card,No,No,Yes,Yes
C13943,Male,33,Luxor,Upper Egypt,2020-03-31,Month-to-month,Electronic check,No,No,Yes,Yes
C13944,Female,18,Cairo,Greater Cairo,2020-04-14,One year,Bank transfer,Yes,No,No,No
C13945,Female,36,Tanta,Delta,2022-03-04,One year,Electronic check,No,No,Yes,Yes
C13946,Female,54,Luxor,Upper Egypt,2021-01-16,Two year,Credit card,No,No,No,No
C13947,Female,49,Mansoura,Delta,2022-02-06,Two year,Mailed check,Yes,Yes,No,Yes
C13948,Female,47,Mansoura,Delta,2020-05-17,Month-to-month,Mailed check,No,Yes,Yes,Yes
C13949,Female,38,Alexandria,Delta,2022-05-06,Month-to-month,Electronic check,No,Yes,Yes,Yes
C13950,Male,24,Suez,Suez,2023-04-13,Two year,Bank transfer,No,Yes,Yes,Yes
C13951,Male,49,Cairo,Greater Cairo,2022-08-02,One year,Electronic check,No,Yes,Yes,Yes
C13952,Female,30,Port Said,Suez,2021-06-13,Two year,Mailed check,No,No,Yes,Yes
C13953,Female,72,Giza,Greater Cairo,2022-08-09,One year,Mailed check,Yes,No,No,Yes
C13954,Male,49,Suez,Suez,2020-06-22,Two year,Mailed check,No,No,No,Yes
C13955,Female,33,Aswan,Upper Egypt,2023-09-28,Two year,Bank transfer,No,No,No,Yes
C13956,Female,33,Luxor,Upper Egypt,2021-05-30,Month-to-month,Mailed check,No,Yes,Yes,Yes
C13957,Female,40,Ismailia,Suez,2020-10-13,One year,Electronic check,No,Yes,Yes,Yes
C13958,Male,38,Mansoura,Delta,2023-03-19,One year,Mailed check,No,No,Yes,Yes
C13959,Female,57,Hurghada,Red Sea,2021-07-18,Month-to-month,Electronic check,Yes,No,Yes,Yes
C13960,Male,44,Suez,Suez,2023-01-03,Month-to-month,Bank transfer,No,No,No,Yes
C13961,Female,31,Aswan,Upper Egypt,2020-10-13,Month-to-month,Credit card,No,Yes,Yes,Yes
C13962,Male,68,Mansoura,Delta,2021-05-21,Month-to-month,Electronic check,No,Yes,Yes,No
C13963,Male,42,Giza,Greater Cairo,2020-08-17,Two year,Mailed check,No,No,No,Yes
C13964,Female,52,Assiut,Upper Egypt,2022-12-07,Month-to-month,Mailed check,No,No,Yes,Yes
C13965,Male,33,Assiut,Upper Egypt,2020-06-02,Month-to-month,Mailed check,No,No,No,Yes
C13966,Male,47,Assiut,Upper Egypt,2020-05-29,Two year,Credit card,No,Yes,No,Yes
C13967,Male,46,Ismailia,Suez,2021-05-09,Month-to-month,Credit card,No,No,Yes,Yes
C13968,Male,18,Port Said,Suez,2023-03-23,Month-to-month,Credit card,No,No,Yes,Yes
C13969,Male,70,Assiut,Upper Egypt,2023-10-29,Month-to-month,Electronic check,Yes,Yes,No,Yes
C13970,Female,60,Suez,Suez,2021-09-19,One year,Mailed check,No,Yes,No,No
C13971,Female,36,Alexandria,Delta,2022-06-02,One year,Mailed check,Yes,No,Yes,Yes
C13972,Male,26,Giza,Greater Cairo,2020-01-09,Month-to-month,Credit card,No,No,Yes,Yes
C13973,Male,46,Ismailia,Suez,2023-06-24,Month-to-month,Bank transfer,No,Yes,Yes,Yes
C13974,Female,43,Alexandria,Delta,2020-07-25,Two year,Electronic check,No,No,Yes,Yes
C13975,Female,46,Assiut,Upper Egypt,2022-02-22,Month-to-month,Electronic check,No,No,No,Yes
C13976,Male,44,Cairo,Greater Cairo,2020-07-11,Month-to-month,Mailed check,No,Yes,Yes,No
C13977,Female,49,Cairo,Greater Cairo,2022-12-04,Month-to-month,Electronic check,Yes,Yes,No,Yes
C13978,Male,62,Mansoura,Delta,2020-01-30,Month-to-month,Bank transfer,No,No,Yes,Yes
C13979,Male,49,Cairo,Greater Cairo,2020-10-16,Two year,Bank transfer,No,No,Yes,Yes
C13980,Female,27,Cairo,Greater Cairo,2023-05-14,Month-to-month,Credit card,No,Yes,No,Yes
C13981,Female,61,Mansoura,Delta,2020-01-09,Month-to-month,Credit card,Yes,Yes,No,Yes
C13982,Male,64,Tanta,Delta,2023-10-19,Month-to-month,Bank transfer,No,Yes,No,Yes
C13983,Male,80,Aswan,Upper Egypt,2022-06-12,Month-to-month,Electronic check,No,No,Yes,Yes
C13984,Female,26,Tanta,Delta,2021-11-22,Month-to-month,Bank transfer,Yes,No,Yes,Yes
C13985,Female,45,Luxor,Upper Egypt,2022-05-26,Month-to-month,Credit card,No,Yes,Yes,Yes
C13986,Male,18,Aswan,Upper Egypt,2023-12-20,Month-to-month,Electronic check,Yes,Yes,Yes,Yes
C13987,Female,49,Tanta,Delta,2023-07-27,Month-to-month,Electronic check,Yes,No,Yes,No
C13988,Female,34,Aswan,Upper Egypt,2021-01-21,Month-to-month,Credit card,No,Yes,Yes,Yes
C13989,Male,68,Hurghada,Red Sea,2023-05-14,Month-to-month,Credit card,No,Yes,No,Yes
C13990,Male,31,Mansoura,Delta,2021-01-05,Month-to-month,Bank transfer,No,Yes,Yes,Yes
C13991,Female,18,Ismailia,Suez,2023-10-10,Month-to-month,Electronic check,Yes,No,No,Yes
C13992,Female,35,Tanta,Delta,2022-03-14,Month-to-month,Electronic check,No,No,Yes,Yes
C13993,Male,18,Hurghada,Red Sea,2023-12-20,Month-to-month,Electronic check,No,Yes,No,Yes
C13994,Male,52,Assiut,Upper Egypt,2020-11-17,Month-to-month,Electronic check,No,No,No,Yes
C13995,Male,18,Cairo,Greater Cairo,2023-05-17,Two year,Electronic check,No,Yes,Yes,Yes
C13996,Male,42,Cairo,Greater Cairo,2023-09-25,Month-to-month,Bank transfer,Yes,No,No,No
C13997,Female,18,Mansoura,Delta,2022-04-04,Month-to-month,Mailed check,No,No,No,Yes
C13998,Male,37,Mansoura,Delta,2021-07-15,Two year,Bank transfer,No,No,No,Yes
C13999,Female,65,Port Said,Suez,2021-08-06,Two year,Credit card,No,No,Yes,Yes
C14000,Female,47,Assiut,Upper Egypt,2022-10-10,Month-to-month,Credit card,No,No,Yes,No
C14001,Female,29,Luxor,Upper Egypt,2023-03-11,One year,Mailed check,No,No,No,Yes
C14002,Female,41,Cairo,Greater Cairo,2020-03-26,One year,Bank transfer,No,Yes,Yes,Yes
C14003,Female,42,Alexandria,Delta,2021-01-08,One year,Mailed check,No,No,Yes,Yes
C14004,Male,48,Alexandria,Delta,2020-09-18,Month-to-month,Bank transfer,No,No,No,No
C14005,Male,22,Aswan,Upper Egypt,2023-08-06,Month-to-month,Mailed check,No,No,Yes,Yes
C14006,Female,50,Mansoura,Delta,2021-03-14,Month-to-month,Bank transfer,No,Yes,Yes,No
C14007,Male,18,Alexandria,Delta,2023-04-24,One year,Electronic check,No,Yes,No,Yes
C14008,Male,33,Mansoura,Delta,2023-10-06,Month-to-month,Electronic check,No,No,Yes,Yes
C14009,Female,35,Suez,Suez,2022-03-18,Two year,Bank transfer,Yes,No,No,Yes
C14010,Male,50,Port Said,Suez,2022-08-16,One year,Electronic check,No,No,No,Yes
C14011,Male,42,Cairo,Greater Cairo,2022-06-16,Month-to-month,Electronic check,No,No,No,Yes
C14012,Male,22,Luxor,Upper Egypt,2023-11-02,Two year,Bank transfer,No,No,Yes,Yes
C14013,Male,28,Ismailia,Suez,2021-12-30,Two year,Electronic check,No,Yes,No,No
C14014,Female,44,Alexandria,Delta,2023-03-15,Month-to-month,Electronic check,No,Yes,Yes,No
C14015,Male,40,Assiut,Upper Egypt,2022-07-06,One year,Electronic check,No,No,No,No
C14016,Male,33,Aswan,Upper Egypt,2020-04-22,One year,Electronic check,No,Yes,No,Yes
C14017,Female,35,Luxor,Upper Egypt,2022-03-25,Month-to-month,Mailed check,No,No,No,Yes
C14018,Male,51,Luxor,Upper Egypt,2022-11-17,Month-to-month,Mailed check,No,No,Yes,Yes
C14019,Female,34,Suez,Suez,2021-06-05,Two year,Bank transfer,No,No,Yes,Yes
C14020,Female,40,Suez,Suez,2023-12-19,Month-to-month,Credit card,No,No,No,Yes
C14021,Male,72,Hurghada,Red Sea,2023-09-05,Month-to-month,Electronic check,No,Yes,Yes,Yes
C14022,Male,22,Mansoura,Delta,2022-08-18,Month-to-month,Electronic check,Yes,Yes,No,No
C14023,Male,18,Ismailia,Suez,2023-06-03,One year,Electronic check,No,Yes,Yes,No
C14024,Male,52,Giza,Greater Cairo,2022-02-28,Month-to-month,Mailed check,No,Yes,Yes,Yes
C14025,Male,32,Suez,Suez,2020-07-22,Month-to-month,Electronic check,No,Yes,No,Yes
C14026,Male,37,Ismailia,Suez,2020-05-16,Month-to-month,Electronic check,No,Yes,Yes,Yes
C14027,Male,31,Tanta,Delta,2020-09-07,One year,Credit card,No,Yes,Yes,Yes
C14028,Female,38,Suez,Suez,2020-02-07,Two year,Credit card,Yes,No,No,Yes
C14029,Female,64,Suez,Suez,2023-11-29,One year,Electronic check,Yes,Yes,Yes,No
C14030,Female,53,Assiut,Upper Egypt,2021-03-11,Two year,Electronic check,No,No,Yes,Yes
C14031,Male,54,Port Said,Suez,2022-09-12,Month-to-month,Credit card,No,No,No,Yes
C14032,Male,22,Giza,Greater Cairo,2022-08-10,Two year,Electronic check,No,No,Yes,Yes
C14033,Male,25,Port Said,Suez,2021-01-16,Two year,Credit card,Yes,Yes,Yes,No
C14034,Male,18,Mansoura,Delta,2023-07-08,One year,Bank transfer,No,Yes,Yes,Yes
C14035,Male,30,Cairo,Greater Cairo,2022-02-06,Two year,Credit card,No,No,Yes,Yes
C14036,Male,55,Ismailia,Suez,2021-12-18,Month-to-month,Mailed check,No,Yes,Yes,No
C14037,Male,49,Tanta,Delta,2020-08-16,Month-to-month,Mailed check,No,No,Yes,Yes
C14038,Male,38,Alexandria,Delta,2022-03-02,Month-to-month,Electronic check,No,Yes,No,Yes
C14039,Male,41,Giza,Greater Cairo,2022-06-05,Two year,Mailed check,No,No,Yes,No
C14040,Male,32,Alexandria,Delta,2021-10-17,Month-to-month,Electronic check,No,No,Yes,Yes
C14041,Male,44,Cairo,Greater Cairo,2020-12-15,Month-to-month,Bank transfer,No,No,No,Yes
C14042,Male,52,Mansoura,Delta,2023-10-11,Month-to-month,Credit card,Yes,No,Yes,Yes
C14043,Female,19,Cairo,Greater Cairo,2022-07-05,Month-to-month,Electronic check,No,No,Yes,Yes
C14044,Female,46,Aswan,Upper Egypt,2022-07-03,Month-to-month,Credit card,No,No,No,Yes
C14045,Male,55,Hurghada,Red Sea,2020-01-15,One year,Bank transfer,No,No,No,Yes
C14046,Female,36,Cairo,Greater Cairo,2021-11-26,Two year,Electronic check,No,Yes,Yes,Yes
C14047,Male,51,Aswan,Upper Egypt,2020-12-08,Month-to-month,Bank transfer,No,Yes,Yes,Yes
C14048,Male,80,Hurghada,Red Sea,2023-01-25,Two year,Electronic check,No,Yes,Yes,Yes
C14049,Male,40,Mansoura,Delta,2020-02-26,Month-to-month,Electronic check,No,Yes,Yes,No
C14050,Male,47,Assiut,Upper Egypt,2020-03-01,Month-to-month,Electronic check,No,Yes,No,Yes
C14051,Female,31,Aswan,Upper Egypt,2020-06-08,One year,Mailed check,No,No,No,No
C14052,Female,44,Suez,Suez,2022-06-11,Two year,Bank transfer,No,Yes,Yes,No
C14053,Female,48,Cairo,Greater Cairo,2022-07-06,One year,Bank transfer,No,No,Yes,No
C14054,Male,44,Suez,Suez,2020-05-07,Two year,Electronic check,No,No,No,Yes
C14055,Female,27,Hurghada,Red Sea,2022-04-03,Month-to-month,Mailed check,Yes,No,Yes,Yes
C14056,Female,44,Hurghada,Red Sea,2020-02-29,Month-to-month,Electronic check,Yes,Yes,No,Yes
C14057,Female,62,Giza,Greater Cairo,2022-09-16,Two year,Mailed check,No,Yes,Yes,Yes
C14058,Male,48,Mansoura,Delta,2023-12-12,Two year,Credit card,No,Yes,No,Yes
C14059,Male,55,Assiut,Upper Egypt,2021-01-23,One year,Electronic check,No,Yes,No,Yes
C14060,Female,38,Tanta,Delta,2022-01-08,One year,Mailed check,No,Yes,Yes,Yes
C14061,Female,52,Hurghada,Red Sea,2022-08-25,Two year,Bank transfer,No,No,Yes,No
C14062,Male,45,Suez,Suez,2022-10-27,Month-to-month,Mailed check,No,No,No,Yes
C14063,Female,28,Mansoura,Delta,2020-10-04,One year,Electronic check,No,No,No,No
C14064,Female,46,Alexandria,Delta,2021-05-06,One year,Bank transfer,No,No,No,Yes
C14065,Male,28,Aswan,Upper Egypt,2021-05-24,Month-to-month,Credit card,No,Yes,No,No
C14066,Female,33,Ismailia,Suez,2020-11-19,Month-to-month,Electronic check,No,Yes,No,Yes
C14067,Male,44,Mansoura,Delta,2023-11-16,Two year,Electronic check,No,Yes,No,No
C14068,Female,46,Alexandria,Delta,2022-05-01,Month-to-month,Electronic check,No,No,Yes,No
C14069,Male,25,Assiut,Upper Egypt,2022-07-29,Month-to-month,Electronic check,No,Yes,No,Yes
C14070,Female,56,Alexandria,Delta,2020-06-21,Month-to-month,Mailed check,No,No,No,No
C14071,Female,50,Aswan,Upper Egypt,2023-08-06,Month-to-month,Credit card,Yes,No,Yes,No
C14072,Female,32,Luxor,Upper Egypt,2021-05-01,Month-to-month,Credit card,Yes,Yes,Yes,No
C14073,Female,20,Mansoura,Delta,2022-10-02,One year,Electronic check,No,No,No,Yes
C14074,Female,39,Alexandria,Delta,2021-06-02,Month-to-month,Electronic check,No,No,No,Yes
C14075,Male,35,Assiut,Upper Egypt,2021-05-06,Two year,Electronic check,No,Yes,No,Yes
C14076,Male,43,Port Said,Suez,2021-03-27,Two year,Mailed check,No,Yes,Yes,Yes
C14077,Female,36,Port Said,Suez,2020-12-17,Month-to-month,Bank transfer,No,Yes,Yes,Yes
C14078,Female,18,Mansoura,Delta,2021-05-03,One year,Bank transfer,No,No,Yes,Yes
C14079,Male,36,Ismailia,Suez,2020-05-25,Two year,Bank transfer,Yes,No,No,Yes
C14080,Male,37,Luxor,Upper Egypt,2023-05-03,One year,Electronic check,No,No,Yes,No
C14081,Male,50,Giza,Greater Cairo,2022-11-28,Two year,Bank transfer,No,Yes,No,Yes
C14082,Female,32,Giza,Greater Cairo,2021-06-29,Month-to-month,Mailed check,Yes,Yes,Yes,Yes
C14083,Male,65,Hurghada,Red Sea,2021-01-26,Month-to-month,Electronic check,No,Yes,Yes,No
C14084,Female,18,Alexandria,Delta,2023-02-16,Two year,Bank transfer,No,Yes,Yes,Yes
C14085,Male,60,Cairo,Greater Cairo,2023-02-08,Month-to-month,Electronic check,No,No,Yes,Yes
C14086,Female,38,Suez,Suez,2022-03-20,One year,Bank transfer,No,No,No,Yes
C14087,Male,54,Ismailia,Suez,2020-05-18,Month-to-month,Electronic check,No,No,No,Yes
C14088,Female,43,Tanta,Delta,2022-09-27,Month-to-month,Bank transfer,No,No,Yes,Yes
C14089,Female,57,Suez,Suez,2022-01-24,Month-to-month,Bank transfer,No,No,No,No
C14090,Female,36,Hurghada,Red Sea,2022-06-13,Month-to-month,Bank transfer,No,Yes,Yes,Yes
C14091,Female,26,Aswan,Upper Egypt,2022-09-05,One year,Bank transfer,No,Yes,No,Yes
C14092,Male,61,Aswan,Upper Egypt,2021-09-30,One year,Electronic check,No,Yes,No,Yes
C14093,Male,40,Assiut,Upper Egypt,2020-01-10,One year,Credit card,No,Yes,Yes,Yes
C14094,Female,45,Hurghada,Red Sea,2020-02-22,Two year,Bank transfer,No,No,No,Yes
C14095,Male,59,Suez,Suez,2022-05-08,Month-to-month,Electronic check,No,No,Yes,No
C14096,Female,27,Giza,Greater Cairo,2020-12-17,Month-to-month,Electronic check,No,No,Yes,Yes
C14097,Female,50,Mansoura,Delta,2023-09-04,Month-to-month,Electronic check,Yes,Yes,No,Yes
C14098,Female,33,Cairo,Greater Cairo,2022-10-24,Month-to-month,Credit card,No,No,No,Yes
C14099,Female,40,Alexandria,Delta,2021-07-20,One year,Mailed check,No,No,Yes,No
C14100,Female,43,Ismailia,Suez,2022-01-12,One year,Electronic check,No,No,No,Yes
C14101,Female,20,Hurghada,Red Sea,2020-11-12,Month-to-month,Electronic check,No,No,No,Yes
C14102,Male,31,Giza,Greater Cairo,2023-09-13,Month-to-month,Electronic check,No,Yes,No,Yes
C14103,Male,60,Suez,Suez,2021-07-14,One year,Credit card,No,No,Yes,Yes
C14104,Female,54,Aswan,Upper Egypt,2021-06-05,One year,Bank transfer,No,Yes,Yes,Yes
C14105,Male,41,Ismailia,Suez,2022-11-24,Month-to-month,Electronic check,Yes,No,Yes,Yes
C14106,Male,45,Alexandria,Delta,2021-08-02,Month-to-month,Bank transfer,No,No,Yes,No
C14107,Female,37,Giza,Greater Cairo,2023-12-19,Two year,Bank transfer,No,No,No,Yes
C14108,Female,60,Alexandria,Delta,2023-06-13,Month-to-month,Electronic check,Yes,No,Yes,Yes
C14109,Male,39,Port Said,Suez,2021-12-26,Month-to-month,Mailed check,No,No,No,Yes
C14110,Female,45,Port Said,Suez,2022-10-12,Month-to-month,Electronic check,No,No,No,No
C14111,Male,58,Ismailia,Suez,2021-03-23,One year,Electronic check,Yes,Yes,No,Yes
C14112,Female,31,Cairo,Greater Cairo,2021-05-17,Month-to-month,Credit card,No,Yes,Yes,Yes
C14113,Female,63,Mansoura,Delta,2021-07-30,Month-to-month,Bank transfer,No,No,Yes,Yes
C14114,Male,20,Ismailia,Suez,2023-05-23,Two year,Electronic check,No,Yes,Yes,Yes
C14115,Male,64,Cairo,Greater Cairo,2023-04-03,Month-to-month,Mailed check,No,No,No,No
C14116,Female,36,Aswan,Upper Egypt,2021-05-06,Two year,Mailed check,No,No,No,Yes
C14117,Female,38,Assiut,Upper Egypt,2023-06-18,Two year,Electronic check,No,Yes,No,No
C14118,Female,18,Tanta,Delta,2022-01-03,One year,Bank transfer,Yes,Yes,Yes,Yes
C14119,Male,35,Suez,Suez,2021-10-07,Month-to-month,Electronic check,Yes,Yes,Yes,Yes
C14120,Male,27,Ismailia,Suez,2020-06-17,Month-to-month,Bank transfer,No,No,No,Yes
C14121,Male,33,Aswan,Upper Egypt,2020-02-16,Month-to-month,Electronic check,No,No,Yes,Yes
C14122,Female,40,Hurghada,Red Sea,2020-08-05,Month-to-month,Credit card,No,No,No,No
C14123,Female,55,Luxor,Upper Egypt,2020-11-17,Month-to-month,Credit card,No,No,Yes,Yes
C14124,Female,44,Ismailia,Suez,2020-10-05,Month-to-month,Credit card,No,No,Yes,Yes
C14125,Female,46,Cairo,Greater Cairo,2022-06-13,One year,Credit card,No,No,Yes,Yes
C14126,Male,26,Tanta,Delta,2022-01-09,Month-to-month,Electronic check,No,Yes,Yes,Yes
C14127,Male,29,Port Said,Suez,2021-06-25,One year,Credit card,No,Yes,No,No
C14128,Female,67,Giza,Greater Cairo,2022-02-25,One year,Electronic check,No,No,No,No
C14129,Female,31,Ismailia,Suez,2021-08-23,Two year,Mailed check,No,Yes,Yes,No
C14130,Male,65,Cairo,Greater Cairo,2021-06-12,Month-to-month,Mailed check,No,Yes,No,Yes
C14131,Female,38,Assiut,Upper Egypt,2021-06-07,Month-to-month,Electronic check,Yes,No,No,Yes
C14132,Female,42,Cairo,Greater Cairo,2020-09-12,Two year,Electronic check,No,Yes,Yes,Yes
C14133,Male,56,Ismailia,Suez,2021-12-04,Two year,Bank transfer,No,Yes,Yes,No
C14134,Female,59,Ismailia,Suez,2020-06-06,Month-to-month,Credit card,Yes,No,Yes,Yes
C14135,Female,40,Cairo,Greater Cairo,2023-10-10,Month-to-month,Mailed check,No,No,Yes,Yes
C14136,Male,36,Ismailia,Suez,2020-06-28,Month-to-month,Electronic check,No,Yes,No,Yes
C14137,Male,41,Hurghada,Red Sea,2022-10-26,One year,Bank transfer,No,Yes,No,Yes
C14138,Female,46,Giza,Greater Cairo,2021-12-28,One year,Mailed check,No,Yes,No,Yes
C14139,Female,54,Giza,Greater Cairo,2023-11-19,Month-to-month,Credit card,No,Yes,No,Yes
C14140,Female,42,Cairo,Greater Cairo,2023-03-04,Month-to-month,Credit card,No,No,No,Yes
C14141,Female,50,Suez,Suez,2022-01-28,Month-to-month,Bank transfer,Yes,Yes,Yes,Yes
C14142,Female,64,Luxor,Upper Egypt,2021-01-19,Month-to-month,Electronic check,No,Yes,Yes,Yes
C14143,Female,47,Giza,Greater Cairo,2023-04-30,Month-to-month,Credit card,No,No,No,No
C14144,Female,46,Port Said,Suez,2023-12-04,Two year,Bank transfer,No,No,No,Yes
C14145,Male,20,Suez,Suez,2022-05-20,Two year,Electronic check,No,Yes,No,Yes
C14146,Female,18,Suez,Suez,2021-01-10,Month-to-month,Mailed check,No,Yes,No,Yes
C14147,Male,47,Cairo,Greater Cairo,2020-09-03,Month-to-month,Electronic check,No,Yes,Yes,Yes
C14148,Male,40,Giza,Greater Cairo,2023-05-25,Month-to-month,Credit card,No,Yes,No,No
C14149,Male,34,Port Said,Suez,2022-01-13,One year,Electronic check,No,No,Yes,Yes
C14150,Male,45,Luxor,Upper Egypt,2021-01-21,Month-to-month,Mailed check,No,No,No,Yes
C14151,Female,41,Suez,Suez,2021-08-15,Month-to-month,Bank transfer,No,Yes,Yes,No
C14152,Male,57,Hurghada,Red Sea,2020-03-13,Month-to-month,Bank transfer,No,Yes,Yes,Yes
C14153,Female,43,Port Said,Suez,2020-12-22,One year,Electronic check,No,No,Yes,Yes
C14154,Female,31,Alexandria,Delta,2023-10-31,One year,Credit card,No,Yes,Yes,Yes
C14155,Male,55,Cairo,Greater Cairo,2021-05-12,Two year,Bank transfer,No,No,No,Yes
C14156,Female,38,Alexandria,Delta,2023-09-16,Month-to-month,Electronic check,No,Yes,Yes,Yes
C14157,Male,49,Port Said,Suez,2020-06-09,Month-to-month,Credit card,Yes,Yes,No,Yes
C14158,Female,35,Tanta,Delta,2022-03-14,One year,Credit card,No,Yes,Yes,Yes
C14159,Male,32,Luxor,Upper Egypt,2021-10-30,One year,Electronic check,Yes,Yes,No,Yes
C14160,Male,43,Ismailia,Suez,2023-09-21,One year,Credit card,Yes,Yes,No,Yes
C14161,Female,42,Ismailia,Suez,2023-11-11,Month-to-month,Bank transfer,No,Yes,No,Yes
C14162,Male,48,Hurghada,Red Sea,2022-07-06,Two year,Electronic check,No,Yes,No,Yes
C14163,Male,38,Cairo,Greater Cairo,2022-01-26,Month-to-month,Mailed check,Yes,Yes,Yes,Yes
C14164,Female,18,Assiut,Upper Egypt,2020-11-06,Month-to-month,Credit card,No,Yes,No,Yes
C14165,Male,35,Port Said,Suez,2022-10-26,Two year,Credit card,No,Yes,No,Yes
C14166,Female,53,Aswan,Upper Egypt,2022-10-14,Month-to-month,Bank transfer,No,Yes,No,No
C14167,Female,37,Luxor,Upper Egypt,2021-12-10,Month-to-month,Credit card,No,Yes,No,Yes
C14168,Female,38,Ismailia,Suez,2021-07-04,One year,Bank transfer,No,Yes,No,Yes
C14169,Female,55,Suez,Suez,2021-08-30,Month-to-month,Credit card,No,No,No,Yes
C14170,Female,32,Luxor,Upper Egypt,2020-06-06,One year,Electronic check,No,No,No,Yes
C14171,Male,20,Hurghada,Red Sea,2020-03-10,One year,Bank transfer,Yes,No,No,Yes
C14172,Female,39,Port Said,Suez,2021-01-19,Month-to-month,Electronic check,No,No,Yes,Yes
C14173,Male,35,Giza,Greater Cairo,2023-04-01,One year,Electronic check,No,Yes,No,Yes
C14174,Female,28,Ismailia,Suez,2021-04-15,Month-to-month,Bank transfer,No,Yes,No,Yes
C14175,Male,39,Cairo,Greater Cairo,2021-04-02,Two year,Bank transfer,No,Yes,Yes,Yes
C14176,Female,48,Luxor,Upper Egypt,2022-09-03,Month-to-month,Electronic check,No,Yes,Yes,Yes
C14177,Male,41,Mansoura,Delta,2021-05-27,Month-to-month,Credit card,No,No,No,Yes
C14178,Male,46,Suez,Suez,2023-07-12,One year,Mailed check,No,No,No,No
C14179,Male,67,Suez,Suez,2022-04-15,Month-to-month,Electronic check,No,No,Yes,Yes
C14180,Male,37,Luxor,Upper Egypt,2021-05-29,One year,Electronic check,No,No,No,No
C14181,Female,45,Hurghada,Red Sea,2021-05-08,One year,Electronic check,No,No,Yes,Yes
C14182,Male,34,Assiut,Upper Egypt,2021-03-10,Two year,Electronic check,No,Yes,No,No
C14183,Female,30,Alexandria,Delta,2021-10-09,Month-to-month,Mailed check,No,Yes,Yes,Yes
C14184,Male,33,Mansoura,Delta,2020-01-29,Two year,Credit card,No,No,No,Yes
C14185,Male,35,Cairo,Greater Cairo,2020-02-22,Month-to-month,Bank transfer,Yes,Yes,No,Yes
C14186,Female,47,Mansoura,Delta,2022-03-14,Month-to-month,Bank transfer,No,No,No,Yes
C14187,Female,74,Suez,Suez,2021-04-20,Two year,Bank transfer,Yes,No,Yes,Yes
C14188,Female,31,Suez,Suez,2022-02-13,Month-to-month,Bank transfer,Yes,Yes,Yes,Yes
C14189,Male,36,Ismailia,Suez,2023-01-14,One year,Bank transfer,No,No,Yes,Yes
C14190,Male,41,Tanta,Delta,2021-12-24,One year,Credit card,Yes,No,Yes,Yes
C14191,Female,47,Giza,Greater Cairo,2021-01-06,Month-to-month,Mailed check,No,Yes,Yes,Yes
C14192,Male,45,Tanta,Delta,2023-02-16,One year,Mailed check,No,No,No,No
C14193,Male,59,Ismailia,Suez,2022-03-04,Two year,Credit card,No,No,Yes,No
C14194,Female,18,Cairo,Greater Cairo,2023-08-19,Month-to-month,Bank transfer,No,Yes,No,Yes
C14195,Male,18,Cairo,Greater Cairo,2022-12-17,Month-to-month,Electronic check,No,Yes,No,Yes
C14196,Male,35,Luxor,Upper Egypt,2022-02-21,Month-to-month,Electronic check,Yes,Yes,No,No
C14197,Male,57,Port Said,Suez,2021-10-29,Month-to-month,Electronic check,No,Yes,No,Yes
C14198,Male,20,Assiut,Upper Egypt,2022-06-15,Two year,Mailed check,No,Yes,Yes,No
C14199,Male,18,Cairo,Greater Cairo,2021-04-11,Month-to-month,Electronic check,No,No,No,No
C14200,Female,49,Cairo,Greater Cairo,2022-01-02,Month-to-month,Bank transfer,No,Yes,Yes,Yes
C14201,Female,45,Aswan,Upper Egypt,2022-09-28,One year,Electronic check,No,Yes,No,Yes
C14202,Female,26,Ismailia,Suez,2020-12-24,Month-to-month,Mailed check,No,Yes,Yes,No
C14203,Female,28,Suez,Suez,2022-04-28,Month-to-month,Electronic check,No,No,No,Yes
C14204,Female,28,Alexandria,Delta,2021-12-28,Month-to-month,Electronic check,No,Yes,No,Yes
C14205,Female,43,Ismailia,Suez,2023-05-21,One year,Electronic check,Yes,No,Yes,Yes
C14206,Male,33,Giza,Greater Cairo,2021-10-06,One year,Mailed check,No,Yes,No,Yes
C14207,Female,48,Luxor,Upper Egypt,2021-08-10,One year,Mailed check,Yes,No,Yes,Yes
C14208,Male,18,Suez,Suez,2023-01-20,Month-to-month,Bank transfer,No,Yes,No,Yes
C14209,Male,30,Alexandria,Delta,2022-09-20,Month-to-month,Credit card,Yes,No,No,Yes
C14210,Male,26,Tanta,Delta,2023-01-11,One year,Electronic check,No,No,Yes,Yes
C14211,Female,38,Aswan,Upper Egypt,2020-04-19,Month-to-month,Electronic check,No,No,No,No
C14212,Male,34,Luxor,Upper Egypt,2021-01-28,One year,Electronic check,No,Yes,No,No
C14213,Male,53,Aswan,Upper Egypt,2020-06-30,Month-to-month,Bank transfer,No,No,Yes,Yes
C14214,Female,18,Suez,Suez,2022-08-05,Two year,Electronic check,No,Yes,Yes,Yes
C14215,Male,42,Tanta,Delta,2023-11-02,One year,Bank transfer,No,No,Yes,Yes
C14216,Male,49,Suez,Suez,2021-01-22,Two year,Credit card,Yes,No,Yes,Yes
C14217,Male,67,Hurghada,Red Sea,2021-04-01,Month-to-month,Bank transfer,Yes,No,Yes,Yes
C14218,Female,35,Hurghada,Red Sea,2020-07-13,Two year,Mailed check,No,No,Yes,No
C14219,Male,46,Assiut,Upper Egypt,2023-01-08,Two year,Credit card,No,Yes,No,Yes
C14220,Male,18,Tanta,Delta,2021-12-11,Month-to-month,Electronic check,No,Yes,Yes,Yes
C14221,Male,18,Assiut,Upper Egypt,2023-09-29,Month-to-month,Bank transfer,No,No,No,Yes
C14222,Male,53,Luxor,Upper Egypt,2022-10-28,One year,Mailed check,Yes,Yes,Yes,Yes
C14223,Female,41,Cairo,Greater Cairo,2022-12-10,Month-to-month,Credit card,No,No,No,Yes
C14224,Male,58,Mansoura,Delta,2022-06-16,Month-to-month,Bank transfer,No,Yes,Yes,Yes
C14225,Male,22,Assiut,Upper Egypt,2023-01-19,Month-to-month,Bank transfer,No,No,No,Yes
C14226,Male,49,Luxor,Upper Egypt,2021-03-04,Month-to-month,Electronic check,Yes,No,No,Yes
C14227,Female,68,Alexandria,Delta,2022-03-18,Two year,Electronic check,No,Yes,Yes,Yes
C14228,Female,47,Mansoura,Delta,2023-05-31,Month-to-month,Credit card,No,No,No,Yes
C14229,Male,45,Luxor,Upper Egypt,2021-05-05,Month-to-month,Bank transfer,No,Yes,Yes,No
C14230,Male,42,Hurghada,Red Sea,2023-11-13,Month-to-month,Mailed check,No,No,Yes,No
C14231,Male,20,Port Said,Suez,2021-07-15,Month-to-month,Electronic check,Yes,Yes,No,Yes
C14232,Female,60,Alexandria,Delta,2020-11-29,Two year,Mailed check,No,Yes,Yes,Yes
C14233,Female,33,Giza,Greater Cairo,2020-03-15,Month-to-month,Credit card,No,Yes,Yes,Yes
C14234,Female,49,Cairo,Greater Cairo,2021-08-29,Month-to-month,Electronic check,Yes,No,No,Yes
C14235,Male,20,Hurghada,Red Sea,2022-02-16,Two year,Electronic check,No,Yes,Yes,Yes
C14236,Female,25,Port Said,Suez,2023-01-19,Month-to-month,Credit card,No,Yes,Yes,No
C14237,Female,62,Assiut,Upper Egypt,2020-04-24,Two year,Credit card,No,Yes,Yes,Yes
C14238,Female,37,Cairo,Greater Cairo,2022-08-01,Month-to-month,Electronic check,No,No,Yes,Yes
C14239,Female,62,Cairo,Greater Cairo,2020-12-11,Month-to-month,Bank transfer,No,Yes,No,Yes
C14240,Male,40,Mansoura,Delta,2023-01-12,Month-to-month,Credit card,No,Yes,No,Yes
C14241,Female,18,Aswan,Upper Egypt,2023-03-23,One year,Mailed check,No,Yes,Yes,Yes
C14242,Male,54,Mansoura,Delta,2023-03-31,Month-to-month,Electronic check,No,Yes,No,No
C14243,Male,33,Cairo,Greater Cairo,2022-11-08,One year,Credit card,No,Yes,No,No
C14244,Male,51,Giza,Greater Cairo,2020-11-19,Month-to-month,Mailed check,No,Yes,No,Yes
C14245,Female,42,Hurghada,Red Sea,2021-04-11,Two year,Electronic check,No,Yes,Yes,No
C14246,Female,20,Tanta,Delta,2020-04-20,Month-to-month,Credit card,No,No,Yes,Yes
C14247,Male,44,Aswan,Upper Egypt,2021-05-28,One year,Credit card,No,Yes,Yes,Yes
C14248,Female,72,Mansoura,Delta,2020-04-06,One year,Credit card,No,Yes,No,Yes
C14249,Female,48,Mansoura,Delta,2021-03-07,One year,Bank transfer,Yes,No,Yes,Yes
C14250,Male,41,Port Said,Suez,2022-04-21,One year,Credit card,No,No,Yes,No
C14251,Male,57,Port Said,Suez,2021-10-15,Two year,Electronic check,Yes,No,No,Yes
C14252,Female,44,Suez,Suez,2020-02-26,Two year,Electronic check,Yes,Yes,No,Yes
C14253,Male,44,Cairo,Greater Cairo,2023-06-12,Month-to-month,Electronic check,No,Yes,Yes,Yes
C14254,Female,26,Giza,Greater Cairo,2022-09-19,Two year,Credit card,Yes,Yes,No,Yes
C14255,Female,45,Port Said,Suez,2022-03-22,Month-to-month,Credit card,No,No,No,No
C14256,Female,56,Luxor,Upper Egypt,2022-02-11,Two year,Mailed check,No,No,Yes,Yes
C14257,Female,30,Mansoura,Delta,2020-07-31,Month-to-month,Bank transfer,No,Yes,No,Yes
C14258,Male,61,Port Said,Suez,2023-08-02,Month-to-month,Credit card,Yes,No,Yes,Yes
C14259,Male,40,Assiut,Upper Egypt,2020-08-27,Month-to-month,Electronic check,No,No,No,No
C14260,Female,29,Alexandria,Delta,2023-11-13,Two year,Mailed check,No,Yes,Yes,Yes
C14261,Male,55,Luxor,Upper Egypt,2021-02-06,Month-to-month,Bank transfer,No,Yes,No,No
C14262,Male,37,Tanta,Delta,2021-11-23,Month-to-month,Mailed check,No,Yes,Yes,Yes
C14263,Female,52,Tanta,Delta,2023-05-12,Month-to-month,Bank transfer,No,No,Yes,Yes
C14264,Female,37,Tanta,Delta,2021-01-05,One year,Bank transfer,No,Yes,No,Yes
C14265,Male,41,Giza,Greater Cairo,2020-06-21,Month-to-month,Credit card,No,No,No,No
C14266,Female,48,Hurghada,Red Sea,2022-09-29,Month-to-month,Credit card,No,No,Yes,Yes
C14267,Male,46,Suez,Suez,2022-05-04,Month-to-month,Electronic check,No,No,No,Yes
C14268,Female,18,Tanta,Delta,2023-06-02,Month-to-month,Credit card,Yes,Yes,No,Yes
C14269,Female,26,Tanta,Delta,2022-04-02,One year,Credit card,No,Yes,Yes,Yes
C14270,Male,55,Hurghada,Red Sea,2023-10-13,Month-to-month,Credit card,No,No,Yes,Yes
C14271,Male,40,Giza,Greater Cairo,2023-11-03,Month-to-month,Credit card,No,No,Yes,Yes
C14272,Female,34,Suez,Suez,2023-04-19,Month-to-month,Electronic check,No,Yes,No,Yes
C14273,Male,22,Giza,Greater Cairo,2020-03-06,Month-to-month,Credit card,No,No,No,No
C14274,Male,26,Alexandria,Delta,2022-02-27,Month-to-month,Mailed check,Yes,Yes,Yes,No
C14275,Male,18,Alexandria,Delta,2022-10-01,One year,Bank transfer,No,No,Yes,Yes
C14276,Male,40,Suez,Suez,2022-04-08,Month-to-month,Bank transfer,Yes,No,No,No
C14277,Male,33,Aswan,Upper Egypt,2021-04-09,Month-to-month,Credit card,No,No,Yes,Yes
C14278,Female,28,Assiut,Upper Egypt,2023-03-04,Month-to-month,Mailed check,No,Yes,No,Yes
C14279,Female,41,Mansoura,Delta,2023-01-26,One year,Credit card,No,No,Yes,Yes
C14280,Female,47,Cairo,Greater Cairo,2022-06-29,Month-to-month,Electronic check,No,Yes,Yes,Yes
C14281,Female,71,Cairo,Greater Cairo,2022-06-29,One year,Bank transfer,Yes,No,Yes,Yes
C14282,Female,20,Hurghada,Red Sea,2021-09-17,Month-to-month,Credit card,No,No,No,Yes
C14283,Male,58,Assiut,Upper Egypt,2020-08-23,One year,Bank transfer,No,Yes,No,Yes
C14284,Female,55,Mansoura,Delta,2022-07-01,One year,Mailed check,No,No,Yes,No
C14285,Female,31,Giza,Greater Cairo,2020-05-02,Two year,Electronic check,No,Yes,No,Yes
C14286,Male,44,Luxor,Upper Egypt,2023-11-20,Two year,Mailed check,No,Yes,No,Yes
C14287,Male,35,Aswan,Upper Egypt,2021-08-15,Two year,Bank transfer,No,Yes,No,Yes
C14288,Male,44,Cairo,Greater Cairo,2021-08-24,Month-to-month,Credit card,No,No,No,Yes
C14289,Male,63,Aswan,Upper Egypt,2020-01-02,Month-to-month,Credit card,No,No,Yes,Yes
C14290,Male,50,Hurghada,Red Sea,2021-10-29,Month-to-month,Credit card,No,Yes,No,Yes
C14291,Male,49,Hurghada,Red Sea,2021-08-25,Month-to-month,Bank transfer,Yes,No,No,Yes
C14292,Male,35,Aswan,Upper Egypt,2020-03-11,Month-to-month,Mailed check,No,Yes,No,Yes
C14293,Male,21,Suez,Suez,2020-05-16,Month-to-month,Electronic check,No,No,Yes,Yes
C14294,Male,39,Mansoura,Delta,2022-02-25,Two year,Credit card,No,Yes,Yes,Yes
C14295,Male,58,Luxor,Upper Egypt,2023-11-21,Two year,Electronic check,No,No,Yes,Yes
C14296,Male,20,Luxor,Upper Egypt,2020-05-12,Month-to-month,Electronic check,No,No,Yes,Yes
C14297,Male,27,Alexandria,Delta,2023-10-08,Month-to-month,Credit card,No,No,No,Yes
C14298,Female,43,Mansoura,Delta,2023-09-05,Month-to-month,Electronic check,No,No,Yes,Yes
C14299,Male,28,Hurghada,Red Sea,2022-04-23,Two year,Electronic check,No,Yes,No,No
C14300,Female,30,Port Said,Suez,2023-09-25,Month-to-month,Bank transfer,Yes,Yes,No,Yes
C14301,Male,36,Giza,Greater Cairo,2021-04-02,Month-to-month,Credit card,No,No,No,Yes
C14302,Female,22,Alexandria,Delta,2022-04-17,Month-to-month,Electronic check,No,No,No,No
C14303,Male,28,Assiut,Upper Egypt,2020-11-16,One year,Mailed check,No,No,No,Yes
C14304,Male,51,Tanta,Delta,2021-12-04,Two year,Bank transfer,No,No,Yes,No
C14305,Female,23,Port Said,Suez,2022-03-24,One year,Credit card,No,No,Yes,Yes
C14306,Male,19,Assiut,Upper Egypt,2023-09-24,Month-to-month,Mailed check,No,No,No,Yes
C14307,Male,33,Aswan,Upper Egypt,2022-12-02,Month-to-month,Electronic check,Yes,Yes,No,No
C14308,Female,52,Mansoura,Delta,2021-11-15,One year,Electronic check,Yes,No,No,Yes
C14309,Male,39,Tanta,Delta,2021-07-04,Month-to-month,Electronic check,No,No,Yes,Yes
C14310,Female,35,Assiut,Upper Egypt,2021-05-23,Month-to-month,Electronic check,No,No,No,Yes
C14311,Male,42,Cairo,Greater Cairo,2020-08-07,Month-to-month,Bank transfer,No,No,Yes,Yes
C14312,Female,18,Cairo,Greater Cairo,2023-02-11,One year,Credit card,No,No,No,Yes
C14313,Male,48,Alexandria,Delta,2022-04-02,Month-to-month,Mailed check,No,Yes,Yes,Yes
C14314,Male,47,Assiut,Upper Egypt,2022-11-20,One year,Bank transfer,No,No,Yes,Yes
C14315,Female,36,Cairo,Greater Cairo,2021-01-29,Month-to-month,Bank transfer,Yes,Yes,Yes,Yes
C14316,Male,56,Assiut,Upper Egypt,2022-02-10,Two year,Bank transfer,No,No,Yes,Yes
C14317,Male,26,Tanta,Delta,2020-05-20,Month-to-month,Bank transfer,No,No,Yes,No
C14318,Male,57,Alexandria,Delta,2021-08-18,Two year,Credit card,No,No,Yes,Yes
C14319,Male,44,Hurghada,Red Sea,2023-11-04,One year,Mailed check,No,Yes,No,Yes
C14320,Male,37,Aswan,Upper Egypt,2021-07-01,One year,Credit card,No,No,No,Yes
C14321,Male,41,Luxor,Upper Egypt,2020-01-10,Two year,Electronic check,No,Yes,No,Yes
C14322,Female,40,Luxor,Upper Egypt,2023-11-07,Month-to-month,Bank transfer,No,No,No,Yes
C14323,Male,59,Tanta,Delta,2020-02-16,Month-to-month,Bank transfer,No,Yes,No,Yes
C14324,Female,26,Mansoura,Delta,2023-08-22,Month-to-month,Electronic check,Yes,No,Yes,No
C14325,Female,31,Tanta,Delta,2020-09-23,One year,Credit card,Yes,Yes,No,No
C14326,Female,56,Luxor,Upper Egypt,2021-06-05,Month-to-month,Electronic check,Yes,Yes,No,No
C14327,Female,33,Aswan,Upper Egypt,2021-05-29,Month-to-month,Mailed check,No,Yes,No,No
C14328,Male,54,Suez,Suez,2021-05-17,Month-to-month,Credit card,No,No,No,Yes
C14329,Female,65,Alexandria,Delta,2023-10-15,One year,Mailed check,No,Yes,Yes,Yes
C14330,Female,36,Assiut,Upper Egypt,2022-02-19,One year,Electronic check,No,No,Yes,No
C14331,Female,51,Hurghada,Red Sea,2020-11-30,Month-to-month,Mailed check,No,Yes,No,Yes
C14332,Female,25,Giza,Greater Cairo,2022-12-26,Month-to-month,Bank transfer,No,No,No,Yes
C14333,Female,52,Port Said,Suez,2020-03-08,Month-to-month,Credit card,No,Yes,Yes,Yes
C14334,Female,44,Aswan,Upper Egypt,2020-06-14,One year,Electronic check,Yes,No,No,No
C14335,Male,48,Alexandria,Delta,2022-03-02,One year,Bank transfer,No,Yes,No,Yes
C14336,Female,32,Giza,Greater Cairo,2023-08-08,Month-to-month,Electronic check,Yes,Yes,Yes,No
C14337,Male,18,Port Said,Suez,2022-06-02,Two year,Bank transfer,No,Yes,No,Yes
C14338,Female,49,Hurghada,Red Sea,2021-06-10,Month-to-month,Bank transfer,Yes,Yes,Yes,Yes
C14339,Male,18,Mansoura,Delta,2020-01-04,One year,Mailed check,No,No,Yes,Yes
C14340,Male,37,Ismailia,Suez,2023-01-23,Month-to-month,Bank transfer,No,No,Yes,Yes
C14341,Female,55,Alexandria,Delta,2020-09-29,Month-to-month,Bank transfer,No,Yes,Yes,Yes
C14342,Female,44,Aswan,Upper Egypt,2022-09-03,Month-to-month,Electronic check,No,No,No,Yes
C14343,Male,69,Alexandria,Delta,2020-08-06,One year,Bank transfer,No,Yes,Yes,Yes
C14344,Female,56,Port Said,Suez,2021-09-24,Month-to-month,Electronic check,No,Yes,Yes,Yes
C14345,Female,32,Hurghada,Red Sea,2022-12-30,Month-to-month,Credit card,No,Yes,Yes,Yes
C14346,Female,42,Aswan,Upper Egypt,2021-11-09,Two year,Bank transfer,No,Yes,No,Yes
C14347,Female,41,Aswan,Upper Egypt,2022-08-30,Month-to-month,Mailed check,No,Yes,Yes,Yes
C14348,Male,19,Alexandria,Delta,2023-08-14,One year,Electronic check,No,No,No,Yes
C14349,Female,28,Hurghada,Red Sea,2023-09-24,One year,Mailed check,No,No,No,Yes
C14350,Male,34,Port Said,Suez,2023-03-12,Month-to-month,Mailed check,No,Yes,Yes,No
C14351,Female,18,Suez,Suez,2021-08-18,One year,Electronic check,No,Yes,Yes,Yes
C14352,Female,42,Hurghada,Red Sea,2022-06-16,Month-to-month,Credit card,No,Yes,Yes,Yes
C14353,Female,38,Tanta,Delta,2022-10-09,Month-to-month,Mailed check,No,Yes,No,No
C14354,Female,18,Mansoura,Delta,2023-02-26,Two year,Credit card,No,Yes,No,Yes
C14355,Male,47,Alexandria,Delta,2020-02-11,Month-to-month,Bank transfer,Yes,Yes,Yes,Yes
C14356,Male,52,Port Said,Suez,2022-04-15,One year,Bank transfer,No,No,Yes,Yes
C14357,Female,45,Suez,Suez,2021-11-27,Month-to-month,Credit card,No,Yes,No,Yes
C14358,Male,37,Ismailia,Suez,2022-11-13,Month-to-month,Bank transfer,No,No,No,No
C14359,Female,50,Alexandria,Delta,2023-09-11,Month-to-month,Credit card,No,No,No,Yes
C14360,Male,51,Suez,Suez,2021-09-01,Two year,Electronic check,Yes,No,Yes,Yes
C14361,Female,46,Alexandria,Delta,2021-11-10,Month-to-month,Bank transfer,No,No,Yes,Yes
C14362,Male,30,Assiut,Upper Egypt,2021-04-20,Two year,Mailed check,No,No,No,Yes
C14363,Female,45,Hurghada,Red Sea,2020-09-23,Month-to-month,Credit card,No,No,No,Yes
C14364,Male,58,Cairo,Greater Cairo,2021-09-05,One year,Bank transfer,No,No,Yes,Yes
C14365,Female,33,Giza,Greater Cairo,2023-07-13,Two year,Bank transfer,No,Yes,No,Yes
C14366,Male,71,Aswan,Upper Egypt,2021-06-25,Two year,Mailed check,No,No,No,No
C14367,Female,34,Aswan,Upper Egypt,2020-11-06,One year,Credit card,No,No,Yes,Yes
C14368,Male,42,Mansoura,Delta,2021-04-16,Month-to-month,Mailed check,No,Yes,Yes,Yes
C14369,Female,32,Tanta,Delta,2022-03-03,Two year,Credit card,No,Yes,No,Yes
C14370,Female,45,Hurghada,Red Sea,2022-02-16,Month-to-month,Electronic check,Yes,Yes,Yes,Yes
C14371,Male,18,Port Said,Suez,2023-11-11,Month-to-month,Bank transfer,No,No,No,No
C14372,Female,34,Hurghada,Red Sea,2023-10-21,Two year,Electronic check,No,Yes,No,Yes
C14373,Male,26,Ismailia,Suez,2022-04-09,One year,Electronic check,No,No,Yes,No
C14374,Female,43,Assiut,Upper Egypt,2022-03-18,One year,Electronic check,No,Yes,No,Yes
C14375,Female,55,Luxor,Upper Egypt,2022-04-01,Month-to-month,Electronic check,No,Yes,No,Yes
C14376,Male,51,Cairo,Greater Cairo,2022-01-04,One year,Mailed check,Yes,No,Yes,No
C14377,Male,18,Giza,Greater Cairo,2021-02-22,One year,Mailed check,No,Yes,No,Yes
C14378,Male,70,Suez,Suez,2022-05-01,Month-to-month,Electronic check,No,Yes,No,Yes
C14379,Female,46,Aswan,Upper Egypt,2022-08-01,Month-to-month,Electronic check,No,Yes,No,Yes
C14380,Male,31,Hurghada,Red Sea,2023-04-18,Two year,Mailed check,No,Yes,No,Yes
C14381,Male,44,Aswan,Upper Egypt,2020-01-20,Month-to-month,Electronic check,No,Yes,Yes,No
C14382,Female,44,Port Said,Suez,2023-03-17,Month-to-month,Credit card,No,Yes,Yes,Yes
C14383,Female,32,Giza,Greater Cairo,2022-01-06,Month-to-month,Electronic check,Yes,Yes,No,Yes
C14384,Female,44,Giza,Greater Cairo,2023-04-24,Month-to-month,Mailed check,Yes,No,No,Yes
C14385,Male,33,Alexandria,Delta,2021-03-26,One year,Mailed check,Yes,No,No,Yes
C14386,Female,36,Tanta,Delta,2020-01-12,One year,Electronic check,Yes,Yes,Yes,No
C14387,Female,32,Alexandria,Delta,2023-01-17,Two year,Bank transfer,No,No,Yes,Yes
C14388,Female,21,Mansoura,Delta,2022-09-19,Two year,Mailed check,No,No,No,Yes
C14389,Female,44,Assiut,Upper Egypt,2020-03-10,Month-to-month,Electronic check,No,Yes,Yes,No
C14390,Male,50,Port Said,Suez,2021-12-24,One year,Electronic check,No,No,No,Yes
C14391,Female,49,Assiut,Upper Egypt,2020-02-22,One year,Electronic check,Yes,Yes,No,Yes
C14392,Male,53,Cairo,Greater Cairo,2023-02-25,Two year,Bank transfer,No,No,No,Yes
C14393,Female,46,Mansoura,Delta,2022-10-20,Month-to-month,Bank transfer,No,No,No,Yes
C14394,Female,34,Ismailia,Suez,2021-08-28,Month-to-month,Electronic check,No,Yes,No,No
C14395,Female,53,Mansoura,Delta,2023-03-21,Month-to-month,Electronic check,No,Yes,Yes,No
C14396,Female,22,Alexandria,Delta,2022-10-25,Month-to-month,Credit card,No,Yes,Yes,Yes
C14397,Male,29,Port Said,Suez,2023-08-01,Month-to-month,Electronic check,No,No,Yes,Yes
C14398,Female,28,Cairo,Greater Cairo,2021-10-16,Two year,Electronic check,No,No,Yes,Yes
C14399,Female,57,Alexandria,Delta,2023-05-03,Month-to-month,Mailed check,No,No,Yes,No
C14400,Female,55,Luxor,Upper Egypt,2020-02-02,One year,Bank transfer,No,Yes,Yes,Yes
C14401,Female,48,Aswan,Upper Egypt,2021-04-19,Month-to-month,Mailed check,No,No,No,No
C14402,Female,57,Ismailia,Suez,2022-01-11,Month-to-month,Electronic check,No,No,No,Yes
C14403,Female,29,Giza,Greater Cairo,2022-06-10,Month-to-month,Bank transfer,No,No,No,Yes
C14404,Female,46,Mansoura,Delta,2021-04-30,Month-to-month,Electronic check,Yes,No,No,Yes
C14405,Female,40,Giza,Greater Cairo,2023-06-25,Month-to-month,Bank transfer,No,No,No,Yes
C14406,Male,53,Alexandria,Delta,2021-01-18,Two year,Electronic check,No,Yes,No,Yes
C14407,Female,40,Mansoura,Delta,2021-12-19,One year,Mailed check,No,No,No,Yes
C14408,Male,36,Suez,Suez,2021-04-03,Month-to-month,Credit card,No,Yes,No,Yes
C14409,Male,49,Tanta,Delta,2023-06-03,Month-to-month,Credit card,No,No,No,Yes
C14410,Female,54,Tanta,Delta,2022-01-24,One year,Mailed check,No,Yes,No,No
C14411,Male,32,Port Said,Suez,2021-01-15,One year,Electronic check,No,Yes,No,Yes
C14412,Female,41,Ismailia,Suez,2022-08-21,Month-to-month,Credit card,Yes,No,Yes,Yes
C14413,Female,27,Tanta,Delta,2020-04-07,One year,Mailed check,No,Yes,No,No
C14414,Female,18,Cairo,Greater Cairo,2023-03-11,Month-to-month,Bank transfer,No,No,No,No
C14415,Male,44,Ismailia,Suez,2023-08-09,Month-to-month,Credit card,No,No,Yes,Yes
C14416,Male,50,Suez,Suez,2020-02-25,One year,Electronic check,No,Yes,Yes,Yes
C14417,Male,45,Luxor,Upper Egypt,2021-12-29,Month-to-month,Mailed check,No,No,Yes,Yes
C14418,Female,18,Ismailia,Suez,2020-06-09,One year,Mailed check,Yes,No,No,Yes
C14419,Female,37,Alexandria,Delta,2021-07-23,Two year,Electronic check,Yes,No,Yes,No
C14420,Female,18,Cairo,Greater Cairo,2022-10-10,Month-to-month,Electronic check,No,Yes,No,Yes
C14421,Female,61,Assiut,Upper Egypt,2023-06-20,One year,Electronic check,No,No,Yes,Yes
C14422,Male,26,Assiut,Upper Egypt,2020-06-17,One year,Credit card,No,No,No,Yes
C14423,Male,59,Port Said,Suez,2020-08-06,Month-to-month,Bank transfer,No,Yes,Yes,Yes
C14424,Female,55,Tanta,Delta,2022-07-10,One year,Credit card,No,Yes,No,No
C14425,Male,29,Mansoura,Delta,2020-06-21,Month-to-month,Electronic check,No,No,Yes,Yes
C14426,Female,26,Port Said,Suez,2021-03-17,Month-to-month,Bank transfer,No,Yes,No,Yes
C14427,Male,46,Luxor,Upper Egypt,2022-06-26,Month-to-month,Bank transfer,No,No,Yes,No
C14428,Female,30,Aswan,Upper Egypt,2022-01-30,Two year,Mailed check,No,Yes,No,Yes
C14429,Male,43,Assiut,Upper Egypt,2023-08-01,One year,Mailed check,No,Yes,No,No
C14430,Female,35,Cairo,Greater Cairo,2021-01-01,Month-to-month,Credit card,No,Yes,Yes,Yes
C14431,Female,18,Assiut,Upper Egypt,2022-12-18,Month-to-month,Electronic check,No,No,No,No
C14432,Male,18,Cairo,Greater Cairo,2022-12-14,Month-to-month,Electronic check,Yes,No,Yes,Yes
C14433,Female,45,Hurghada,Red Sea,2021-09-12,One year,Electronic check,No,Yes,No,Yes
C14434,Male,34,Giza,Greater Cairo,2021-12-04,One year,Bank transfer,No,Yes,Yes,Yes
C14435,Male,34,Hurghada,Red Sea,2021-07-18,Month-to-month,Bank transfer,Yes,Yes,No,Yes
C14436,Female,51,Cairo,Greater Cairo,2023-08-05,One year,Electronic check,No,Yes,No,No
C14437,Male,58,Ismailia,Suez,2022-02-26,Month-to-month,Credit card,No,No,No,Yes
C14438,Male,38,Ismailia,Suez,2021-04-06,One year,Mailed check,No,No,No,Yes
C14439,Male,37,Mansoura,Delta,2022-01-13,Month-to-month,Mailed check,No,No,Yes,Yes
C14440,Male,49,Tanta,Delta,2021-12-16,Month-to-month,Credit card,No,Yes,No,Yes
C14441,Female,23,Luxor,Upper Egypt,2023-12-09,Month-to-month,Bank transfer,No,Yes,No,Yes
C14442,Male,45,Mansoura,Delta,2023-12-07,Two year,Credit card,No,No,No,Yes
C14443,Female,49,Giza,Greater Cairo,2021-09-09,Month-to-month,Bank transfer,Yes,No,Yes,Yes
C14444,Female,51,Tanta,Delta,2020-05-30,Month-to-month,Electronic check,No,Yes,No,No
C14445,Male,18,Tanta,Delta,2020-02-06,Month-to-month,Bank transfer,No,Yes,Yes,Yes
C14446,Female,31,Cairo,Greater Cairo,2020-07-26,Month-to-month,Electronic check,No,No,Yes,Yes
C14447,Male,29,Giza,Greater Cairo,2020-11-13,Two year,Electronic check,Yes,No,No,Yes
C14448,Female,43,Luxor,Upper Egypt,2020-12-18,One year,Electronic check,No,No,No,No
C14449,Female,48,Aswan,Upper Egypt,2021-07-27,Month-to-month,Bank transfer,No,No,Yes,Yes
C14450,Male,62,Ismailia,Suez,2021-03-27,Month-to-month,Electronic check,No,No,Yes,No
C14451,Male,35,Luxor,Upper Egypt,2020-06-17,Month-to-month,Credit card,No,Yes,No,Yes
C14452,Female,35,Mansoura,Delta,2020-08-02,Month-to-month,Mailed check,No,No,Yes,Yes
C14453,Female,58,Hurghada,Red Sea,2023-05-05,Month-to-month,Credit card,No,Yes,Yes,No
C14454,Female,46,Port Said,Suez,2020-04-01,Month-to-month,Mailed check,No,Yes,Yes,Yes
C14455,Male,59,Aswan,Upper Egypt,2021-05-19,One year,Credit card,No,No,Yes,No
C14456,Female,46,Cairo,Greater Cairo,2023-12-14,Two year,Electronic check,No,No,No,Yes
C14457,Female,25,Cairo,Greater Cairo,2020-12-14,Month-to-month,Electronic check,No,No,Yes,Yes
C14458,Female,23,Luxor,Upper Egypt,2020-06-25,One year,Electronic check,No,Yes,Yes,Yes
C14459,Female,20,Giza,Greater Cairo,2023-11-09,Month-to-month,Electronic check,Yes,No,No,No
C14460,Female,51,Alexandria,Delta,2022-09-12,Month-to-month,Mailed check,No,Yes,No,Yes
C14461,Male,58,Hurghada,Red Sea,2020-01-28,Month-to-month,Mailed check,Yes,Yes,Yes,Yes
C14462,Male,67,Ismailia,Suez,2023-06-20,Month-to-month,Bank transfer,Yes,Yes,Yes,Yes
C14463,Male,53,Aswan,Upper Egypt,2021-05-21,Month-to-month,Credit card,Yes,No,No,Yes
C14464,Female,58,Suez,Suez,2021-11-18,Two year,Credit card,No,No,No,Yes
C14465,Female,33,Ismailia,Suez,2023-12-17,Month-to-month,Electronic check,No,No,No,Yes
C14466,Male,25,Giza,Greater Cairo,2021-02-16,Month-to-month,Mailed check,No,Yes,No,Yes
C14467,Female,53,Hurghada,Red Sea,2023-05-21,Two year,Electronic check,No,Yes,No,Yes
C14468,Female,47,Ismailia,Suez,2022-10-23,Month-to-month,Electronic check,No,No,Yes,No
C14469,Male,43,Giza,Greater Cairo,2022-09-17,Month-to-month,Electronic check,No,Yes,Yes,Yes
C14470,Male,47,Tanta,Delta,2021-02-12,Month-to-month,Electronic check,No,Yes,Yes,Yes
C14471,Female,46,Mansoura,Delta,2023-01-12,Two year,Electronic check,No,Yes,Yes,No
C14472,Male,59,Port Said,Suez,2022-12-18,Two year,Bank transfer,No,No,Yes,Yes
C14473,Female,60,Mansoura,Delta,2023-09-30,Two year,Bank transfer,No,Yes,No,Yes
C14474,Female,49,Giza,Greater Cairo,2021-10-12,One year,Electronic check,No,No,Yes,Yes
C14475,Male,53,Tanta,Delta,2022-02-17,Month-to-month,Electronic check,Yes,Yes,No,No
C14476,Male,49,Alexandria,Delta,2021-09-28,Two year,Mailed check,No,Yes,Yes,No
C14477,Female,35,Giza,Greater Cairo,2023-07-31,One year,Credit card,Yes,No,Yes,No
C14478,Male,52,Assiut,Upper Egypt,2020-03-29,Two year,Electronic check,Yes,No,Yes,Yes
C14479,Female,22,Suez,Suez,2023-04-06,Month-to-month,Bank transfer,No,Yes,Yes,Yes
C14480,Female,56,Ismailia,Suez,2021-12-25,Month-to-month,Credit card,No,No,No,Yes
C14481,Male,25,Luxor,Upper Egypt,2023-02-05,Month-to-month,Mailed check,No,Yes,Yes,Yes
C14482,Female,46,Tanta,Delta,2022-08-22,Two year,Electronic check,No,No,Yes,No
C14483,Male,30,Suez,Suez,2020-02-06,Month-to-month,Electronic check,No,Yes,Yes,No
C14484,Female,49,Hurghada,Red Sea,2023-09-23,Month-to-month,Mailed check,Yes,Yes,Yes,No
C14485,Female,41,Aswan,Upper Egypt,2021-08-07,Month-to-month,Electronic check,No,Yes,Yes,Yes
C14486,Female,19,Tanta,Delta,2022-12-27,Month-to-month,Electronic check,No,Yes,Yes,Yes
C14487,Female,47,Ismailia,Suez,2023-10-22,Month-to-month,Credit card,No,Yes,No,Yes
C14488,Male,33,Port Said,Suez,2023-11-01,Two year,Credit card,No,No,No,Yes
C14489,Male,54,Port Said,Suez,2023-01-04,Month-to-month,Electronic check,No,No,Yes,Yes
C14490,Male,42,Hurghada,Red Sea,2021-07-06,One year,Electronic check,No,Yes,No,No
C14491,Female,47,Ismailia,Suez,2023-08-23,Month-to-month,Electronic check,No,No,Yes,Yes
C14492,Female,28,Cairo,Greater Cairo,2020-01-28,Two year,Mailed check,No,Yes,Yes,Yes
C14493,Male,33,Aswan,Upper Egypt,2020-10-23,Month-to-month,Credit card,No,No,Yes,Yes
C14494,Male,35,Tanta,Delta,2020-08-13,Two year,Mailed check,No,No,No,Yes
C14495,Male,53,Giza,Greater Cairo,2021-10-01,Month-to-month,Electronic check,No,Yes,Yes,Yes
C14496,Male,65,Luxor,Upper Egypt,2020-12-06,Two year,Credit card,No,Yes,Yes,No
C14497,Female,30,Alexandria,Delta,2022-03-02,Month-to-month,Credit card,No,No,Yes,Yes
C14498,Male,57,Tanta,Delta,2020-08-03,Month-to-month,Mailed check,No,Yes,No,Yes
C14499,Female,18,Cairo,Greater Cairo,2021-11-15,One year,Bank transfer,No,No,Yes,Yes
C14500,Male,25,Cairo,Greater Cairo,2021-11-12,Month-to-month,Mailed check,No,No,Yes,No
C14501,Male,28,Assiut,Upper Egypt,2023-05-09,Month-to-month,Mailed check,No,No,Yes,Yes
C14502,Male,23,Ismailia,Suez,2020-02-27,Month-to-month,Electronic check,No,No,No,No
C14503,Male,19,Luxor,Upper Egypt,2022-04-28,Month-to-month,Mailed check,No,Yes,Yes,Yes
C14504,Female,47,Aswan,Upper Egypt,2022-06-27,Month-to-month,Bank transfer,No,No,No,Yes
C14505,Female,39,Tanta,Delta,2020-11-05,Month-to-month,Mailed check,No,No,No,Yes
C14506,Male,47,Assiut,Upper Egypt,2022-12-15,Month-to-month,Credit card,No,Yes,No,No
C14507,Male,51,Giza,Greater Cairo,2022-09-04,Two year,Electronic check,No,Yes,Yes,Yes
C14508,Female,45,Giza,Greater Cairo,2020-11-17,Month-to-month,Credit card,No,No,No,No
C14509,Female,51,Tanta,Delta,2020-06-01,Two year,Credit card,No,No,No,Yes
C14510,Male,41,Ismailia,Suez,2022-04-19,Month-to-month,Electronic check,No,No,Yes,Yes
C14511,Female,25,Hurghada,Red Sea,2020-01-11,Month-to-month,Electronic check,Yes,Yes,No,Yes
C14512,Male,56,Aswan,Upper Egypt,2020-02-29,Month-to-month,Electronic check,No,Yes,Yes,Yes
C14513,Female,33,Tanta,Delta,2022-12-26,Month-to-month,Electronic check,No,Yes,No,Yes
C14514,Male,28,Assiut,Upper Egypt,2022-08-20,One year,Mailed check,No,No,Yes,Yes
C14515,Male,39,Ismailia,Suez,2023-08-24,Two year,Credit card,No,Yes,No,Yes
C14516,Female,29,Port Said,Suez,2020-10-31,Two year,Electronic check,No,No,Yes,Yes
C14517,Male,36,Mansoura,Delta,2023-09-15,One year,Credit card,No,No,No,Yes
C14518,Female,46,Ismailia,Suez,2022-03-21,Two year,Electronic check,No,Yes,Yes,Yes
C14519,Male,46,Ismailia,Suez,2022-05-21,Two year,Credit card,Yes,Yes,Yes,Yes
C14520,Female,29,Luxor,Upper Egypt,2020-04-22,Month-to-month,Credit card,No,No,Yes,Yes
C14521,Female,35,Suez,Suez,2020-10-31,Month-to-month,Credit card,No,No,Yes,Yes
C14522,Female,57,Mansoura,Delta,2022-05-19,Month-to-month,Electronic check,No,Yes,No,Yes
C14523,Female,48,Suez,Suez,2021-10-06,Month-to-month,Electronic check,No,No,Yes,Yes
C14524,Male,71,Aswan,Upper Egypt,2023-08-30,Month-to-month,Electronic check,No,No,Yes,Yes
C14525,Male,58,Aswan,Upper Egypt,2023-01-17,One year,Bank transfer,No,No,No,Yes
C14526,Female,58,Cairo,Greater Cairo,2020-08-16,One year,Credit card,No,Yes,No,Yes
C14527,Female,22,Ismailia,Suez,2021-07-23,One year,Mailed check,No,Yes,Yes,Yes
C14528,Male,52,Assiut,Upper Egypt,2023-09-02,Two year,Credit card,No,No,No,Yes
C14529,Female,41,Port Said,Suez,2022-01-07,Month-to-month,Credit card,No,Yes,No,No
C14530,Female,34,Cairo,Greater Cairo,2021-06-04,Two year,Credit card,No,Yes,Yes,No
C14531,Male,44,Port Said,Suez,2021-11-01,One year,Bank transfer,No,No,Yes,Yes
C14532,Female,55,Alexandria,Delta,2023-03-02,Month-to-month,Bank transfer,No,No,Yes,Yes
C14533,Female,49,Suez,Suez,2020-11-09,Month-to-month,Bank transfer,No,Yes,No,Yes
C14534,Male,29,Luxor,Upper Egypt,2021-02-24,One year,Bank transfer,No,Yes,No,Yes
C14535,Male,52,Giza,Greater Cairo,2023-05-07,Month-to-month,Electronic check,No,No,Yes,Yes
C14536,Male,33,Port Said,Suez,2022-12-27,Two year,Bank transfer,Yes,Yes,Yes,Yes
C14537,Male,45,Ismailia,Suez,2020-08-29,Month-to-month,Bank transfer,No,Yes,Yes,Yes
C14538,Male,37,Alexandria,Delta,2021-11-05,Month-to-month,Mailed check,No,Yes,No,No
C14539,Female,38,Giza,Greater Cairo,2022-05-19,Month-to-month,Mailed check,Yes,No,Yes,Yes
C14540,Male,52,Aswan,Upper Egypt,2023-08-29,One year,Electronic check,No,No,Yes,Yes
C14541,Female,27,Alexandria,Delta,2020-07-26,One year,Electronic check,Yes,No,Yes,Yes
C14542,Male,69,Aswan,Upper Egypt,2021-06-18,Month-to-month,Bank transfer,No,No,Yes,Yes
C14543,Female,18,Suez,Suez,2020-10-05,One year,Credit card,No,Yes,No,Yes
C14544,Female,33,Aswan,Upper Egypt,2023-05-29,Two year,Bank transfer,No,No,Yes,Yes
C14545,Female,47,Suez,Suez,2021-12-14,Month-to-month,Electronic check,No,Yes,No,No
C14546,Male,50,Alexandria,Delta,2023-04-08,Month-to-month,Electronic check,Yes,Yes,Yes,Yes
C14547,Male,40,Giza,Greater Cairo,2020-03-01,Month-to-month,Electronic check,No,Yes,Yes,No
C14548,Female,41,Suez,Suez,2021-07-25,Two year,Credit card,No,Yes,Yes,Yes
C14549,Male,47,Alexandria,Delta,2021-04-12,Two year,Credit card,No,Yes,No,No
C14550,Female,38,Cairo,Greater Cairo,2023-03-24,Month-to-month,Bank transfer,No,Yes,No,Yes
C14551,Female,61,Port Said,Suez,2022-06-19,Two year,Electronic check,No,Yes,Yes,No
C14552,Male,53,Luxor,Upper Egypt,2023-02-08,Month-to-month,Mailed check,Yes,Yes,Yes,Yes
C14553,Female,54,Giza,Greater Cairo,2023-07-03,Month-to-month,Credit card,No,No,No,Yes
C14554,Male,28,Port Said,Suez,2020-01-07,Month-to-month,Bank transfer,No,No,Yes,Yes
C14555,Male,40,Tanta,Delta,2021-03-03,Month-to-month,Bank transfer,No,No,Yes,Yes
C14556,Female,37,Assiut,Upper Egypt,2021-09-23,Month-to-month,Credit card,No,Yes,Yes,Yes
C14557,Male,27,Assiut,Upper Egypt,2021-10-21,One year,Mailed check,Yes,Yes,No,Yes
C14558,Male,47,Ismailia,Suez,2020-09-11,One year,Electronic check,No,Yes,Yes,Yes
C14559,Female,34,Cairo,Greater Cairo,2020-10-06,One year,Bank transfer,No,Yes,No,Yes
C14560,Female,51,Tanta,Delta,2022-08-09,Month-to-month,Mailed check,No,Yes,No,No
C14561,Male,27,Tanta,Delta,2020-03-09,Month-to-month,Electronic check,No,No,Yes,Yes
C14562,Female,66,Tanta,Delta,2021-04-22,Month-to-month,Bank transfer,No,No,Yes,No
C14563,Female,29,Assiut,Upper Egypt,2021-03-27,Month-to-month,Electronic check,No,Yes,Yes,Yes
C14564,Male,45,Tanta,Delta,2022-09-25,Month-to-month,Electronic check,No,Yes,No,Yes
C14565,Male,53,Cairo,Greater Cairo,2022-04-28,Month-to-month,Bank transfer,Yes,Yes,Yes,Yes
C14566,Female,34,Port Said,Suez,2020-09-22,Month-to-month,Electronic check,Yes,Yes,No,Yes
C14567,Female,53,Alexandria,Delta,2021-09-03,Month-to-month,Electronic check,No,Yes,No,No
C14568,Female,24,Cairo,Greater Cairo,2022-05-19,Two year,Credit card,No,Yes,No,Yes
C14569,Male,62,Luxor,Upper Egypt,2022-06-22,One year,Electronic check,Yes,No,Yes,No
C14570,Male,42,Suez,Suez,2021-12-08,Month-to-month,Credit card,No,Yes,Yes,Yes
C14571,Female,33,Cairo,Greater Cairo,2023-01-05,Month-to-month,Bank transfer,No,No,No,Yes
C14572,Female,37,Assiut,Upper Egypt,2023-12-12,Month-to-month,Credit card,No,Yes,No,Yes
C14573,Male,53,Cairo,Greater Cairo,2021-10-06,Month-to-month,Credit card,No,Yes,No,No
C14574,Female,33,Luxor,Upper Egypt,2022-09-18,One year,Electronic check,No,Yes,Yes,Yes
C14575,Female,31,Ismailia,Suez,2022-10-17,One year,Bank transfer,No,Yes,Yes,No
C14576,Male,38,Giza,Greater Cairo,2021-04-03,Two year,Credit card,Yes,Yes,No,Yes
C14577,Male,25,Luxor,Upper Egypt,2023-07-14,Month-to-month,Bank transfer,No,No,No,Yes
C14578,Female,67,Cairo,Greater Cairo,2020-04-10,Month-to-month,Credit card,Yes,No,No,Yes
C14579,Female,34,Mansoura,Delta,2023-06-30,Month-to-month,Bank transfer,No,No,No,Yes
C14580,Female,53,Cairo,Greater Cairo,2021-07-31,Two year,Bank transfer,No,No,No,Yes
C14581,Female,44,Aswan,Upper Egypt,2022-05-14,Month-to-month,Credit card,No,No,No,Yes
C14582,Male,28,Port Said,Suez,2020-08-17,Month-to-month,Credit card,No,No,No,Yes
C14583,Female,41,Cairo,Greater Cairo,2023-02-14,One year,Mailed check,No,Yes,No,Yes
C14584,Female,52,Cairo,Greater Cairo,2022-06-18,Two year,Credit card,Yes,No,No,Yes
C14585,Female,39,Ismailia,Suez,2021-07-16,Month-to-month,Credit card,No,No,Yes,No
C14586,Male,58,Ismailia,Suez,2020-03-22,One year,Credit card,No,Yes,Yes,Yes
C14587,Female,56,Luxor,Upper Egypt,2022-08-24,Month-to-month,Mailed check,No,Yes,No,Yes
C14588,Female,54,Mansoura,Delta,2022-02-16,One year,Electronic check,No,Yes,No,Yes
C14589,Male,35,Ismailia,Suez,2023-01-15,Month-to-month,Mailed check,No,Yes,Yes,No
C14590,Male,26,Mansoura,Delta,2023-10-30,One year,Credit card,No,Yes,No,Yes
C14591,Female,33,Suez,Suez,2020-07-08,One year,Electronic check,No,No,Yes,No
C14592,Female,44,Luxor,Upper Egypt,2021-11-26,Two year,Credit card,No,No,Yes,No
C14593,Male,49,Ismailia,Suez,2021-08-15,One year,Credit card,No,Yes,No,Yes
C14594,Female,18,Luxor,Upper Egypt,2023-09-26,One year,Credit card,No,No,No,No
C14595,Female,41,Port Said,Suez,2020-04-02,Month-to-month,Electronic check,Yes,Yes,Yes,No
C14596,Female,44,Giza,Greater Cairo,2022-05-17,Month-to-month,Bank transfer,No,No,No,No
C14597,Female,38,Luxor,Upper Egypt,2023-11-22,Two year,Bank transfer,No,Yes,Yes,Yes
C14598,Female,60,Alexandria,Delta,2022-02-18,Two year,Electronic check,No,Yes,Yes,Yes
C14599,Female,47,Cairo,Greater Cairo,2022-12-23,One year,Mailed check,No,No,Yes,Yes
C14600,Female,60,Ismailia,Suez,2022-06-12,One year,Electronic check,No,No,No,Yes
C14601,Female,38,Mansoura,Delta,2022-07-01,Month-to-month,Mailed check,No,Yes,No,Yes
C14602,Female,55,Aswan,Upper Egypt,2020-04-23,Month-to-month,Mailed check,No,Yes,Yes,Yes
C14603,Female,64,Mansoura,Delta,2023-06-19,Month-to-month,Bank transfer,No,No,No,No
C14604,Male,60,Assiut,Upper Egypt,2022-03-08,Two year,Electronic check,No,No,No,Yes
C14605,Female,26,Hurghada,Red Sea,2023-10-02,One year,Mailed check,No,No,Yes,Yes
C14606,Female,38,Hurghada,Red Sea,2021-07-10,Two year,Electronic check,No,No,Yes,No
C14607,Female,37,Tanta,Delta,2020-01-21,One year,Electronic check,No,No,Yes,Yes
C14608,Male,48,Aswan,Upper Egypt,2022-03-07,One year,Bank transfer,No,No,Yes,No
C14609,Female,51,Alexandria,Delta,2023-08-14,Two year,Credit card,Yes,No,No,No
C14610,Male,30,Ismailia,Suez,2021-01-18,One year,Mailed check,No,No,Yes,Yes
C14611,Female,42,Tanta,Delta,2023-11-18,Month-to-month,Electronic check,No,No,Yes,Yes
C14612,Male,18,Aswan,Upper Egypt,2022-10-12,Two year,Mailed check,No,Yes,No,Yes
C14613,Female,62,Mansoura,Delta,2023-03-01,Two year,Bank transfer,No,No,No,Yes
C14614,Female,34,Alexandria,Delta,2021-12-03,One year,Mailed check,Yes,Yes,No,Yes
C14615,Female,42,Port Said,Suez,2020-05-06,Month-to-month,Mailed check,No,No,Yes,Yes
C14616,Male,37,Tanta,Delta,2021-03-17,One year,Bank transfer,No,Yes,Yes,Yes
C14617,Female,58,Mansoura,Delta,2021-04-19,Month-to-month,Credit card,No,Yes,No,Yes
C14618,Male,18,Port Said,Suez,2020-01-08,Month-to-month,Mailed check,No,No,Yes,Yes
C14619,Male,41,Suez,Suez,2021-09-07,Month-to-month,Electronic check,No,Yes,Yes,Yes
C14620,Male,40,Mansoura,Delta,2022-06-09,Two year,Bank transfer,Yes,Yes,Yes,Yes
C14621,Male,35,Tanta,Delta,2023-02-26,Two year,Bank transfer,Yes,No,No,No
C14622,Female,66,Ismailia,Suez,2023-04-02,Month-to-month,Electronic check,No,No,Yes,Yes
C14623,Male,29,Hurghada,Red Sea,2022-09-13,Month-to-month,Credit card,No,No,Yes,Yes
C14624,Female,52,Luxor,Upper Egypt,2021-05-11,Month-to-month,Mailed check,No,No,Yes,Yes
C14625,Male,46,Hurghada,Red Sea,2021-01-02,Two year,Mailed check,Yes,Yes,No,Yes
C14626,Male,59,Luxor,Upper Egypt,2020-11-20,Month-to-month,Credit card,No,Yes,Yes,Yes
C14627,Male,32,Mansoura,Delta,2023-09-02,One year,Bank transfer,No,Yes,No,Yes
C14628,Female,31,Hurghada,Red Sea,2022-09-25,One year,Electronic check,No,No,Yes,No
C14629,Female,57,Aswan,Upper Egypt,2020-12-05,Month-to-month,Mailed check,No,No,Yes,Yes
C14630,Male,47,Aswan,Upper Egypt,2022-02-16,One year,Credit card,No,No,No,Yes
C14631,Female,20,Giza,Greater Cairo,2021-10-10,Month-to-month,Electronic check,No,Yes,Yes,Yes
C14632,Female,34,Giza,Greater Cairo,2023-12-13,Two year,Mailed check,Yes,Yes,Yes,Yes
C14633,Female,47,Tanta,Delta,2023-11-10,Month-to-month,Electronic check,No,No,No,Yes
C14634,Male,53,Mansoura,Delta,2023-06-24,Month-to-month,Credit card,No,Yes,Yes,Yes
C14635,Male,32,Ismailia,Suez,2020-06-11,Month-to-month,Electronic check,No,No,No,Yes
C14636,Male,18,Giza,Greater Cairo,2021-03-24,Month-to-month,Bank transfer,No,Yes,No,Yes
C14637,Male,49,Giza,Greater Cairo,2022-07-12,Month-to-month,Credit card,No,Yes,Yes,Yes
C14638,Male,24,Hurghada,Red Sea,2023-12-05,Two year,Credit card,No,No,Yes,Yes
C14639,Female,18,Ismailia,Suez,2023-09-11,Month-to-month,Credit card,No,Yes,No,Yes
C14640,Female,18,Alexandria,Delta,2020-06-06,Two year,Credit card,No,Yes,Yes,No
C14641,Female,53,Cairo,Greater Cairo,2020-01-01,Month-to-month,Electronic check,No,No,No,No
C14642,Male,43,Alexandria,Delta,2023-08-24,Month-to-month,Electronic check,No,Yes,No,Yes
C14643,Male,38,Mansoura,Delta,2022-08-22,Month-to-month,Credit card,No,Yes,Yes,No
C14644,Female,61,Cairo,Greater Cairo,2020-06-18,Two year,Bank transfer,No,Yes,No,Yes
C14645,Female,50,Cairo,Greater Cairo,2020-11-05,Month-to-month,Bank transfer,No,No,No,No
C14646,Female,64,Luxor,Upper Egypt,2020-04-11,Two year,Electronic check,No,No,No,Yes
C14647,Female,22,Assiut,Upper Egypt,2020-01-17,Two year,Electronic check,No,No,Yes,Yes
C14648,Female,41,Ismailia,Suez,2023-11-18,Month-to-month,Bank transfer,No,No,No,No
C14649,Male,19,Hurghada,Red Sea,2022-11-27,Month-to-month,Credit card,Yes,Yes,No,Yes
C14650,Male,38,Luxor,Upper Egypt,2020-04-23,Month-to-month,Bank transfer,No,No,No,Yes
C14651,Female,38,Cairo,Greater Cairo,2023-02-14,Month-to-month,Mailed check,No,No,Yes,Yes
C14652,Female,50,Giza,Greater Cairo,2021-09-04,Two year,Electronic check,Yes,No,Yes,Yes
C14653,Female,42,Ismailia,Suez,2020-02-08,One year,Electronic check,No,Yes,Yes,Yes
C14654,Male,50,Tanta,Delta,2022-06-16,One year,Bank transfer,No,Yes,No,Yes
C14655,Female,51,Cairo,Greater Cairo,2021-08-23,Month-to-month,Electronic check,No,Yes,No,Yes
C14656,Male,72,Aswan,Upper Egypt,2022-02-21,One year,Electronic check,No,Yes,No,Yes
C14657,Female,37,Tanta,Delta,2022-05-22,Month-to-month,Mailed check,No,Yes,No,Yes
C14658,Male,28,Ismailia,Suez,2020-04-07,Month-to-month,Electronic check,No,Yes,No,Yes
C14659,Female,45,Luxor,Upper Egypt,2020-01-29,Month-to-month,Credit card,No,Yes,Yes,Yes
C14660,Female,30,Aswan,Upper Egypt,2023-02-07,Month-to-month,Mailed check,No,No,No,Yes
C14661,Female,62,Aswan,Upper Egypt,2022-09-14,One year,Mailed check,No,Yes,Yes,No
C14662,Male,38,Port Said,Suez,2021-04-21,Month-to-month,Credit card,No,Yes,Yes,Yes
C14663,Male,34,Aswan,Upper Egypt,2020-12-27,One year,Bank transfer,No,Yes,No,No
C14664,Female,35,Mansoura,Delta,2023-11-10,Month-to-month,Bank transfer,No,Yes,Yes,Yes
C14665,Female,52,Mansoura,Delta,2023-11-10,Month-to-month,Credit card,No,Yes,Yes,Yes
C14666,Male,39,Assiut,Upper Egypt,2022-04-09,One year,Electronic check,No,Yes,Yes,No
C14667,Male,33,Alexandria,Delta,2022-01-02,Month-to-month,Bank transfer,No,No,Yes,Yes
C14668,Female,65,Hurghada,Red Sea,2021-05-08,Month-to-month,Electronic check,No,No,No,No
C14669,Male,30,Assiut,Upper Egypt,2020-09-09,Month-to-month,Credit card,No,No,No,Yes
C14670,Female,42,Assiut,Upper Egypt,2023-01-14,Two year,Credit card,No,No,Yes,Yes
C14671,Female,51,Tanta,Delta,2022-02-08,Month-to-month,Electronic check,Yes,Yes,Yes,Yes
C14672,Female,19,Assiut,Upper Egypt,2020-04-04,Two year,Credit card,No,No,No,Yes
C14673,Female,48,Port Said,Suez,2022-08-06,Two year,Credit card,No,No,Yes,No
C14674,Male,27,Ismailia,Suez,2021-08-11,Two year,Bank transfer,No,Yes,No,Yes
C14675,Female,53,Port Said,Suez,2021-08-11,Two year,Credit card,No,Yes,Yes,Yes
C14676,Female,28,Luxor,Upper Egypt,2020-05-06,Month-to-month,Credit card,No,No,Yes,Yes
C14677,Female,51,Cairo,Greater Cairo,2022-02-25,Month-to-month,Credit card,No,No,No,Yes
C14678,Male,57,Mansoura,Delta,2021-08-01,Month-to-month,Bank transfer,Yes,No,Yes,Yes
C14679,Female,54,Cairo,Greater Cairo,2020-09-16,Month-to-month,Bank transfer,Yes,No,No,Yes
C14680,Male,45,Tanta,Delta,2020-01-09,One year,Credit card,No,Yes,Yes,No
C14681,Female,38,Aswan,Upper Egypt,2021-11-03,Month-to-month,Electronic check,No,Yes,No,Yes
C14682,Female,33,Cairo,Greater Cairo,2022-02-22,Month-to-month,Electronic check,No,Yes,No,Yes
C14683,Female,62,Tanta,Delta,2021-01-11,Month-to-month,Bank transfer,No,No,Yes,Yes
C14684,Female,32,Cairo,Greater Cairo,2020-08-27,Month-to-month,Electronic check,No,Yes,No,Yes
C14685,Female,27,Ismailia,Suez,2021-12-08,Month-to-month,Mailed check,No,Yes,No,Yes
C14686,Male,51,Assiut,Upper Egypt,2020-07-08,Two year,Electronic check,Yes,Yes,No,Yes
C14687,Male,30,Mansoura,Delta,2022-02-04,Month-to-month,Mailed check,No,Yes,Yes,No
C14688,Male,28,Aswan,Upper Egypt,2022-04-13,One year,Electronic check,No,No,No,Yes
C14689,Female,21,Suez,Suez,2021-02-19,Month-to-month,Credit card,No,Yes,Yes,Yes
C14690,Female,35,Cairo,Greater Cairo,2022-01-21,Month-to-month,Mailed check,Yes,Yes,Yes,Yes
C14691,Male,40,Tanta,Delta,2022-09-04,Month-to-month,Credit card,No,Yes,No,Yes
C14692,Male,45,Suez,Suez,2021-03-30,Two year,Mailed check,No,Yes,No,Yes
C14693,Female,55,Assiut,Upper Egypt,2023-10-20,One year,Electronic check,No,No,No,Yes
C14694,Female,49,Port Said,Suez,2020-08-28,Month-to-month,Bank transfer,No,Yes,No,Yes
C14695,Male,39,Ismailia,Suez,2020-08-08,One year,Bank transfer,No,No,Yes,Yes
C14696,Male,39,Alexandria,Delta,2021-02-10,Month-to-month,Electronic check,No,Yes,Yes,Yes
C14697,Male,49,Giza,Greater Cairo,2023-09-16,One year,Electronic check,Yes,Yes,Yes,Yes
C14698,Female,59,Cairo,Greater Cairo,2020-02-19,One year,Electronic check,No,No,No,Yes
C14699,Female,43,Aswan,Upper Egypt,2020-03-23,Two year,Bank transfer,No,Yes,No,Yes
C14700,Female,35,Luxor,Upper Egypt,2021-02-18,Month-to-month,Electronic check,No,No,Yes,Yes
C14701,Male,28,Tanta,Delta,2021-01-23,Two year,Electronic check,No,Yes,Yes,Yes
C14702,Female,21,Cairo,Greater Cairo,2023-07-16,One year,Mailed check,No,No,Yes,Yes
C14703,Female,51,Tanta,Delta,2022-04-06,Month-to-month,Credit card,No,Yes,No,Yes
C14704,Female,50,Cairo,Greater Cairo,2020-01-29,Month-to-month,Credit card,No,Yes,Yes,Yes
C14705,Male,50,Mansoura,Delta,2020-11-30,Month-to-month,Bank transfer,No,No,Yes,Yes
C14706,Male,40,Ismailia,Suez,2022-07-09,One year,Electronic check,No,No,No,Yes
C14707,Male,61,Cairo,Greater Cairo,2023-02-15,Month-to-month,Electronic check,No,Yes,No,No
C14708,Female,35,Mansoura,Delta,2022-12-22,Two year,Bank transfer,Yes,No,Yes,Yes
C14709,Female,55,Assiut,Upper Egypt,2023-01-09,Month-to-month,Bank transfer,No,Yes,No,Yes
C14710,Male,41,Tanta,Delta,2020-05-23,One year,Mailed check,Yes,No,No,Yes
C14711,Female,33,Ismailia,Suez,2023-05-25,Two year,Mailed check,No,Yes,Yes,Yes
C14712,Male,50,Hurghada,Red Sea,2021-03-09,Month-to-month,Electronic check,No,No,Yes,Yes
C14713,Male,47,Luxor,Upper Egypt,2022-12-13,One year,Electronic check,No,Yes,No,No
C14714,Female,46,Aswan,Upper Egypt,2023-01-11,Two year,Electronic check,No,No,Yes,Yes
C14715,Female,43,Alexandria,Delta,2020-09-01,Two year,Bank transfer,No,Yes,No,Yes
C14716,Female,41,Hurghada,Red Sea,2021-05-31,Month-to-month,Credit card,No,Yes,No,Yes
C14717,Male,75,Assiut,Upper Egypt,2023-08-22,Two year,Mailed check,No,Yes,No,No
C14718,Female,58,Port Said,Suez,2021-07-15,One year,Mailed check,No,Yes,No,Yes
C14719,Female,52,Luxor,Upper Egypt,2022-03-01,Month-to-month,Bank transfer,No,No,No,Yes
C14720,Male,43,Assiut,Upper Egypt,2021-12-04,One year,Electronic check,No,No,No,Yes
C14721,Male,56,Suez,Suez,2023-05-28,Month-to-month,Mailed check,Yes,No,No,Yes
C14722,Male,49,Luxor,Upper Egypt,2023-09-26,Month-to-month,Electronic check,No,Yes,Yes,Yes
C14723,Female,42,Hurghada,Red Sea,2021-04-22,One year,Bank transfer,No,Yes,Yes,No
C14724,Female,37,Alexandria,Delta,2020-11-13,Month-to-month,Credit card,No,No,Yes,Yes
C14725,Female,40,Giza,Greater Cairo,2020-05-03,Month-to-month,Mailed check,No,Yes,No,Yes
C14726,Male,18,Hurghada,Red Sea,2021-09-17,Two year,Bank transfer,No,No,Yes,Yes
C14727,Male,44,Ismailia,Suez,2022-03-27,Month-to-month,Bank transfer,Yes,No,No,No
C14728,Female,35,Ismailia,Suez,2020-03-15,One year,Mailed check,No,Yes,Yes,Yes
C14729,Male,64,Luxor,Upper Egypt,2022-03-14,Month-to-month,Bank transfer,No,No,No,No
C14730,Male,42,Cairo,Greater Cairo,2020-04-21,Month-to-month,Credit card,No,No,Yes,Yes
C14731,Female,25,Hurghada,Red Sea,2021-09-02,Two year,Bank transfer,Yes,Yes,No,Yes
C14732,Male,41,Assiut,Upper Egypt,2023-09-24,One year,Bank transfer,No,No,Yes,Yes
C14733,Male,27,Alexandria,Delta,2020-08-11,Month-to-month,Mailed check,No,No,Yes,Yes
C14734,Female,48,Cairo,Greater Cairo,2023-07-08,One year,Bank transfer,No,Yes,Yes,No
C14735,Male,46,Tanta,Delta,2023-10-02,Two year,Electronic check,Yes,Yes,Yes,Yes
C14736,Male,55,Alexandria,Delta,2022-07-27,Two year,Credit card,No,No,No,Yes
C14737,Female,30,Assiut,Upper Egypt,2020-10-14,Two year,Bank transfer,No,Yes,No,No
C14738,Female,42,Aswan,Upper Egypt,2022-10-01,One year,Electronic check,Yes,No,Yes,Yes
C14739,Female,22,Hurghada,Red Sea,2023-03-19,Two year,Electronic check,No,No,No,Yes
C14740,Female,51,Assiut,Upper Egypt,2023-02-28,Two year,Electronic check,No,Yes,No,No
C14741,Male,49,Port Said,Suez,2020-12-03,One year,Electronic check,No,No,No,Yes
C14742,Male,48,Ismailia,Suez,2021-05-19,One year,Credit card,No,No,No,Yes
C14743,Female,42,Ismailia,Suez,2021-08-11,Month-to-month,Credit card,No,No,No,Yes
C14744,Female,47,Aswan,Upper Egypt,2023-11-20,One year,Electronic check,No,No,No,No
C14745,Male,64,Mansoura,Delta,2023-07-27,One year,Mailed check,No,No,Yes,No
C14746,Male,38,Ismailia,Suez,2021-08-28,Month-to-month,Credit card,No,Yes,Yes,Yes
C14747,Female,43,Port Said,Suez,2021-08-20,Month-to-month,Electronic check,No,Yes,Yes,Yes
C14748,Female,26,Alexandria,Delta,2020-09-05,Month-to-month,Electronic check,No,No,No,No
C14749,Male,29,Alexandria,Delta,2021-08-05,Month-to-month,Electronic check,No,No,No,Yes
C14750,Male,43,Assiut,Upper Egypt,2022-12-18,One year,Electronic check,No,No,No,Yes
C14751,Male,57,Ismailia,Suez,2020-10-28,Two year,Electronic check,No,No,No,Yes
C14752,Female,38,Hurghada,Red Sea,2020-02-24,Month-to-month,Electronic check,No,Yes,Yes,No
C14753,Male,38,Suez,Suez,2021-11-04,One year,Electronic check,No,No,No,No
C14754,Male,36,Hurghada,Red Sea,2022-08-25,Month-to-month,Bank transfer,No,Yes,Yes,Yes
C14755,Male,34,Giza,Greater Cairo,2021-01-08,Month-to-month,Bank transfer,Yes,Yes,No,Yes
C14756,Female,46,Port Said,Suez,2022-10-31,One year,Credit card,No,No,Yes,Yes
C14757,Female,21,Cairo,Greater Cairo,2022-06-28,Month-to-month,Mailed check,No,Yes,No,No
C14758,Female,59,Ismailia,Suez,2021-03-21,Month-to-month,Mailed check,No,Yes,Yes,Yes
C14759,Female,32,Alexandria,Delta,2020-01-07,Two year,Mailed check,No,No,No,Yes
C14760,Male,52,Aswan,Upper Egypt,2023-05-22,Two year,Mailed check,No,Yes,Yes,Yes
C14761,Female,24,Tanta,Delta,2022-03-07,One year,Electronic check,No,No,No,Yes
C14762,Male,51,Port Said,Suez,2022-01-12,Month-to-month,Bank transfer,No,Yes,No,No
C14763,Male,51,Giza,Greater Cairo,2022-05-08,Two year,Mailed check,No,No,Yes,Yes
C14764,Female,47,Aswan,Upper Egypt,2023-01-17,Two year,Credit card,No,No,No,Yes
C14765,Male,28,Tanta,Delta,2020-05-24,Two year,Mailed check,No,Yes,Yes,No
C14766,Male,45,Ismailia,Suez,2021-09-03,Two year,Electronic check,No,Yes,No,Yes
C14767,Female,25,Luxor,Upper Egypt,2022-01-08,One year,Electronic check,No,Yes,Yes,Yes
C14768,Female,38,Mansoura,Delta,2023-09-19,One year,Bank transfer,No,No,Yes,Yes
C14769,Female,56,Giza,Greater Cairo,2023-07-27,Month-to-month,Electronic check,No,Yes,No,Yes
C14770,Male,53,Assiut,Upper Egypt,2021-03-17,Two year,Credit card,No,Yes,Yes,Yes
C14771,Female,42,Ismailia,Suez,2023-03-24,Two year,Bank transfer,No,No,No,Yes
C14772,Female,28,Alexandria,Delta,2021-01-01,Month-to-month,Mailed check,No,No,Yes,Yes
C14773,Female,51,Alexandria,Delta,2023-09-30,Month-to-month,Credit card,No,Yes,Yes,Yes
C14774,Female,42,Suez,Suez,2021-01-29,One year,Electronic check,No,No,No,No
C14775,Male,18,Suez,Suez,2023-12-17,One year,Bank transfer,No,No,Yes,Yes
C14776,Male,52,Port Said,Suez,2021-07-23,Month-to-month,Bank transfer,No,Yes,No,Yes
C14777,Male,41,Assiut,Upper Egypt,2022-07-11,Two year,Electronic check,No,No,Yes,Yes
C14778,Male,58,Assiut,Upper Egypt,2023-10-12,Month-to-month,Bank transfer,No,Yes,Yes,No
C14779,Male,26,Ismailia,Suez,2022-12-24,Month-to-month,Electronic check,Yes,No,Yes,Yes
C14780,Female,18,Luxor,Upper Egypt,2022-05-29,Two year,Electronic check,No,No,No,Yes
C14781,Male,45,Giza,Greater Cairo,2021-11-12,Month-to-month,Electronic check,No,Yes,Yes,Yes
C14782,Male,46,Luxor,Upper Egypt,2023-09-01,Month-to-month,Mailed check,No,No,No,Yes
C14783,Female,18,Assiut,Upper Egypt,2022-07-26,Two year,Bank transfer,No,No,No,No
C14784,Male,28,Cairo,Greater Cairo,2021-11-22,Month-to-month,Mailed check,No,Yes,Yes,Yes
C14785,Female,80,Luxor,Upper Egypt,2023-12-10,Month-to-month,Electronic check,No,Yes,No,No
C14786,Female,37,Assiut,Upper Egypt,2021-03-27,Two year,Credit card,No,Yes,No,Yes
C14787,Female,52,Alexandria,Delta,2023-01-17,One year,Credit card,No,Yes,No,Yes
C14788,Male,32,Cairo,Greater Cairo,2023-03-24,Two year,Mailed check,No,Yes,No,Yes
C14789,Male,18,Luxor,Upper Egypt,2022-03-26,Month-to-month,Bank transfer,No,No,Yes,Yes
C14790,Male,39,Mansoura,Delta,2020-08-30,Month-to-month,Bank transfer,No,No,No,Yes
C14791,Male,38,Giza,Greater Cairo,2023-05-02,One year,Electronic check,No,No,Yes,Yes
C14792,Female,36,Suez,Suez,2022-05-10,Two year,Credit card,Yes,Yes,Yes,Yes
C14793,Female,40,Port Said,Suez,2022-11-24,Month-to-month,Mailed check,No,Yes,No,Yes
C14794,Female,45,Assiut,Upper Egypt,2023-06-27,Month-to-month,Bank transfer,No,No,Yes,Yes
C14795,Female,39,Port Said,Suez,2021-01-18,Two year,Electronic check,No,Yes,No,Yes
C14796,Female,24,Mansoura,Delta,2022-09-26,Two year,Bank transfer,No,Yes,Yes,No
C14797,Male,48,Luxor,Upper Egypt,2022-07-15,Two year,Bank transfer,Yes,No,No,Yes
C14798,Male,18,Mansoura,Delta,2020-02-06,One year,Credit card,No,No,No,Yes
C14799,Male,18,Ismailia,Suez,2021-05-06,Month-to-month,Mailed check,No,No,Yes,Yes
C14800,Male,52,Ismailia,Suez,2020-08-04,Month-to-month,Bank transfer,No,No,Yes,No
C14801,Male,49,Ismailia,Suez,2023-06-05,Month-to-month,Electronic check,No,Yes,No,No
C14802,Male,41,Cairo,Greater Cairo,2021-07-18,Two year,Bank transfer,No,No,No,Yes
C14803,Male,22,Assiut,Upper Egypt,2023-10-29,Two year,Electronic check,Yes,Yes,No,No
C14804,Female,32,Port Said,Suez,2023-03-02,Two year,Credit card,No,Yes,Yes,Yes
C14805,Male,38,Cairo,Greater Cairo,2023-07-01,Month-to-month,Credit card,No,Yes,No,No
C14806,Male,19,Mansoura,Delta,2021-09-23,Two year,Mailed check,No,No,Yes,Yes
C14807,Female,31,Ismailia,Suez,2020-11-07,Two year,Electronic check,No,No,No,Yes
C14808,Male,51,Assiut,Upper Egypt,2022-11-28,One year,Mailed check,Yes,Yes,No,Yes
C14809,Female,61,Aswan,Upper Egypt,2023-11-02,One year,Bank transfer,No,Yes,No,No
C14810,Male,36,Tanta,Delta,2020-04-30,Month-to-month,Mailed check,No,No,Yes,Yes
C14811,Female,52,Alexandria,Delta,2020-11-07,One year,Bank transfer,No,No,No,Yes
C14812,Male,18,Suez,Suez,2021-07-07,One year,Credit card,No,Yes,Yes,No
C14813,Male,51,Suez,Suez,2023-03-18,Month-to-month,Electronic check,No,No,Yes,Yes
C14814,Male,30,Alexandria,Delta,2022-06-26,Two year,Mailed check,No,Yes,No,Yes
C14815,Male,46,Luxor,Upper Egypt,2022-11-02,Month-to-month,Bank transfer,No,No,No,Yes
C14816,Female,38,Mansoura,Delta,2023-01-07,One year,Electronic check,No,Yes,Yes,Yes
C14817,Female,60,Aswan,Upper Egypt,2022-04-10,One year,Credit card,No,No,Yes,Yes
C14818,Female,29,Assiut,Upper Egypt,2021-05-23,Month-to-month,Credit card,No,Yes,Yes,Yes
C14819,Male,50,Giza,Greater Cairo,2022-08-05,Month-to-month,Electronic check,No,Yes,Yes,Yes
C14820,Female,38,Hurghada,Red Sea,2020-10-23,Month-to-month,Electronic check,No,No,No,Yes
C14821,Female,39,Alexandria,Delta,2023-02-03,Month-to-month,Electronic check,No,Yes,Yes,Yes
C14822,Female,39,Hurghada,Red Sea,2021-10-29,One year,Bank transfer,Yes,No,Yes,Yes
C14823,Female,30,Cairo,Greater Cairo,2022-09-01,Two year,Bank transfer,No,Yes,No,Yes
C14824,Female,41,Hurghada,Red Sea,2021-01-03,One year,Credit card,No,Yes,No,No
C14825,Male,41,Ismailia,Suez,2023-08-03,Month-to-month,Mailed check,No,Yes,No,Yes
C14826,Male,45,Assiut,Upper Egypt,2021-12-22,One year,Credit card,Yes,Yes,Yes,No
C14827,Male,43,Luxor,Upper Egypt,2022-07-31,Month-to-month,Electronic check,Yes,Yes,Yes,Yes
C14828,Female,53,Hurghada,Red Sea,2020-02-20,Two year,Electronic check,No,Yes,No,No
C14829,Female,54,Aswan,Upper Egypt,2021-11-22,One year,Credit card,No,No,Yes,Yes
C14830,Male,27,Tanta,Delta,2022-06-19,Two year,Bank transfer,No,Yes,No,Yes
C14831,Male,54,Port Said,Suez,2023-04-09,One year,Credit card,No,Yes,Yes,No
C14832,Female,25,Assiut,Upper Egypt,2022-07-16,One year,Mailed check,No,No,No,Yes
C14833,Female,50,Assiut,Upper Egypt,2020-08-21,Month-to-month,Electronic check,No,Yes,Yes,Yes
C14834,Male,50,Mansoura,Delta,2022-04-15,Two year,Bank transfer,No,Yes,No,Yes
C14835,Male,18,Aswan,Upper Egypt,2020-06-02,One year,Credit card,No,No,Yes,Yes
C14836,Female,43,Assiut,Upper Egypt,2020-06-01,Month-to-month,Mailed check,No,Yes,Yes,Yes
C14837,Male,35,Luxor,Upper Egypt,2020-10-25,Two year,Mailed check,No,Yes,No,Yes
C14838,Female,31,Port Said,Suez,2022-02-03,One year,Credit card,Yes,Yes,Yes,Yes
C14839,Male,60,Ismailia,Suez,2020-01-26,Month-to-month,Bank transfer,No,No,Yes,Yes
C14840,Male,32,Ismailia,Suez,2023-04-05,Month-to-month,Electronic check,Yes,No,Yes,Yes
C14841,Male,30,Ismailia,Suez,2023-01-28,Two year,Bank transfer,No,No,Yes,Yes
C14842,Male,43,Cairo,Greater Cairo,2022-07-31,Month-to-month,Bank transfer,No,Yes,No,Yes
C14843,Female,51,Port Said,Suez,2020-03-01,Month-to-month,Electronic check,No,No,No,No
C14844,Female,40,Tanta,Delta,2022-09-26,Month-to-month,Electronic check,No,No,No,No
C14845,Female,58,Tanta,Delta,2023-02-18,One year,Electronic check,No,Yes,Yes,No
C14846,Male,49,Port Said,Suez,2021-08-31,One year,Electronic check,No,No,No,Yes
C14847,Female,18,Port Said,Suez,2021-06-19,Month-to-month,Bank transfer,No,Yes,Yes,No
C14848,Female,34,Mansoura,Delta,2022-08-05,Month-to-month,Electronic check,No,Yes,Yes,Yes
C14849,Female,34,Assiut,Upper Egypt,2023-06-21,One year,Electronic check,Yes,Yes,Yes,Yes
C14850,Male,48,Alexandria,Delta,2020-05-27,Month-to-month,Electronic check,No,Yes,No,Yes
C14851,Male,18,Alexandria,Delta,2022-10-08,Two year,Bank transfer,No,Yes,No,Yes
C14852,Male,77,Cairo,Greater Cairo,2022-04-28,Month-to-month,Credit card,Yes,No,Yes,No
C14853,Male,49,Luxor,Upper Egypt,2020-07-02,One year,Bank transfer,Yes,No,Yes,Yes
C14854,Male,44,Cairo,Greater Cairo,2020-05-22,Month-to-month,Bank transfer,No,No,Yes,Yes
C14855,Male,58,Alexandria,Delta,2021-02-03,One year,Electronic check,No,No,Yes,Yes
C14856,Male,74,Suez,Suez,2021-09-30,Month-to-month,Credit card,No,No,No,Yes
C14857,Male,54,Luxor,Upper Egypt,2020-03-14,Two year,Mailed check,No,Yes,Yes,Yes
C14858,Female,55,Assiut,Upper Egypt,2020-04-09,One year,Bank transfer,No,No,Yes,Yes
C14859,Female,43,Tanta,Delta,2021-05-08,Two year,Mailed check,Yes,No,Yes,Yes
C14860,Female,40,Giza,Greater Cairo,2020-03-14,Month-to-month,Credit card,No,Yes,No,Yes
C14861,Female,35,Ismailia,Suez,2020-06-01,Two year,Credit card,Yes,Yes,Yes,Yes
C14862,Female,30,Aswan,Upper Egypt,2021-02-19,Month-to-month,Credit card,No,Yes,No,No
C14863,Female,32,Mansoura,Delta,2020-07-10,One year,Electronic check,No,No,No,Yes
C14864,Male,23,Suez,Suez,2020-04-12,Month-to-month,Mailed check,No,No,No,Yes
C14865,Male,40,Suez,Suez,2020-07-26,One year,Credit card,Yes,Yes,Yes,No
C14866,Female,18,Giza,Greater Cairo,2022-03-13,Month-to-month,Mailed check,No,Yes,No,Yes
C14867,Male,44,Ismailia,Suez,2020-09-05,Month-to-month,Mailed check,No,Yes,Yes,Yes
C14868,Female,41,Assiut,Upper Egypt,2022-11-12,One year,Bank transfer,No,No,No,Yes
C14869,Male,44,Giza,Greater Cairo,2022-10-25,Month-to-month,Bank transfer,No,Yes,Yes,Yes
C14870,Male,34,Luxor,Upper Egypt,2021-12-13,Month-to-month,Bank transfer,No,Yes,No,Yes
C14871,Male,80,Aswan,Upper Egypt,2021-12-15,Month-to-month,Credit card,Yes,Yes,No,No
C14872,Female,61,Aswan,Upper Egypt,2023-07-22,Month-to-month,Electronic check,No,No,Yes,Yes
C14873,Female,24,Tanta,Delta,2023-05-22,One year,Mailed check,No,No,Yes,Yes
C14874,Male,45,Mansoura,Delta,2023-02-12,Two year,Electronic check,Yes,Yes,No,No
C14875,Female,33,Tanta,Delta,2021-08-05,Month-to-month,Bank transfer,Yes,No,Yes,Yes
C14876,Female,27,Giza,Greater Cairo,2023-11-06,Two year,Credit card,No,No,Yes,Yes
C14877,Female,23,Assiut,Upper Egypt,2023-04-03,Month-to-month,Electronic check,No,Yes,Yes,Yes
C14878,Male,48,Luxor,Upper Egypt,2023-04-08,Month-to-month,Mailed check,No,No,No,Yes
C14879,Female,32,Hurghada,Red Sea,2020-10-11,One year,Electronic check,No,Yes,Yes,Yes
C14880,Male,55,Mansoura,Delta,2021-10-24,Month-to-month,Bank transfer,No,No,No,Yes
C14881,Male,55,Tanta,Delta,2022-05-06,Month-to-month,Electronic check,No,No,Yes,Yes
C14882,Female,61,Alexandria,Delta,2021-11-18,Month-to-month,Credit card,No,Yes,Yes,Yes
C14883,Male,30,Aswan,Upper Egypt,2022-05-12,Month-to-month,Electronic check,Yes,No,No,No
C14884,Female,48,Assiut,Upper Egypt,2021-06-28,One year,Electronic check,No,No,Yes,Yes
C14885,Female,50,Port Said,Suez,2020-12-03,One year,Mailed check,No,Yes,No,Yes
C14886,Male,35,Cairo,Greater Cairo,2023-01-17,Month-to-month,Bank transfer,No,No,No,No
C14887,Male,31,Cairo,Greater Cairo,2022-02-22,Month-to-month,Electronic check,No,No,No,Yes
C14888,Female,64,Luxor,Upper Egypt,2020-12-13,Month-to-month,Electronic check,No,No,Yes,Yes
C14889,Male,45,Ismailia,Suez,2021-09-18,Month-to-month,Credit card,No,Yes,No,Yes
C14890,Male,50,Suez,Suez,2023-03-31,Two year,Mailed check,Yes,Yes,No,Yes
C14891,Male,30,Mansoura,Delta,2021-05-03,One year,Credit card,No,No,Yes,Yes
C14892,Male,24,Ismailia,Suez,2023-01-14,One year,Electronic check,No,Yes,Yes,Yes
C14893,Male,34,Port Said,Suez,2021-02-24,Two year,Credit card,No,No,Yes,Yes
C14894,Female,40,Aswan,Upper Egypt,2021-03-25,Two year,Bank transfer,No,Yes,Yes,Yes
C14895,Female,27,Cairo,Greater Cairo,2020-08-02,One year,Bank transfer,No,No,Yes,Yes
C14896,Male,41,Suez,Suez,2023-08-17,Month-to-month,Electronic check,Yes,No,Yes,Yes
C14897,Male,18,Suez,Suez,2021-12-25,Two year,Electronic check,No,No,No,No
C14898,Female,26,Cairo,Greater Cairo,2022-06-12,One year,Credit card,Yes,No,Yes,Yes
C14899,Female,51,Aswan,Upper Egypt,2021-02-28,One year,Electronic check,Yes,No,No,Yes
C14900,Female,50,Suez,Suez,2021-10-06,One year,Mailed check,No,No,Yes,Yes
C14901,Male,36,Alexandria,Delta,2022-09-01,Month-to-month,Credit card,No,No,Yes,Yes
C14902,Male,27,Suez,Suez,2023-09-27,Two year,Electronic check,No,No,Yes,No
C14903,Female,27,Giza,Greater Cairo,2023-11-04,Month-to-month,Electronic check,No,No,Yes,Yes
C14904,Female,36,Luxor,Upper Egypt,2023-11-24,One year,Bank transfer,No,Yes,No,No
C14905,Male,51,Suez,Suez,2020-07-30,Month-to-month,Electronic check,No,Yes,Yes,Yes
C14906,Male,54,Aswan,Upper Egypt,2021-05-27,One year,Electronic check,No,Yes,Yes,Yes
C14907,Male,35,Port Said,Suez,2021-06-22,Month-to-month,Electronic check,No,No,Yes,No
C14908,Male,25,Luxor,Upper Egypt,2020-09-11,Month-to-month,Bank transfer,No,No,Yes,Yes
C14909,Male,45,Mansoura,Delta,2022-08-02,One year,Credit card,No,No,No,Yes
C14910,Female,30,Assiut,Upper Egypt,2022-05-05,Two year,Mailed check,No,Yes,Yes,Yes
C14911,Female,34,Port Said,Suez,2022-12-29,Month-to-month,Electronic check,No,No,Yes,Yes
C14912,Female,60,Tanta,Delta,2023-01-28,Month-to-month,Electronic check,No,No,No,Yes
C14913,Male,53,Luxor,Upper Egypt,2022-02-03,Two year,Electronic check,No,Yes,No,No
C14914,Male,44,Ismailia,Suez,2020-09-22,Month-to-month,Credit card,No,Yes,Yes,Yes
C14915,Female,24,Tanta,Delta,2021-06-21,One year,Electronic check,No,No,Yes,Yes
C14916,Female,44,Tanta,Delta,2020-06-09,Month-to-month,Electronic check,Yes,Yes,Yes,Yes
C14917,Male,56,Alexandria,Delta,2023-04-22,One year,Bank transfer,No,No,No,Yes
C14918,Male,36,Cairo,Greater Cairo,2023-08-08,One year,Bank transfer,No,Yes,Yes,Yes
C14919,Female,60,Luxor,Upper Egypt,2021-06-06,One year,Bank transfer,No,No,Yes,Yes
C14920,Male,60,Hurghada,Red Sea,2022-08-30,One year,Credit card,No,No,Yes,Yes
C14921,Female,65,Assiut,Upper Egypt,2021-03-01,One year,Electronic check,No,Yes,Yes,No
C14922,Male,46,Tanta,Delta,2022-03-25,Month-to-month,Mailed check,No,Yes,No,Yes
C14923,Female,50,Port Said,Suez,2022-07-20,Month-to-month,Electronic check,No,Yes,No,Yes
C14924,Female,61,Port Said,Suez,2022-11-08,Month-to-month,Electronic check,Yes,Yes,No,Yes
C14925,Male,48,Alexandria,Delta,2022-12-23,Month-to-month,Electronic check,No,Yes,No,No
C14926,Male,34,Cairo,Greater Cairo,2023-02-13,Two year,Credit card,No,No,Yes,Yes
C14927,Female,35,Tanta,Delta,2023-04-30,Month-to-month,Credit card,No,Yes,Yes,No
C14928,Male,45,Cairo,Greater Cairo,2022-06-17,Month-to-month,Electronic check,No,Yes,Yes,Yes
C14929,Male,23,Tanta,Delta,2020-04-16,Two year,Mailed check,No,Yes,No,Yes
C14930,Male,39,Giza,Greater Cairo,2021-07-21,One year,Electronic check,Yes,Yes,No,Yes
C14931,Male,57,Alexandria,Delta,2020-03-17,Two year,Electronic check,No,No,No,Yes
C14932,Female,18,Luxor,Upper Egypt,2021-01-15,Month-to-month,Mailed check,No,No,Yes,Yes
C14933,Male,63,Alexandria,Delta,2022-07-14,Month-to-month,Mailed check,No,Yes,No,Yes
C14934,Male,57,Luxor,Upper Egypt,2023-02-15,One year,Bank transfer,No,No,No,Yes
C14935,Female,35,Suez,Suez,2023-01-28,Month-to-month,Electronic check,No,No,Yes,Yes
C14936,Female,49,Hurghada,Red Sea,2022-01-30,Month-to-month,Electronic check,No,No,No,Yes
C14937,Female,42,Aswan,Upper Egypt,2022-09-13,One year,Credit card,No,Yes,No,No
C14938,Male,59,Luxor,Upper Egypt,2020-05-30,One year,Bank transfer,No,Yes,No,Yes
C14939,Male,55,Tanta,Delta,2023-06-22,Two year,Mailed check,No,No,No,Yes
C14940,Male,22,Assiut,Upper Egypt,2022-03-09,Month-to-month,Electronic check,Yes,No,Yes,Yes
C14941,Male,50,Luxor,Upper Egypt,2020-08-10,One year,Credit card,No,No,Yes,Yes
C14942,Female,39,Cairo,Greater Cairo,2021-04-01,Two year,Mailed check,No,Yes,No,Yes
C14943,Female,43,Giza,Greater Cairo,2023-07-04,Month-to-month,Bank transfer,No,Yes,No,Yes
C14944,Male,31,Cairo,Greater Cairo,2022-12-09,Month-to-month,Credit card,No,No,Yes,No
C14945,Male,66,Suez,Suez,2021-02-27,One year,Electronic check,No,Yes,Yes,Yes
C14946,Female,56,Suez,Suez,2021-08-18,Month-to-month,Credit card,Yes,No,No,Yes
C14947,Female,31,Assiut,Upper Egypt,2022-08-30,Month-to-month,Mailed check,No,Yes,Yes,Yes
C14948,Female,23,Ismailia,Suez,2020-01-07,One year,Mailed check,No,No,No,Yes
C14949,Female,36,Giza,Greater Cairo,2020-04-14,One year,Electronic check,Yes,No,No,No
C14950,Female,48,Ismailia,Suez,2020-05-16,One year,Electronic check,Yes,No,No,Yes
C14951,Male,45,Mansoura,Delta,2021-08-20,One year,Mailed check,No,Yes,Yes,Yes
C14952,Male,59,Hurghada,Red Sea,2022-03-03,Two year,Credit card,No,No,No,Yes
C14953,Male,53,Luxor,Upper Egypt,2023-02-13,Month-to-month,Credit card,No,Yes,No,Yes
C14954,Male,55,Ismailia,Suez,2021-09-27,One year,Bank transfer,No,No,No,Yes
C14955,Male,46,Port Said,Suez,2022-08-12,One year,Mailed check,Yes,Yes,No,Yes
C14956,Male,22,Luxor,Upper Egypt,2021-04-01,Two year,Bank transfer,No,Yes,Yes,No
C14957,Female,39,Giza,Greater Cairo,2023-02-28,Two year,Credit card,No,Yes,Yes,Yes
C14958,Male,56,Cairo,Greater Cairo,2023-05-15,One year,Electronic check,No,Yes,Yes,Yes
C14959,Male,41,Mansoura,Delta,2021-10-24,Month-to-month,Mailed check,No,Yes,Yes,Yes
C14960,Female,49,Luxor,Upper Egypt,2022-03-04,One year,Credit card,No,Yes,Yes,Yes
C14961,Male,37,Luxor,Upper Egypt,2021-12-14,Month-to-month,Bank transfer,No,Yes,No,Yes
C14962,Male,27,Mansoura,Delta,2020-07-21,Month-to-month,Mailed check,No,No,No,Yes
C14963,Male,40,Hurghada,Red Sea,2020-09-20,One year,Electronic check,No,No,No,Yes
C14964,Male,46,Suez,Suez,2022-05-13,Month-to-month,Electronic check,No,Yes,Yes,Yes
C14965,Female,32,Assiut,Upper Egypt,2021-06-24,One year,Credit card,No,No,No,Yes
C14966,Male,38,Luxor,Upper Egypt,2023-04-19,Month-to-month,Bank transfer,No,Yes,No,Yes
C14967,Female,28,Port Said,Suez,2022-12-02,Month-to-month,Mailed check,No,No,Yes,Yes
C14968,Female,57,Port Said,Suez,2022-05-18,Month-to-month,Credit card,No,No,Yes,Yes
C14969,Male,37,Assiut,Upper Egypt,2023-04-11,Month-to-month,Bank transfer,No,Yes,No,No
C14970,Female,62,Aswan,Upper Egypt,2021-07-25,Month-to-month,Electronic check,Yes,No,No,Yes
C14971,Male,63,Aswan,Upper Egypt,2023-02-22,Month-to-month,Electronic check,No,No,Yes,Yes
C14972,Female,40,Cairo,Greater Cairo,2022-07-23,Month-to-month,Electronic check,No,Yes,No,Yes
C14973,Male,27,Tanta,Delta,2022-07-08,One year,Credit card,No,Yes,Yes,Yes
C14974,Male,18,Ismailia,Suez,2020-02-08,One year,Bank transfer,No,No,No,Yes
C14975,Female,21,Assiut,Upper Egypt,2020-03-01,Month-to-month,Bank transfer,No,Yes,Yes,No
C14976,Female,22,Aswan,Upper Egypt,2023-06-07,Two year,Credit card,No,No,No,No
C14977,Male,61,Aswan,Upper Egypt,2022-09-14,Month-to-month,Mailed check,No,No,No,Yes
C14978,Male,43,Tanta,Delta,2023-02-24,Month-to-month,Credit card,Yes,Yes,Yes,Yes
C14979,Female,47,Alexandria,Delta,2021-09-12,One year,Bank transfer,No,Yes,No,Yes
C14980,Female,18,Mansoura,Delta,2023-03-07,Month-to-month,Electronic check,No,No,No,Yes
C14981,Male,25,Mansoura,Delta,2023-02-27,One year,Electronic check,Yes,No,No,Yes
C14982,Male,54,Giza,Greater Cairo,2023-12-05,Month-to-month,Bank transfer,No,No,Yes,Yes
C14983,Male,46,Ismailia,Suez,2023-04-21,Month-to-month,Electronic check,No,No,No,Yes
C14984,Female,39,Luxor,Upper Egypt,2022-12-10,Month-to-month,Mailed check,Yes,Yes,Yes,No
C14985,Male,49,Giza,Greater Cairo,2021-10-09,Month-to-month,Electronic check,No,Yes,No,Yes
C14986,Female,64,Port Said,Suez,2023-11-13,Month-to-month,Credit card,No,No,Yes,Yes
C14987,Male,38,Aswan,Upper Egypt,2022-07-08,Two year,Bank transfer,No,Yes,Yes,Yes
C14988,Female,42,Luxor,Upper Egypt,2023-06-14,Month-to-month,Electronic check,Yes,No,No,No
C14989,Female,44,Luxor,Upper Egypt,2022-02-13,Month-to-month,Credit card,No,Yes,No,Yes
C14990,Female,75,Mansoura,Delta,2020-05-13,Month-to-month,Electronic check,No,No,Yes,Yes
C14991,Female,18,Assiut,Upper Egypt,2020-10-14,Month-to-month,Bank transfer,No,No,No,Yes
C14992,Male,51,Alexandria,Delta,2023-09-11,Two year,Electronic check,No,No,No,Yes
C14993,Male,40,Luxor,Upper Egypt,2021-06-17,Month-to-month,Electronic check,No,Yes,Yes,No
C14994,Male,49,Assiut,Upper Egypt,2021-03-10,Month-to-month,Credit card,No,Yes,No,Yes
C14995,Female,32,Alexandria,Delta,2022-12-27,One year,Mailed check,No,Yes,No,Yes
C14996,Male,41,Tanta,Delta,2022-11-03,Month-to-month,Bank transfer,No,Yes,Yes,Yes
C14997,Female,51,Cairo,Greater Cairo,2022-08-06,One year,Bank transfer,No,No,Yes,Yes
C14998,Male,80,Ismailia,Suez,2021-06-17,Month-to-month,Mailed check,No,No,No,Yes
C14999,Male,53,Alexandria,Delta,2020-05-01,Month-to-month,Electronic check,No,No,Yes,Yes
C15000,Female,30,Suez,Suez,2022-07-19,Month-to-month,Mailed check,No,Yes,Yes,Yes
