sub_id,customer_id,plan_name,internet_service,phone_service,multiple_lines,online_security,tech_support,streaming_tv,device_protection,monthly_charge_egp,total_charge_egp,tenure_months
S10001,C10001,Plus,Fiber,Yes,No,No,Yes,Yes,No,388.66,15402.75,40
S10002,C10002,Basic,DSL,Yes,Yes,Yes,Yes,No,Yes,218.32,9285.82,43
S10003,C10003,Business,Fiber,Yes,No,Yes,Yes,Yes,Yes,822.19,41050.76,50
S10004,C10004,Ultra,Fiber,Yes,Yes,Yes,Yes,No,Yes,619.96,22377.24,36
S10005,C10005,Basic,Fiber,Yes,No,No,No,Yes,No,234.06,4219.21,18
S10006,C10006,Plus,Fiber,Yes,No,Yes,Yes,Yes,No,327.38,14240.71,43
S10007,C10007,Basic,DSL,Yes,Yes,No,No,No,Yes,189.95,7973.27,42
S10008,C10008,Ultra,Fiber,Yes,No,No,Yes,Yes,No,575.35,8502.3,15
S10009,C10009,Plus,DSL,Yes,No,No,No,No,Yes,309.14,13828.74,45
S10010,C10010,Ultra,5G,Yes,No,Yes,No,No,No,662.2,18542.76,28
S10011,C10011,Basic,DSL,Yes,Yes,No,No,No,No,211.36,9146.96,43
S10012,C10012,Basic,Fiber,No,No phone,Yes,Yes,No,No,257.89,8444.03,32
S10013,C10013,Business,Fiber,Yes,No,No,Yes,No,No,792.83,43735.56,55
S10014,C10014,Basic,DSL,Yes,No,No,No,No,Yes,192.48,11413.42,60
S10015,C10015,Plus,DSL,Yes,No,No,Yes,No,Yes,299.68,7558.24,25
S10016,C10016,Plus,Fiber,Yes,Yes,Yes,Yes,Yes,Yes,348.14,13923.84,40
S10017,C10017,Ultra,5G,Yes,Yes,Yes,No,No,Yes,625.33,33200.82,53
S10018,C10018,Business,DSL,Yes,No,No,No,No,No,778.54,30341.35,39
S10019,C10019,Basic,DSL,Yes,Yes,No,Yes,No,No,151.96,8566.51,56
S10020,C10020,Plus,DSL,Yes,Yes,Yes,Yes,Yes,Yes,336.54,18475.79,55
S10021,C10021,Ultra,DSL,Yes,Yes,Yes,Yes,No,Yes,566.17,26017.0,46
S10022,C10022,Business,No Internet,Yes,No,No,Yes,No,No,768.59,10743.87,14
S10023,C10023,Ultra,DSL,No,No phone,No,Yes,No,Yes,580.19,16823.87,29
S10024,C10024,Plus,Fiber,Yes,No,Yes,Yes,Yes,No,350.53,5590.91,16
S10025,C10025,Plus,5G,No,No phone,No,Yes,Yes,No,371.12,12263.03,33
S10026,C10026,Basic,Fiber,Yes,Yes,No,No,Yes,Yes,241.03,7554.9,31
S10027,C10027,Basic,Fiber,Yes,No,Yes,Yes,No,No,276.95,5736.46,21
S10028,C10028,Plus,No Internet,Yes,Yes,Yes,Yes,No,Yes,342.11,8809.32,26
S10029,C10029,Ultra,5G,Yes,No,No,No,No,No,688.12,14449.16,21
S10030,C10030,Plus,DSL,Yes,Yes,No,No,No,No,342.11,14311.53,42
S10031,C10031,Ultra,No Internet,No,No phone,Yes,Yes,No,No,522.36,10858.2,21
S10032,C10032,Plus,5G,Yes,Yes,Yes,Yes,No,No,407.12,10557.45,26
S10033,C10033,Ultra,DSL,Yes,Yes,No,Yes,Yes,No,511.96,21952.93,43
S10034,C10034,Ultra,DSL,Yes,No,No,No,No,No,545.72,7134.49,13
S10035,C10035,Plus,5G,Yes,No,No,Yes,No,Yes,431.95,25949.02,60
S10036,C10036,Plus,Fiber,Yes,Yes,Yes,Yes,Yes,No,374.25,22084.44,59
S10037,C10037,Plus,DSL,Yes,Yes,No,Yes,Yes,Yes,342.03,16721.02,49
S10038,C10038,Plus,5G,Yes,No,Yes,No,Yes,Yes,429.0,23911.66,56
S10039,C10039,Basic,Fiber,Yes,No,Yes,Yes,No,No,272.98,15966.71,58
S10040,C10040,Ultra,5G,No,No phone,Yes,Yes,Yes,Yes,570.44,32009.99,56
S10041,C10041,Plus,5G,Yes,Yes,Yes,No,No,No,399.1,22328.99,56
S10042,C10042,Business,5G,Yes,No,Yes,No,No,Yes,877.23,20121.6,23
S10043,C10043,Ultra,Fiber,Yes,No,Yes,No,No,No,579.64,30153.25,52
S10044,C10044,Basic,No Internet,No,No phone,Yes,No,No,Yes,190.9,10948.81,57
S10045,C10045,Plus,Fiber,Yes,No,Yes,No,No,Yes,391.34,15135.68,39
S10046,C10046,Plus,Fiber,Yes,No,No,No,Yes,No,411.99,21069.81,51
S10047,C10047,Basic,Fiber,Yes,Yes,Yes,Yes,No,Yes,243.52,9451.35,39
S10048,C10048,Basic,Fiber,Yes,No,Yes,No,Yes,No,265.85,7411.2,28
S10049,C10049,Plus,5G,Yes,No,Yes,Yes,Yes,Yes,413.09,18579.11,45
S10050,C10050,Ultra,Fiber,Yes,No,No,Yes,Yes,No,618.67,33434.23,54
S10051,C10051,Plus,Fiber,No,No phone,No,Yes,Yes,No,378.69,6479.18,17
S10052,C10052,Basic,DSL,Yes,Yes,No,Yes,Yes,No,178.27,3742.8,21
S10053,C10053,Ultra,5G,Yes,Yes,Yes,Yes,No,Yes,702.95,18261.97,26
S10054,C10054,Plus,DSL,No,No phone,No,Yes,No,Yes,326.83,12580.4,39
S10055,C10055,Plus,Fiber,Yes,No,No,Yes,No,No,400.4,16479.97,41
S10056,C10056,Basic,5G,Yes,No,No,No,Yes,Yes,277.41,13026.22,47
S10057,C10057,Ultra,Fiber,Yes,Yes,No,No,No,No,551.8,10508.99,19
S10058,C10058,Basic,Fiber,Yes,Yes,No,No,Yes,Yes,229.63,7038.92,31
S10059,C10059,Plus,Fiber,Yes,Yes,Yes,No,No,No,445.04,25708.19,58
S10060,C10060,Plus,DSL,Yes,No,Yes,Yes,Yes,Yes,316.88,5388.22,17
S10061,C10061,Plus,DSL,Yes,No,No,No,Yes,No,328.84,12479.87,38
S10062,C10062,Basic,5G,Yes,No,No,No,No,No,316.01,17224.15,55
S10063,C10063,Ultra,5G,Yes,No,No,No,Yes,No,635.35,26611.26,42
S10064,C10064,Plus,DSL,Yes,No,Yes,Yes,No,Yes,324.11,4858.35,15
S10065,C10065,Plus,Fiber,Yes,No,Yes,No,Yes,Yes,365.22,21400.25,59
S10066,C10066,Plus,5G,Yes,No,Yes,No,No,No,435.74,8252.11,19
S10067,C10067,Basic,Fiber,Yes,Yes,Yes,Yes,Yes,No,283.14,6202.62,22
S10068,C10068,Plus,Fiber,Yes,Yes,No,No,Yes,Yes,383.74,11573.86,30
S10069,C10069,Business,Fiber,Yes,Yes,No,Yes,Yes,No,830.68,22521.15,27
S10070,C10070,Ultra,Fiber,Yes,No,No,No,Yes,No,574.35,16086.79,28
S10071,C10071,Basic,Fiber,Yes,Yes,Yes,Yes,No,No,233.04,6278.06,27
S10072,C10072,Ultra,Fiber,Yes,Yes,Yes,Yes,No,No,589.01,25956.78,44
S10073,C10073,Basic,No Internet,Yes,Yes,Yes,No,No,Yes,187.32,7451.69,40
S10074,C10074,Basic,Fiber,Yes,Yes,No,No,No,Yes,304.62,6398.1,21
S10075,C10075,Ultra,Fiber,Yes,Yes,No,No,No,No,556.78,28630.63,51
S10076,C10076,Plus,No Internet,Yes,Yes,Yes,Yes,Yes,Yes,309.28,5600.31,18
S10077,C10077,Plus,DSL,Yes,Yes,No,No,No,Yes,363.95,14702.61,40
S10078,C10078,Basic,Fiber,Yes,No,No,Yes,No,No,233.6,6286.64,27
S10079,C10079,Plus,No Internet,Yes,Yes,Yes,No,No,No,391.71,10856.06,28
S10080,C10080,Basic,Fiber,No,No phone,Yes,No,Yes,Yes,264.5,11969.53,45
S10081,C10081,Ultra,5G,Yes,Yes,Yes,Yes,Yes,No,588.94,11838.87,20
S10082,C10082,Business,Fiber,Yes,No,No,Yes,Yes,Yes,854.3,46985.44,55
S10083,C10083,Business,No Internet,Yes,Yes,Yes,Yes,No,Yes,731.03,41003.23,56
S10084,C10084,Business,DSL,Yes,No,No,No,Yes,Yes,725.86,14474.11,20
S10085,C10085,Plus,DSL,Yes,Yes,Yes,No,Yes,Yes,302.93,16595.74,55
S10086,C10086,Plus,DSL,Yes,No,Yes,No,Yes,No,309.69,9541.29,31
S10087,C10087,Plus,5G,Yes,Yes,No,Yes,No,No,480.56,19322.6,40
S10088,C10088,Plus,Fiber,Yes,Yes,Yes,Yes,No,No,386.81,8930.03,23
S10089,C10089,Ultra,Fiber,Yes,Yes,Yes,No,No,Yes,579.53,19791.39,34
S10090,C10090,Plus,5G,Yes,No,Yes,Yes,No,No,376.6,12109.13,32
S10091,C10091,Business,Fiber,Yes,Yes,Yes,No,Yes,No,874.7,52386.02,60
S10092,C10092,Ultra,Fiber,Yes,No,Yes,No,No,No,569.75,17724.92,31
S10093,C10093,Plus,DSL,Yes,No,Yes,No,No,No,288.43,15801.58,55
S10094,C10094,Business,DSL,Yes,Yes,No,Yes,No,No,733.97,33081.37,45
S10095,C10095,Ultra,Fiber,Yes,No,No,Yes,Yes,Yes,614.99,8739.36,14
S10096,C10096,Plus,Fiber,Yes,No,No,Yes,No,Yes,369.58,7500.67,20
S10097,C10097,Business,5G,Yes,Yes,No,No,Yes,Yes,862.76,34636.3,40
S10098,C10098,Plus,Fiber,Yes,No,No,No,Yes,Yes,342.6,12945.34,38
S10099,C10099,Plus,No Internet,Yes,No,No,Yes,No,No,335.77,12094.09,36
S10100,C10100,Ultra,5G,Yes,No,Yes,Yes,Yes,No,647.41,37572.08,58
S10101,C10101,Ultra,DSL,Yes,No,No,Yes,Yes,Yes,532.18,26677.63,50
S10102,C10102,Business,Fiber,Yes,Yes,No,No,Yes,No,803.57,44282.92,55
S10103,C10103,Ultra,5G,Yes,No,No,No,Yes,No,588.71,33495.75,57
S10104,C10104,Plus,Fiber,Yes,Yes,Yes,Yes,No,No,373.19,5696.55,15
S10105,C10105,Basic,Fiber,Yes,Yes,Yes,Yes,No,Yes,264.71,8947.6,34
S10106,C10106,Basic,Fiber,Yes,Yes,Yes,No,Yes,Yes,222.25,2871.61,13
S10107,C10107,Ultra,DSL,Yes,No,No,No,Yes,Yes,533.51,21358.26,40
S10108,C10108,Business,5G,No,No phone,Yes,No,No,No,887.1,36387.92,41
S10109,C10109,Business,Fiber,Yes,Yes,No,No,No,No,809.77,32349.38,40
S10110,C10110,Business,Fiber,Yes,No,No,No,No,Yes,821.89,21229.39,26
S10111,C10111,Ultra,Fiber,No,No phone,No,Yes,Yes,Yes,573.63,24112.95,42
S10112,C10112,Basic,DSL,Yes,No,No,No,Yes,Yes,180.71,5742.88,32
S10113,C10113,Basic,Fiber,Yes,No,No,No,No,Yes,219.96,10970.23,50
S10114,C10114,Basic,DSL,Yes,No,Yes,No,No,Yes,153.65,5872.93,38
S10115,C10115,Ultra,Fiber,Yes,No,Yes,Yes,Yes,No,585.97,17552.74,30
S10116,C10116,Plus,DSL,Yes,No,No,No,No,Yes,333.13,5487.11,17
S10117,C10117,Basic,Fiber,Yes,Yes,Yes,Yes,No,Yes,240.85,8719.7,36
S10118,C10118,Plus,Fiber,Yes,No,Yes,Yes,Yes,Yes,384.19,16997.34,44
S10119,C10119,Ultra,Fiber,Yes,No,No,Yes,No,Yes,622.37,10449.73,17
S10120,C10120,Ultra,Fiber,No,No phone,No,Yes,No,Yes,534.82,27788.65,52
S10121,C10121,Business,DSL,Yes,No,No,No,Yes,No,772.85,22417.6,29
S10122,C10122,Ultra,Fiber,No,No phone,Yes,No,Yes,No,595.24,11785.0,20
S10123,C10123,Plus,DSL,No,No phone,No,No,No,No,332.41,19905.49,60
S10124,C10124,Business,Fiber,Yes,No,Yes,Yes,No,No,798.94,47846.35,60
S10125,C10125,Basic,DSL,Yes,Yes,Yes,No,Yes,Yes,178.3,5383.53,30
S10126,C10126,Basic,Fiber,Yes,No,No,Yes,Yes,No,304.3,17469.45,58
S10127,C10127,Business,Fiber,Yes,No,No,No,No,Yes,796.07,22243.05,28
S10128,C10128,Plus,Fiber,Yes,Yes,No,Yes,No,Yes,377.28,18621.48,49
S10129,C10129,Basic,Fiber,Yes,No,No,Yes,Yes,Yes,240.58,6603.74,27
S10130,C10130,Ultra,No Internet,Yes,Yes,Yes,Yes,No,Yes,486.73,16374.58,34
S10131,C10131,Business,DSL,Yes,No,Yes,Yes,No,Yes,754.04,36202.15,48
S10132,C10132,Ultra,Fiber,Yes,No,Yes,No,Yes,No,564.72,12488.09,22
S10133,C10133,Basic,Fiber,Yes,Yes,Yes,No,No,Yes,258.33,14315.06,56
S10134,C10134,Basic,5G,Yes,No,Yes,No,No,Yes,240.31,8619.37,36
S10135,C10135,Ultra,DSL,Yes,No,Yes,Yes,No,Yes,522.28,8288.36,16
S10136,C10136,Basic,Fiber,Yes,No,Yes,No,Yes,Yes,201.71,4327.93,21
S10137,C10137,Plus,DSL,Yes,Yes,No,Yes,No,Yes,367.96,11364.64,31
S10138,C10138,Plus,Fiber,Yes,No,Yes,No,No,No,380.9,6545.39,17
S10139,C10139,Basic,DSL,No,No phone,Yes,Yes,No,No,196.11,8598.24,44
S10140,C10140,Ultra,DSL,Yes,Yes,No,No,Yes,Yes,525.74,21986.75,42
S10141,C10141,Ultra,5G,No,No phone,Yes,Yes,Yes,No,600.24,22883.2,38
S10142,C10142,Plus,Fiber,Yes,No,No,Yes,Yes,No,375.56,8314.79,22
S10143,C10143,Basic,Fiber,Yes,No,Yes,Yes,No,No,259.5,5647.3,22
S10144,C10144,Business,Fiber,Yes,Yes,Yes,No,Yes,No,812.85,12143.37,15
S10145,C10145,Basic,5G,Yes,Yes,Yes,No,No,No,281.37,15249.01,54
S10146,C10146,Ultra,DSL,Yes,Yes,Yes,No,Yes,No,538.57,13020.4,24
S10147,C10147,Plus,DSL,Yes,Yes,No,No,No,No,318.5,15239.84,48
S10148,C10148,Basic,Fiber,Yes,No,No,No,No,No,218.73,4550.05,21
S10149,C10149,Plus,5G,Yes,Yes,No,No,No,No,424.45,7532.12,18
S10150,C10150,Ultra,5G,Yes,Yes,Yes,Yes,No,Yes,618.0,22753.44,37
S10151,C10151,Basic,DSL,Yes,Yes,Yes,Yes,Yes,No,182.77,3791.77,20
S10152,C10152,Ultra,Fiber,Yes,Yes,No,Yes,No,Yes,624.4,32580.76,52
S10153,C10153,Ultra,5G,Yes,No,Yes,Yes,Yes,No,603.06,20421.14,34
S10154,C10154,Basic,5G,Yes,No,Yes,No,Yes,Yes,289.09,4100.03,14
S10155,C10155,Plus,No Internet,Yes,Yes,No,Yes,Yes,No,301.3,11894.61,40
S10156,C10156,Basic,DSL,Yes,Yes,Yes,Yes,Yes,Yes,187.34,2642.71,14
S10157,C10157,Basic,Fiber,Yes,Yes,No,Yes,No,Yes,263.12,10119.8,38
S10158,C10158,Plus,5G,Yes,Yes,No,Yes,Yes,No,420.67,23096.83,55
S10159,C10159,Business,DSL,No,No phone,No,Yes,No,No,810.92,27556.62,34
S10160,C10160,Plus,Fiber,Yes,Yes,No,No,No,Yes,367.94,16277.28,44
S10161,C10161,Plus,5G,Yes,Yes,Yes,No,Yes,Yes,441.27,21628.85,49
S10162,C10162,Plus,5G,Yes,Yes,Yes,No,Yes,Yes,350.39,16177.55,46
S10163,C10163,Ultra,Fiber,Yes,Yes,No,Yes,No,Yes,590.71,14710.83,25
S10164,C10164,Plus,Fiber,Yes,No,No,No,Yes,Yes,369.72,19676.89,53
S10165,C10165,Ultra,DSL,Yes,Yes,No,No,Yes,Yes,592.07,20164.85,34
S10166,C10166,Basic,No Internet,No,No phone,Yes,Yes,Yes,Yes,196.79,9393.79,48
S10167,C10167,Plus,No Internet,Yes,Yes,Yes,No,Yes,No,379.99,20955.7,55
S10168,C10168,Basic,Fiber,Yes,No,Yes,Yes,No,No,264.14,13624.72,52
S10169,C10169,Basic,Fiber,No,No phone,Yes,Yes,No,No,281.04,6379.82,23
S10170,C10170,Plus,Fiber,Yes,Yes,Yes,No,Yes,No,394.32,6692.1,17
S10171,C10171,Plus,DSL,No,No phone,Yes,Yes,No,No,358.21,10080.89,28
S10172,C10172,Basic,No Internet,No,No phone,Yes,Yes,No,No,209.89,3236.72,16
S10173,C10173,Ultra,DSL,Yes,Yes,No,Yes,Yes,No,535.66,26148.18,49
S10174,C10174,Plus,Fiber,Yes,Yes,Yes,No,No,Yes,381.35,9862.18,26
S10175,C10175,Basic,5G,Yes,Yes,Yes,No,Yes,No,274.64,7896.05,29
S10176,C10176,Business,DSL,Yes,No,No,No,No,No,777.97,38899.54,50
S10177,C10177,Plus,Fiber,Yes,Yes,No,Yes,No,No,397.25,5267.61,13
S10178,C10178,Ultra,DSL,Yes,No,Yes,Yes,No,Yes,572.89,22359.55,39
S10179,C10179,Ultra,Fiber,Yes,No,No,Yes,Yes,Yes,662.52,8528.31,13
S10180,C10180,Business,5G,Yes,No,Yes,No,Yes,Yes,809.19,11404.86,14
S10181,C10181,Plus,Fiber,Yes,Yes,No,Yes,No,No,441.75,23952.42,54
S10182,C10182,Basic,DSL,Yes,No,Yes,No,No,Yes,190.87,6355.89,34
S10183,C10183,Business,DSL,Yes,No,Yes,Yes,No,Yes,781.72,42955.24,55
S10184,C10184,Basic,DSL,No,No phone,Yes,No,Yes,No,175.68,3546.13,20
S10185,C10185,Basic,5G,Yes,Yes,Yes,Yes,No,No,285.97,8288.04,29
S10186,C10186,Plus,Fiber,Yes,No,Yes,Yes,Yes,Yes,381.89,18032.74,47
S10187,C10187,Business,DSL,Yes,No,No,No,No,No,769.38,33769.08,44
S10188,C10188,Plus,DSL,Yes,No,No,No,Yes,No,324.39,17576.82,54
S10189,C10189,Plus,5G,Yes,Yes,No,Yes,Yes,Yes,427.25,16322.52,38
S10190,C10190,Ultra,DSL,Yes,No,Yes,No,No,No,546.83,16871.87,31
S10191,C10191,Business,DSL,Yes,No,No,Yes,Yes,No,756.67,33265.95,44
S10192,C10192,Basic,DSL,Yes,Yes,No,Yes,Yes,Yes,175.5,2826.91,17
S10193,C10193,Ultra,5G,Yes,Yes,Yes,No,Yes,Yes,614.83,34322.63,56
S10194,C10194,Ultra,Fiber,Yes,No,Yes,Yes,Yes,Yes,647.51,11089.51,17
S10195,C10195,Plus,Fiber,Yes,Yes,Yes,Yes,No,No,409.78,13206.36,32
S10196,C10196,Ultra,DSL,Yes,No,No,Yes,No,No,503.89,18424.8,37
S10197,C10197,Basic,Fiber,No,No phone,No,Yes,No,Yes,298.51,13388.7,45
S10198,C10198,Basic,DSL,No,No phone,No,No,Yes,No,181.15,5646.26,31
S10199,C10199,Basic,5G,No,No phone,No,Yes,Yes,Yes,246.43,6686.37,27
S10200,C10200,Plus,DSL,Yes,Yes,No,Yes,Yes,Yes,342.83,6893.32,20
S10201,C10201,Business,Fiber,Yes,No,Yes,No,Yes,No,807.41,40353.39,50
S10202,C10202,Plus,DSL,Yes,Yes,No,No,Yes,No,350.47,8428.93,24
S10203,C10203,Business,5G,Yes,No,No,Yes,Yes,Yes,830.54,27479.71,33
S10204,C10204,Plus,Fiber,Yes,Yes,Yes,No,Yes,No,416.49,23881.25,57
S10205,C10205,Ultra,Fiber,No,No phone,No,Yes,No,Yes,602.33,12005.72,20
S10206,C10206,Plus,Fiber,Yes,No,Yes,No,Yes,Yes,395.79,7098.14,18
S10207,C10207,Plus,DSL,Yes,Yes,Yes,Yes,No,Yes,336.15,9386.57,28
S10208,C10208,Basic,Fiber,Yes,Yes,Yes,No,Yes,Yes,216.5,3285.63,15
S10209,C10209,Ultra,5G,Yes,No,No,Yes,No,No,627.56,37679.82,60
S10210,C10210,Plus,5G,Yes,Yes,No,No,Yes,Yes,389.73,22243.96,57
S10211,C10211,Plus,DSL,Yes,Yes,No,No,No,No,361.62,8329.37,23
S10212,C10212,Plus,5G,Yes,Yes,Yes,Yes,No,Yes,410.44,9086.24,22
S10213,C10213,Ultra,DSL,Yes,No,No,No,Yes,No,514.8,15416.82,30
S10214,C10214,Plus,Fiber,Yes,Yes,Yes,No,Yes,Yes,399.66,14742.66,37
S10215,C10215,Plus,DSL,Yes,Yes,Yes,Yes,No,No,353.98,13512.08,38
S10216,C10216,Plus,DSL,Yes,Yes,No,No,Yes,No,304.81,16585.19,54
S10217,C10217,Plus,DSL,Yes,Yes,No,Yes,Yes,No,343.47,5481.43,16
S10218,C10218,Plus,5G,Yes,No,No,Yes,Yes,Yes,426.73,6917.94,16
S10219,C10219,Plus,DSL,Yes,Yes,Yes,No,No,No,299.86,16872.98,56
S10220,C10220,Basic,Fiber,Yes,No,Yes,Yes,Yes,No,274.46,12845.9,47
S10221,C10221,Basic,Fiber,Yes,No,No,Yes,No,No,236.94,9478.19,40
S10222,C10222,Basic,Fiber,Yes,No,Yes,Yes,Yes,Yes,227.81,10364.36,46
S10223,C10223,Plus,Fiber,Yes,Yes,No,No,No,No,397.91,7421.87,19
S10224,C10224,Basic,DSL,Yes,No,Yes,Yes,No,Yes,262.44,13650.56,52
S10225,C10225,Plus,Fiber,Yes,Yes,Yes,No,No,Yes,450.61,17017.66,38
S10226,C10226,Plus,5G,Yes,No,Yes,No,No,No,434.49,17052.72,39
S10227,C10227,Plus,DSL,Yes,Yes,No,No,No,Yes,327.53,6146.98,19
S10228,C10228,Business,5G,Yes,No,No,Yes,Yes,No,814.83,11411.45,14
S10229,C10229,Basic,Fiber,Yes,Yes,Yes,No,No,No,222.65,4776.06,21
S10230,C10230,Plus,Fiber,Yes,Yes,No,Yes,Yes,No,368.3,4774.44,13
S10231,C10231,Basic,DSL,Yes,Yes,No,No,No,No,156.34,3466.01,22
S10232,C10232,Plus,Fiber,Yes,No,Yes,No,Yes,No,422.78,18221.46,43
S10233,C10233,Basic,Fiber,No,No phone,No,No,Yes,Yes,241.37,13749.69,57
S10234,C10234,Plus,Fiber,Yes,No,Yes,Yes,Yes,No,399.36,13960.23,35
S10235,C10235,Plus,5G,Yes,Yes,Yes,Yes,Yes,Yes,394.9,20112.44,51
S10236,C10236,Basic,DSL,Yes,Yes,Yes,No,No,No,204.34,6358.44,31
S10237,C10237,Ultra,Fiber,Yes,Yes,No,No,Yes,Yes,647.47,9071.54,14
S10238,C10238,Plus,Fiber,Yes,Yes,No,Yes,No,No,421.42,23631.36,56
S10239,C10239,Ultra,Fiber,Yes,Yes,Yes,No,No,Yes,569.36,26226.6,46
S10240,C10240,Plus,DSL,Yes,Yes,Yes,No,Yes,Yes,333.9,6191.7,19
S10241,C10241,Plus,Fiber,Yes,No,No,Yes,Yes,No,423.05,8822.68,21
S10242,C10242,Plus,Fiber,Yes,No,Yes,Yes,No,No,388.8,4957.22,13
S10243,C10243,Plus,5G,No,No phone,Yes,Yes,Yes,No,424.24,10192.63,24
S10244,C10244,Plus,Fiber,Yes,No,No,No,Yes,Yes,376.38,8283.8,22
S10245,C10245,Ultra,5G,Yes,No,Yes,Yes,No,No,605.24,15085.07,25
S10246,C10246,Plus,5G,Yes,No,No,No,Yes,Yes,424.48,19214.56,45
S10247,C10247,Plus,DSL,Yes,Yes,Yes,Yes,No,Yes,322.47,8411.29,26
S10248,C10248,Plus,Fiber,Yes,Yes,Yes,No,No,Yes,380.51,10156.52,27
S10249,C10249,Basic,5G,No,No phone,Yes,Yes,No,No,299.17,12833.6,43
S10250,C10250,Plus,DSL,Yes,No,Yes,Yes,Yes,No,339.55,16899.39,50
S10251,C10251,Business,Fiber,Yes,No,Yes,No,Yes,No,779.17,21148.87,27
S10252,C10252,Ultra,Fiber,Yes,Yes,No,No,Yes,No,575.11,11993.93,21
S10253,C10253,Ultra,Fiber,Yes,Yes,No,Yes,Yes,No,591.71,10609.29,18
S10254,C10254,Plus,No Internet,Yes,Yes,Yes,No,No,No,340.74,9582.05,28
S10255,C10255,Business,DSL,Yes,No,Yes,Yes,Yes,Yes,714.88,17165.7,24
S10256,C10256,Plus,No Internet,Yes,Yes,No,Yes,Yes,No,335.66,15433.97,46
S10257,C10257,Ultra,Fiber,Yes,Yes,Yes,No,Yes,Yes,559.42,12458.31,22
S10258,C10258,Business,DSL,No,No phone,No,Yes,Yes,Yes,787.44,17256.79,22
S10259,C10259,Plus,Fiber,Yes,No,Yes,Yes,Yes,No,347.43,18797.39,54
S10260,C10260,Plus,DSL,Yes,No,Yes,No,Yes,No,320.73,12885.04,40
S10261,C10261,Ultra,Fiber,Yes,Yes,Yes,Yes,No,Yes,562.89,17486.18,31
S10262,C10262,Ultra,5G,Yes,No,No,No,No,No,626.55,35760.64,57
S10263,C10263,Basic,5G,Yes,No,No,No,Yes,Yes,318.56,5594.3,18
S10264,C10264,Plus,Fiber,Yes,No,Yes,No,Yes,No,359.36,15611.31,44
S10265,C10265,Plus,DSL,Yes,Yes,No,Yes,Yes,No,343.49,18869.16,55
S10266,C10266,Plus,5G,Yes,Yes,No,Yes,No,No,487.46,28739.49,59
S10267,C10267,Plus,DSL,Yes,No,No,No,No,Yes,303.77,7010.33,23
S10268,C10268,Basic,Fiber,Yes,No,Yes,Yes,No,No,249.74,14630.43,58
S10269,C10269,Ultra,Fiber,Yes,Yes,Yes,Yes,No,No,603.42,25762.72,43
S10270,C10270,Ultra,5G,Yes,No,No,Yes,No,Yes,697.58,24396.85,35
S10271,C10271,Plus,No Internet,Yes,No,No,No,No,Yes,376.05,13179.27,35
S10272,C10272,Basic,Fiber,No,No phone,Yes,No,No,Yes,179.12,6682.17,37
S10273,C10273,Business,Fiber,Yes,Yes,Yes,Yes,No,No,814.4,9672.81,12
S10274,C10274,Ultra,Fiber,Yes,No,Yes,Yes,No,No,580.84,30225.17,52
S10275,C10275,Plus,DSL,Yes,No,No,No,Yes,Yes,369.92,16228.73,44
S10276,C10276,Ultra,Fiber,No,No phone,Yes,No,No,No,577.27,23093.55,40
S10277,C10277,Plus,Fiber,Yes,Yes,Yes,Yes,No,No,414.05,13644.73,33
S10278,C10278,Basic,DSL,Yes,No,No,Yes,Yes,Yes,152.42,3571.3,23
S10279,C10279,Business,5G,Yes,Yes,No,Yes,No,Yes,829.5,13119.63,16
S10280,C10280,Plus,Fiber,Yes,No,Yes,No,Yes,No,349.31,9384.07,27
S10281,C10281,Ultra,Fiber,Yes,Yes,Yes,No,Yes,No,550.09,10882.32,20
S10282,C10282,Basic,5G,Yes,No,Yes,Yes,No,Yes,308.02,14433.33,47
S10283,C10283,Basic,Fiber,Yes,Yes,No,No,Yes,No,235.14,3923.66,17
S10284,C10284,Business,DSL,Yes,No,No,Yes,Yes,No,756.08,36254.22,48
S10285,C10285,Plus,Fiber,Yes,Yes,No,No,Yes,No,355.54,11622.29,33
S10286,C10286,Basic,5G,Yes,No,Yes,Yes,No,Yes,234.41,3943.52,17
S10287,C10287,Basic,DSL,Yes,Yes,Yes,Yes,No,No,184.21,6915.24,37
S10288,C10288,Plus,5G,Yes,Yes,No,No,No,No,421.63,22624.51,54
S10289,C10289,Business,Fiber,No,No phone,Yes,Yes,Yes,No,815.0,34992.43,43
S10290,C10290,Plus,No Internet,Yes,Yes,No,No,No,No,323.66,14857.44,46
S10291,C10291,Plus,No Internet,Yes,No,No,Yes,No,No,325.21,12061.6,37
S10292,C10292,Plus,DSL,Yes,No,Yes,Yes,No,Yes,351.78,8364.32,24
S10293,C10293,Plus,DSL,No,No phone,Yes,No,Yes,Yes,349.52,12866.85,37
S10294,C10294,Ultra,DSL,Yes,Yes,No,No,Yes,Yes,479.91,25066.72,52
S10295,C10295,Plus,Fiber,No,No phone,Yes,Yes,Yes,No,342.49,5704.03,17
S10296,C10296,Basic,DSL,Yes,Yes,No,Yes,No,No,161.57,8658.05,54
S10297,C10297,Plus,Fiber,Yes,Yes,Yes,Yes,Yes,No,371.23,15573.44,42
S10298,C10298,Business,Fiber,Yes,Yes,Yes,No,No,Yes,795.02,17368.82,22
S10299,C10299,Plus,No Internet,Yes,No,Yes,Yes,Yes,Yes,345.17,14371.45,42
S10300,C10300,Basic,DSL,No,No phone,No,No,No,Yes,200.94,7120.24,35
S10301,C10301,Basic,Fiber,Yes,No,No,Yes,Yes,Yes,176.94,4411.34,25
S10302,C10302,Ultra,Fiber,Yes,Yes,No,Yes,Yes,Yes,557.66,30640.26,55
S10303,C10303,Basic,DSL,No,No phone,No,No,No,No,107.51,3359.01,30
S10304,C10304,Ultra,5G,Yes,No,Yes,No,No,Yes,622.64,16181.7,26
S10305,C10305,Plus,5G,Yes,No,No,Yes,Yes,No,420.15,22249.16,53
S10306,C10306,Business,DSL,Yes,No,No,Yes,Yes,Yes,789.95,29868.22,38
S10307,C10307,Plus,5G,Yes,Yes,No,Yes,Yes,Yes,382.52,13105.86,34
S10308,C10308,Basic,5G,Yes,No,Yes,No,Yes,No,306.1,8577.36,28
S10309,C10309,Plus,Fiber,Yes,Yes,Yes,No,Yes,Yes,358.48,10449.71,29
S10310,C10310,Basic,No Internet,Yes,Yes,Yes,Yes,Yes,No,229.52,11737.78,51
S10311,C10311,Business,5G,No,No phone,No,No,No,No,840.1,11769.63,14
S10312,C10312,Business,DSL,Yes,Yes,No,Yes,Yes,Yes,791.84,39627.34,50
S10313,C10313,Basic,No Internet,Yes,No,No,No,Yes,Yes,160.48,7321.17,45
S10314,C10314,Ultra,5G,Yes,No,Yes,Yes,No,Yes,576.98,16217.15,28
S10315,C10315,Business,Fiber,Yes,Yes,Yes,Yes,No,No,771.39,20095.57,26
S10316,C10316,Plus,Fiber,Yes,Yes,Yes,No,Yes,No,384.97,8947.58,23
S10317,C10317,Ultra,No Internet,Yes,Yes,Yes,Yes,No,No,502.63,19613.5,39
S10318,C10318,Basic,Fiber,Yes,Yes,Yes,No,No,Yes,242.09,2969.85,12
S10319,C10319,Ultra,DSL,Yes,Yes,Yes,No,Yes,Yes,541.45,25438.3,47
S10320,C10320,Ultra,Fiber,No,No phone,Yes,No,Yes,No,588.86,26074.15,44
S10321,C10321,Basic,Fiber,Yes,Yes,No,No,Yes,Yes,292.63,16975.33,58
S10322,C10322,Basic,5G,Yes,Yes,No,Yes,No,Yes,304.2,11873.87,39
S10323,C10323,Ultra,No Internet,Yes,No,Yes,Yes,No,No,550.6,12140.24,22
S10324,C10324,Ultra,No Internet,Yes,Yes,No,No,Yes,No,564.39,27090.78,48
S10325,C10325,Plus,Fiber,Yes,No,No,Yes,No,Yes,346.16,20805.36,60
S10326,C10326,Basic,Fiber,No,No phone,No,No,Yes,Yes,301.33,4268.47,14
S10327,C10327,Business,Fiber,Yes,Yes,Yes,Yes,Yes,No,822.16,21296.28,26
S10328,C10328,Ultra,Fiber,Yes,Yes,No,Yes,Yes,No,649.78,26672.41,41
S10329,C10329,Ultra,5G,Yes,Yes,No,Yes,No,Yes,615.77,12251.63,20
S10330,C10330,Plus,DSL,Yes,Yes,No,No,No,Yes,330.87,14526.76,44
S10331,C10331,Plus,5G,Yes,Yes,No,Yes,Yes,No,437.66,17426.54,40
S10332,C10332,Plus,5G,Yes,No,No,No,No,Yes,451.59,18528.91,41
S10333,C10333,Ultra,Fiber,Yes,Yes,Yes,No,Yes,No,569.56,31363.24,55
S10334,C10334,Ultra,DSL,Yes,No,Yes,Yes,Yes,Yes,512.15,19411.23,38
S10335,C10335,Ultra,5G,Yes,Yes,Yes,Yes,No,No,616.3,27716.37,45
S10336,C10336,Basic,Fiber,Yes,Yes,Yes,No,Yes,Yes,231.97,12167.56,53
S10337,C10337,Business,Fiber,Yes,Yes,No,No,Yes,No,789.07,40237.87,51
S10338,C10338,Basic,5G,Yes,No,No,Yes,Yes,No,274.99,14936.99,54
S10339,C10339,Basic,5G,Yes,Yes,Yes,Yes,No,Yes,248.47,8373.79,33
S10340,C10340,Plus,DSL,Yes,Yes,Yes,Yes,No,Yes,336.32,19919.99,59
S10341,C10341,Basic,5G,Yes,No,No,Yes,No,Yes,299.98,6198.97,20
S10342,C10342,Basic,Fiber,No,No phone,No,Yes,Yes,Yes,232.06,12308.51,53
S10343,C10343,Basic,DSL,Yes,Yes,Yes,No,No,No,162.34,5524.66,35
S10344,C10344,Plus,Fiber,No,No phone,No,Yes,Yes,Yes,339.15,9801.36,29
S10345,C10345,Plus,Fiber,No,No phone,Yes,No,No,Yes,377.73,20283.27,54
S10346,C10346,Basic,Fiber,Yes,Yes,Yes,Yes,No,No,261.56,5880.28,23
S10347,C10347,Ultra,Fiber,Yes,Yes,Yes,No,No,Yes,620.43,13105.36,21
S10348,C10348,Plus,5G,Yes,No,Yes,Yes,No,Yes,485.05,26649.26,55
S10349,C10349,Plus,Fiber,Yes,Yes,Yes,Yes,No,Yes,389.59,18700.48,48
S10350,C10350,Plus,No Internet,Yes,Yes,No,Yes,No,No,306.37,7284.0,24
S10351,C10351,Business,Fiber,Yes,Yes,No,No,No,Yes,855.5,49589.95,58
S10352,C10352,Plus,Fiber,Yes,No,Yes,No,No,Yes,388.53,14884.16,38
S10353,C10353,Plus,DSL,Yes,Yes,Yes,No,Yes,No,345.64,8506.72,24
S10354,C10354,Ultra,Fiber,Yes,Yes,Yes,Yes,Yes,Yes,581.23,29119.3,50
S10355,C10355,Plus,Fiber,Yes,Yes,No,No,Yes,Yes,439.7,6170.21,14
S10356,C10356,Ultra,DSL,Yes,No,No,Yes,Yes,Yes,519.11,10989.09,21
S10357,C10357,Basic,No Internet,No,No phone,Yes,No,Yes,Yes,187.57,4360.23,23
S10358,C10358,Basic,5G,Yes,Yes,Yes,Yes,Yes,Yes,274.62,3880.9,14
S10359,C10359,Basic,DSL,Yes,No,Yes,Yes,No,Yes,180.73,2608.68,15
S10360,C10360,Plus,Fiber,Yes,Yes,No,No,Yes,Yes,366.59,11104.63,30
S10361,C10361,Business,No Internet,Yes,Yes,No,Yes,No,No,778.01,24216.01,31
S10362,C10362,Plus,No Internet,Yes,No,Yes,No,No,No,317.62,15219.12,48
S10363,C10363,Plus,Fiber,Yes,No,Yes,No,No,No,361.3,20615.24,57
S10364,C10364,Plus,Fiber,Yes,No,No,Yes,Yes,No,418.63,19683.09,47
S10365,C10365,Plus,No Internet,Yes,Yes,No,No,No,Yes,298.22,9847.03,33
S10366,C10366,Ultra,5G,Yes,Yes,Yes,Yes,Yes,Yes,581.42,11053.98,19
S10367,C10367,Business,5G,Yes,Yes,No,Yes,Yes,No,822.05,32012.92,39
S10368,C10368,Business,5G,Yes,Yes,Yes,Yes,No,Yes,811.66,28436.09,35
S10369,C10369,Basic,Fiber,No,No phone,Yes,No,No,No,286.57,5918.43,20
S10370,C10370,Basic,Fiber,No,No phone,No,Yes,No,Yes,253.36,10836.34,43
S10371,C10371,Basic,No Internet,No,No phone,No,Yes,Yes,Yes,168.37,6941.62,41
S10372,C10372,Plus,Fiber,Yes,Yes,Yes,Yes,No,Yes,374.83,17534.53,47
S10373,C10373,Plus,Fiber,No,No phone,No,Yes,Yes,No,379.08,7246.68,19
S10374,C10374,Basic,DSL,No,No phone,No,No,No,No,177.14,6566.0,37
S10375,C10375,Ultra,5G,Yes,No,No,No,No,Yes,615.26,12427.63,20
S10376,C10376,Plus,DSL,Yes,No,Yes,Yes,No,No,369.3,15261.15,41
S10377,C10377,Plus,DSL,Yes,No,No,No,Yes,No,283.62,4845.7,17
S10378,C10378,Basic,DSL,Yes,Yes,No,No,No,Yes,246.72,8391.26,34
S10379,C10379,Basic,Fiber,Yes,No,Yes,Yes,Yes,No,231.32,11421.87,49
S10380,C10380,Basic,DSL,Yes,No,Yes,No,No,No,201.1,5908.36,29
S10381,C10381,Basic,Fiber,No,No phone,No,No,Yes,No,238.85,9074.97,38
S10382,C10382,Business,Fiber,Yes,Yes,Yes,No,No,No,844.77,37152.27,44
S10383,C10383,Plus,Fiber,Yes,No,No,No,No,No,370.71,12115.22,33
S10384,C10384,Plus,Fiber,Yes,No,Yes,No,No,Yes,427.3,8475.3,20
S10385,C10385,Ultra,Fiber,Yes,Yes,Yes,Yes,Yes,No,558.23,26294.78,47
S10386,C10386,Basic,5G,Yes,Yes,No,Yes,No,Yes,286.04,9365.88,33
S10387,C10387,Basic,DSL,Yes,No,No,No,Yes,No,160.88,9503.39,59
S10388,C10388,Basic,Fiber,No,No phone,Yes,No,Yes,No,228.72,9941.08,44
S10389,C10389,Plus,Fiber,Yes,No,Yes,No,No,Yes,364.71,6655.66,18
S10390,C10390,Ultra,5G,Yes,No,Yes,Yes,Yes,Yes,605.95,22455.22,37
S10391,C10391,Basic,DSL,Yes,No,No,No,Yes,No,203.31,3629.06,18
S10392,C10392,Basic,Fiber,Yes,Yes,No,No,No,Yes,268.44,8032.14,30
S10393,C10393,Plus,Fiber,Yes,Yes,No,Yes,Yes,Yes,349.75,8171.56,23
S10394,C10394,Business,No Internet,Yes,No,No,Yes,Yes,Yes,794.1,42856.96,54
S10395,C10395,Plus,DSL,Yes,Yes,No,No,Yes,No,368.82,15485.55,42
S10396,C10396,Business,Fiber,Yes,No,Yes,Yes,No,No,840.42,42954.79,51
S10397,C10397,Plus,DSL,Yes,Yes,Yes,Yes,Yes,No,351.96,12053.28,34
S10398,C10398,Plus,5G,Yes,No,Yes,Yes,Yes,Yes,393.16,7939.8,20
S10399,C10399,Ultra,DSL,No,No phone,No,No,Yes,No,536.26,6856.91,13
S10400,C10400,Plus,5G,Yes,No,Yes,No,No,No,422.53,7154.35,17
S10401,C10401,Basic,No Internet,Yes,Yes,No,Yes,Yes,Yes,152.57,5370.73,34
S10402,C10402,Plus,DSL,Yes,Yes,Yes,No,No,Yes,290.95,4781.77,16
S10403,C10403,Basic,Fiber,Yes,No,Yes,No,No,No,263.23,10260.91,39
S10404,C10404,Basic,5G,Yes,No,No,No,No,Yes,314.6,14481.67,46
S10405,C10405,Business,5G,Yes,Yes,Yes,Yes,Yes,Yes,807.39,45949.74,57
S10406,C10406,Ultra,DSL,No,No phone,Yes,Yes,Yes,No,540.31,8008.92,15
S10407,C10407,Business,DSL,Yes,No,No,Yes,No,No,804.25,27440.44,34
S10408,C10408,Ultra,5G,Yes,Yes,Yes,No,No,No,627.82,15218.07,24
S10409,C10409,Plus,Fiber,Yes,Yes,Yes,No,Yes,No,371.8,17360.52,47
S10410,C10410,Ultra,Fiber,Yes,Yes,No,Yes,Yes,No,600.73,34791.81,58
S10411,C10411,Basic,DSL,No,No phone,No,Yes,No,Yes,170.91,9214.42,54
S10412,C10412,Basic,Fiber,Yes,Yes,No,No,No,No,234.46,11566.09,49
S10413,C10413,Basic,5G,Yes,No,Yes,No,No,Yes,271.31,15132.88,56
S10414,C10414,Basic,Fiber,Yes,Yes,No,Yes,Yes,No,234.59,11888.95,51
S10415,C10415,Plus,5G,Yes,No,Yes,No,No,No,453.22,17627.19,39
S10416,C10416,Ultra,No Internet,Yes,Yes,No,No,Yes,Yes,533.44,9119.86,17
S10417,C10417,Plus,DSL,Yes,No,Yes,Yes,Yes,No,365.17,3971.29,11
S10418,C10418,Plus,DSL,Yes,No,No,Yes,Yes,No,405.95,12608.6,31
S10419,C10419,Plus,DSL,Yes,Yes,No,No,Yes,Yes,264.87,6468.06,24
S10420,C10420,Basic,5G,Yes,No,Yes,No,Yes,No,244.91,4871.69,20
S10421,C10421,Plus,5G,No,No phone,No,Yes,No,No,449.33,13017.94,29
S10422,C10422,Plus,Fiber,Yes,No,No,Yes,No,No,384.99,11175.88,29
S10423,C10423,Basic,Fiber,Yes,No,Yes,Yes,Yes,No,284.22,4624.89,16
S10424,C10424,Plus,Fiber,Yes,No,Yes,No,No,No,390.94,8660.03,22
S10425,C10425,Plus,Fiber,Yes,Yes,No,No,No,No,352.95,7732.64,22
S10426,C10426,Basic,DSL,Yes,Yes,No,No,Yes,Yes,222.76,8227.44,37
S10427,C10427,Ultra,Fiber,Yes,No,Yes,Yes,Yes,Yes,581.42,27917.24,48
S10428,C10428,Business,Fiber,Yes,Yes,Yes,Yes,No,No,833.0,24238.51,29
S10429,C10429,Plus,DSL,Yes,Yes,Yes,Yes,No,No,304.6,8445.58,28
S10430,C10430,Business,Fiber,Yes,No,Yes,Yes,Yes,No,846.22,26207.61,31
S10431,C10431,Ultra,5G,Yes,Yes,No,Yes,No,Yes,646.67,21380.55,33
S10432,C10432,Ultra,Fiber,Yes,No,Yes,No,Yes,Yes,550.23,18211.89,33
S10433,C10433,Plus,Fiber,Yes,Yes,No,Yes,Yes,Yes,351.65,7356.91,21
S10434,C10434,Plus,DSL,Yes,No,No,No,Yes,Yes,314.46,10890.82,35
S10435,C10435,Plus,Fiber,Yes,No,Yes,Yes,No,Yes,408.19,11681.72,29
S10436,C10436,Basic,DSL,No,No phone,No,Yes,Yes,No,179.74,6359.46,35
S10437,C10437,Basic,DSL,Yes,Yes,Yes,No,No,No,180.72,2334.55,13
S10438,C10438,Basic,5G,Yes,Yes,No,Yes,No,Yes,239.01,4350.81,18
S10439,C10439,Ultra,Fiber,Yes,No,Yes,Yes,Yes,No,617.91,9454.63,15
S10440,C10440,Plus,5G,No,No phone,No,No,No,Yes,433.93,6934.39,16
S10441,C10441,Plus,Fiber,Yes,No,Yes,Yes,Yes,Yes,399.81,22358.33,56
S10442,C10442,Business,DSL,Yes,Yes,Yes,Yes,Yes,No,737.71,37510.19,51
S10443,C10443,Business,Fiber,Yes,Yes,No,Yes,No,No,825.48,45512.76,55
S10444,C10444,Business,5G,No,No phone,No,No,No,No,892.95,10606.75,12
S10445,C10445,Plus,No Internet,Yes,No,No,No,No,Yes,332.79,11638.49,35
S10446,C10446,Ultra,DSL,Yes,No,No,Yes,No,Yes,557.27,8880.74,16
S10447,C10447,Plus,DSL,Yes,No,Yes,No,Yes,No,338.87,17547.17,52
S10448,C10448,Basic,DSL,Yes,No,No,No,Yes,Yes,196.41,9021.65,46
S10449,C10449,Basic,5G,Yes,Yes,Yes,No,Yes,Yes,271.89,8394.01,31
S10450,C10450,Ultra,5G,Yes,Yes,Yes,No,No,Yes,580.76,17945.88,31
S10451,C10451,Basic,Fiber,Yes,Yes,No,Yes,No,Yes,234.05,8317.5,36
S10452,C10452,Plus,DSL,Yes,Yes,Yes,No,No,Yes,288.07,5454.51,19
S10453,C10453,Ultra,Fiber,No,No phone,No,No,Yes,No,561.38,9384.9,17
S10454,C10454,Business,DSL,Yes,Yes,Yes,No,Yes,Yes,772.46,36395.6,47
S10455,C10455,Ultra,DSL,Yes,No,No,Yes,Yes,Yes,537.08,11926.98,22
S10456,C10456,Plus,DSL,Yes,Yes,Yes,Yes,No,Yes,313.84,10486.44,34
S10457,C10457,Plus,Fiber,Yes,No,No,Yes,Yes,No,389.33,19835.11,51
S10458,C10458,Plus,DSL,Yes,Yes,Yes,No,Yes,No,367.97,19604.36,53
S10459,C10459,Business,Fiber,Yes,No,No,Yes,No,No,837.46,33527.01,40
S10460,C10460,Basic,DSL,Yes,No,Yes,Yes,No,No,222.66,4458.98,20
S10461,C10461,Ultra,5G,Yes,Yes,No,Yes,No,No,594.04,11245.55,19
S10462,C10462,Basic,Fiber,Yes,Yes,No,No,Yes,Yes,250.99,6878.17,27
S10463,C10463,Plus,DSL,Yes,No,Yes,Yes,Yes,Yes,304.44,5242.88,17
S10464,C10464,Plus,Fiber,Yes,No,Yes,No,No,Yes,351.45,8434.5,24
S10465,C10465,Business,Fiber,No,No phone,Yes,No,Yes,No,813.38,21075.66,26
S10466,C10466,Basic,DSL,Yes,Yes,No,No,No,No,202.92,10246.07,51
S10467,C10467,Ultra,No Internet,Yes,No,No,No,Yes,Yes,504.15,14142.61,28
S10468,C10468,Plus,DSL,Yes,Yes,Yes,No,No,No,310.86,17448.5,56
S10469,C10469,Ultra,DSL,Yes,No,Yes,No,Yes,No,573.42,9168.14,16
S10470,C10470,Basic,Fiber,Yes,No,No,No,No,No,249.06,8233.54,33
S10471,C10471,Plus,5G,Yes,No,Yes,No,Yes,No,427.54,20805.16,49
S10472,C10472,Business,5G,Yes,No,Yes,No,Yes,Yes,869.11,39055.54,45
S10473,C10473,Plus,Fiber,Yes,Yes,Yes,Yes,Yes,Yes,436.9,13146.32,30
S10474,C10474,Plus,No Internet,Yes,Yes,No,Yes,No,No,311.57,15201.18,49
S10475,C10475,Plus,DSL,Yes,No,No,Yes,No,No,343.44,16097.63,47
S10476,C10476,Ultra,Fiber,Yes,No,No,Yes,No,No,559.64,26982.79,48
S10477,C10477,Basic,Fiber,Yes,Yes,Yes,No,Yes,No,248.34,8889.95,36
S10478,C10478,Plus,DSL,Yes,No,No,Yes,No,No,282.96,3854.28,14
S10479,C10479,Ultra,Fiber,Yes,No,Yes,No,No,Yes,571.84,13044.69,23
S10480,C10480,Ultra,DSL,Yes,No,Yes,No,No,No,552.63,12752.72,23
S10481,C10481,Basic,Fiber,Yes,No,Yes,Yes,No,Yes,256.79,12215.25,48
S10482,C10482,Basic,5G,Yes,No,Yes,No,No,No,309.6,14788.96,48
S10483,C10483,Basic,5G,Yes,No,No,No,Yes,No,278.47,10123.17,37
S10484,C10484,Basic,5G,Yes,No,No,Yes,Yes,No,263.18,9288.91,35
S10485,C10485,Basic,Fiber,Yes,Yes,Yes,No,No,No,224.52,7288.64,33
S10486,C10486,Plus,Fiber,Yes,Yes,No,No,Yes,No,370.45,16009.03,43
S10487,C10487,Basic,DSL,No,No phone,Yes,No,No,Yes,183.1,5828.74,32
S10488,C10488,Plus,DSL,Yes,Yes,No,Yes,Yes,Yes,335.79,17844.8,53
S10489,C10489,Basic,Fiber,No,No phone,Yes,Yes,Yes,Yes,280.23,4976.16,18
S10490,C10490,Basic,Fiber,Yes,Yes,No,No,No,No,253.27,14383.32,57
S10491,C10491,Basic,Fiber,Yes,No,No,Yes,Yes,No,232.13,12545.37,54
S10492,C10492,Plus,Fiber,Yes,No,No,No,No,No,354.26,3237.62,9
S10493,C10493,Plus,Fiber,Yes,No,Yes,Yes,Yes,Yes,357.24,7125.28,20
S10494,C10494,Ultra,5G,Yes,No,No,No,Yes,Yes,647.33,35440.94,55
S10495,C10495,Basic,Fiber,Yes,Yes,Yes,No,Yes,Yes,231.69,6080.19,26
S10496,C10496,Basic,Fiber,Yes,No,No,Yes,Yes,No,254.3,13873.94,55
S10497,C10497,Plus,Fiber,Yes,No,Yes,No,No,Yes,413.02,10334.14,25
S10498,C10498,Basic,5G,Yes,Yes,No,Yes,Yes,Yes,293.95,6226.03,21
S10499,C10499,Plus,Fiber,Yes,No,Yes,No,Yes,Yes,409.54,18509.08,45
S10500,C10500,Business,DSL,No,No phone,No,Yes,Yes,Yes,768.34,41461.71,54
S10501,C10501,Plus,No Internet,Yes,Yes,Yes,No,No,Yes,289.75,10466.09,36
S10502,C10502,Ultra,DSL,Yes,No,No,No,Yes,No,546.63,23484.45,43
S10503,C10503,Plus,DSL,Yes,Yes,Yes,No,No,No,352.29,13289.16,38
S10504,C10504,Ultra,Fiber,Yes,No,Yes,No,Yes,Yes,638.78,10291.06,16
S10505,C10505,Basic,5G,No,No phone,Yes,Yes,Yes,Yes,262.35,7095.08,27
S10506,C10506,Plus,Fiber,Yes,No,Yes,Yes,Yes,Yes,442.31,14165.47,32
S10507,C10507,Plus,Fiber,Yes,No,Yes,No,Yes,Yes,388.48,10072.63,26
S10508,C10508,Basic,5G,Yes,Yes,Yes,Yes,No,No,280.78,7364.84,26
S10509,C10509,Business,Fiber,Yes,No,Yes,Yes,No,No,817.08,44912.26,55
S10510,C10510,Plus,Fiber,Yes,Yes,No,No,No,Yes,400.49,13952.96,35
S10511,C10511,Basic,DSL,No,No phone,No,No,No,No,211.5,4353.24,20
S10512,C10512,Plus,Fiber,Yes,Yes,No,No,Yes,No,362.86,11314.28,31
S10513,C10513,Basic,5G,Yes,No,Yes,Yes,Yes,Yes,287.4,4557.07,16
S10514,C10514,Basic,Fiber,Yes,Yes,Yes,No,No,Yes,267.0,3524.03,14
S10515,C10515,Plus,DSL,No,No phone,Yes,Yes,No,Yes,315.56,5371.12,17
S10516,C10516,Ultra,DSL,Yes,Yes,Yes,Yes,No,Yes,480.51,5700.69,12
S10517,C10517,Plus,5G,Yes,No,Yes,Yes,No,Yes,444.54,25337.48,57
S10518,C10518,Plus,Fiber,Yes,No,Yes,Yes,Yes,Yes,389.93,6569.01,17
S10519,C10519,Basic,DSL,Yes,No,Yes,Yes,Yes,No,164.93,7907.99,48
S10520,C10520,Basic,DSL,No,No phone,Yes,No,No,No,217.13,6843.19,31
S10521,C10521,Plus,Fiber,No,No phone,No,No,No,Yes,413.65,11153.09,27
S10522,C10522,Basic,No Internet,Yes,No,Yes,No,No,Yes,179.45,10823.58,60
S10523,C10523,Ultra,Fiber,Yes,No,No,Yes,No,Yes,595.16,25014.19,42
S10524,C10524,Plus,Fiber,Yes,No,No,No,No,No,396.67,9414.41,24
S10525,C10525,Plus,Fiber,Yes,No,No,Yes,No,Yes,388.26,8166.16,21
S10526,C10526,Plus,5G,No,No phone,Yes,No,No,No,394.79,19264.08,49
S10527,C10527,Business,5G,Yes,No,Yes,No,Yes,No,815.17,30953.43,38
S10528,C10528,Plus,Fiber,Yes,Yes,No,No,No,No,373.25,11074.02,30
S10529,C10529,Plus,DSL,Yes,Yes,No,No,No,Yes,342.59,12790.32,37
S10530,C10530,Ultra,Fiber,Yes,Yes,No,Yes,No,Yes,578.0,13315.53,23
S10531,C10531,Plus,5G,Yes,Yes,Yes,Yes,Yes,No,400.56,11733.82,29
S10532,C10532,Basic,DSL,Yes,Yes,Yes,Yes,No,No,133.99,6537.77,48
S10533,C10533,Ultra,Fiber,No,No phone,Yes,No,No,Yes,564.8,19626.77,35
S10534,C10534,Plus,5G,Yes,No,No,No,No,Yes,377.76,19270.44,51
S10535,C10535,Basic,DSL,Yes,No,No,No,Yes,No,210.54,4416.57,21
S10536,C10536,Basic,Fiber,No,No phone,No,No,Yes,No,239.76,12722.3,53
S10537,C10537,Plus,DSL,Yes,No,Yes,Yes,No,No,325.08,4930.74,15
S10538,C10538,Basic,No Internet,Yes,Yes,Yes,Yes,No,No,169.35,8981.93,52
S10539,C10539,Ultra,Fiber,Yes,Yes,Yes,No,No,Yes,599.96,22285.68,37
S10540,C10540,Basic,5G,Yes,Yes,Yes,No,Yes,No,234.03,10513.33,45
S10541,C10541,Ultra,5G,Yes,No,Yes,No,No,Yes,634.82,25422.03,40
S10542,C10542,Basic,5G,Yes,No,Yes,No,No,No,253.64,12264.4,49
S10543,C10543,Plus,DSL,Yes,No,Yes,Yes,No,Yes,376.39,19148.61,51
S10544,C10544,Business,DSL,Yes,No,No,No,Yes,No,710.8,19228.18,27
S10545,C10545,Plus,DSL,Yes,No,No,Yes,No,Yes,300.94,13481.47,45
S10546,C10546,Plus,Fiber,Yes,No,No,Yes,No,No,409.56,4400.19,11
S10547,C10547,Ultra,DSL,Yes,No,Yes,No,No,Yes,538.96,27938.0,52
S10548,C10548,Basic,Fiber,Yes,No,Yes,No,No,No,238.66,5912.95,25
S10549,C10549,Plus,Fiber,No,No phone,No,No,Yes,No,424.96,20017.35,47
S10550,C10550,Plus,5G,Yes,No,Yes,No,No,No,437.66,15771.82,36
S10551,C10551,Plus,Fiber,Yes,Yes,No,No,Yes,Yes,371.39,8482.02,23
S10552,C10552,Basic,5G,Yes,Yes,Yes,Yes,No,No,276.37,5672.74,20
S10553,C10553,Business,5G,Yes,Yes,No,No,Yes,No,878.4,49181.49,56
S10554,C10554,Plus,5G,Yes,No,Yes,Yes,No,No,450.83,22941.91,51
S10555,C10555,Plus,Fiber,Yes,Yes,Yes,No,No,Yes,312.31,14308.66,46
S10556,C10556,Basic,Fiber,Yes,Yes,Yes,Yes,Yes,No,228.66,3412.7,15
S10557,C10557,Plus,5G,No,No phone,Yes,Yes,Yes,No,447.57,13893.94,31
S10558,C10558,Basic,DSL,Yes,No,Yes,No,Yes,Yes,189.23,7200.68,38
S10559,C10559,Plus,Fiber,Yes,Yes,Yes,No,Yes,Yes,399.42,8390.26,21
S10560,C10560,Basic,No Internet,Yes,Yes,Yes,Yes,Yes,No,163.68,3229.62,20
S10561,C10561,Basic,Fiber,No,No phone,Yes,No,Yes,No,246.7,6718.11,27
S10562,C10562,Plus,5G,Yes,No,No,No,No,Yes,410.4,15606.66,38
S10563,C10563,Ultra,DSL,Yes,Yes,No,Yes,Yes,Yes,496.87,17746.88,36
S10564,C10564,Plus,DSL,Yes,Yes,No,Yes,Yes,Yes,351.83,15072.46,43
S10565,C10565,Ultra,5G,Yes,No,No,Yes,No,Yes,621.66,30503.0,49
S10566,C10566,Basic,5G,Yes,No,No,Yes,No,Yes,294.93,13067.11,44
S10567,C10567,Plus,DSL,No,No phone,Yes,Yes,No,Yes,299.4,3388.69,11
S10568,C10568,Ultra,DSL,Yes,No,Yes,No,No,No,464.51,5462.15,12
S10569,C10569,Business,Fiber,Yes,No,No,Yes,Yes,No,800.92,11980.73,15
S10570,C10570,Basic,Fiber,No,No phone,Yes,No,Yes,No,276.56,7443.88,27
S10571,C10571,Ultra,Fiber,Yes,No,Yes,No,Yes,Yes,635.72,17914.9,28
S10572,C10572,Basic,Fiber,No,No phone,No,Yes,Yes,Yes,190.92,7864.59,41
S10573,C10573,Basic,DSL,Yes,No,Yes,Yes,Yes,No,197.97,3505.06,17
S10574,C10574,Plus,Fiber,Yes,No,No,No,No,Yes,394.21,15855.31,40
S10575,C10575,Plus,Fiber,Yes,Yes,No,No,No,No,317.68,12349.59,39
S10576,C10576,Business,Fiber,Yes,No,No,Yes,No,Yes,789.81,45001.29,57
S10577,C10577,Business,5G,Yes,No,No,No,No,No,904.6,27272.52,30
S10578,C10578,Ultra,Fiber,Yes,Yes,No,No,Yes,No,603.68,27714.84,46
S10579,C10579,Basic,5G,Yes,No,No,No,No,Yes,282.74,15615.64,55
S10580,C10580,Business,Fiber,Yes,No,Yes,Yes,No,No,903.39,25212.69,28
S10581,C10581,Basic,DSL,Yes,Yes,No,No,No,No,170.17,1916.6,12
S10582,C10582,Plus,Fiber,Yes,No,Yes,No,Yes,No,374.97,10800.35,29
S10583,C10583,Basic,DSL,Yes,Yes,No,Yes,Yes,Yes,212.96,10820.46,51
S10584,C10584,Basic,DSL,Yes,Yes,Yes,Yes,No,Yes,222.36,7276.57,33
S10585,C10585,Basic,Fiber,Yes,No,No,Yes,No,Yes,269.14,7380.59,28
S10586,C10586,Business,DSL,Yes,Yes,Yes,No,No,Yes,778.65,17169.66,22
S10587,C10587,Basic,Fiber,Yes,Yes,No,Yes,No,No,263.95,13527.03,51
S10588,C10588,Plus,No Internet,Yes,Yes,No,Yes,Yes,Yes,347.43,17852.31,51
S10589,C10589,Plus,Fiber,No,No phone,No,Yes,Yes,No,410.34,7967.31,19
S10590,C10590,Ultra,Fiber,Yes,Yes,Yes,Yes,No,Yes,641.26,36501.48,57
S10591,C10591,Plus,Fiber,Yes,Yes,No,Yes,Yes,No,400.84,18261.23,46
S10592,C10592,Basic,DSL,No,No phone,No,No,Yes,No,172.58,4380.27,25
S10593,C10593,Basic,Fiber,Yes,Yes,No,Yes,Yes,No,268.1,6500.33,24
S10594,C10594,Basic,No Internet,Yes,Yes,Yes,No,Yes,No,230.05,8282.5,36
S10595,C10595,Ultra,5G,No,No phone,Yes,Yes,Yes,No,603.36,19362.28,32
S10596,C10596,Basic,Fiber,Yes,No,Yes,Yes,No,Yes,264.41,13923.16,53
S10597,C10597,Basic,Fiber,Yes,Yes,No,Yes,Yes,Yes,277.19,7199.86,26
S10598,C10598,Business,DSL,Yes,No,Yes,Yes,Yes,No,772.25,15396.42,20
S10599,C10599,Ultra,Fiber,Yes,Yes,No,Yes,No,No,614.98,14882.65,24
S10600,C10600,Ultra,Fiber,No,No phone,No,No,Yes,No,572.95,26454.16,46
S10601,C10601,Basic,5G,Yes,Yes,No,No,No,Yes,247.33,10694.48,44
S10602,C10602,Plus,Fiber,Yes,Yes,Yes,Yes,No,No,378.4,7179.48,19
S10603,C10603,Basic,DSL,Yes,No,No,Yes,Yes,Yes,197.38,10036.33,51
S10604,C10604,Basic,Fiber,Yes,No,No,Yes,Yes,Yes,251.04,6161.3,25
S10605,C10605,Basic,Fiber,Yes,No,No,No,Yes,No,187.33,5505.98,30
S10606,C10606,Business,DSL,Yes,No,Yes,No,No,Yes,700.89,38430.46,55
S10607,C10607,Ultra,DSL,Yes,Yes,Yes,Yes,Yes,Yes,526.41,10161.15,19
S10608,C10608,Basic,DSL,No,No phone,Yes,No,Yes,Yes,178.3,8246.37,46
S10609,C10609,Basic,Fiber,No,No phone,Yes,Yes,Yes,Yes,245.06,13113.6,54
S10610,C10610,Plus,DSL,Yes,Yes,No,No,No,Yes,335.68,8021.46,24
S10611,C10611,Ultra,DSL,No,No phone,Yes,No,No,No,501.23,16949.66,34
S10612,C10612,Plus,5G,Yes,No,No,No,Yes,Yes,419.65,10397.12,25
S10613,C10613,Plus,DSL,Yes,Yes,Yes,No,No,Yes,275.74,11534.83,42
S10614,C10614,Plus,5G,Yes,No,Yes,Yes,No,Yes,394.09,6654.33,17
S10615,C10615,Business,DSL,Yes,No,Yes,Yes,No,No,748.73,34636.88,46
S10616,C10616,Plus,Fiber,Yes,Yes,No,No,No,Yes,402.3,22969.2,57
S10617,C10617,Ultra,Fiber,Yes,Yes,No,No,No,Yes,555.16,27668.37,50
S10618,C10618,Plus,Fiber,Yes,No,No,Yes,No,Yes,400.8,11084.34,28
S10619,C10619,Plus,No Internet,Yes,No,Yes,Yes,No,No,362.34,15230.39,42
S10620,C10620,Business,DSL,Yes,Yes,Yes,No,No,No,754.55,20444.73,27
S10621,C10621,Basic,5G,Yes,Yes,Yes,Yes,No,No,336.16,17298.83,51
S10622,C10622,Ultra,DSL,Yes,Yes,No,Yes,No,Yes,539.71,17353.17,32
S10623,C10623,Ultra,Fiber,Yes,Yes,No,No,No,Yes,579.85,12134.73,21
S10624,C10624,Plus,Fiber,Yes,No,No,No,No,No,390.23,7467.7,19
S10625,C10625,Basic,5G,No,No phone,Yes,No,Yes,No,278.62,8250.82,30
S10626,C10626,Plus,5G,Yes,No,No,No,Yes,No,423.78,18587.64,44
S10627,C10627,Plus,Fiber,Yes,No,Yes,No,Yes,Yes,359.32,14387.76,40
S10628,C10628,Ultra,DSL,Yes,No,No,No,No,Yes,501.78,18048.96,36
S10629,C10629,Basic,No Internet,Yes,Yes,Yes,No,No,No,159.63,3553.39,23
S10630,C10630,Basic,5G,Yes,Yes,No,No,Yes,Yes,254.17,8379.87,33
S10631,C10631,Plus,DSL,Yes,Yes,No,No,Yes,No,428.23,20883.71,49
S10632,C10632,Basic,5G,No,No phone,No,No,Yes,No,272.31,16023.19,59
S10633,C10633,Basic,DSL,Yes,Yes,No,Yes,Yes,Yes,151.86,7437.84,49
S10634,C10634,Basic,Fiber,Yes,Yes,No,Yes,No,Yes,283.67,7663.49,27
S10635,C10635,Ultra,DSL,Yes,Yes,No,Yes,Yes,No,528.35,13707.72,26
S10636,C10636,Basic,No Internet,Yes,Yes,Yes,Yes,No,Yes,170.9,3560.26,21
S10637,C10637,Plus,DSL,Yes,No,Yes,No,No,Yes,297.74,7572.45,26
S10638,C10638,Plus,No Internet,Yes,No,Yes,No,No,Yes,322.84,10101.11,31
S10639,C10639,Plus,Fiber,Yes,Yes,Yes,No,No,No,367.85,18305.43,50
S10640,C10640,Basic,DSL,Yes,Yes,Yes,Yes,Yes,No,223.77,13423.68,60
S10641,C10641,Plus,Fiber,Yes,Yes,Yes,No,Yes,Yes,364.23,20067.24,55
S10642,C10642,Plus,Fiber,Yes,No,Yes,Yes,No,Yes,329.19,16682.97,51
S10643,C10643,Ultra,DSL,Yes,Yes,Yes,Yes,Yes,No,511.72,22510.3,44
S10644,C10644,Plus,DSL,No,No phone,Yes,No,Yes,Yes,300.44,9081.45,30
S10645,C10645,Basic,No Internet,Yes,Yes,No,Yes,No,Yes,199.76,3466.24,17
S10646,C10646,Basic,Fiber,Yes,No,Yes,Yes,Yes,No,296.16,7071.05,24
S10647,C10647,Plus,DSL,Yes,No,Yes,Yes,Yes,Yes,287.47,11177.01,39
S10648,C10648,Plus,Fiber,Yes,Yes,No,No,Yes,No,412.5,8326.82,20
S10649,C10649,Plus,DSL,Yes,No,Yes,Yes,No,No,347.08,3670.8,11
S10650,C10650,Ultra,5G,Yes,No,No,Yes,Yes,No,620.81,14955.64,24
S10651,C10651,Business,DSL,Yes,Yes,No,No,Yes,No,779.28,33391.84,43
S10652,C10652,Ultra,No Internet,Yes,No,Yes,Yes,No,Yes,515.05,8100.46,16
S10653,C10653,Business,Fiber,Yes,Yes,Yes,No,Yes,Yes,875.15,11590.3,13
S10654,C10654,Basic,Fiber,Yes,No,No,Yes,Yes,Yes,267.92,3501.53,13
S10655,C10655,Basic,DSL,Yes,Yes,Yes,Yes,Yes,Yes,191.45,6524.91,34
S10656,C10656,Ultra,Fiber,Yes,No,No,No,Yes,Yes,585.54,11119.06,19
S10657,C10657,Plus,Fiber,Yes,Yes,Yes,Yes,No,No,420.66,17582.44,42
S10658,C10658,Basic,Fiber,No,No phone,No,No,No,No,287.8,4697.92,16
S10659,C10659,Basic,Fiber,Yes,No,No,Yes,Yes,No,260.61,15662.28,60
S10660,C10660,Ultra,Fiber,No,No phone,No,No,No,No,639.01,29238.33,46
S10661,C10661,Plus,5G,Yes,No,No,No,No,Yes,462.74,5530.73,12
S10662,C10662,Basic,5G,Yes,Yes,No,Yes,No,Yes,238.65,6637.8,28
S10663,C10663,Plus,5G,Yes,Yes,No,Yes,Yes,Yes,462.28,14328.89,31
S10664,C10664,Ultra,5G,Yes,No,No,No,Yes,No,644.7,29733.19,46
S10665,C10665,Ultra,5G,Yes,No,No,No,No,No,636.84,15870.53,25
S10666,C10666,Plus,DSL,Yes,Yes,Yes,Yes,No,Yes,359.23,20074.69,56
S10667,C10667,Plus,Fiber,Yes,No,No,Yes,Yes,Yes,389.97,22291.1,57
S10668,C10668,Basic,DSL,No,No phone,No,Yes,Yes,No,197.87,8885.45,45
S10669,C10669,Plus,Fiber,Yes,Yes,No,No,No,No,419.42,22357.89,53
S10670,C10670,Basic,5G,Yes,Yes,Yes,Yes,Yes,Yes,303.66,16209.47,53
S10671,C10671,Basic,Fiber,Yes,Yes,Yes,No,No,No,260.8,13631.43,52
S10672,C10672,Business,DSL,Yes,Yes,Yes,Yes,No,Yes,742.27,40114.97,54
S10673,C10673,Plus,5G,Yes,No,Yes,No,Yes,Yes,408.65,24213.59,59
S10674,C10674,Basic,Fiber,No,No phone,No,No,Yes,Yes,311.22,15742.18,51
S10675,C10675,Plus,5G,Yes,No,Yes,No,No,Yes,410.82,19399.53,47
S10676,C10676,Basic,5G,Yes,Yes,Yes,Yes,No,No,277.76,14353.34,52
S10677,C10677,Basic,DSL,Yes,Yes,Yes,Yes,No,No,208.06,11126.11,54
S10678,C10678,Plus,Fiber,Yes,No,Yes,Yes,Yes,No,412.52,6109.21,15
S10679,C10679,Ultra,No Internet,Yes,No,No,Yes,Yes,Yes,570.6,28404.29,50
S10680,C10680,Basic,DSL,Yes,No,Yes,No,Yes,No,122.86,5466.09,45
S10681,C10681,Basic,5G,No,No phone,No,No,Yes,Yes,259.65,8605.31,33
S10682,C10682,Basic,Fiber,No,No phone,No,No,Yes,No,259.95,11133.44,43
S10683,C10683,Business,Fiber,Yes,Yes,No,No,No,Yes,827.68,37971.56,46
S10684,C10684,Ultra,5G,Yes,No,Yes,No,No,No,654.19,19657.62,30
S10685,C10685,Basic,Fiber,Yes,No,No,Yes,No,Yes,248.12,8199.4,33
S10686,C10686,Ultra,Fiber,Yes,Yes,Yes,No,No,No,593.24,23727.41,40
S10687,C10687,Ultra,DSL,Yes,No,Yes,Yes,Yes,Yes,537.17,16775.15,31
S10688,C10688,Basic,Fiber,Yes,Yes,Yes,No,No,No,242.22,6549.31,27
S10689,C10689,Ultra,Fiber,Yes,Yes,No,No,No,No,556.52,8873.57,16
S10690,C10690,Business,No Internet,Yes,Yes,Yes,Yes,No,Yes,790.14,21957.46,28
S10691,C10691,Business,5G,Yes,Yes,No,No,Yes,No,836.58,47575.29,57
S10692,C10692,Ultra,DSL,Yes,No,Yes,No,No,Yes,538.3,30245.16,56
S10693,C10693,Basic,5G,Yes,No,No,Yes,Yes,Yes,341.5,6533.2,19
S10694,C10694,Business,5G,Yes,No,No,Yes,No,Yes,868.57,20076.59,23
S10695,C10695,Ultra,Fiber,Yes,Yes,No,Yes,Yes,No,583.7,7563.38,13
S10696,C10696,Basic,Fiber,Yes,Yes,No,No,Yes,No,243.45,4961.56,21
S10697,C10697,Business,DSL,No,No phone,Yes,No,Yes,Yes,791.63,42709.87,54
S10698,C10698,Business,5G,Yes,Yes,No,No,Yes,No,823.49,42916.78,52
S10699,C10699,Basic,Fiber,Yes,Yes,Yes,No,Yes,Yes,217.1,8249.56,37
S10700,C10700,Basic,Fiber,Yes,No,No,No,Yes,No,238.06,3696.39,16
S10701,C10701,Plus,DSL,Yes,No,Yes,Yes,No,No,316.81,12363.8,39
S10702,C10702,Basic,Fiber,Yes,Yes,Yes,No,No,No,275.83,13484.66,49
S10703,C10703,Plus,DSL,Yes,No,Yes,Yes,Yes,Yes,316.27,2973.3,10
S10704,C10704,Basic,Fiber,Yes,No,No,Yes,Yes,No,235.52,10140.43,43
S10705,C10705,Ultra,DSL,Yes,No,Yes,Yes,No,Yes,496.28,25395.18,51
S10706,C10706,Basic,Fiber,Yes,No,Yes,Yes,Yes,No,283.83,16716.76,59
S10707,C10707,Ultra,Fiber,Yes,Yes,No,Yes,No,Yes,617.18,17863.36,29
S10708,C10708,Plus,Fiber,Yes,No,No,No,Yes,Yes,388.05,22115.28,57
S10709,C10709,Basic,Fiber,No,No phone,No,No,No,No,211.65,5504.75,26
S10710,C10710,Basic,5G,No,No phone,No,Yes,Yes,Yes,274.84,4227.39,15
S10711,C10711,Plus,DSL,Yes,No,Yes,Yes,No,Yes,335.39,11786.04,35
S10712,C10712,Basic,Fiber,Yes,No,No,Yes,No,Yes,230.24,9020.65,39
S10713,C10713,Basic,5G,Yes,No,No,No,No,Yes,254.72,7599.36,30
S10714,C10714,Business,Fiber,Yes,Yes,No,Yes,No,Yes,749.47,29260.98,39
S10715,C10715,Business,Fiber,Yes,No,No,Yes,Yes,No,767.98,36887.82,48
S10716,C10716,Ultra,DSL,Yes,Yes,No,Yes,Yes,No,554.74,12546.87,23
S10717,C10717,Basic,5G,Yes,No,No,Yes,No,No,251.56,15148.53,60
S10718,C10718,Basic,DSL,Yes,Yes,Yes,No,Yes,No,178.08,8778.76,49
S10719,C10719,Plus,Fiber,Yes,Yes,Yes,No,Yes,Yes,328.22,11581.12,35
S10720,C10720,Plus,Fiber,Yes,Yes,No,Yes,Yes,No,358.64,16823.83,47
S10721,C10721,Plus,DSL,Yes,Yes,No,No,No,No,318.57,10238.09,32
S10722,C10722,Ultra,DSL,Yes,No,No,No,Yes,Yes,501.44,8515.2,17
S10723,C10723,Plus,Fiber,Yes,No,Yes,Yes,Yes,Yes,377.15,9892.72,26
S10724,C10724,Business,No Internet,Yes,No,No,Yes,No,No,757.91,37117.85,49
S10725,C10725,Basic,DSL,No,No phone,No,No,Yes,Yes,195.09,9864.47,50
S10726,C10726,Basic,DSL,No,No phone,No,No,Yes,No,229.68,9110.02,40
S10727,C10727,Plus,DSL,Yes,No,Yes,Yes,Yes,No,321.89,17407.22,54
S10728,C10728,Plus,5G,Yes,No,Yes,No,Yes,Yes,448.24,23234.0,52
S10729,C10729,Plus,Fiber,Yes,No,Yes,No,Yes,Yes,397.17,15324.41,39
S10730,C10730,Ultra,No Internet,Yes,Yes,Yes,No,Yes,Yes,532.92,30214.44,57
S10731,C10731,Basic,Fiber,Yes,No,No,No,No,No,260.84,5471.09,21
S10732,C10732,Basic,5G,Yes,No,No,No,Yes,Yes,288.69,17345.23,60
S10733,C10733,Plus,5G,No,No phone,Yes,Yes,Yes,Yes,407.39,6252.89,15
S10734,C10734,Business,5G,Yes,No,No,No,Yes,No,843.49,42179.7,50
S10735,C10735,Basic,5G,Yes,Yes,No,No,No,Yes,268.9,15456.71,58
S10736,C10736,Plus,Fiber,Yes,No,No,Yes,No,No,407.03,9073.83,22
S10737,C10737,Basic,5G,Yes,No,Yes,Yes,No,Yes,298.87,17224.98,57
S10738,C10738,Plus,Fiber,Yes,Yes,No,Yes,Yes,No,347.73,4140.2,12
S10739,C10739,Plus,Fiber,Yes,No,No,No,No,No,394.09,18080.83,46
S10740,C10740,Ultra,No Internet,Yes,No,No,Yes,Yes,Yes,512.14,17785.76,35
S10741,C10741,Basic,Fiber,No,No phone,No,No,No,No,203.13,10749.56,53
S10742,C10742,Ultra,DSL,Yes,No,Yes,No,Yes,Yes,519.7,16021.04,31
S10743,C10743,Plus,No Internet,Yes,Yes,Yes,No,Yes,Yes,318.73,4793.8,15
S10744,C10744,Plus,5G,Yes,Yes,No,Yes,Yes,Yes,384.02,16647.86,43
S10745,C10745,Basic,Fiber,Yes,No,No,No,No,Yes,278.17,8294.85,30
S10746,C10746,Ultra,Fiber,Yes,No,No,No,No,No,593.57,29700.7,50
S10747,C10747,Plus,5G,Yes,No,Yes,Yes,No,Yes,385.08,8141.74,21
S10748,C10748,Plus,No Internet,Yes,No,Yes,Yes,No,Yes,298.65,9804.0,33
S10749,C10749,Ultra,Fiber,Yes,No,Yes,Yes,Yes,Yes,584.27,21024.31,36
S10750,C10750,Ultra,Fiber,No,No phone,No,No,No,Yes,552.07,17548.55,32
S10751,C10751,Basic,DSL,No,No phone,No,Yes,Yes,Yes,181.57,9526.18,52
S10752,C10752,Business,5G,Yes,Yes,No,Yes,Yes,No,857.98,51624.38,60
S10753,C10753,Business,Fiber,Yes,Yes,Yes,No,Yes,No,826.22,43742.91,53
S10754,C10754,Plus,Fiber,Yes,No,Yes,Yes,No,Yes,449.59,22480.45,50
S10755,C10755,Ultra,Fiber,Yes,No,Yes,No,No,No,613.98,20249.57,33
S10756,C10756,Basic,Fiber,Yes,No,No,No,Yes,Yes,281.85,12407.68,44
S10757,C10757,Business,No Internet,Yes,No,No,No,Yes,No,749.14,23835.07,32
S10758,C10758,Ultra,No Internet,Yes,Yes,Yes,No,No,Yes,562.62,14610.06,26
S10759,C10759,Business,DSL,Yes,Yes,Yes,No,Yes,No,752.4,14963.62,20
S10760,C10760,Basic,5G,No,No phone,No,Yes,No,Yes,287.94,9275.68,32
S10761,C10761,Basic,5G,Yes,Yes,No,Yes,Yes,Yes,324.2,15718.95,48
S10762,C10762,Basic,5G,Yes,Yes,No,No,Yes,No,321.24,8910.2,28
S10763,C10763,Business,Fiber,Yes,No,No,No,Yes,Yes,836.18,36860.99,44
S10764,C10764,Basic,5G,Yes,No,No,Yes,Yes,No,196.14,7401.98,38
S10765,C10765,Business,5G,Yes,Yes,No,No,Yes,Yes,835.54,40951.24,49
S10766,C10766,Basic,DSL,Yes,No,No,Yes,No,No,179.38,3323.52,19
S10767,C10767,Basic,Fiber,Yes,Yes,No,No,No,Yes,288.04,14637.16,51
S10768,C10768,Business,Fiber,Yes,No,No,Yes,Yes,No,818.58,41774.7,51
S10769,C10769,Plus,Fiber,Yes,Yes,No,Yes,Yes,Yes,303.88,18010.65,59
S10770,C10770,Plus,Fiber,Yes,Yes,No,No,No,Yes,353.75,6643.47,19
S10771,C10771,Ultra,5G,Yes,Yes,Yes,Yes,Yes,No,591.1,18933.11,32
S10772,C10772,Plus,Fiber,Yes,No,No,No,Yes,No,372.05,5331.84,14
S10773,C10773,Plus,5G,No,No phone,Yes,Yes,Yes,No,441.09,13261.13,30
S10774,C10774,Plus,5G,Yes,No,No,No,No,Yes,425.88,12341.11,29
S10775,C10775,Ultra,5G,Yes,No,No,No,Yes,Yes,616.12,17905.45,29
S10776,C10776,Basic,5G,Yes,No,No,No,Yes,Yes,319.46,14088.89,44
S10777,C10777,Plus,Fiber,No,No phone,No,No,No,No,368.16,9439.44,25
S10778,C10778,Plus,Fiber,Yes,No,Yes,Yes,Yes,No,459.23,22154.67,48
S10779,C10779,Ultra,Fiber,Yes,Yes,Yes,Yes,Yes,Yes,607.54,17615.73,29
S10780,C10780,Plus,Fiber,Yes,Yes,Yes,Yes,No,No,400.45,12911.25,32
S10781,C10781,Basic,DSL,No,No phone,Yes,No,No,No,190.3,8441.33,44
S10782,C10782,Business,Fiber,Yes,Yes,No,Yes,No,No,798.72,23081.45,29
S10783,C10783,Basic,5G,Yes,No,No,Yes,Yes,Yes,257.81,14365.32,56
S10784,C10784,Ultra,No Internet,Yes,Yes,Yes,Yes,Yes,No,517.11,31036.72,60
S10785,C10785,Basic,5G,Yes,No,No,Yes,No,Yes,319.47,6174.82,19
S10786,C10786,Plus,5G,Yes,Yes,Yes,Yes,Yes,Yes,417.65,6663.92,16
S10787,C10787,Ultra,Fiber,Yes,Yes,No,Yes,No,Yes,628.59,19425.52,31
S10788,C10788,Business,DSL,Yes,No,Yes,No,No,Yes,796.49,23053.79,29
S10789,C10789,Ultra,DSL,Yes,Yes,No,No,Yes,No,539.11,15233.32,28
S10790,C10790,Basic,Fiber,Yes,No,No,No,Yes,Yes,227.85,9301.41,41
S10791,C10791,Business,No Internet,Yes,No,Yes,No,No,Yes,771.46,36227.14,47
S10792,C10792,Business,DSL,Yes,No,Yes,Yes,Yes,No,781.76,18138.27,23
S10793,C10793,Plus,Fiber,No,No phone,No,No,Yes,No,415.23,15409.31,37
S10794,C10794,Basic,No Internet,No,No phone,Yes,No,No,No,203.29,12229.03,60
S10795,C10795,Business,Fiber,Yes,Yes,Yes,Yes,No,Yes,810.1,46155.78,57
S10796,C10796,Ultra,Fiber,Yes,Yes,No,Yes,No,Yes,592.1,32590.65,55
S10797,C10797,Basic,DSL,Yes,No,No,Yes,No,No,200.83,3717.56,18
S10798,C10798,Basic,Fiber,Yes,Yes,No,No,Yes,Yes,207.31,11581.75,56
S10799,C10799,Basic,Fiber,Yes,No,No,Yes,No,No,214.11,11673.03,54
S10800,C10800,Plus,DSL,Yes,No,Yes,No,No,Yes,349.53,14090.44,40
S10801,C10801,Basic,DSL,No,No phone,No,Yes,No,Yes,214.35,5135.61,24
S10802,C10802,Basic,Fiber,Yes,No,No,Yes,No,No,240.7,4465.85,18
S10803,C10803,Ultra,No Internet,Yes,No,Yes,No,No,Yes,537.49,12749.76,24
S10804,C10804,Plus,Fiber,Yes,Yes,No,No,Yes,No,406.31,20729.6,51
S10805,C10805,Ultra,Fiber,Yes,Yes,No,No,No,No,590.0,32043.1,54
S10806,C10806,Basic,DSL,Yes,No,No,Yes,No,Yes,199.55,7909.07,40
S10807,C10807,Basic,DSL,Yes,Yes,Yes,No,No,Yes,193.8,10430.93,54
S10808,C10808,Ultra,Fiber,Yes,No,No,Yes,Yes,No,571.65,26949.88,47
S10809,C10809,Basic,Fiber,No,No phone,No,Yes,Yes,No,273.49,8178.58,30
S10810,C10810,Plus,5G,Yes,Yes,No,No,Yes,Yes,415.06,4856.16,12
S10811,C10811,Basic,Fiber,Yes,Yes,No,No,No,Yes,204.43,12098.27,59
S10812,C10812,Ultra,5G,Yes,Yes,No,No,No,No,618.73,13635.58,22
S10813,C10813,Business,Fiber,Yes,Yes,Yes,No,No,No,828.55,8992.94,11
S10814,C10814,Ultra,DSL,Yes,No,Yes,No,No,Yes,584.12,22419.94,38
S10815,C10815,Basic,DSL,Yes,No,No,No,Yes,No,219.71,5789.72,27
S10816,C10816,Basic,5G,Yes,No,No,Yes,Yes,No,309.41,7077.72,23
S10817,C10817,Ultra,DSL,Yes,Yes,Yes,No,No,Yes,533.64,7434.32,14
S10818,C10818,Ultra,Fiber,Yes,No,Yes,Yes,No,Yes,573.42,8109.61,14
S10819,C10819,Ultra,DSL,Yes,Yes,No,No,Yes,Yes,493.75,6345.97,13
S10820,C10820,Basic,Fiber,Yes,Yes,No,Yes,Yes,No,244.58,6740.4,28
S10821,C10821,Basic,Fiber,Yes,Yes,Yes,Yes,Yes,No,259.2,11051.12,43
S10822,C10822,Basic,5G,Yes,No,No,No,Yes,No,322.78,18006.83,56
S10823,C10823,Basic,DSL,No,No phone,No,No,No,No,170.82,6115.81,36
S10824,C10824,Basic,5G,No,No phone,Yes,No,No,No,293.7,16716.42,57
S10825,C10825,Basic,Fiber,Yes,No,Yes,Yes,Yes,Yes,291.86,16044.67,55
S10826,C10826,Ultra,Fiber,Yes,No,No,No,Yes,No,523.86,16779.15,32
S10827,C10827,Basic,DSL,No,No phone,Yes,No,Yes,No,191.17,9349.29,49
S10828,C10828,Plus,Fiber,Yes,Yes,No,Yes,No,Yes,386.03,16188.29,42
S10829,C10829,Ultra,5G,Yes,No,No,No,No,Yes,594.31,29813.81,50
S10830,C10830,Ultra,Fiber,Yes,Yes,Yes,No,No,No,586.27,35240.89,60
S10831,C10831,Basic,DSL,Yes,Yes,Yes,No,Yes,Yes,180.64,9886.99,55
S10832,C10832,Ultra,5G,Yes,No,Yes,Yes,Yes,Yes,583.52,18632.62,32
S10833,C10833,Plus,5G,Yes,Yes,No,Yes,No,Yes,463.11,8114.07,18
S10834,C10834,Basic,DSL,No,No phone,Yes,Yes,No,No,243.14,9492.21,39
S10835,C10835,Ultra,DSL,Yes,Yes,Yes,Yes,Yes,Yes,522.5,19801.61,38
S10836,C10836,Plus,No Internet,Yes,No,No,Yes,Yes,No,325.14,9041.87,28
S10837,C10837,Plus,5G,Yes,No,No,Yes,Yes,Yes,397.53,22003.74,55
S10838,C10838,Plus,DSL,Yes,No,No,No,No,No,325.43,7773.14,24
S10839,C10839,Plus,Fiber,Yes,No,Yes,Yes,Yes,No,411.71,13317.35,32
S10840,C10840,Business,Fiber,Yes,Yes,Yes,No,No,No,750.53,23320.03,31
S10841,C10841,Ultra,DSL,Yes,No,No,Yes,No,No,480.35,7219.37,15
S10842,C10842,Plus,Fiber,Yes,No,No,No,Yes,No,378.17,5231.12,14
S10843,C10843,Business,No Internet,Yes,Yes,No,Yes,No,No,759.92,22678.79,30
S10844,C10844,Plus,DSL,Yes,No,No,Yes,No,Yes,351.52,16219.25,46
S10845,C10845,Basic,5G,Yes,No,No,Yes,No,No,278.99,6932.43,25
S10846,C10846,Plus,Fiber,Yes,No,No,Yes,No,Yes,389.21,6836.17,18
S10847,C10847,Plus,5G,Yes,No,No,Yes,Yes,Yes,402.23,20160.29,50
S10848,C10848,Basic,No Internet,No,No phone,Yes,Yes,No,Yes,199.87,5504.42,27
S10849,C10849,Basic,Fiber,Yes,No,Yes,No,Yes,No,271.76,10599.59,39
S10850,C10850,Plus,DSL,Yes,No,Yes,No,Yes,No,338.5,18751.88,55
S10851,C10851,Ultra,DSL,Yes,Yes,Yes,Yes,Yes,No,587.93,9872.76,17
S10852,C10852,Plus,5G,No,No phone,Yes,Yes,No,No,431.38,5629.08,13
S10853,C10853,Plus,Fiber,Yes,Yes,No,Yes,Yes,Yes,379.61,9800.42,26
S10854,C10854,Ultra,5G,Yes,No,No,Yes,No,Yes,591.68,14110.03,24
S10855,C10855,Business,Fiber,Yes,No,Yes,Yes,Yes,No,851.82,46879.14,55
S10856,C10856,Ultra,Fiber,Yes,No,No,No,No,Yes,591.04,18224.24,31
S10857,C10857,Ultra,DSL,Yes,No,Yes,No,No,No,525.41,25132.82,48
S10858,C10858,Plus,Fiber,Yes,Yes,No,Yes,Yes,No,384.0,8566.7,22
S10859,C10859,Basic,Fiber,Yes,Yes,No,No,No,No,205.02,4133.19,21
S10860,C10860,Basic,5G,Yes,No,Yes,No,Yes,No,255.95,8587.99,34
S10861,C10861,Basic,Fiber,Yes,No,Yes,No,Yes,No,256.68,10778.3,42
S10862,C10862,Basic,5G,Yes,No,Yes,Yes,No,No,306.56,5758.81,19
S10863,C10863,Ultra,DSL,Yes,No,Yes,No,No,Yes,540.45,27054.21,50
S10864,C10864,Plus,No Internet,No,No phone,No,No,Yes,Yes,298.84,11105.72,37
S10865,C10865,Plus,5G,Yes,Yes,Yes,Yes,No,Yes,427.45,18923.56,44
S10866,C10866,Plus,Fiber,Yes,Yes,No,Yes,No,No,360.68,4604.64,13
S10867,C10867,Plus,Fiber,Yes,No,Yes,No,No,Yes,386.37,22785.52,59
S10868,C10868,Basic,5G,Yes,No,Yes,No,Yes,No,302.13,10506.62,35
S10869,C10869,Plus,No Internet,Yes,No,No,Yes,Yes,No,321.72,18909.67,59
S10870,C10870,Basic,Fiber,No,No phone,No,No,Yes,No,250.61,11022.93,44
S10871,C10871,Ultra,No Internet,Yes,Yes,Yes,No,Yes,No,427.79,20041.52,47
S10872,C10872,Ultra,Fiber,Yes,Yes,Yes,Yes,Yes,No,617.63,12883.83,21
S10873,C10873,Ultra,DSL,Yes,Yes,Yes,Yes,No,Yes,577.38,23567.54,41
S10874,C10874,Basic,DSL,Yes,No,Yes,Yes,No,Yes,159.94,2358.73,15
S10875,C10875,Basic,5G,Yes,No,No,Yes,No,Yes,271.7,9455.55,34
S10876,C10876,Basic,Fiber,No,No phone,No,Yes,No,No,287.54,17291.76,60
S10877,C10877,Basic,DSL,No,No phone,Yes,No,No,No,209.87,8480.63,40
S10878,C10878,Plus,DSL,Yes,No,Yes,No,Yes,No,344.13,5562.43,16
S10879,C10879,Ultra,DSL,Yes,No,No,No,Yes,No,509.56,13670.31,27
S10880,C10880,Basic,Fiber,Yes,Yes,No,Yes,No,No,275.89,15027.68,55
S10881,C10881,Business,5G,Yes,Yes,Yes,No,No,Yes,842.23,30284.87,36
S10882,C10882,Ultra,Fiber,Yes,Yes,No,No,No,No,603.63,31948.18,53
S10883,C10883,Ultra,No Internet,No,No phone,Yes,No,No,Yes,591.11,8786.87,15
S10884,C10884,Plus,DSL,Yes,Yes,Yes,Yes,No,Yes,367.59,18716.33,51
S10885,C10885,Plus,Fiber,Yes,Yes,No,No,No,Yes,412.07,12860.86,31
S10886,C10886,Basic,DSL,Yes,No,No,Yes,No,No,238.0,6969.14,30
S10887,C10887,Plus,Fiber,Yes,Yes,No,No,Yes,Yes,359.01,13034.14,36
S10888,C10888,Plus,Fiber,Yes,No,Yes,Yes,Yes,Yes,383.18,14230.69,37
S10889,C10889,Basic,DSL,Yes,Yes,No,No,Yes,No,196.05,2662.32,14
S10890,C10890,Basic,Fiber,Yes,Yes,No,No,No,No,239.9,6713.9,28
S10891,C10891,Basic,Fiber,Yes,Yes,No,Yes,Yes,No,209.63,9669.73,46
S10892,C10892,Basic,5G,Yes,Yes,No,Yes,No,Yes,269.04,9357.0,35
S10893,C10893,Business,Fiber,Yes,No,No,No,Yes,No,739.97,42122.19,57
S10894,C10894,Business,5G,Yes,Yes,No,No,Yes,No,873.32,39234.96,45
S10895,C10895,Plus,Fiber,Yes,Yes,Yes,Yes,Yes,Yes,438.56,19814.75,45
S10896,C10896,Ultra,DSL,Yes,Yes,Yes,No,No,Yes,507.5,25925.94,51
S10897,C10897,Basic,5G,Yes,Yes,Yes,Yes,Yes,No,265.1,11432.07,43
S10898,C10898,Business,DSL,No,No phone,Yes,No,Yes,Yes,787.33,31480.39,40
S10899,C10899,Plus,No Internet,Yes,No,No,No,Yes,No,376.39,7233.94,19
S10900,C10900,Basic,Fiber,Yes,Yes,No,No,No,No,251.12,8103.9,32
S10901,C10901,Plus,5G,Yes,Yes,Yes,No,Yes,Yes,382.17,17527.26,46
S10902,C10902,Basic,Fiber,Yes,Yes,No,Yes,No,No,220.96,11024.02,50
S10903,C10903,Ultra,Fiber,Yes,Yes,Yes,No,Yes,Yes,598.81,13714.49,23
S10904,C10904,Basic,5G,Yes,Yes,No,Yes,Yes,Yes,298.32,10931.19,37
S10905,C10905,Ultra,DSL,Yes,No,Yes,No,No,No,548.33,13812.18,25
S10906,C10906,Plus,DSL,Yes,Yes,Yes,No,No,No,322.15,7825.87,24
S10907,C10907,Basic,Fiber,Yes,No,Yes,No,Yes,No,209.11,4795.77,23
S10908,C10908,Ultra,Fiber,No,No phone,No,Yes,Yes,Yes,604.13,10875.34,18
S10909,C10909,Business,Fiber,Yes,No,No,No,Yes,Yes,794.22,36431.27,46
S10910,C10910,Basic,Fiber,Yes,Yes,Yes,Yes,No,Yes,249.32,6994.28,28
S10911,C10911,Plus,DSL,Yes,No,No,Yes,No,Yes,346.09,20733.07,60
S10912,C10912,Plus,DSL,Yes,Yes,Yes,No,No,No,342.94,7753.88,23
S10913,C10913,Plus,5G,No,No phone,No,No,Yes,Yes,423.0,8899.8,21
S10914,C10914,Basic,DSL,Yes,No,No,Yes,No,No,217.74,5432.26,25
S10915,C10915,Ultra,DSL,Yes,No,No,No,Yes,Yes,554.99,11685.65,21
S10916,C10916,Basic,Fiber,Yes,Yes,Yes,Yes,Yes,No,295.48,13320.07,45
S10917,C10917,Plus,Fiber,Yes,No,No,No,Yes,No,434.8,14350.15,33
S10918,C10918,Ultra,Fiber,Yes,Yes,Yes,Yes,No,No,600.25,30554.76,51
S10919,C10919,Ultra,DSL,Yes,No,No,Yes,No,Yes,543.14,24907.96,46
S10920,C10920,Plus,5G,Yes,Yes,Yes,No,Yes,Yes,374.82,17137.87,46
S10921,C10921,Basic,5G,Yes,Yes,No,Yes,No,Yes,287.83,5098.86,18
S10922,C10922,Plus,DSL,Yes,Yes,No,No,No,Yes,376.7,16572.38,44
S10923,C10923,Business,Fiber,Yes,No,No,Yes,Yes,Yes,766.9,12325.91,16
S10924,C10924,Ultra,Fiber,Yes,No,Yes,Yes,No,No,602.28,28290.81,47
S10925,C10925,Basic,No Internet,Yes,No,Yes,No,Yes,Yes,211.1,7875.96,37
S10926,C10926,Plus,5G,Yes,No,Yes,No,No,Yes,436.0,16050.49,37
S10927,C10927,Plus,5G,No,No phone,Yes,Yes,Yes,Yes,386.5,5380.11,14
S10928,C10928,Basic,Fiber,No,No phone,No,No,Yes,No,242.7,12343.55,50
S10929,C10929,Business,5G,Yes,No,Yes,Yes,Yes,No,861.49,35329.58,41
S10930,C10930,Plus,DSL,Yes,Yes,No,Yes,No,Yes,318.55,7416.87,23
S10931,C10931,Basic,Fiber,Yes,Yes,No,Yes,Yes,No,220.16,7411.43,34
S10932,C10932,Business,DSL,Yes,Yes,No,Yes,No,Yes,771.85,44862.79,58
S10933,C10933,Plus,Fiber,Yes,No,Yes,No,Yes,No,392.0,18043.54,46
S10934,C10934,Basic,DSL,Yes,No,Yes,Yes,Yes,Yes,179.16,8724.45,49
S10935,C10935,Basic,No Internet,Yes,No,No,No,No,No,204.8,8998.36,44
S10936,C10936,Business,DSL,No,No phone,Yes,Yes,Yes,No,760.7,29044.45,38
S10937,C10937,Basic,Fiber,Yes,No,No,Yes,Yes,No,211.93,3225.12,15
S10938,C10938,Ultra,DSL,Yes,Yes,Yes,Yes,Yes,No,543.88,14652.9,27
S10939,C10939,Ultra,DSL,Yes,No,No,Yes,No,No,523.79,10429.48,20
S10940,C10940,Plus,DSL,Yes,Yes,No,Yes,No,No,328.78,5279.22,16
S10941,C10941,Basic,Fiber,Yes,Yes,Yes,No,Yes,No,261.33,5187.06,20
S10942,C10942,Plus,Fiber,Yes,No,Yes,No,No,No,404.06,13023.17,32
S10943,C10943,Business,Fiber,Yes,Yes,No,Yes,Yes,No,804.48,34607.93,43
S10944,C10944,Basic,Fiber,Yes,No,No,Yes,Yes,Yes,255.16,6438.57,25
S10945,C10945,Business,No Internet,Yes,Yes,No,No,Yes,Yes,743.24,17855.18,24
S10946,C10946,Basic,No Internet,Yes,Yes,No,No,Yes,Yes,217.59,9785.32,45
S10947,C10947,Plus,DSL,Yes,Yes,No,Yes,No,Yes,330.96,8930.89,27
S10948,C10948,Ultra,Fiber,Yes,No,Yes,No,No,Yes,616.45,15996.08,26
S10949,C10949,Plus,DSL,Yes,No,No,No,No,Yes,376.63,13487.36,36
S10950,C10950,Plus,Fiber,Yes,No,No,No,No,No,363.73,17796.64,49
S10951,C10951,Plus,5G,Yes,No,Yes,Yes,Yes,Yes,422.31,15654.29,37
S10952,C10952,Basic,DSL,Yes,Yes,Yes,No,Yes,Yes,174.98,3781.15,22
S10953,C10953,Plus,Fiber,Yes,Yes,No,Yes,No,No,357.85,19095.9,54
S10954,C10954,Plus,5G,Yes,No,No,No,No,Yes,461.35,6009.38,13
S10955,C10955,Business,5G,Yes,No,No,Yes,No,Yes,823.93,33744.42,41
S10956,C10956,Ultra,Fiber,Yes,Yes,No,No,No,Yes,601.5,6079.82,10
S10957,C10957,Basic,DSL,Yes,No,No,Yes,No,Yes,218.13,2521.58,11
S10958,C10958,Plus,DSL,Yes,No,Yes,No,Yes,No,391.63,7760.44,20
S10959,C10959,Plus,DSL,Yes,Yes,No,No,Yes,Yes,331.14,14191.62,43
S10960,C10960,Basic,DSL,Yes,Yes,Yes,No,No,Yes,165.45,5326.32,32
S10961,C10961,Ultra,DSL,Yes,Yes,No,Yes,Yes,Yes,534.03,24134.2,45
S10962,C10962,Basic,DSL,Yes,Yes,Yes,Yes,No,Yes,183.54,7746.7,42
S10963,C10963,Basic,DSL,Yes,No,No,Yes,No,Yes,158.62,8453.62,53
S10964,C10964,Plus,No Internet,Yes,No,Yes,Yes,No,Yes,344.17,19014.15,55
S10965,C10965,Plus,5G,Yes,No,No,No,Yes,No,384.68,6384.73,17
S10966,C10966,Basic,DSL,Yes,No,No,No,Yes,Yes,213.26,7241.19,34
S10967,C10967,Business,DSL,Yes,Yes,No,No,Yes,No,737.86,39725.41,54
S10968,C10968,Basic,DSL,Yes,Yes,Yes,Yes,Yes,Yes,209.72,10182.37,49
S10969,C10969,Plus,DSL,Yes,Yes,No,Yes,Yes,Yes,318.22,10508.11,33
S10970,C10970,Ultra,Fiber,Yes,Yes,Yes,Yes,No,Yes,599.32,22237.49,37
S10971,C10971,Business,5G,Yes,No,Yes,No,No,Yes,854.12,11086.59,13
S10972,C10972,Ultra,DSL,Yes,Yes,Yes,Yes,No,No,511.55,13812.03,27
S10973,C10973,Ultra,DSL,Yes,Yes,No,Yes,No,Yes,508.57,7573.42,15
S10974,C10974,Basic,DSL,Yes,No,Yes,No,Yes,Yes,212.77,8178.95,38
S10975,C10975,Basic,DSL,Yes,No,No,No,Yes,Yes,212.23,10373.82,49
S10976,C10976,Basic,Fiber,Yes,No,No,No,Yes,No,237.34,8792.94,37
S10977,C10977,Basic,No Internet,No,No phone,Yes,No,Yes,No,162.88,8518.42,52
S10978,C10978,Basic,Fiber,Yes,Yes,No,No,No,No,235.63,8591.49,36
S10979,C10979,Plus,Fiber,Yes,Yes,Yes,Yes,Yes,Yes,401.24,5439.87,14
S10980,C10980,Ultra,5G,Yes,Yes,No,No,Yes,Yes,647.39,34288.9,53
S10981,C10981,Plus,Fiber,Yes,Yes,Yes,No,No,Yes,387.2,4530.89,12
S10982,C10982,Basic,5G,Yes,No,No,Yes,Yes,Yes,280.29,3568.46,13
S10983,C10983,Ultra,No Internet,Yes,Yes,Yes,No,No,Yes,540.14,25464.65,47
S10984,C10984,Ultra,Fiber,Yes,No,Yes,Yes,No,Yes,544.61,8247.38,15
S10985,C10985,Plus,Fiber,Yes,No,No,No,Yes,Yes,365.26,12161.74,33
S10986,C10986,Ultra,DSL,No,No phone,Yes,No,No,No,518.97,30791.96,59
S10987,C10987,Ultra,Fiber,Yes,No,No,Yes,Yes,Yes,590.49,29474.06,50
S10988,C10988,Basic,Fiber,No,No phone,Yes,Yes,Yes,No,240.5,12564.82,52
S10989,C10989,Ultra,DSL,Yes,Yes,No,Yes,Yes,No,528.49,29149.37,55
S10990,C10990,Ultra,Fiber,Yes,No,Yes,No,No,Yes,589.88,33713.78,57
S10991,C10991,Basic,No Internet,Yes,Yes,Yes,No,No,Yes,216.12,3837.78,18
S10992,C10992,Basic,Fiber,Yes,Yes,No,Yes,Yes,Yes,242.0,3897.67,16
S10993,C10993,Plus,DSL,Yes,No,No,Yes,No,Yes,358.08,16478.52,46
S10994,C10994,Plus,No Internet,Yes,No,No,No,No,Yes,316.78,6612.05,21
S10995,C10995,Ultra,No Internet,No,No phone,No,Yes,No,Yes,567.23,8527.5,15
S10996,C10996,Plus,Fiber,Yes,Yes,Yes,No,No,No,405.52,22680.95,56
S10997,C10997,Basic,Fiber,Yes,No,No,No,Yes,Yes,274.51,11077.14,40
S10998,C10998,Ultra,5G,Yes,Yes,No,Yes,Yes,Yes,670.97,16175.92,24
S10999,C10999,Plus,No Internet,No,No phone,No,Yes,No,Yes,395.25,22160.16,56
S11000,C11000,Ultra,DSL,Yes,Yes,No,Yes,No,No,581.32,9467.34,16
S11001,C11001,Business,Fiber,Yes,No,Yes,Yes,No,Yes,797.41,24705.92,31
S11002,C11002,Ultra,Fiber,Yes,Yes,No,No,Yes,No,631.95,31643.14,50
S11003,C11003,Ultra,DSL,Yes,Yes,No,No,No,No,577.45,13256.32,23
S11004,C11004,Plus,5G,Yes,No,No,No,No,No,422.8,25402.48,60
S11005,C11005,Plus,Fiber,Yes,Yes,Yes,Yes,Yes,Yes,398.6,10333.41,26
S11006,C11006,Business,DSL,Yes,Yes,No,Yes,No,No,731.68,29207.98,40
S11007,C11007,Plus,Fiber,Yes,No,Yes,No,No,Yes,424.45,6600.39,16
S11008,C11008,Plus,Fiber,Yes,Yes,Yes,No,No,Yes,334.7,13981.34,42
S11009,C11009,Ultra,Fiber,Yes,Yes,Yes,No,Yes,No,576.58,14899.72,26
S11010,C11010,Business,DSL,Yes,No,No,Yes,Yes,Yes,709.37,22706.47,32
S11011,C11011,Ultra,DSL,Yes,Yes,Yes,Yes,Yes,No,577.55,31878.16,55
S11012,C11012,Basic,DSL,No,No phone,No,No,No,Yes,191.83,5338.24,27
S11013,C11013,Basic,Fiber,No,No phone,No,No,Yes,Yes,204.91,11673.17,57
S11014,C11014,Ultra,Fiber,Yes,Yes,No,Yes,Yes,No,574.94,16083.66,28
S11015,C11015,Ultra,Fiber,Yes,Yes,No,Yes,Yes,Yes,623.65,20033.05,32
S11016,C11016,Ultra,Fiber,Yes,Yes,No,Yes,No,No,584.27,25067.07,43
S11017,C11017,Basic,5G,Yes,No,No,Yes,No,No,272.1,4267.17,16
S11018,C11018,Basic,Fiber,Yes,No,Yes,No,Yes,No,229.41,7760.81,34
S11019,C11019,Ultra,5G,Yes,No,Yes,No,Yes,Yes,621.66,14926.16,24
S11020,C11020,Basic,5G,No,No phone,No,Yes,No,Yes,294.58,7874.34,27
S11021,C11021,Ultra,5G,Yes,No,Yes,No,No,Yes,633.77,18892.86,30
S11022,C11022,Basic,5G,Yes,No,No,No,Yes,Yes,267.96,13941.14,52
S11023,C11023,Basic,Fiber,No,No phone,Yes,No,Yes,No,283.14,9346.37,33
S11024,C11024,Business,5G,Yes,Yes,Yes,Yes,Yes,No,883.69,29215.75,33
S11025,C11025,Ultra,5G,Yes,No,Yes,Yes,Yes,No,610.13,26069.8,43
S11026,C11026,Basic,Fiber,Yes,No,Yes,No,No,Yes,237.93,12939.12,54
S11027,C11027,Basic,Fiber,Yes,Yes,Yes,Yes,Yes,Yes,293.36,3757.89,13
S11028,C11028,Basic,5G,Yes,No,Yes,Yes,Yes,Yes,276.78,14731.55,53
S11029,C11029,Ultra,Fiber,Yes,No,No,Yes,No,No,605.88,32558.74,54
S11030,C11030,Ultra,Fiber,Yes,No,Yes,Yes,No,No,611.01,15233.57,25
S11031,C11031,Plus,DSL,Yes,No,Yes,Yes,Yes,Yes,341.15,12273.12,36
S11032,C11032,Ultra,Fiber,Yes,Yes,No,No,No,Yes,601.05,31465.53,52
S11033,C11033,Basic,No Internet,Yes,Yes,Yes,Yes,No,No,209.06,5052.28,24
S11034,C11034,Ultra,5G,No,No phone,No,No,Yes,Yes,570.1,11347.68,20
S11035,C11035,Ultra,5G,Yes,Yes,No,No,No,Yes,583.13,6321.84,11
S11036,C11036,Basic,5G,Yes,Yes,No,No,No,Yes,289.04,13361.34,46
S11037,C11037,Ultra,5G,Yes,Yes,Yes,No,No,Yes,620.37,32802.54,53
S11038,C11038,Ultra,Fiber,Yes,Yes,No,Yes,No,Yes,536.08,28846.8,54
S11039,C11039,Basic,DSL,Yes,No,Yes,No,Yes,Yes,176.01,5023.16,29
S11040,C11040,Ultra,DSL,Yes,No,Yes,Yes,Yes,No,534.19,11753.02,22
S11041,C11041,Business,Fiber,Yes,No,No,No,No,No,800.49,11240.36,14
S11042,C11042,Ultra,Fiber,Yes,No,Yes,No,No,Yes,591.66,30245.48,51
S11043,C11043,Plus,No Internet,Yes,Yes,No,No,No,No,296.34,10950.01,37
S11044,C11044,Ultra,No Internet,Yes,No,No,No,No,No,513.17,28784.32,56
S11045,C11045,Ultra,Fiber,Yes,Yes,No,Yes,No,Yes,625.81,9890.54,16
S11046,C11046,Basic,Fiber,Yes,No,Yes,No,No,Yes,217.29,3742.26,17
S11047,C11047,Basic,Fiber,No,No phone,Yes,No,Yes,Yes,268.66,7203.42,27
S11048,C11048,Plus,Fiber,Yes,No,Yes,No,No,No,363.84,17063.27,47
S11049,C11049,Ultra,Fiber,Yes,No,Yes,No,Yes,Yes,579.37,8740.76,15
S11050,C11050,Basic,Fiber,Yes,Yes,No,No,No,Yes,266.59,7153.23,27
S11051,C11051,Business,Fiber,Yes,No,No,No,Yes,Yes,796.39,13498.28,17
S11052,C11052,Plus,5G,Yes,No,No,No,No,Yes,433.16,21627.12,50
S11053,C11053,Basic,DSL,Yes,No,No,Yes,No,No,174.1,6824.78,39
S11054,C11054,Ultra,Fiber,Yes,Yes,No,Yes,Yes,Yes,596.46,13192.35,22
S11055,C11055,Plus,Fiber,Yes,Yes,No,No,No,Yes,399.45,12640.95,32
S11056,C11056,Business,DSL,Yes,Yes,Yes,No,Yes,No,793.65,45295.86,57
S11057,C11057,Plus,Fiber,Yes,Yes,No,No,Yes,Yes,397.16,7105.41,18
S11058,C11058,Plus,DSL,Yes,No,No,No,Yes,No,346.56,14492.79,42
S11059,C11059,Ultra,Fiber,No,No phone,Yes,No,Yes,No,608.03,29921.48,49
S11060,C11060,Plus,DSL,No,No phone,Yes,Yes,No,Yes,338.93,11164.48,33
S11061,C11061,Basic,Fiber,Yes,Yes,Yes,Yes,No,Yes,267.43,5615.88,21
S11062,C11062,Basic,5G,Yes,No,No,No,No,No,271.35,8577.1,32
S11063,C11063,Ultra,DSL,Yes,Yes,Yes,Yes,Yes,Yes,535.81,11306.6,21
S11064,C11064,Basic,No Internet,Yes,Yes,Yes,No,No,No,195.1,7185.9,37
S11065,C11065,Plus,DSL,Yes,Yes,No,No,No,Yes,342.28,9592.46,28
S11066,C11066,Basic,No Internet,Yes,No,No,No,No,Yes,216.09,11402.87,52
S11067,C11067,Plus,5G,Yes,Yes,Yes,No,No,No,431.99,10060.83,24
S11068,C11068,Ultra,Fiber,Yes,Yes,Yes,No,No,Yes,586.49,32779.32,56
S11069,C11069,Plus,Fiber,Yes,Yes,No,Yes,No,No,368.83,11482.71,31
S11070,C11070,Plus,No Internet,Yes,No,Yes,No,No,No,293.06,16145.75,55
S11071,C11071,Plus,No Internet,Yes,Yes,No,Yes,Yes,Yes,336.04,14386.76,43
S11072,C11072,Plus,Fiber,Yes,Yes,Yes,Yes,Yes,Yes,367.33,12141.08,33
S11073,C11073,Basic,No Internet,Yes,Yes,Yes,No,Yes,Yes,148.81,4446.64,30
S11074,C11074,Plus,DSL,Yes,Yes,No,No,Yes,Yes,298.69,8739.37,29
S11075,C11075,Plus,DSL,Yes,No,No,No,No,Yes,351.24,18689.4,53
S11076,C11076,Plus,5G,Yes,Yes,No,Yes,No,Yes,419.18,17361.24,41
S11077,C11077,Basic,5G,Yes,No,Yes,Yes,No,No,288.38,17014.93,59
S11078,C11078,Business,5G,Yes,No,Yes,Yes,Yes,Yes,788.88,7053.6,9
S11079,C11079,Basic,No Internet,Yes,No,No,Yes,No,No,199.71,4466.75,22
S11080,C11080,Business,Fiber,Yes,No,No,Yes,Yes,No,850.4,35639.61,42
S11081,C11081,Business,DSL,Yes,No,Yes,Yes,No,Yes,769.74,30775.69,40
S11082,C11082,Basic,DSL,Yes,Yes,Yes,No,No,Yes,162.37,3626.54,23
S11083,C11083,Ultra,DSL,Yes,No,Yes,No,Yes,Yes,530.0,28360.19,53
S11084,C11084,Business,5G,Yes,No,No,Yes,No,No,849.77,47502.63,56
S11085,C11085,Ultra,5G,Yes,Yes,No,No,No,No,584.37,27474.59,47
S11086,C11086,Ultra,No Internet,Yes,No,Yes,Yes,Yes,Yes,568.04,21035.81,37
S11087,C11087,Plus,5G,No,No phone,No,Yes,Yes,Yes,416.72,23294.83,56
S11088,C11088,Basic,DSL,No,No phone,No,No,Yes,No,195.27,7218.08,37
S11089,C11089,Business,Fiber,Yes,Yes,Yes,Yes,Yes,Yes,805.11,20194.67,25
S11090,C11090,Ultra,Fiber,Yes,No,Yes,No,Yes,Yes,581.23,26218.77,45
S11091,C11091,Ultra,Fiber,Yes,Yes,No,Yes,Yes,No,626.45,24388.98,39
S11092,C11092,Basic,DSL,Yes,Yes,No,Yes,Yes,No,171.9,5702.94,33
S11093,C11093,Basic,No Internet,No,No phone,No,No,Yes,No,219.54,7614.76,35
S11094,C11094,Plus,5G,Yes,Yes,Yes,No,No,Yes,402.08,12574.44,31
S11095,C11095,Ultra,No Internet,Yes,No,Yes,Yes,No,Yes,446.42,16883.63,38
S11096,C11096,Basic,5G,No,No phone,No,Yes,Yes,Yes,293.79,9319.38,32
S11097,C11097,Basic,5G,Yes,Yes,No,Yes,Yes,Yes,222.34,3105.69,14
S11098,C11098,Basic,Fiber,Yes,No,No,Yes,Yes,No,260.12,7718.71,29
S11099,C11099,Plus,DSL,Yes,Yes,Yes,No,No,Yes,345.69,18133.81,52
S11100,C11100,Basic,Fiber,Yes,Yes,Yes,No,Yes,Yes,235.32,3141.77,13
S11101,C11101,Ultra,Fiber,Yes,No,No,No,No,Yes,588.0,21698.27,37
S11102,C11102,Basic,No Internet,Yes,No,Yes,Yes,No,Yes,220.79,7129.13,32
S11103,C11103,Basic,Fiber,No,No phone,Yes,No,Yes,Yes,307.79,9797.99,32
S11104,C11104,Ultra,5G,No,No phone,No,Yes,No,Yes,587.43,23713.07,40
S11105,C11105,Ultra,No Internet,Yes,No,No,No,No,No,518.73,8368.79,16
S11106,C11106,Plus,Fiber,Yes,No,No,Yes,No,Yes,375.31,15454.96,41
S11107,C11107,Ultra,Fiber,Yes,Yes,Yes,Yes,No,No,567.68,19707.98,35
S11108,C11108,Basic,Fiber,Yes,Yes,Yes,No,Yes,Yes,305.19,12033.72,39
S11109,C11109,Basic,DSL,Yes,Yes,Yes,No,No,Yes,241.57,14239.82,59
S11110,C11110,Plus,DSL,No,No phone,Yes,No,No,Yes,321.41,7061.03,22
S11111,C11111,Basic,DSL,Yes,No,No,No,No,No,228.58,10983.85,48
S11112,C11112,Basic,Fiber,Yes,Yes,No,Yes,Yes,No,265.78,14117.39,53
S11113,C11113,Basic,5G,Yes,Yes,Yes,Yes,No,Yes,256.18,13333.26,52
S11114,C11114,Basic,DSL,No,No phone,No,Yes,Yes,No,202.18,6872.84,34
S11115,C11115,Business,Fiber,Yes,Yes,Yes,No,No,No,776.74,38677.8,50
S11116,C11116,Ultra,Fiber,Yes,Yes,Yes,Yes,Yes,Yes,570.59,28554.79,50
S11117,C11117,Plus,Fiber,Yes,No,No,No,No,Yes,432.1,21916.52,51
S11118,C11118,Basic,DSL,Yes,Yes,No,No,Yes,No,210.72,11019.08,52
S11119,C11119,Basic,DSL,No,No phone,No,No,No,Yes,203.89,4073.26,20
S11120,C11120,Basic,5G,No,No phone,No,Yes,Yes,No,255.89,8908.73,35
S11121,C11121,Ultra,DSL,Yes,Yes,No,Yes,No,No,526.42,25162.27,48
S11122,C11122,Ultra,5G,Yes,Yes,No,Yes,Yes,Yes,651.94,37188.71,57
S11123,C11123,Plus,5G,Yes,No,No,No,No,Yes,419.57,15654.2,37
S11124,C11124,Plus,DSL,Yes,No,No,Yes,No,No,330.35,14131.79,43
S11125,C11125,Plus,5G,Yes,Yes,Yes,Yes,Yes,No,348.98,16038.34,46
S11126,C11126,Basic,Fiber,Yes,Yes,Yes,No,No,Yes,225.89,7380.11,33
S11127,C11127,Business,Fiber,Yes,No,Yes,No,Yes,No,815.77,35902.02,44
S11128,C11128,Basic,Fiber,Yes,No,Yes,No,No,No,242.32,7611.35,31
S11129,C11129,Ultra,No Internet,No,No phone,Yes,Yes,Yes,No,503.54,29839.27,59
S11130,C11130,Ultra,5G,Yes,Yes,No,No,Yes,Yes,595.27,24305.8,41
S11131,C11131,Basic,5G,Yes,Yes,No,No,No,Yes,287.07,9025.1,31
S11132,C11132,Basic,Fiber,Yes,Yes,No,Yes,No,Yes,239.07,12264.23,51
S11133,C11133,Business,5G,Yes,Yes,No,Yes,No,No,844.22,15250.07,18
S11134,C11134,Plus,DSL,Yes,Yes,Yes,Yes,Yes,No,325.85,7913.6,24
S11135,C11135,Ultra,DSL,No,No phone,No,Yes,Yes,Yes,535.77,21538.99,40
S11136,C11136,Basic,DSL,Yes,No,Yes,No,Yes,No,231.3,1945.22,9
S11137,C11137,Basic,Fiber,No,No phone,Yes,No,Yes,No,258.98,11383.4,44
S11138,C11138,Plus,DSL,Yes,Yes,Yes,Yes,Yes,Yes,293.55,10588.66,36
S11139,C11139,Basic,5G,Yes,Yes,No,Yes,No,Yes,277.38,15250.72,55
S11140,C11140,Basic,5G,No,No phone,Yes,Yes,No,Yes,276.25,7970.44,29
S11141,C11141,Plus,Fiber,Yes,Yes,No,No,Yes,No,403.59,11252.66,28
S11142,C11142,Ultra,No Internet,Yes,Yes,No,No,Yes,No,555.34,29430.42,53
S11143,C11143,Business,Fiber,Yes,Yes,Yes,No,No,No,807.36,37803.56,47
S11144,C11144,Basic,5G,No,No phone,Yes,No,No,Yes,270.84,6223.02,23
S11145,C11145,Plus,Fiber,Yes,Yes,Yes,Yes,Yes,No,398.53,17512.27,44
S11146,C11146,Plus,DSL,Yes,No,Yes,Yes,No,No,323.94,15888.66,49
S11147,C11147,Plus,Fiber,Yes,Yes,No,No,Yes,No,412.77,21400.39,52
S11148,C11148,Ultra,Fiber,Yes,No,No,No,No,No,594.09,26035.04,44
S11149,C11149,Ultra,Fiber,Yes,No,No,No,No,Yes,578.72,21465.87,37
S11150,C11150,Ultra,5G,Yes,Yes,Yes,No,No,Yes,590.34,30133.93,51
S11151,C11151,Ultra,Fiber,Yes,Yes,No,Yes,Yes,Yes,611.35,25605.84,42
S11152,C11152,Basic,5G,Yes,Yes,No,No,No,No,242.47,4180.56,17
S11153,C11153,Plus,Fiber,Yes,No,No,No,Yes,No,380.58,14392.89,38
S11154,C11154,Basic,No Internet,No,No phone,Yes,Yes,Yes,Yes,161.24,6437.88,41
S11155,C11155,Basic,Fiber,Yes,No,Yes,Yes,Yes,Yes,212.38,12609.51,59
S11156,C11156,Plus,5G,Yes,No,No,Yes,Yes,Yes,425.09,14990.27,35
S11157,C11157,Plus,Fiber,Yes,Yes,Yes,No,Yes,Yes,365.85,4384.15,12
S11158,C11158,Ultra,Fiber,Yes,No,Yes,No,No,Yes,583.54,22710.5,39
S11159,C11159,Plus,Fiber,Yes,No,Yes,No,No,No,385.57,14278.29,37
S11160,C11160,Basic,5G,Yes,Yes,No,No,No,Yes,325.36,9652.98,30
S11161,C11161,Basic,Fiber,No,No phone,Yes,No,Yes,No,239.19,10916.57,45
S11162,C11162,Business,Fiber,Yes,No,No,Yes,No,Yes,879.59,40521.71,46
S11163,C11163,Plus,Fiber,Yes,No,Yes,Yes,Yes,Yes,375.38,17688.55,47
S11164,C11164,Ultra,Fiber,Yes,No,No,Yes,Yes,Yes,611.67,31117.49,51
S11165,C11165,Plus,DSL,Yes,No,No,Yes,Yes,No,306.12,6655.64,22
S11166,C11166,Ultra,5G,Yes,Yes,Yes,Yes,Yes,Yes,643.39,13607.91,21
S11167,C11167,Basic,Fiber,Yes,Yes,No,Yes,Yes,No,266.6,10331.24,38
S11168,C11168,Plus,5G,Yes,No,Yes,No,Yes,No,477.38,21938.43,46
S11169,C11169,Business,DSL,Yes,No,No,No,No,No,762.36,11519.26,15
S11170,C11170,Basic,No Internet,No,No phone,Yes,No,No,Yes,164.99,4832.19,29
S11171,C11171,Plus,No Internet,Yes,Yes,No,No,No,Yes,354.62,13849.21,39
S11172,C11172,Basic,DSL,Yes,No,No,No,No,Yes,169.19,8647.23,51
S11173,C11173,Basic,No Internet,Yes,No,Yes,No,Yes,Yes,232.21,7147.77,31
S11174,C11174,Business,DSL,Yes,No,No,No,Yes,No,764.16,16827.68,22
S11175,C11175,Ultra,Fiber,Yes,No,No,Yes,Yes,No,554.6,17607.62,32
S11176,C11176,Basic,5G,Yes,No,No,No,Yes,No,281.9,14393.85,51
S11177,C11177,Basic,5G,Yes,No,Yes,No,Yes,No,258.86,5624.36,22
S11178,C11178,Basic,5G,No,No phone,Yes,No,No,No,282.0,11954.66,42
S11179,C11179,Basic,5G,Yes,No,Yes,Yes,Yes,No,307.75,17592.83,57
S11180,C11180,Plus,Fiber,Yes,No,No,Yes,No,No,408.3,11484.09,28
S11181,C11181,Ultra,5G,Yes,Yes,Yes,No,Yes,Yes,575.95,24135.19,42
S11182,C11182,Business,5G,Yes,Yes,Yes,No,Yes,No,841.52,42230.1,50
S11183,C11183,Plus,DSL,Yes,No,No,No,Yes,Yes,349.47,18487.1,53
S11184,C11184,Business,5G,Yes,No,Yes,Yes,Yes,Yes,806.77,24950.48,31
S11185,C11185,Business,Fiber,Yes,Yes,Yes,Yes,No,No,810.19,13848.67,17
S11186,C11186,Basic,Fiber,Yes,No,No,Yes,No,Yes,231.19,13812.07,59
S11187,C11187,Plus,5G,Yes,Yes,Yes,Yes,Yes,No,459.08,25217.3,55
S11188,C11188,Plus,DSL,Yes,Yes,Yes,No,Yes,No,363.2,5827.88,16
S11189,C11189,Plus,5G,Yes,No,Yes,No,No,Yes,410.46,9128.56,22
S11190,C11190,Ultra,5G,No,No phone,Yes,No,Yes,No,641.15,36407.77,57
S11191,C11191,Ultra,Fiber,Yes,No,Yes,Yes,Yes,Yes,590.28,25414.87,43
S11192,C11192,Basic,Fiber,Yes,Yes,No,Yes,No,Yes,236.38,8542.15,36
S11193,C11193,Plus,DSL,Yes,No,No,Yes,Yes,Yes,295.33,9860.76,34
S11194,C11194,Basic,DSL,Yes,Yes,No,Yes,No,Yes,184.35,3084.5,17
S11195,C11195,Plus,5G,Yes,No,Yes,No,No,Yes,425.74,9345.01,22
S11196,C11196,Business,5G,No,No phone,No,No,No,Yes,886.6,31746.29,36
S11197,C11197,Basic,Fiber,Yes,No,No,No,Yes,No,234.77,10681.04,45
S11198,C11198,Basic,DSL,Yes,No,Yes,No,No,Yes,248.4,4730.47,19
S11199,C11199,Ultra,DSL,Yes,Yes,No,No,No,Yes,515.05,22627.3,44
S11200,C11200,Basic,Fiber,Yes,No,No,Yes,No,No,213.29,11971.87,56
S11201,C11201,Basic,5G,Yes,Yes,No,No,Yes,No,250.95,6982.53,27
S11202,C11202,Plus,Fiber,Yes,Yes,No,Yes,Yes,Yes,415.33,23349.5,56
S11203,C11203,Basic,Fiber,Yes,Yes,No,No,No,Yes,283.81,14841.21,53
S11204,C11204,Basic,DSL,No,No phone,No,Yes,No,Yes,188.52,10603.66,56
S11205,C11205,Business,5G,Yes,Yes,Yes,No,No,Yes,855.83,47925.52,56
S11206,C11206,Ultra,5G,Yes,Yes,Yes,Yes,No,Yes,572.57,18952.93,33
S11207,C11207,Plus,Fiber,Yes,Yes,Yes,No,Yes,Yes,439.61,21038.08,48
S11208,C11208,Basic,5G,Yes,Yes,Yes,No,No,No,262.91,11663.28,44
S11209,C11209,Plus,DSL,Yes,No,Yes,Yes,Yes,No,325.28,5502.6,17
S11210,C11210,Basic,DSL,Yes,Yes,Yes,No,Yes,No,196.17,8576.72,44
S11211,C11211,Ultra,Fiber,Yes,Yes,No,No,Yes,Yes,592.79,11977.03,20
S11212,C11212,Plus,DSL,Yes,Yes,No,Yes,Yes,No,292.19,11009.8,38
S11213,C11213,Plus,DSL,Yes,Yes,No,Yes,No,Yes,311.61,14374.8,46
S11214,C11214,Business,Fiber,Yes,No,Yes,No,Yes,Yes,850.43,23750.41,28
S11215,C11215,Plus,DSL,Yes,Yes,Yes,No,No,Yes,344.62,19663.52,57
S11216,C11216,Basic,Fiber,Yes,No,No,No,Yes,Yes,204.93,6335.18,31
S11217,C11217,Ultra,DSL,No,No phone,Yes,Yes,No,No,491.87,9258.43,19
S11218,C11218,Ultra,Fiber,Yes,No,Yes,No,Yes,Yes,614.07,11656.31,19
S11219,C11219,Basic,Fiber,Yes,No,Yes,No,Yes,Yes,230.64,6890.73,30
S11220,C11220,Business,No Internet,Yes,No,No,Yes,No,No,771.71,35508.77,46
S11221,C11221,Business,No Internet,Yes,No,No,No,Yes,No,735.02,18439.21,25
S11222,C11222,Plus,5G,Yes,Yes,No,Yes,Yes,Yes,421.88,21162.77,50
S11223,C11223,Basic,DSL,Yes,Yes,No,Yes,Yes,No,162.83,8823.62,54
S11224,C11224,Basic,DSL,No,No phone,Yes,No,No,No,208.02,9070.43,43
S11225,C11225,Plus,5G,Yes,No,Yes,No,Yes,No,459.84,5950.54,13
S11226,C11226,Basic,Fiber,Yes,Yes,Yes,No,No,Yes,245.19,14747.05,60
S11227,C11227,Plus,5G,Yes,No,Yes,No,Yes,Yes,389.88,11606.47,30
S11228,C11228,Plus,Fiber,Yes,Yes,No,Yes,Yes,Yes,357.82,17957.5,50
S11229,C11229,Ultra,5G,Yes,Yes,Yes,Yes,Yes,Yes,638.18,37562.93,59
S11230,C11230,Basic,Fiber,Yes,Yes,No,No,Yes,Yes,290.93,7866.88,27
S11231,C11231,Plus,5G,No,No phone,No,Yes,Yes,No,435.04,7438.11,17
S11232,C11232,Plus,Fiber,Yes,Yes,No,Yes,No,No,379.14,21304.3,56
S11233,C11233,Business,Fiber,Yes,Yes,Yes,No,No,No,795.0,32586.7,41
S11234,C11234,Plus,Fiber,Yes,No,No,Yes,Yes,Yes,439.8,18424.58,42
S11235,C11235,Basic,DSL,Yes,No,Yes,Yes,Yes,Yes,215.95,2946.89,13
S11236,C11236,Basic,Fiber,No,No phone,Yes,No,No,No,245.12,3709.53,15
S11237,C11237,Basic,5G,Yes,Yes,No,No,Yes,No,268.15,8840.0,33
S11238,C11238,Plus,Fiber,Yes,No,No,Yes,Yes,Yes,370.8,18884.53,51
S11239,C11239,Plus,DSL,Yes,No,No,No,Yes,Yes,334.17,20101.74,60
S11240,C11240,Ultra,No Internet,Yes,Yes,No,No,Yes,No,553.08,12103.71,22
S11241,C11241,Basic,DSL,Yes,Yes,Yes,Yes,No,No,184.8,6490.2,35
S11242,C11242,Plus,5G,Yes,Yes,No,No,Yes,Yes,406.54,19483.73,48
S11243,C11243,Ultra,Fiber,Yes,Yes,Yes,No,No,Yes,622.67,13109.12,21
S11244,C11244,Basic,DSL,Yes,Yes,Yes,No,Yes,No,168.72,9437.86,56
S11245,C11245,Ultra,DSL,No,No phone,Yes,No,No,Yes,492.99,24523.95,50
S11246,C11246,Basic,5G,No,No phone,Yes,Yes,No,No,295.18,10312.16,35
S11247,C11247,Plus,5G,Yes,Yes,No,No,No,Yes,372.94,7771.63,21
S11248,C11248,Basic,Fiber,No,No phone,Yes,Yes,No,Yes,243.28,5422.95,22
S11249,C11249,Ultra,Fiber,Yes,No,No,No,Yes,Yes,582.65,28541.9,49
S11250,C11250,Plus,Fiber,Yes,No,No,No,Yes,No,331.14,3948.85,12
S11251,C11251,Basic,Fiber,No,No phone,Yes,Yes,No,Yes,273.51,4425.69,16
S11252,C11252,Ultra,Fiber,Yes,No,No,No,No,Yes,563.6,15882.34,28
S11253,C11253,Plus,No Internet,Yes,Yes,No,No,Yes,No,327.35,6887.42,21
S11254,C11254,Ultra,No Internet,Yes,Yes,No,No,No,No,564.29,8925.02,16
S11255,C11255,Plus,5G,Yes,No,Yes,Yes,Yes,Yes,424.47,22067.29,52
S11256,C11256,Ultra,5G,Yes,No,Yes,No,No,Yes,655.39,30818.33,47
S11257,C11257,Basic,DSL,Yes,Yes,No,No,Yes,No,199.5,8747.99,44
S11258,C11258,Basic,DSL,No,No phone,No,Yes,Yes,Yes,180.3,8526.65,47
S11259,C11259,Business,Fiber,Yes,No,No,Yes,Yes,Yes,795.57,13497.22,17
S11260,C11260,Plus,5G,Yes,No,No,Yes,No,No,438.93,12276.32,28
S11261,C11261,Plus,DSL,Yes,Yes,No,Yes,Yes,No,343.9,7316.58,21
S11262,C11262,Ultra,DSL,Yes,No,Yes,Yes,Yes,Yes,509.9,20414.02,40
S11263,C11263,Basic,5G,Yes,Yes,Yes,Yes,No,Yes,262.52,12917.82,49
S11264,C11264,Basic,5G,No,No phone,No,No,No,Yes,217.13,12342.5,57
S11265,C11265,Ultra,DSL,No,No phone,No,Yes,Yes,Yes,533.1,12701.71,24
S11266,C11266,Ultra,Fiber,Yes,Yes,No,No,Yes,No,587.15,17099.16,29
S11267,C11267,Plus,Fiber,Yes,No,Yes,Yes,No,No,409.69,14273.88,35
S11268,C11268,Plus,DSL,Yes,No,No,No,No,Yes,332.42,13347.61,40
S11269,C11269,Plus,DSL,Yes,Yes,Yes,Yes,Yes,Yes,289.65,15861.4,55
S11270,C11270,Plus,No Internet,Yes,Yes,No,Yes,Yes,Yes,332.18,6704.98,20
S11271,C11271,Ultra,DSL,Yes,No,No,No,No,Yes,548.27,22485.86,41
S11272,C11272,Business,No Internet,Yes,Yes,Yes,Yes,Yes,Yes,757.82,25013.32,33
S11273,C11273,Basic,5G,Yes,Yes,No,No,No,No,272.03,9015.76,33
S11274,C11274,Business,5G,Yes,No,Yes,No,Yes,No,869.52,38366.3,44
S11275,C11275,Plus,DSL,Yes,Yes,Yes,Yes,No,No,323.78,7193.85,22
S11276,C11276,Ultra,Fiber,Yes,No,No,No,No,Yes,552.96,10533.11,19
S11277,C11277,Basic,DSL,No,No phone,Yes,No,Yes,Yes,148.87,5775.3,39
S11278,C11278,Basic,No Internet,Yes,No,No,Yes,Yes,Yes,187.83,4771.24,25
S11279,C11279,Ultra,5G,Yes,Yes,No,Yes,Yes,Yes,629.52,34579.92,55
S11280,C11280,Basic,DSL,No,No phone,Yes,No,Yes,Yes,235.5,6876.87,29
S11281,C11281,Ultra,Fiber,Yes,No,Yes,Yes,Yes,Yes,597.99,17336.09,29
S11282,C11282,Plus,5G,Yes,Yes,Yes,Yes,Yes,Yes,440.88,6553.88,15
S11283,C11283,Plus,DSL,No,No phone,No,No,Yes,Yes,343.04,17112.04,50
S11284,C11284,Ultra,DSL,No,No phone,No,No,No,No,586.73,35143.46,60
S11285,C11285,Plus,Fiber,Yes,Yes,Yes,No,Yes,No,349.96,16436.08,47
S11286,C11286,Ultra,DSL,Yes,Yes,Yes,Yes,Yes,No,525.2,15766.61,30
S11287,C11287,Ultra,DSL,Yes,Yes,No,No,No,No,494.63,8432.38,17
S11288,C11288,Plus,5G,Yes,Yes,No,Yes,Yes,No,399.35,8253.78,21
S11289,C11289,Plus,5G,Yes,No,No,Yes,No,No,441.8,23879.44,54
S11290,C11290,Basic,5G,No,No phone,Yes,Yes,No,Yes,271.11,6397.35,24
S11291,C11291,Ultra,DSL,Yes,Yes,Yes,Yes,Yes,Yes,522.05,18130.3,35
S11292,C11292,Plus,DSL,Yes,No,No,No,No,No,331.58,5278.64,16
S11293,C11293,Plus,5G,Yes,No,No,No,Yes,No,379.39,19394.21,51
S11294,C11294,Basic,Fiber,Yes,Yes,No,Yes,No,Yes,206.09,6153.0,30
S11295,C11295,Plus,DSL,Yes,Yes,No,Yes,Yes,No,330.33,10379.27,31
S11296,C11296,Plus,Fiber,Yes,Yes,Yes,No,No,No,388.47,22909.46,59
S11297,C11297,Plus,No Internet,Yes,Yes,No,Yes,Yes,No,333.41,5643.79,17
S11298,C11298,Basic,No Internet,No,No phone,No,No,Yes,Yes,156.6,2576.13,17
S11299,C11299,Business,No Internet,Yes,Yes,Yes,Yes,No,No,821.14,42741.71,52
S11300,C11300,Plus,DSL,Yes,No,Yes,Yes,Yes,Yes,293.56,4746.83,16
S11301,C11301,Plus,DSL,No,No phone,Yes,Yes,No,Yes,325.35,18792.17,58
S11302,C11302,Plus,Fiber,Yes,No,No,Yes,No,Yes,389.4,16293.55,42
S11303,C11303,Plus,DSL,Yes,Yes,No,No,Yes,No,281.56,11870.7,42
S11304,C11304,Business,Fiber,Yes,No,Yes,Yes,No,No,808.01,44374.92,55
S11305,C11305,Business,Fiber,Yes,Yes,No,Yes,Yes,No,817.05,44108.47,54
S11306,C11306,Basic,Fiber,No,No phone,No,Yes,No,No,304.07,12426.25,41
S11307,C11307,Plus,Fiber,Yes,No,No,Yes,Yes,No,420.65,15698.72,37
S11308,C11308,Plus,Fiber,Yes,Yes,Yes,Yes,Yes,Yes,352.81,4929.43,14
S11309,C11309,Business,No Internet,Yes,No,Yes,Yes,Yes,Yes,786.07,22687.93,29
S11310,C11310,Business,No Internet,Yes,Yes,Yes,Yes,Yes,Yes,724.89,18132.4,25
S11311,C11311,Ultra,DSL,Yes,Yes,No,Yes,No,No,544.42,27222.79,50
S11312,C11312,Plus,5G,Yes,No,Yes,Yes,Yes,No,445.67,20942.59,47
S11313,C11313,Ultra,Fiber,Yes,Yes,Yes,No,No,Yes,636.02,17210.65,27
S11314,C11314,Plus,5G,Yes,No,Yes,No,No,Yes,445.38,18853.31,42
S11315,C11315,Ultra,DSL,Yes,No,Yes,Yes,Yes,Yes,548.68,28452.32,52
S11316,C11316,Plus,DSL,No,No phone,No,No,No,No,315.02,6000.17,19
S11317,C11317,Plus,Fiber,Yes,No,No,No,No,Yes,394.0,15385.01,39
S11318,C11318,Basic,DSL,Yes,Yes,Yes,Yes,No,No,176.54,8077.13,46
S11319,C11319,Business,5G,Yes,Yes,No,No,No,Yes,866.27,11168.47,13
S11320,C11320,Basic,Fiber,No,No phone,No,No,No,Yes,263.83,11848.36,45
S11321,C11321,Basic,5G,Yes,No,Yes,No,Yes,No,266.51,8815.37,33
S11322,C11322,Basic,DSL,No,No phone,No,Yes,Yes,No,196.68,2629.92,14
S11323,C11323,Business,Fiber,Yes,Yes,Yes,No,No,Yes,817.41,48269.89,59
S11324,C11324,Plus,Fiber,Yes,Yes,Yes,No,Yes,Yes,390.22,16117.38,41
S11325,C11325,Ultra,Fiber,No,No phone,Yes,No,Yes,No,633.22,16529.12,26
S11326,C11326,Basic,Fiber,Yes,No,Yes,Yes,Yes,No,267.68,14182.94,53
S11327,C11327,Basic,Fiber,Yes,Yes,No,Yes,No,No,254.42,6590.34,26
S11328,C11328,Ultra,Fiber,Yes,No,No,Yes,No,Yes,577.53,25477.43,44
S11329,C11329,Ultra,5G,Yes,No,No,No,Yes,No,671.67,23454.18,35
S11330,C11330,Basic,Fiber,No,No phone,No,Yes,No,No,298.11,5628.49,19
S11331,C11331,Ultra,5G,Yes,Yes,No,No,Yes,Yes,632.3,34131.83,54
S11332,C11332,Plus,No Internet,Yes,Yes,Yes,No,No,Yes,339.52,6798.53,20
S11333,C11333,Basic,Fiber,Yes,Yes,Yes,Yes,No,No,299.71,16129.54,54
S11334,C11334,Ultra,Fiber,Yes,No,Yes,No,Yes,No,599.14,30642.01,51
S11335,C11335,Business,No Internet,Yes,No,No,Yes,No,No,721.44,39666.77,55
S11336,C11336,Basic,Fiber,No,No phone,No,No,No,No,234.93,3602.35,15
S11337,C11337,Basic,Fiber,Yes,Yes,No,Yes,Yes,Yes,268.7,12656.24,47
S11338,C11338,Business,5G,Yes,No,Yes,No,Yes,No,796.98,22327.34,28
S11339,C11339,Basic,Fiber,Yes,Yes,No,No,Yes,No,235.58,13763.17,59
S11340,C11340,Ultra,DSL,Yes,Yes,Yes,Yes,Yes,Yes,535.14,23599.43,44
S11341,C11341,Ultra,5G,Yes,Yes,Yes,No,Yes,No,670.2,22703.95,34
S11342,C11342,Basic,DSL,Yes,Yes,Yes,No,No,No,201.18,5487.43,27
S11343,C11343,Basic,Fiber,No,No phone,No,No,Yes,No,266.79,6960.16,26
S11344,C11344,Business,DSL,Yes,Yes,Yes,Yes,No,No,769.7,9986.94,13
S11345,C11345,Ultra,Fiber,Yes,No,Yes,Yes,No,Yes,550.51,12659.38,23
S11346,C11346,Plus,Fiber,Yes,No,No,No,Yes,No,400.83,13735.98,34
S11347,C11347,Ultra,DSL,Yes,No,No,Yes,Yes,No,539.81,17831.07,33
S11348,C11348,Plus,DSL,Yes,No,No,No,No,Yes,330.08,4475.07,14
S11349,C11349,Business,DSL,Yes,Yes,No,Yes,Yes,Yes,712.89,28617.86,40
S11350,C11350,Ultra,5G,Yes,No,Yes,No,Yes,Yes,625.17,9449.29,15
S11351,C11351,Ultra,Fiber,Yes,No,Yes,No,No,Yes,571.78,25724.43,45
S11352,C11352,Plus,Fiber,Yes,Yes,No,No,Yes,Yes,336.39,7008.97,21
S11353,C11353,Plus,DSL,No,No phone,Yes,No,Yes,No,337.13,9321.06,28
S11354,C11354,Ultra,Fiber,Yes,No,No,Yes,No,No,577.45,27143.15,47
S11355,C11355,Plus,DSL,Yes,Yes,No,Yes,No,Yes,320.3,5481.61,17
S11356,C11356,Plus,Fiber,Yes,No,Yes,Yes,Yes,Yes,357.59,20428.51,57
S11357,C11357,Basic,Fiber,Yes,Yes,No,Yes,No,No,278.12,7304.96,26
S11358,C11358,Ultra,Fiber,Yes,No,No,No,Yes,Yes,540.06,17401.13,32
S11359,C11359,Plus,DSL,No,No phone,Yes,Yes,Yes,No,358.57,18977.35,53
S11360,C11360,Plus,DSL,No,No phone,Yes,Yes,Yes,Yes,293.36,11893.06,41
S11361,C11361,Basic,DSL,Yes,Yes,No,Yes,No,Yes,240.14,10074.55,42
S11362,C11362,Plus,Fiber,No,No phone,Yes,No,No,Yes,414.39,20687.17,50
S11363,C11363,Business,DSL,Yes,Yes,Yes,Yes,No,No,819.8,16385.51,20
S11364,C11364,Ultra,No Internet,Yes,No,Yes,Yes,Yes,No,537.43,22006.83,41
S11365,C11365,Basic,No Internet,No,No phone,Yes,Yes,No,No,212.03,5186.04,24
S11366,C11366,Ultra,Fiber,Yes,No,No,No,No,No,568.43,19796.69,35
S11367,C11367,Plus,DSL,Yes,Yes,No,No,No,No,307.5,4585.21,15
S11368,C11368,Basic,DSL,Yes,No,Yes,Yes,Yes,No,218.33,10590.09,48
S11369,C11369,Basic,5G,Yes,Yes,Yes,No,No,Yes,281.42,15820.24,56
S11370,C11370,Basic,DSL,No,No phone,Yes,No,Yes,Yes,218.31,6582.94,30
S11371,C11371,Basic,No Internet,Yes,No,No,No,No,No,193.5,11694.97,60
S11372,C11372,Plus,Fiber,Yes,Yes,No,No,Yes,Yes,400.36,15686.92,39
S11373,C11373,Basic,No Internet,Yes,No,Yes,Yes,Yes,No,218.23,4139.72,19
S11374,C11374,Ultra,DSL,Yes,No,No,No,Yes,Yes,485.2,13957.02,29
S11375,C11375,Plus,5G,Yes,Yes,Yes,No,No,Yes,410.35,7434.74,18
S11376,C11376,Basic,DSL,Yes,No,Yes,Yes,No,Yes,214.27,5505.87,26
S11377,C11377,Ultra,Fiber,Yes,No,Yes,No,Yes,Yes,624.86,19468.3,31
S11378,C11378,Basic,5G,Yes,Yes,Yes,Yes,No,No,296.1,15419.11,52
S11379,C11379,Plus,Fiber,Yes,No,No,No,Yes,No,366.71,18320.05,50
S11380,C11380,Basic,5G,Yes,No,No,No,Yes,No,254.72,12035.55,47
S11381,C11381,Business,5G,Yes,No,Yes,Yes,Yes,Yes,835.57,20909.16,25
S11382,C11382,Business,No Internet,Yes,Yes,Yes,Yes,Yes,Yes,759.27,25678.8,34
S11383,C11383,Basic,DSL,Yes,Yes,No,No,Yes,Yes,168.0,9870.72,59
S11384,C11384,Plus,DSL,Yes,Yes,Yes,Yes,No,No,356.47,4652.69,13
S11385,C11385,Basic,5G,Yes,Yes,Yes,Yes,No,Yes,284.39,6517.37,23
S11386,C11386,Ultra,DSL,Yes,Yes,No,No,No,Yes,527.82,19575.24,37
S11387,C11387,Basic,DSL,Yes,No,Yes,Yes,Yes,No,209.78,8977.22,43
S11388,C11388,Basic,Fiber,Yes,No,Yes,Yes,No,No,276.78,11156.64,40
S11389,C11389,Ultra,Fiber,Yes,Yes,Yes,Yes,No,Yes,578.4,23614.08,41
S11390,C11390,Business,5G,Yes,No,Yes,No,No,No,866.82,49436.12,57
S11391,C11391,Ultra,5G,Yes,No,Yes,Yes,No,Yes,631.11,27188.23,43
S11392,C11392,Basic,Fiber,Yes,No,Yes,No,No,No,267.62,4519.34,17
S11393,C11393,Basic,5G,No,No phone,Yes,No,Yes,No,276.66,7111.03,26
S11394,C11394,Plus,DSL,Yes,Yes,Yes,No,Yes,No,337.62,8747.04,26
S11395,C11395,Ultra,5G,Yes,No,Yes,No,Yes,Yes,618.35,30285.46,49
S11396,C11396,Basic,DSL,Yes,No,Yes,No,No,Yes,157.27,4434.9,28
S11397,C11397,Plus,Fiber,Yes,No,No,Yes,No,No,420.26,10011.07,24
S11398,C11398,Plus,Fiber,Yes,No,No,Yes,No,Yes,415.45,12906.67,31
S11399,C11399,Ultra,Fiber,Yes,No,No,No,Yes,No,541.76,14750.51,27
S11400,C11400,Ultra,DSL,Yes,No,No,Yes,No,No,477.81,19553.55,41
S11401,C11401,Ultra,Fiber,Yes,Yes,Yes,No,No,Yes,568.1,23252.85,41
S11402,C11402,Plus,DSL,Yes,Yes,Yes,Yes,Yes,Yes,311.98,10782.92,35
S11403,C11403,Basic,5G,Yes,Yes,Yes,Yes,No,Yes,243.93,14167.72,58
S11404,C11404,Plus,DSL,Yes,No,Yes,Yes,Yes,Yes,283.72,6167.9,22
S11405,C11405,Basic,5G,Yes,Yes,Yes,Yes,Yes,No,303.32,12083.42,40
S11406,C11406,Business,DSL,Yes,No,No,No,No,No,800.16,48031.12,60
S11407,C11407,Business,No Internet,Yes,No,Yes,No,No,No,739.66,21473.05,29
S11408,C11408,Ultra,5G,Yes,Yes,No,No,Yes,No,633.47,10013.14,16
S11409,C11409,Business,Fiber,Yes,No,Yes,Yes,No,Yes,834.52,9140.4,11
S11410,C11410,Basic,Fiber,No,No phone,Yes,Yes,No,No,215.8,6475.56,30
S11411,C11411,Basic,Fiber,Yes,Yes,Yes,No,No,Yes,276.34,15756.89,57
S11412,C11412,Plus,DSL,No,No phone,Yes,Yes,Yes,No,349.43,19812.51,57
S11413,C11413,Basic,5G,No,No phone,Yes,No,No,No,248.22,13336.81,54
S11414,C11414,Basic,DSL,No,No phone,Yes,Yes,No,Yes,219.55,4824.87,22
S11415,C11415,Plus,DSL,Yes,No,No,Yes,No,Yes,292.33,11084.56,38
S11416,C11416,Ultra,DSL,Yes,No,Yes,Yes,Yes,No,549.59,24102.67,44
S11417,C11417,Business,DSL,Yes,Yes,Yes,Yes,Yes,Yes,728.11,39253.42,54
S11418,C11418,Plus,Fiber,Yes,No,No,No,No,No,389.12,8455.45,22
S11419,C11419,Plus,DSL,No,No phone,No,Yes,No,Yes,308.12,17804.09,58
S11420,C11420,Plus,DSL,No,No phone,No,Yes,Yes,No,409.21,19212.75,47
S11421,C11421,Plus,5G,Yes,No,Yes,No,Yes,No,467.34,19677.17,42
S11422,C11422,Plus,Fiber,No,No phone,Yes,No,No,Yes,356.67,12537.33,35
S11423,C11423,Plus,DSL,Yes,No,No,No,Yes,No,291.85,10357.73,35
S11424,C11424,Basic,Fiber,Yes,No,No,No,Yes,No,277.39,6204.85,22
S11425,C11425,Basic,5G,Yes,No,No,Yes,No,No,315.83,14476.06,46
S11426,C11426,Basic,5G,No,No phone,No,No,Yes,Yes,259.39,11185.58,43
S11427,C11427,Business,Fiber,Yes,Yes,Yes,Yes,No,Yes,802.32,34591.25,43
S11428,C11428,Plus,5G,Yes,No,No,Yes,Yes,Yes,388.92,19113.24,49
S11429,C11429,Plus,Fiber,Yes,No,No,No,No,Yes,316.96,10810.91,34
S11430,C11430,Basic,Fiber,Yes,Yes,Yes,No,No,Yes,260.5,14398.84,55
S11431,C11431,Plus,Fiber,Yes,Yes,No,No,No,Yes,388.41,9973.3,26
S11432,C11432,Plus,Fiber,Yes,Yes,No,Yes,No,Yes,448.83,8897.01,20
S11433,C11433,Basic,No Internet,Yes,No,No,Yes,Yes,No,162.25,3093.15,19
S11434,C11434,Basic,Fiber,Yes,No,No,Yes,Yes,Yes,250.53,9337.36,37
S11435,C11435,Business,Fiber,Yes,Yes,No,No,No,Yes,785.79,15009.62,19
S11436,C11436,Business,DSL,Yes,Yes,Yes,No,No,Yes,790.75,34822.83,44
S11437,C11437,Ultra,DSL,Yes,No,Yes,Yes,No,No,545.81,10524.27,19
S11438,C11438,Business,No Internet,Yes,Yes,No,Yes,Yes,No,776.95,31071.1,40
S11439,C11439,Plus,Fiber,Yes,Yes,No,Yes,No,Yes,361.59,9740.15,27
S11440,C11440,Plus,Fiber,Yes,Yes,No,Yes,Yes,No,368.4,6174.95,17
S11441,C11441,Plus,DSL,Yes,No,No,No,Yes,Yes,329.85,17489.79,53
S11442,C11442,Plus,DSL,Yes,No,No,No,No,Yes,283.86,4002.99,14
S11443,C11443,Business,Fiber,Yes,Yes,No,No,Yes,No,856.86,48859.04,57
S11444,C11444,Plus,DSL,Yes,No,No,No,No,Yes,355.27,10633.32,30
S11445,C11445,Ultra,DSL,Yes,No,No,No,No,No,541.79,15752.67,29
S11446,C11446,Business,No Internet,Yes,No,Yes,No,No,Yes,784.79,25096.3,32
S11447,C11447,Basic,5G,No,No phone,No,Yes,Yes,No,290.53,11255.9,39
S11448,C11448,Ultra,Fiber,No,No phone,Yes,No,No,No,614.92,25862.24,42
S11449,C11449,Basic,Fiber,No,No phone,No,No,Yes,No,255.96,15128.11,59
S11450,C11450,Plus,5G,Yes,Yes,Yes,No,Yes,No,445.23,24015.87,54
S11451,C11451,Business,Fiber,Yes,No,No,No,Yes,Yes,842.0,30231.42,36
S11452,C11452,Plus,5G,Yes,No,Yes,No,No,No,375.97,21468.89,57
S11453,C11453,Plus,DSL,Yes,No,No,No,Yes,Yes,358.69,16109.45,45
S11454,C11454,Ultra,DSL,Yes,No,Yes,Yes,No,No,555.6,17892.3,32
S11455,C11455,Plus,No Internet,Yes,Yes,Yes,No,No,No,323.48,13675.03,42
S11456,C11456,Plus,DSL,Yes,Yes,Yes,Yes,Yes,Yes,331.92,7077.17,21
S11457,C11457,Ultra,No Internet,Yes,Yes,Yes,Yes,No,No,549.23,21848.73,40
S11458,C11458,Plus,DSL,Yes,No,No,No,Yes,No,325.25,5880.98,18
S11459,C11459,Business,DSL,Yes,No,No,No,Yes,Yes,724.36,18668.17,26
S11460,C11460,Ultra,Fiber,Yes,Yes,No,Yes,Yes,Yes,590.01,12402.78,21
S11461,C11461,Basic,5G,Yes,Yes,No,Yes,No,No,243.31,3062.3,13
S11462,C11462,Business,No Internet,Yes,No,Yes,No,No,No,751.92,12811.97,17
S11463,C11463,Business,Fiber,Yes,Yes,Yes,Yes,Yes,Yes,873.66,39396.87,45
S11464,C11464,Ultra,Fiber,Yes,Yes,No,No,No,No,597.01,31762.67,53
S11465,C11465,Plus,Fiber,Yes,No,No,Yes,No,No,399.22,14385.52,36
S11466,C11466,Basic,Fiber,No,No phone,Yes,Yes,Yes,Yes,275.92,9343.27,34
S11467,C11467,Basic,5G,No,No phone,Yes,No,No,No,306.0,12603.22,41
S11468,C11468,Basic,5G,Yes,Yes,Yes,No,No,Yes,250.32,14501.97,58
S11469,C11469,Basic,Fiber,Yes,No,No,Yes,Yes,No,305.14,5701.82,19
S11470,C11470,Ultra,5G,No,No phone,Yes,No,No,Yes,600.26,6711.32,11
S11471,C11471,Basic,Fiber,Yes,No,Yes,No,No,No,237.32,9537.5,40
S11472,C11472,Ultra,No Internet,Yes,Yes,Yes,No,No,Yes,489.39,17546.62,36
S11473,C11473,Plus,5G,Yes,No,Yes,Yes,Yes,No,439.61,20230.68,46
S11474,C11474,Plus,Fiber,Yes,No,No,No,No,Yes,387.3,5831.92,15
S11475,C11475,Basic,DSL,No,No phone,Yes,Yes,Yes,Yes,202.87,3518.29,17
S11476,C11476,Plus,Fiber,Yes,No,Yes,Yes,No,Yes,375.55,11217.51,30
S11477,C11477,Ultra,No Internet,Yes,Yes,Yes,Yes,No,No,570.67,21183.81,37
S11478,C11478,Plus,Fiber,Yes,Yes,Yes,Yes,No,No,372.95,7408.05,20
S11479,C11479,Basic,DSL,Yes,No,No,No,Yes,Yes,144.5,5500.16,38
S11480,C11480,Basic,DSL,Yes,No,No,No,Yes,No,220.67,11687.19,53
S11481,C11481,Basic,Fiber,No,No phone,No,Yes,Yes,Yes,233.72,4129.19,18
S11482,C11482,Ultra,5G,Yes,Yes,No,Yes,No,No,645.85,9548.6,15
S11483,C11483,Ultra,Fiber,Yes,Yes,No,Yes,No,Yes,586.18,28106.11,48
S11484,C11484,Plus,Fiber,Yes,No,No,No,Yes,Yes,395.66,5572.5,14
S11485,C11485,Basic,DSL,Yes,No,No,Yes,No,Yes,205.75,2531.22,12
S11486,C11486,Business,Fiber,Yes,Yes,No,No,Yes,Yes,849.53,22091.97,26
S11487,C11487,Basic,5G,Yes,Yes,Yes,No,Yes,No,284.96,6584.58,23
S11488,C11488,Business,DSL,Yes,No,Yes,Yes,Yes,Yes,767.59,39167.8,51
S11489,C11489,Basic,5G,Yes,No,No,No,Yes,Yes,238.76,13246.49,55
S11490,C11490,Plus,5G,No,No phone,No,Yes,No,Yes,392.88,21207.98,54
S11491,C11491,Basic,Fiber,Yes,Yes,Yes,Yes,No,No,279.4,10189.14,37
S11492,C11492,Basic,DSL,Yes,Yes,Yes,No,Yes,No,146.83,4847.92,33
S11493,C11493,Ultra,DSL,Yes,No,No,No,No,No,579.77,17402.75,30
S11494,C11494,Plus,Fiber,Yes,No,Yes,No,No,No,394.6,21273.58,54
S11495,C11495,Plus,Fiber,Yes,No,No,No,Yes,Yes,406.88,4356.31,11
S11496,C11496,Plus,Fiber,Yes,Yes,Yes,No,Yes,No,395.95,9994.36,25
S11497,C11497,Ultra,Fiber,Yes,Yes,Yes,Yes,No,No,586.72,25245.71,43
S11498,C11498,Basic,No Internet,Yes,Yes,Yes,No,No,Yes,169.18,3922.54,23
S11499,C11499,Ultra,DSL,Yes,Yes,No,No,No,No,509.76,29155.75,57
S11500,C11500,Plus,DSL,Yes,No,Yes,No,Yes,No,341.65,12774.26,37
S11501,C11501,Basic,DSL,Yes,No,No,No,Yes,Yes,233.07,8171.5,35
S11502,C11502,Ultra,DSL,Yes,No,No,No,Yes,Yes,566.2,25558.26,45
S11503,C11503,Business,5G,Yes,No,Yes,No,No,No,878.18,14018.58,16
S11504,C11504,Basic,5G,No,No phone,Yes,No,No,Yes,230.22,10738.76,47
S11505,C11505,Plus,Fiber,Yes,No,Yes,No,No,Yes,393.76,5529.24,14
S11506,C11506,Business,Fiber,Yes,No,No,No,Yes,Yes,876.2,26381.24,30
S11507,C11507,Plus,DSL,Yes,Yes,No,No,No,Yes,309.88,16506.01,53
S11508,C11508,Basic,No Internet,No,No phone,Yes,No,No,Yes,203.84,10161.9,49
S11509,C11509,Basic,Fiber,Yes,Yes,No,Yes,No,Yes,239.52,6611.44,28
S11510,C11510,Plus,5G,Yes,Yes,No,Yes,Yes,No,434.39,13888.32,32
S11511,C11511,Ultra,DSL,Yes,Yes,Yes,No,Yes,No,550.81,8690.91,16
S11512,C11512,Plus,No Internet,Yes,No,No,No,Yes,No,360.5,9696.08,27
S11513,C11513,Basic,Fiber,Yes,No,Yes,Yes,No,No,265.46,15028.06,57
S11514,C11514,Basic,5G,Yes,Yes,Yes,No,Yes,Yes,278.22,13865.09,50
S11515,C11515,Business,Fiber,Yes,Yes,No,No,No,Yes,815.78,44980.59,55
S11516,C11516,Basic,DSL,No,No phone,Yes,No,Yes,No,216.78,5479.18,25
S11517,C11517,Plus,DSL,Yes,Yes,No,Yes,Yes,Yes,268.66,11581.24,43
S11518,C11518,Plus,DSL,No,No phone,Yes,Yes,Yes,No,353.9,19092.48,54
S11519,C11519,Ultra,5G,Yes,Yes,No,Yes,No,Yes,680.21,22329.14,33
S11520,C11520,Ultra,Fiber,Yes,Yes,Yes,Yes,Yes,Yes,585.63,7586.33,13
S11521,C11521,Basic,Fiber,Yes,No,Yes,No,Yes,Yes,239.91,3404.44,14
S11522,C11522,Plus,5G,Yes,No,No,Yes,No,No,441.75,25188.02,57
S11523,C11523,Basic,5G,Yes,No,Yes,No,Yes,No,282.92,16298.95,57
S11524,C11524,Plus,DSL,Yes,No,Yes,No,Yes,No,310.6,11447.31,37
S11525,C11525,Ultra,5G,Yes,No,No,No,No,No,541.37,28725.01,53
S11526,C11526,Plus,DSL,Yes,No,No,No,Yes,Yes,279.74,10410.64,37
S11527,C11527,Basic,No Internet,Yes,No,No,Yes,No,Yes,191.53,8927.7,46
S11528,C11528,Plus,DSL,Yes,No,No,No,No,Yes,281.69,13824.35,49
S11529,C11529,Ultra,Fiber,Yes,No,No,Yes,Yes,Yes,560.64,19094.38,34
S11530,C11530,Ultra,No Internet,Yes,No,Yes,No,No,Yes,488.52,24489.88,50
S11531,C11531,Ultra,Fiber,Yes,No,Yes,No,No,No,592.21,8983.34,15
S11532,C11532,Business,DSL,Yes,Yes,No,Yes,No,No,752.58,27809.34,37
S11533,C11533,Basic,Fiber,Yes,Yes,Yes,Yes,No,Yes,259.06,4967.72,19
S11534,C11534,Plus,DSL,No,No phone,No,No,No,No,285.06,8083.18,28
S11535,C11535,Plus,DSL,Yes,No,No,Yes,Yes,No,330.51,5687.24,17
S11536,C11536,Business,Fiber,Yes,No,No,Yes,Yes,Yes,759.95,41831.99,55
S11537,C11537,Ultra,5G,Yes,Yes,Yes,Yes,No,Yes,642.48,12859.83,20
S11538,C11538,Plus,DSL,No,No phone,Yes,Yes,Yes,Yes,327.52,5090.46,16
S11539,C11539,Ultra,Fiber,Yes,No,No,Yes,No,Yes,590.17,14245.31,24
S11540,C11540,Ultra,DSL,Yes,No,Yes,Yes,No,No,545.68,20138.33,37
S11541,C11541,Plus,DSL,Yes,No,No,No,No,Yes,327.25,16704.32,51
S11542,C11542,Plus,Fiber,Yes,No,Yes,Yes,No,No,369.32,5485.41,15
S11543,C11543,Ultra,5G,Yes,Yes,No,No,No,Yes,670.04,31422.82,47
S11544,C11544,Plus,Fiber,Yes,Yes,Yes,Yes,No,Yes,450.11,11244.97,25
S11545,C11545,Plus,Fiber,Yes,No,Yes,Yes,Yes,Yes,382.7,8796.64,23
S11546,C11546,Plus,5G,Yes,Yes,No,No,No,Yes,428.09,20668.07,48
S11547,C11547,Ultra,Fiber,Yes,Yes,Yes,No,Yes,No,573.98,27988.93,49
S11548,C11548,Plus,DSL,Yes,No,Yes,Yes,No,No,346.61,6590.69,19
S11549,C11549,Ultra,5G,Yes,Yes,No,No,Yes,No,602.68,7272.31,12
S11550,C11550,Basic,Fiber,Yes,No,No,Yes,Yes,Yes,267.87,9392.65,35
S11551,C11551,Basic,Fiber,Yes,No,Yes,No,Yes,Yes,276.92,11922.99,43
S11552,C11552,Ultra,5G,Yes,No,No,No,Yes,No,640.51,34691.94,54
S11553,C11553,Plus,Fiber,No,No phone,No,No,Yes,Yes,333.95,19807.44,59
S11554,C11554,Basic,5G,Yes,Yes,No,No,Yes,No,288.7,6085.21,21
S11555,C11555,Plus,5G,Yes,Yes,Yes,No,Yes,Yes,435.68,21300.97,49
S11556,C11556,Ultra,Fiber,Yes,No,Yes,No,Yes,Yes,597.16,20272.83,34
S11557,C11557,Plus,DSL,Yes,Yes,No,No,No,No,326.72,15697.53,48
S11558,C11558,Business,DSL,Yes,No,No,Yes,Yes,Yes,744.32,32621.99,44
S11559,C11559,Plus,Fiber,No,No phone,No,No,No,Yes,417.12,20773.89,50
S11560,C11560,Ultra,No Internet,Yes,No,Yes,No,Yes,Yes,527.1,31625.43,60
S11561,C11561,Plus,5G,Yes,No,No,Yes,No,No,395.39,7986.82,20
S11562,C11562,Basic,DSL,No,No phone,No,No,Yes,Yes,160.5,9388.35,58
S11563,C11563,Business,Fiber,Yes,No,Yes,Yes,No,No,791.91,31674.95,40
S11564,C11564,Basic,Fiber,No,No phone,Yes,No,Yes,No,252.12,4009.78,16
S11565,C11565,Basic,DSL,Yes,No,No,No,Yes,Yes,194.3,9696.54,50
S11566,C11566,Plus,No Internet,Yes,No,Yes,No,No,Yes,343.1,5538.8,16
S11567,C11567,Ultra,DSL,Yes,Yes,No,No,No,Yes,502.77,19588.35,39
S11568,C11568,Plus,5G,Yes,No,Yes,Yes,Yes,No,424.68,11891.56,28
S11569,C11569,Plus,5G,Yes,Yes,No,No,Yes,Yes,409.78,7910.45,19
S11570,C11570,Plus,Fiber,Yes,No,No,Yes,Yes,Yes,366.38,20797.65,57
S11571,C11571,Ultra,Fiber,Yes,No,No,Yes,No,No,596.95,33326.42,56
S11572,C11572,Business,No Internet,Yes,No,Yes,Yes,Yes,Yes,781.37,36719.1,47
S11573,C11573,Basic,Fiber,Yes,Yes,No,Yes,No,Yes,233.35,3081.14,13
S11574,C11574,Plus,DSL,Yes,No,Yes,No,Yes,Yes,311.88,14677.38,47
S11575,C11575,Basic,No Internet,Yes,No,Yes,No,No,Yes,200.6,8365.15,42
S11576,C11576,Business,Fiber,Yes,No,No,No,No,No,810.05,24191.49,30
S11577,C11577,Business,5G,Yes,No,No,No,Yes,No,849.69,22839.44,27
S11578,C11578,Plus,Fiber,Yes,No,No,Yes,Yes,No,411.74,20487.39,50
S11579,C11579,Ultra,Fiber,Yes,No,No,No,No,Yes,596.41,14943.73,25
S11580,C11580,Ultra,Fiber,Yes,No,Yes,Yes,Yes,Yes,623.08,16855.65,27
S11581,C11581,Plus,No Internet,Yes,Yes,Yes,No,Yes,Yes,290.87,10063.63,35
S11582,C11582,Ultra,No Internet,Yes,No,Yes,No,No,No,534.31,17150.0,32
S11583,C11583,Business,5G,Yes,Yes,No,Yes,No,Yes,811.08,35632.95,44
S11584,C11584,Ultra,Fiber,Yes,No,No,Yes,No,No,567.88,9665.43,17
S11585,C11585,Business,5G,Yes,Yes,No,No,No,No,848.41,9295.9,11
S11586,C11586,Plus,Fiber,Yes,No,Yes,No,Yes,Yes,419.34,17153.28,41
S11587,C11587,Basic,Fiber,No,No phone,Yes,Yes,Yes,Yes,246.22,12443.67,51
S11588,C11588,Business,No Internet,Yes,Yes,Yes,No,Yes,Yes,754.96,25694.66,34
S11589,C11589,Basic,Fiber,Yes,Yes,No,Yes,Yes,Yes,232.46,4258.93,18
S11590,C11590,Basic,Fiber,Yes,Yes,No,No,No,Yes,277.58,9850.98,36
S11591,C11591,Basic,Fiber,Yes,Yes,Yes,Yes,Yes,Yes,247.09,5074.91,21
S11592,C11592,Basic,DSL,Yes,No,No,Yes,No,Yes,172.45,7542.34,43
S11593,C11593,Business,No Internet,Yes,Yes,Yes,Yes,Yes,Yes,774.15,22517.31,29
S11594,C11594,Basic,No Internet,Yes,No,Yes,Yes,No,Yes,188.56,2725.56,14
S11595,C11595,Basic,Fiber,Yes,Yes,Yes,Yes,Yes,No,248.08,2605.07,11
S11596,C11596,Ultra,5G,Yes,Yes,No,Yes,No,Yes,634.82,18543.9,29
S11597,C11597,Basic,Fiber,Yes,No,No,No,Yes,No,244.98,10844.93,44
S11598,C11598,Plus,Fiber,Yes,Yes,No,No,Yes,Yes,384.51,14150.38,37
S11599,C11599,Basic,DSL,Yes,No,No,Yes,Yes,Yes,211.13,3796.22,18
S11600,C11600,Basic,5G,No,No phone,Yes,Yes,No,Yes,287.12,6796.23,24
S11601,C11601,Basic,5G,Yes,No,No,No,Yes,Yes,302.58,11379.91,37
S11602,C11602,Basic,5G,Yes,Yes,Yes,Yes,No,No,290.56,12970.28,45
S11603,C11603,Basic,Fiber,Yes,Yes,No,No,Yes,No,284.41,8935.35,32
S11604,C11604,Plus,Fiber,Yes,No,Yes,Yes,Yes,Yes,385.92,13065.12,34
S11605,C11605,Plus,Fiber,Yes,Yes,No,No,Yes,Yes,408.02,17942.22,44
S11606,C11606,Basic,Fiber,Yes,No,Yes,Yes,No,Yes,242.86,8257.38,34
S11607,C11607,Basic,5G,Yes,No,Yes,No,Yes,No,317.71,8284.08,26
S11608,C11608,Plus,Fiber,Yes,No,Yes,No,No,No,379.84,15916.54,42
S11609,C11609,Business,No Internet,Yes,No,No,No,Yes,No,711.65,20502.81,29
S11610,C11610,Business,Fiber,Yes,Yes,No,Yes,Yes,No,843.06,13436.71,16
S11611,C11611,Basic,Fiber,Yes,Yes,Yes,Yes,No,Yes,239.63,4756.17,20
S11612,C11612,Basic,DSL,Yes,Yes,No,Yes,Yes,Yes,234.14,3596.47,15
S11613,C11613,Plus,DSL,Yes,Yes,No,Yes,No,Yes,369.21,10257.97,28
S11614,C11614,Business,5G,Yes,Yes,No,No,Yes,No,832.33,18418.02,22
S11615,C11615,Basic,Fiber,Yes,Yes,No,No,Yes,No,208.72,7688.16,37
S11616,C11616,Ultra,DSL,Yes,Yes,No,No,Yes,Yes,526.71,21615.19,41
S11617,C11617,Business,5G,Yes,No,No,Yes,No,Yes,857.14,18805.94,22
S11618,C11618,Basic,5G,Yes,No,No,Yes,Yes,Yes,307.17,13156.96,43
S11619,C11619,Ultra,Fiber,Yes,Yes,Yes,Yes,Yes,No,594.79,23722.98,40
S11620,C11620,Ultra,DSL,Yes,Yes,No,Yes,Yes,No,553.89,18442.7,33
S11621,C11621,Ultra,5G,Yes,No,No,Yes,No,No,641.82,14162.5,22
S11622,C11622,Business,5G,No,No phone,Yes,Yes,No,Yes,862.89,43142.12,50
S11623,C11623,Basic,Fiber,Yes,No,No,Yes,No,Yes,242.91,5617.31,23
S11624,C11624,Ultra,Fiber,Yes,Yes,No,No,No,No,601.47,31178.21,52
S11625,C11625,Ultra,Fiber,Yes,Yes,Yes,Yes,Yes,No,614.77,21542.45,35
S11626,C11626,Ultra,DSL,Yes,No,Yes,Yes,No,No,567.4,12941.33,23
S11627,C11627,Basic,DSL,No,No phone,Yes,Yes,No,Yes,242.82,10444.94,43
S11628,C11628,Ultra,Fiber,Yes,Yes,No,Yes,No,Yes,570.02,21696.58,38
S11629,C11629,Basic,DSL,No,No phone,Yes,No,No,No,172.64,5167.98,30
S11630,C11630,Plus,Fiber,Yes,Yes,Yes,Yes,Yes,Yes,406.4,5600.06,14
S11631,C11631,Plus,Fiber,Yes,No,Yes,No,No,Yes,422.9,8851.85,21
S11632,C11632,Basic,DSL,Yes,No,No,No,Yes,Yes,196.59,7408.16,38
S11633,C11633,Ultra,5G,Yes,No,No,Yes,Yes,Yes,603.24,7971.15,13
S11634,C11634,Basic,DSL,Yes,Yes,No,Yes,Yes,No,223.37,7847.54,35
S11635,C11635,Ultra,5G,Yes,No,Yes,Yes,Yes,Yes,628.96,25236.04,40
S11636,C11636,Ultra,5G,Yes,Yes,No,No,Yes,Yes,645.91,20854.93,32
S11637,C11637,Basic,Fiber,Yes,Yes,No,No,Yes,Yes,275.35,15437.07,56
S11638,C11638,Plus,Fiber,Yes,No,Yes,Yes,Yes,No,382.05,12671.32,33
S11639,C11639,Business,5G,Yes,Yes,Yes,Yes,No,Yes,867.25,20919.28,24
S11640,C11640,Plus,5G,Yes,Yes,Yes,No,Yes,Yes,425.32,22124.28,52
S11641,C11641,Basic,Fiber,No,No phone,No,Yes,No,No,265.67,11817.64,45
S11642,C11642,Business,Fiber,Yes,No,Yes,Yes,No,Yes,831.17,43179.17,52
S11643,C11643,Plus,No Internet,Yes,Yes,No,No,Yes,Yes,334.14,14088.94,42
S11644,C11644,Plus,Fiber,Yes,No,Yes,No,Yes,No,382.36,22873.92,60
S11645,C11645,Business,Fiber,Yes,Yes,No,No,Yes,Yes,811.94,21115.23,26
S11646,C11646,Basic,Fiber,Yes,No,No,Yes,No,No,247.8,6511.46,26
S11647,C11647,Ultra,DSL,Yes,Yes,No,Yes,No,No,492.22,14721.2,30
S11648,C11648,Plus,Fiber,Yes,Yes,No,No,No,No,430.55,8326.94,19
S11649,C11649,Basic,Fiber,No,No phone,Yes,Yes,No,Yes,195.45,8412.36,44
S11650,C11650,Basic,DSL,No,No phone,Yes,Yes,Yes,Yes,175.05,5530.6,31
S11651,C11651,Plus,DSL,Yes,Yes,No,No,No,No,325.69,11327.96,35
S11652,C11652,Plus,Fiber,Yes,No,Yes,No,No,No,406.35,10620.86,26
S11653,C11653,Basic,DSL,Yes,No,No,No,No,Yes,174.14,3883.13,22
S11654,C11654,Ultra,DSL,Yes,Yes,Yes,No,Yes,Yes,513.23,14820.92,29
S11655,C11655,Business,Fiber,Yes,No,Yes,No,Yes,Yes,804.14,46767.25,58
S11656,C11656,Business,DSL,Yes,No,No,No,Yes,No,737.83,11804.46,16
S11657,C11657,Plus,Fiber,Yes,No,Yes,Yes,Yes,Yes,381.79,6799.21,18
S11658,C11658,Basic,DSL,Yes,Yes,No,Yes,No,No,221.13,4913.16,22
S11659,C11659,Basic,5G,Yes,No,Yes,Yes,No,No,276.46,15892.16,57
S11660,C11660,Plus,Fiber,Yes,No,Yes,Yes,Yes,Yes,374.68,9226.2,25
S11661,C11661,Basic,Fiber,Yes,No,Yes,No,Yes,No,227.41,4817.68,21
S11662,C11662,Basic,Fiber,Yes,No,Yes,No,No,Yes,230.18,9866.32,43
S11663,C11663,Plus,DSL,Yes,Yes,Yes,Yes,Yes,No,295.6,5537.92,19
S11664,C11664,Ultra,Fiber,Yes,No,No,Yes,Yes,Yes,615.84,16643.0,27
S11665,C11665,Plus,Fiber,Yes,Yes,No,Yes,Yes,No,362.53,13871.68,38
S11666,C11666,Plus,5G,Yes,No,Yes,No,Yes,No,360.04,12184.93,34
S11667,C11667,Basic,5G,Yes,No,Yes,Yes,No,No,306.11,13414.56,44
S11668,C11668,Plus,DSL,Yes,Yes,No,No,No,Yes,305.07,13126.84,43
S11669,C11669,Plus,Fiber,Yes,No,Yes,Yes,Yes,No,360.72,20280.39,56
S11670,C11670,Basic,Fiber,Yes,No,No,Yes,No,Yes,238.81,13916.47,58
S11671,C11671,Plus,5G,No,No phone,No,Yes,No,No,431.29,21459.24,50
S11672,C11672,Ultra,DSL,Yes,Yes,No,Yes,Yes,Yes,540.57,17842.13,33
S11673,C11673,Basic,DSL,Yes,Yes,No,Yes,Yes,No,211.46,11361.66,54
S11674,C11674,Basic,5G,Yes,No,Yes,Yes,Yes,Yes,308.62,11158.65,36
S11675,C11675,Basic,Fiber,Yes,No,No,No,No,No,241.62,4410.39,18
S11676,C11676,Plus,Fiber,Yes,No,Yes,Yes,No,Yes,406.14,12569.93,31
S11677,C11677,Plus,Fiber,Yes,No,No,Yes,Yes,Yes,377.92,17828.11,47
S11678,C11678,Basic,No Internet,Yes,No,No,No,Yes,No,192.61,10165.03,53
S11679,C11679,Basic,5G,No,No phone,No,Yes,Yes,No,277.62,12746.17,46
S11680,C11680,Basic,5G,Yes,No,No,Yes,Yes,No,285.46,4440.75,15
S11681,C11681,Ultra,DSL,Yes,Yes,Yes,No,No,No,514.58,20047.88,39
S11682,C11682,Basic,5G,Yes,No,No,No,No,Yes,269.29,8626.9,32
S11683,C11683,Basic,Fiber,Yes,Yes,No,No,Yes,Yes,245.24,11562.88,47
S11684,C11684,Business,Fiber,Yes,No,Yes,No,Yes,No,785.7,47192.95,60
S11685,C11685,Plus,5G,Yes,No,Yes,No,Yes,Yes,382.6,12154.84,32
S11686,C11686,Basic,Fiber,Yes,Yes,Yes,Yes,Yes,No,234.44,4554.24,20
S11687,C11687,Plus,5G,Yes,No,No,Yes,Yes,Yes,374.01,6743.37,18
S11688,C11688,Basic,No Internet,Yes,Yes,No,Yes,No,No,222.14,4585.33,20
S11689,C11689,Plus,Fiber,Yes,Yes,No,No,Yes,No,398.69,15925.49,40
S11690,C11690,Basic,5G,Yes,Yes,Yes,No,No,No,275.39,15118.25,55
S11691,C11691,Plus,Fiber,Yes,Yes,Yes,No,Yes,No,372.09,5288.29,14
S11692,C11692,Ultra,5G,Yes,Yes,No,Yes,No,No,652.94,24786.89,38
S11693,C11693,Basic,5G,Yes,No,No,No,Yes,No,263.04,15021.99,57
S11694,C11694,Plus,5G,Yes,Yes,No,Yes,Yes,No,476.22,13705.77,29
S11695,C11695,Plus,DSL,Yes,No,Yes,Yes,Yes,Yes,359.17,18006.43,50
S11696,C11696,Basic,Fiber,No,No phone,Yes,Yes,No,Yes,215.79,11110.54,52
S11697,C11697,Business,Fiber,Yes,No,Yes,Yes,No,No,847.65,31327.94,37
S11698,C11698,Ultra,Fiber,Yes,Yes,Yes,Yes,Yes,Yes,538.55,25233.39,47
S11699,C11699,Basic,No Internet,Yes,No,No,No,Yes,No,219.98,8193.11,37
S11700,C11700,Plus,Fiber,Yes,No,No,No,Yes,No,390.0,5023.35,13
S11701,C11701,Plus,Fiber,Yes,Yes,Yes,Yes,Yes,Yes,405.02,23727.97,59
S11702,C11702,Business,Fiber,Yes,Yes,Yes,Yes,No,Yes,788.54,45691.62,58
S11703,C11703,Plus,5G,Yes,No,No,No,No,Yes,407.31,9361.98,23
S11704,C11704,Plus,5G,Yes,No,Yes,No,Yes,No,392.59,23311.95,59
S11705,C11705,Basic,DSL,Yes,Yes,No,No,No,No,182.23,6537.78,36
S11706,C11706,Ultra,Fiber,Yes,No,No,Yes,Yes,No,611.11,35479.09,58
S11707,C11707,Plus,DSL,Yes,Yes,Yes,Yes,Yes,No,311.93,16108.68,51
S11708,C11708,Plus,Fiber,Yes,Yes,Yes,Yes,Yes,Yes,417.48,23250.27,56
S11709,C11709,Basic,5G,Yes,No,No,Yes,Yes,Yes,266.82,8576.07,32
S11710,C11710,Basic,Fiber,Yes,Yes,No,Yes,Yes,No,264.15,13643.82,52
S11711,C11711,Business,Fiber,Yes,Yes,Yes,Yes,Yes,No,804.09,28878.8,36
S11712,C11712,Basic,5G,No,No phone,No,Yes,Yes,Yes,243.69,5079.45,21
S11713,C11713,Plus,Fiber,Yes,Yes,No,No,Yes,No,354.17,4331.48,12
S11714,C11714,Ultra,Fiber,Yes,Yes,No,No,No,Yes,595.53,17330.6,29
S11715,C11715,Ultra,Fiber,Yes,Yes,No,No,No,Yes,579.37,22613.53,39
S11716,C11716,Basic,5G,Yes,Yes,No,Yes,Yes,No,260.77,14069.57,54
S11717,C11717,Basic,DSL,Yes,No,No,No,Yes,Yes,190.17,7609.54,40
S11718,C11718,Plus,Fiber,Yes,Yes,Yes,Yes,No,Yes,368.58,14630.54,40
S11719,C11719,Basic,Fiber,Yes,Yes,Yes,Yes,No,No,286.39,8503.93,30
S11720,C11720,Plus,No Internet,Yes,No,No,No,Yes,Yes,332.56,8078.41,24
S11721,C11721,Plus,DSL,Yes,No,Yes,No,Yes,No,335.78,4387.79,13
S11722,C11722,Plus,5G,Yes,No,Yes,No,Yes,No,348.08,19184.49,55
S11723,C11723,Plus,DSL,Yes,No,No,Yes,Yes,Yes,342.92,14663.07,43
S11724,C11724,Ultra,DSL,Yes,Yes,Yes,No,No,No,564.25,25464.05,45
S11725,C11725,Basic,DSL,Yes,Yes,Yes,Yes,Yes,Yes,208.91,10810.43,52
S11726,C11726,Business,Fiber,Yes,No,No,No,Yes,Yes,808.05,33982.07,42
S11727,C11727,Business,DSL,Yes,Yes,Yes,No,Yes,Yes,797.96,34198.73,43
S11728,C11728,Basic,Fiber,Yes,No,No,No,No,Yes,278.42,16476.29,59
S11729,C11729,Basic,Fiber,Yes,No,Yes,No,No,Yes,312.85,11786.13,38
S11730,C11730,Plus,DSL,Yes,No,Yes,Yes,Yes,No,345.84,11236.22,32
S11731,C11731,Plus,DSL,No,No phone,No,Yes,No,No,333.35,12086.78,36
S11732,C11732,Basic,Fiber,Yes,Yes,Yes,No,No,No,231.63,7457.41,32
S11733,C11733,Basic,Fiber,Yes,No,Yes,No,No,No,285.76,14677.08,51
S11734,C11734,Basic,DSL,Yes,No,Yes,Yes,Yes,No,187.29,7696.02,41
S11735,C11735,Business,5G,Yes,Yes,Yes,Yes,Yes,Yes,841.38,36179.29,43
S11736,C11736,Basic,5G,Yes,No,Yes,No,No,Yes,307.9,15274.4,50
S11737,C11737,Basic,No Internet,Yes,Yes,No,Yes,No,Yes,182.78,9845.24,54
S11738,C11738,Basic,DSL,Yes,No,No,Yes,Yes,No,196.74,4516.05,23
S11739,C11739,Ultra,Fiber,Yes,Yes,No,No,No,No,555.87,30088.7,54
S11740,C11740,Plus,DSL,Yes,Yes,Yes,No,No,Yes,369.69,5217.36,14
S11741,C11741,Business,5G,Yes,No,No,No,No,Yes,855.04,27196.37,32
S11742,C11742,Basic,5G,No,No phone,No,No,No,Yes,321.87,7798.86,24
S11743,C11743,Business,DSL,Yes,No,Yes,Yes,No,Yes,772.17,39338.04,51
S11744,C11744,Plus,5G,Yes,No,No,Yes,Yes,No,453.88,13520.6,30
S11745,C11745,Basic,No Internet,No,No phone,Yes,Yes,Yes,No,172.4,5225.18,31
S11746,C11746,Basic,DSL,Yes,No,Yes,No,No,No,209.04,9182.97,44
S11747,C11747,Basic,5G,Yes,No,Yes,No,No,No,311.0,6976.86,22
S11748,C11748,Plus,5G,Yes,Yes,No,Yes,No,Yes,398.04,8798.13,22
S11749,C11749,Plus,Fiber,Yes,No,No,No,Yes,No,387.0,22726.4,59
S11750,C11750,Basic,5G,Yes,Yes,No,No,Yes,No,289.98,9279.85,32
S11751,C11751,Ultra,DSL,No,No phone,Yes,Yes,Yes,No,564.86,32239.26,57
S11752,C11752,Plus,DSL,Yes,Yes,No,Yes,Yes,Yes,321.23,5031.54,16
S11753,C11753,Business,DSL,Yes,No,No,No,Yes,No,743.44,13347.06,18
S11754,C11754,Basic,Fiber,Yes,Yes,No,Yes,Yes,No,261.01,4247.75,16
S11755,C11755,Plus,DSL,Yes,No,Yes,Yes,Yes,No,316.09,15549.5,49
S11756,C11756,Plus,Fiber,Yes,Yes,No,Yes,No,Yes,389.34,12059.56,31
S11757,C11757,Plus,DSL,Yes,Yes,Yes,No,No,No,332.63,11612.69,35
S11758,C11758,Basic,No Internet,Yes,Yes,Yes,No,No,Yes,249.22,6305.68,25
S11759,C11759,Basic,Fiber,Yes,Yes,Yes,No,Yes,Yes,254.27,14248.59,56
S11760,C11760,Business,Fiber,Yes,No,Yes,Yes,No,Yes,813.43,29378.65,36
S11761,C11761,Ultra,Fiber,Yes,Yes,No,Yes,No,Yes,578.45,30162.78,52
S11762,C11762,Basic,DSL,Yes,No,Yes,No,No,Yes,183.04,8811.04,48
S11763,C11763,Basic,DSL,Yes,No,Yes,No,Yes,No,200.23,3156.74,16
S11764,C11764,Basic,Fiber,No,No phone,Yes,Yes,Yes,No,215.04,9995.52,47
S11765,C11765,Basic,5G,Yes,No,No,No,No,No,265.64,7977.45,30
S11766,C11766,Plus,Fiber,Yes,Yes,No,Yes,Yes,Yes,321.11,9117.05,28
S11767,C11767,Basic,Fiber,Yes,No,No,Yes,Yes,Yes,271.14,15878.72,58
S11768,C11768,Ultra,Fiber,No,No phone,Yes,Yes,No,No,627.19,28146.33,45
S11769,C11769,Basic,Fiber,No,No phone,Yes,Yes,No,Yes,228.15,9127.18,40
S11770,C11770,Business,DSL,Yes,No,Yes,Yes,No,No,746.13,17218.1,23
S11771,C11771,Basic,Fiber,Yes,Yes,Yes,Yes,No,Yes,226.94,4266.51,19
S11772,C11772,Plus,5G,Yes,No,No,No,Yes,Yes,413.66,18687.93,45
S11773,C11773,Basic,DSL,No,No phone,Yes,Yes,Yes,Yes,138.28,5621.83,40
S11774,C11774,Basic,Fiber,Yes,No,Yes,No,No,No,246.3,7683.23,31
S11775,C11775,Basic,Fiber,No,No phone,Yes,No,No,No,253.11,11910.75,47
S11776,C11776,Basic,Fiber,Yes,No,Yes,No,Yes,No,243.47,3935.37,16
S11777,C11777,Ultra,DSL,Yes,Yes,Yes,Yes,No,Yes,546.64,13604.02,25
S11778,C11778,Basic,5G,Yes,No,No,No,No,Yes,317.39,16174.86,51
S11779,C11779,Basic,Fiber,Yes,No,Yes,No,Yes,No,238.32,3985.71,17
S11780,C11780,Basic,DSL,Yes,No,Yes,No,No,No,166.81,6081.79,37
S11781,C11781,Basic,5G,Yes,Yes,No,No,No,No,219.96,3467.26,16
S11782,C11782,Business,DSL,Yes,Yes,Yes,Yes,No,Yes,765.44,42810.77,56
S11783,C11783,Plus,Fiber,Yes,Yes,No,No,No,Yes,434.96,19635.69,45
S11784,C11784,Basic,5G,No,No phone,Yes,No,No,Yes,273.53,6442.72,24
S11785,C11785,Basic,Fiber,Yes,No,Yes,Yes,Yes,No,218.49,5736.29,26
S11786,C11786,Business,DSL,Yes,No,No,No,Yes,No,762.5,45590.71,60
S11787,C11787,Ultra,DSL,Yes,Yes,Yes,No,No,No,523.06,27729.17,53
S11788,C11788,Business,5G,Yes,Yes,No,No,Yes,Yes,846.13,39668.71,47
S11789,C11789,Plus,Fiber,Yes,No,Yes,Yes,No,Yes,416.14,8241.55,20
S11790,C11790,Basic,DSL,No,No phone,No,No,Yes,No,165.76,9755.27,58
S11791,C11791,Business,DSL,Yes,No,No,Yes,No,Yes,744.41,9703.78,13
S11792,C11792,Plus,5G,Yes,No,No,No,Yes,Yes,433.59,21725.53,50
S11793,C11793,Plus,Fiber,No,No phone,Yes,Yes,Yes,Yes,399.79,16777.44,42
S11794,C11794,Plus,Fiber,Yes,No,Yes,Yes,Yes,No,438.73,8411.86,19
S11795,C11795,Plus,Fiber,Yes,Yes,Yes,No,No,Yes,402.5,9230.69,23
S11796,C11796,Plus,No Internet,Yes,Yes,No,No,No,Yes,289.26,16744.13,58
S11797,C11797,Ultra,Fiber,Yes,No,Yes,No,Yes,No,614.48,28681.27,47
S11798,C11798,Ultra,DSL,Yes,Yes,Yes,No,No,No,567.24,16988.46,30
S11799,C11799,Basic,Fiber,Yes,No,Yes,No,Yes,Yes,238.52,10934.3,46
S11800,C11800,Plus,Fiber,Yes,Yes,Yes,No,No,Yes,373.21,16644.87,45
S11801,C11801,Basic,DSL,Yes,No,No,Yes,Yes,Yes,198.04,3066.47,15
S11802,C11802,Plus,5G,Yes,No,No,No,Yes,No,399.46,8072.8,20
S11803,C11803,Plus,No Internet,No,No phone,No,No,Yes,No,321.25,11014.9,34
S11804,C11804,Ultra,5G,Yes,Yes,Yes,Yes,No,No,610.07,9165.28,15
S11805,C11805,Ultra,5G,Yes,Yes,No,No,No,Yes,596.81,26856.74,45
S11806,C11806,Basic,Fiber,Yes,No,No,No,No,No,291.81,14024.27,48
S11807,C11807,Ultra,5G,Yes,No,No,No,Yes,No,630.23,36007.61,57
S11808,C11808,Business,Fiber,Yes,Yes,No,No,No,No,810.34,30791.86,38
S11809,C11809,Plus,5G,Yes,Yes,No,Yes,No,Yes,422.67,16058.24,38
S11810,C11810,Ultra,Fiber,Yes,Yes,Yes,No,No,Yes,627.66,14963.82,24
S11811,C11811,Basic,Fiber,Yes,Yes,No,Yes,Yes,Yes,285.69,4596.28,16
S11812,C11812,Ultra,5G,Yes,No,No,No,Yes,Yes,616.28,17886.47,29
S11813,C11813,Plus,5G,Yes,No,No,Yes,No,No,401.27,8154.72,20
S11814,C11814,Ultra,5G,Yes,Yes,No,No,Yes,No,602.04,6579.11,11
S11815,C11815,Plus,5G,Yes,No,No,Yes,Yes,No,415.42,19148.26,46
S11816,C11816,Plus,5G,Yes,No,Yes,Yes,No,No,429.34,15801.5,37
S11817,C11817,Basic,Fiber,Yes,Yes,Yes,No,No,Yes,254.36,13263.17,52
S11818,C11818,Plus,DSL,Yes,No,No,Yes,No,No,362.89,9892.94,27
S11819,C11819,Plus,Fiber,Yes,No,No,No,Yes,Yes,387.73,8099.78,21
S11820,C11820,Ultra,Fiber,No,No phone,No,Yes,No,Yes,589.25,17222.46,29
S11821,C11821,Business,Fiber,Yes,No,No,Yes,Yes,No,785.26,32140.73,41
S11822,C11822,Basic,No Internet,No,No phone,No,No,Yes,No,193.3,4582.5,24
S11823,C11823,Basic,DSL,Yes,No,Yes,No,No,No,228.96,3761.26,16
S11824,C11824,Business,DSL,Yes,Yes,Yes,Yes,Yes,No,763.1,11453.92,15
S11825,C11825,Business,No Internet,Yes,No,Yes,No,Yes,No,726.17,9469.25,13
S11826,C11826,Plus,No Internet,Yes,Yes,Yes,No,No,No,295.15,3634.03,12
S11827,C11827,Basic,Fiber,No,No phone,No,Yes,No,No,269.83,9532.57,35
S11828,C11828,Ultra,DSL,Yes,Yes,No,No,No,Yes,506.56,25376.97,50
S11829,C11829,Business,Fiber,Yes,No,Yes,No,Yes,Yes,811.79,12157.46,15
S11830,C11830,Plus,Fiber,Yes,Yes,No,Yes,Yes,Yes,355.36,18061.46,51
S11831,C11831,Basic,Fiber,Yes,No,No,Yes,Yes,Yes,262.12,5155.37,20
S11832,C11832,Ultra,5G,No,No phone,Yes,No,No,No,592.36,33743.67,57
S11833,C11833,Plus,Fiber,Yes,No,Yes,Yes,Yes,Yes,402.18,8545.56,21
S11834,C11834,Basic,Fiber,Yes,No,No,Yes,Yes,No,278.53,10412.33,37
S11835,C11835,Basic,5G,Yes,No,Yes,Yes,No,No,291.87,7006.68,24
S11836,C11836,Basic,DSL,Yes,Yes,Yes,Yes,Yes,No,190.21,4414.44,24
S11837,C11837,Plus,Fiber,Yes,No,No,Yes,Yes,No,351.72,12233.23,35
S11838,C11838,Ultra,Fiber,Yes,Yes,Yes,No,No,Yes,597.62,13632.29,23
S11839,C11839,Basic,No Internet,No,No phone,Yes,No,Yes,Yes,204.15,5013.48,25
S11840,C11840,Basic,DSL,Yes,No,Yes,No,Yes,No,141.0,2848.39,19
S11841,C11841,Plus,DSL,Yes,Yes,No,No,Yes,Yes,343.64,5690.52,17
S11842,C11842,Basic,Fiber,Yes,No,No,Yes,No,No,245.71,8838.67,36
S11843,C11843,Basic,DSL,No,No phone,No,No,No,No,156.34,5562.34,35
S11844,C11844,Basic,No Internet,Yes,Yes,Yes,Yes,Yes,Yes,218.52,9791.28,45
S11845,C11845,Plus,DSL,Yes,No,No,Yes,Yes,Yes,340.39,4295.23,13
S11846,C11846,Basic,DSL,Yes,Yes,No,Yes,No,No,207.44,9448.49,46
S11847,C11847,Ultra,5G,Yes,Yes,Yes,Yes,Yes,Yes,656.71,27470.31,42
S11848,C11848,Plus,DSL,Yes,Yes,No,No,Yes,Yes,321.73,13287.81,42
S11849,C11849,Plus,DSL,Yes,Yes,Yes,No,Yes,No,351.21,15481.58,44
S11850,C11850,Basic,DSL,Yes,No,No,No,No,No,190.31,11094.98,58
S11851,C11851,Business,DSL,Yes,No,No,Yes,Yes,No,734.74,32224.74,44
S11852,C11852,Basic,DSL,Yes,No,Yes,Yes,Yes,No,205.24,8704.15,43
S11853,C11853,Plus,Fiber,Yes,No,Yes,No,No,Yes,393.35,12185.64,31
S11854,C11854,Ultra,Fiber,Yes,Yes,Yes,Yes,No,No,589.04,33035.17,56
S11855,C11855,Ultra,DSL,Yes,Yes,Yes,Yes,No,No,536.2,31819.8,59
S11856,C11856,Ultra,DSL,Yes,Yes,Yes,No,Yes,No,552.23,11097.11,20
S11857,C11857,Plus,5G,Yes,Yes,Yes,Yes,Yes,No,470.73,10678.94,23
S11858,C11858,Basic,No Internet,No,No phone,Yes,No,Yes,Yes,169.79,2749.61,16
S11859,C11859,Plus,No Internet,Yes,No,Yes,Yes,No,Yes,330.83,5609.2,17
S11860,C11860,Business,5G,Yes,No,No,Yes,Yes,No,869.72,48682.83,56
S11861,C11861,Plus,5G,Yes,No,No,Yes,No,Yes,480.03,23962.53,50
S11862,C11862,Ultra,Fiber,Yes,Yes,Yes,No,No,Yes,558.95,23933.47,43
S11863,C11863,Business,5G,Yes,No,Yes,Yes,Yes,No,848.04,17840.74,21
S11864,C11864,Basic,5G,Yes,No,No,Yes,No,No,263.02,10228.11,39
S11865,C11865,Basic,Fiber,Yes,No,Yes,Yes,Yes,No,260.88,14375.29,55
S11866,C11866,Basic,DSL,Yes,Yes,Yes,Yes,Yes,No,192.49,9117.79,47
S11867,C11867,Ultra,Fiber,Yes,Yes,No,Yes,No,Yes,608.97,15319.35,25
S11868,C11868,Business,Fiber,Yes,Yes,Yes,Yes,No,Yes,808.61,24972.04,31
S11869,C11869,Basic,Fiber,Yes,No,Yes,No,No,Yes,193.66,6815.07,35
S11870,C11870,Basic,No Internet,Yes,No,Yes,Yes,No,No,208.37,2863.43,14
S11871,C11871,Plus,DSL,Yes,Yes,No,No,No,No,348.06,10552.45,30
S11872,C11872,Basic,Fiber,Yes,Yes,No,No,Yes,No,244.54,3447.11,14
S11873,C11873,Basic,No Internet,Yes,Yes,Yes,No,No,Yes,173.44,3918.19,22
S11874,C11874,Basic,5G,Yes,No,No,No,Yes,No,279.47,4786.82,17
S11875,C11875,Basic,No Internet,Yes,Yes,No,No,Yes,Yes,213.82,7793.38,36
S11876,C11876,Plus,Fiber,Yes,No,No,Yes,Yes,Yes,432.5,13350.38,31
S11877,C11877,Plus,DSL,Yes,Yes,No,No,No,Yes,365.26,16168.64,44
S11878,C11878,Basic,Fiber,Yes,No,No,No,Yes,No,231.71,6829.01,30
S11879,C11879,Ultra,5G,Yes,No,No,No,No,Yes,602.12,29440.43,49
S11880,C11880,Business,5G,Yes,No,No,Yes,No,Yes,828.49,8282.66,10
S11881,C11881,Basic,Fiber,Yes,Yes,Yes,Yes,No,Yes,244.99,8660.19,35
S11882,C11882,Basic,Fiber,Yes,No,No,No,No,Yes,240.31,5304.92,22
S11883,C11883,Basic,Fiber,Yes,No,Yes,No,No,Yes,248.38,3696.67,15
S11884,C11884,Ultra,DSL,Yes,No,No,No,Yes,No,534.51,29951.35,56
S11885,C11885,Basic,Fiber,Yes,Yes,No,No,Yes,Yes,198.37,9453.71,48
S11886,C11886,Basic,Fiber,No,No phone,No,Yes,No,Yes,275.85,5997.77,22
S11887,C11887,Basic,Fiber,No,No phone,No,Yes,Yes,Yes,210.54,4112.61,19
S11888,C11888,Plus,5G,Yes,No,No,Yes,Yes,No,433.74,8103.85,19
S11889,C11889,Plus,Fiber,Yes,Yes,Yes,No,Yes,No,379.81,5385.49,14
S11890,C11890,Ultra,No Internet,Yes,No,Yes,Yes,Yes,Yes,541.64,28658.85,53
S11891,C11891,Basic,5G,Yes,No,No,Yes,Yes,Yes,268.5,13892.18,52
S11892,C11892,Basic,Fiber,Yes,No,Yes,No,No,Yes,203.07,7675.84,38
S11893,C11893,Ultra,Fiber,Yes,No,Yes,Yes,No,Yes,604.45,32597.92,54
S11894,C11894,Business,No Internet,Yes,No,Yes,No,Yes,No,749.19,18737.38,25
S11895,C11895,Ultra,Fiber,Yes,No,No,Yes,Yes,No,619.48,31467.3,51
S11896,C11896,Basic,DSL,Yes,No,No,No,No,No,159.04,2205.79,14
S11897,C11897,Business,Fiber,Yes,No,Yes,No,Yes,Yes,817.36,44913.95,55
S11898,C11898,Plus,Fiber,Yes,Yes,Yes,Yes,No,Yes,426.71,15354.47,36
S11899,C11899,Basic,DSL,Yes,Yes,Yes,Yes,Yes,Yes,153.08,7917.32,51
S11900,C11900,Ultra,No Internet,Yes,No,No,Yes,Yes,No,553.03,32462.02,59
S11901,C11901,Ultra,Fiber,Yes,No,Yes,Yes,Yes,No,615.32,26425.04,43
S11902,C11902,Ultra,No Internet,Yes,No,Yes,No,Yes,No,534.7,10102.78,19
S11903,C11903,Basic,Fiber,No,No phone,Yes,No,Yes,Yes,237.65,4263.09,18
S11904,C11904,Ultra,Fiber,Yes,No,No,Yes,No,Yes,629.37,34155.26,54
S11905,C11905,Basic,No Internet,Yes,No,Yes,Yes,No,No,151.92,6209.11,41
S11906,C11906,Ultra,5G,Yes,Yes,Yes,No,Yes,Yes,631.16,12683.11,20
S11907,C11907,Plus,Fiber,Yes,Yes,Yes,Yes,Yes,Yes,405.03,18615.93,46
S11908,C11908,Basic,5G,Yes,Yes,No,Yes,Yes,No,290.65,16282.1,56
S11909,C11909,Business,Fiber,Yes,No,Yes,No,No,Yes,792.29,41956.57,53
S11910,C11910,Basic,5G,Yes,No,No,No,No,No,232.72,12478.2,54
S11911,C11911,Ultra,DSL,Yes,No,No,No,Yes,No,548.42,20250.09,37
S11912,C11912,Basic,5G,No,No phone,No,Yes,Yes,Yes,245.39,8330.04,35
S11913,C11913,Business,DSL,Yes,No,No,Yes,No,No,744.99,35726.53,48
S11914,C11914,Ultra,DSL,Yes,Yes,No,Yes,Yes,Yes,544.3,15251.87,28
S11915,C11915,Business,Fiber,Yes,Yes,No,Yes,Yes,Yes,820.19,21459.19,26
S11916,C11916,Basic,Fiber,Yes,No,Yes,No,No,Yes,255.46,5033.89,20
S11917,C11917,Basic,Fiber,No,No phone,Yes,No,Yes,No,256.0,13850.04,54
S11918,C11918,Basic,DSL,Yes,No,Yes,No,No,Yes,123.79,1890.63,16
S11919,C11919,Basic,Fiber,Yes,No,No,No,No,Yes,239.91,9344.89,39
S11920,C11920,Basic,Fiber,No,No phone,No,No,No,No,250.2,6933.34,28
S11921,C11921,Basic,Fiber,Yes,Yes,Yes,Yes,No,Yes,270.84,13787.25,51
S11922,C11922,Plus,Fiber,Yes,Yes,No,Yes,No,No,438.91,14558.66,33
S11923,C11923,Basic,Fiber,Yes,No,No,No,Yes,No,279.47,14316.55,51
S11924,C11924,Plus,Fiber,Yes,No,No,No,No,No,430.94,12192.59,28
S11925,C11925,Plus,5G,Yes,Yes,Yes,No,Yes,Yes,443.72,7259.05,16
S11926,C11926,Business,5G,Yes,Yes,Yes,No,Yes,Yes,800.69,27999.55,35
S11927,C11927,Plus,Fiber,Yes,No,Yes,Yes,Yes,Yes,381.87,22430.61,59
S11928,C11928,Ultra,Fiber,Yes,Yes,No,Yes,No,Yes,561.47,16908.72,30
S11929,C11929,Basic,Fiber,Yes,Yes,No,No,No,No,262.91,7183.16,27
S11930,C11930,Basic,DSL,Yes,No,Yes,Yes,Yes,No,156.45,9037.68,58
S11931,C11931,Basic,Fiber,Yes,No,Yes,No,No,No,227.57,7741.76,34
S11932,C11932,Plus,Fiber,Yes,No,Yes,No,Yes,No,421.33,8404.35,20
S11933,C11933,Plus,5G,Yes,No,No,Yes,No,No,397.93,4778.66,12
S11934,C11934,Basic,Fiber,Yes,Yes,No,Yes,No,Yes,245.8,13068.4,53
S11935,C11935,Business,DSL,No,No phone,No,No,Yes,No,751.1,17349.74,23
S11936,C11936,Ultra,Fiber,No,No phone,No,No,Yes,No,565.62,15836.41,28
S11937,C11937,Ultra,5G,Yes,No,Yes,Yes,No,No,622.7,18623.94,30
S11938,C11938,Ultra,Fiber,Yes,No,No,Yes,Yes,No,597.5,25112.19,42
S11939,C11939,Basic,Fiber,Yes,No,No,Yes,No,Yes,251.52,12332.16,49
S11940,C11940,Business,Fiber,Yes,No,Yes,No,No,No,809.89,21193.57,26
S11941,C11941,Ultra,5G,Yes,No,No,Yes,No,Yes,608.39,33335.56,55
S11942,C11942,Plus,5G,Yes,No,Yes,Yes,No,No,402.12,8422.26,21
S11943,C11943,Plus,Fiber,Yes,Yes,No,Yes,No,Yes,407.02,17050.62,42
S11944,C11944,Basic,DSL,Yes,No,Yes,No,Yes,Yes,235.9,10402.37,44
S11945,C11945,Business,DSL,Yes,No,Yes,No,No,Yes,763.73,16169.96,21
S11946,C11946,Plus,DSL,Yes,Yes,Yes,No,No,No,322.77,8337.22,26
S11947,C11947,Business,DSL,Yes,No,No,Yes,No,No,735.14,41800.61,57
S11948,C11948,Plus,No Internet,Yes,Yes,No,No,No,No,299.27,14711.56,49
S11949,C11949,Basic,No Internet,No,No phone,Yes,Yes,Yes,Yes,194.82,9647.79,49
S11950,C11950,Ultra,Fiber,Yes,Yes,Yes,Yes,Yes,No,592.95,11215.58,19
S11951,C11951,Plus,No Internet,No,No phone,Yes,Yes,No,No,357.32,8559.3,24
S11952,C11952,Ultra,Fiber,Yes,Yes,No,No,Yes,No,579.66,8633.33,15
S11953,C11953,Ultra,No Internet,Yes,No,Yes,Yes,Yes,No,487.11,21025.32,43
S11954,C11954,Plus,Fiber,Yes,Yes,Yes,No,Yes,No,376.26,4784.42,13
S11955,C11955,Plus,DSL,Yes,No,Yes,No,No,Yes,331.79,5304.63,16
S11956,C11956,Business,DSL,Yes,No,No,Yes,No,Yes,754.44,45202.83,60
S11957,C11957,Plus,5G,Yes,Yes,No,Yes,Yes,No,444.88,24572.3,55
S11958,C11958,Ultra,Fiber,Yes,No,No,Yes,Yes,Yes,597.22,22743.14,38
S11959,C11959,Basic,5G,Yes,Yes,Yes,Yes,No,No,241.26,7773.7,32
S11960,C11960,Basic,DSL,Yes,No,No,No,No,No,166.53,3259.75,20
S11961,C11961,Basic,DSL,Yes,No,No,Yes,No,Yes,181.78,2869.94,16
S11962,C11962,Plus,Fiber,Yes,Yes,No,No,No,Yes,421.64,8097.67,19
S11963,C11963,Ultra,Fiber,Yes,Yes,Yes,Yes,Yes,Yes,578.88,27891.51,48
S11964,C11964,Plus,Fiber,Yes,Yes,Yes,No,No,No,402.07,13708.25,34
S11965,C11965,Ultra,No Internet,Yes,No,No,Yes,No,Yes,553.11,29287.94,53
S11966,C11966,Plus,5G,Yes,No,Yes,Yes,No,Yes,392.24,23087.14,59
S11967,C11967,Plus,No Internet,Yes,No,Yes,Yes,No,Yes,330.64,17449.8,53
S11968,C11968,Business,DSL,Yes,Yes,Yes,Yes,Yes,Yes,712.14,35650.9,50
S11969,C11969,Basic,DSL,No,No phone,Yes,Yes,No,No,157.37,8745.93,56
S11970,C11970,Plus,DSL,No,No phone,Yes,No,No,No,306.42,6072.64,20
S11971,C11971,Plus,Fiber,Yes,Yes,No,No,Yes,Yes,388.59,16205.87,42
S11972,C11972,Plus,5G,No,No phone,No,No,Yes,Yes,409.99,23368.0,57
S11973,C11973,Business,Fiber,Yes,No,No,Yes,Yes,No,796.82,39759.11,50
S11974,C11974,Plus,Fiber,Yes,No,Yes,Yes,No,Yes,420.63,9565.56,23
S11975,C11975,Ultra,Fiber,Yes,No,Yes,No,No,No,573.51,26384.29,46
S11976,C11976,Basic,Fiber,No,No phone,Yes,Yes,Yes,No,240.72,5255.61,22
S11977,C11977,Basic,5G,Yes,No,Yes,No,Yes,No,264.78,4468.7,17
S11978,C11978,Basic,Fiber,Yes,Yes,No,No,No,No,210.85,7598.82,36
S11979,C11979,Business,5G,Yes,No,No,No,No,No,813.24,35837.51,44
S11980,C11980,Plus,DSL,Yes,Yes,No,Yes,Yes,Yes,277.69,7550.42,27
S11981,C11981,Business,Fiber,Yes,No,Yes,Yes,Yes,No,783.81,32191.24,41
S11982,C11982,Ultra,5G,Yes,No,Yes,Yes,Yes,Yes,632.94,22249.71,35
S11983,C11983,Basic,Fiber,Yes,No,Yes,Yes,No,No,259.83,3837.01,15
S11984,C11984,Plus,5G,Yes,Yes,Yes,Yes,No,No,412.68,11224.45,27
S11985,C11985,Plus,DSL,Yes,Yes,Yes,Yes,No,No,327.9,7160.16,22
S11986,C11986,Basic,Fiber,Yes,Yes,No,Yes,No,Yes,186.16,9884.43,53
S11987,C11987,Business,Fiber,Yes,No,No,No,No,Yes,813.34,18468.96,23
S11988,C11988,Business,Fiber,No,No phone,Yes,Yes,Yes,No,791.3,39588.33,50
S11989,C11989,Plus,No Internet,Yes,No,No,No,No,Yes,315.74,7944.32,25
S11990,C11990,Business,Fiber,Yes,No,No,No,No,Yes,845.26,48217.8,57
S11991,C11991,Ultra,DSL,Yes,No,Yes,Yes,Yes,No,515.45,29527.11,57
S11992,C11992,Basic,DSL,No,No phone,No,No,Yes,Yes,175.79,8457.78,48
S11993,C11993,Ultra,DSL,No,No phone,No,No,Yes,Yes,505.3,27878.64,55
S11994,C11994,Plus,5G,Yes,No,No,No,Yes,Yes,371.44,14510.13,39
S11995,C11995,Ultra,DSL,Yes,No,Yes,Yes,No,Yes,533.43,17145.3,32
S11996,C11996,Basic,No Internet,Yes,No,Yes,Yes,No,No,241.63,13275.35,55
S11997,C11997,Plus,Fiber,Yes,Yes,Yes,No,Yes,No,400.12,23999.41,60
S11998,C11998,Plus,DSL,Yes,No,Yes,No,No,Yes,305.13,18273.99,60
S11999,C11999,Plus,Fiber,Yes,No,No,No,No,Yes,386.04,7746.82,20
S12000,C12000,Ultra,Fiber,Yes,No,Yes,No,No,No,599.78,20969.52,35
S12001,C12001,Ultra,DSL,Yes,No,Yes,No,Yes,No,550.82,29282.32,53
S12002,C12002,Plus,Fiber,Yes,Yes,Yes,Yes,No,No,407.11,12196.35,30
S12003,C12003,Business,Fiber,Yes,Yes,No,Yes,No,No,791.58,9494.49,12
S12004,C12004,Ultra,Fiber,Yes,Yes,No,No,No,Yes,585.17,34514.69,59
S12005,C12005,Basic,DSL,No,No phone,Yes,No,Yes,No,180.58,4589.83,25
S12006,C12006,Plus,Fiber,Yes,No,No,No,Yes,Yes,395.64,15765.81,40
S12007,C12007,Ultra,Fiber,Yes,No,No,Yes,Yes,Yes,632.7,17759.97,28
S12008,C12008,Plus,No Internet,Yes,Yes,Yes,No,Yes,Yes,339.08,18384.12,54
S12009,C12009,Basic,5G,No,No phone,Yes,Yes,Yes,Yes,329.95,7276.24,22
S12010,C12010,Business,5G,Yes,Yes,No,Yes,No,Yes,869.13,16533.06,19
S12011,C12011,Ultra,Fiber,Yes,Yes,Yes,No,No,Yes,614.34,9696.03,16
S12012,C12012,Plus,DSL,Yes,No,Yes,Yes,No,Yes,298.05,13929.55,47
S12013,C12013,Plus,DSL,No,No phone,No,No,No,No,350.82,14396.73,41
S12014,C12014,Business,5G,Yes,No,No,Yes,Yes,Yes,847.35,43971.56,52
S12015,C12015,Plus,Fiber,Yes,No,No,Yes,Yes,Yes,406.88,8544.14,21
S12016,C12016,Ultra,Fiber,Yes,No,Yes,No,Yes,No,616.39,33238.02,54
S12017,C12017,Business,Fiber,Yes,No,Yes,No,Yes,Yes,884.28,31065.35,35
S12018,C12018,Plus,No Internet,No,No phone,No,Yes,Yes,No,329.68,17143.4,52
S12019,C12019,Ultra,Fiber,Yes,Yes,Yes,No,No,Yes,561.38,12283.19,22
S12020,C12020,Ultra,No Internet,Yes,Yes,Yes,No,Yes,No,525.7,12156.33,23
S12021,C12021,Ultra,No Internet,Yes,Yes,Yes,Yes,Yes,Yes,504.43,12972.06,26
S12022,C12022,Basic,5G,No,No phone,No,No,Yes,Yes,321.78,17993.51,56
S12023,C12023,Plus,No Internet,Yes,No,Yes,No,Yes,Yes,331.33,7075.89,21
S12024,C12024,Basic,5G,No,No phone,Yes,Yes,No,Yes,272.56,9682.65,36
S12025,C12025,Basic,Fiber,Yes,Yes,Yes,No,No,No,261.83,5707.83,22
S12026,C12026,Basic,5G,Yes,No,No,No,No,Yes,256.18,5038.95,20
S12027,C12027,Plus,Fiber,Yes,No,No,No,No,Yes,439.06,18511.64,42
S12028,C12028,Basic,DSL,Yes,No,Yes,No,Yes,No,213.5,8505.6,40
S12029,C12029,Plus,No Internet,Yes,No,No,Yes,No,No,339.17,19011.19,56
S12030,C12030,Ultra,Fiber,Yes,No,Yes,No,No,Yes,526.33,27497.54,52
S12031,C12031,Business,DSL,Yes,Yes,No,Yes,Yes,Yes,778.25,42020.56,54
S12032,C12032,Ultra,DSL,Yes,Yes,Yes,Yes,No,Yes,505.07,15201.43,30
S12033,C12033,Plus,DSL,Yes,No,Yes,No,Yes,Yes,324.65,11732.33,36
S12034,C12034,Plus,DSL,Yes,Yes,Yes,Yes,No,Yes,349.27,17384.19,50
S12035,C12035,Basic,Fiber,No,No phone,Yes,No,No,Yes,265.92,14679.88,55
S12036,C12036,Basic,Fiber,No,No phone,No,Yes,No,No,253.05,3499.24,14
S12037,C12037,Ultra,5G,Yes,No,Yes,No,Yes,No,576.51,26451.33,46
S12038,C12038,Ultra,5G,Yes,Yes,No,Yes,Yes,No,630.82,35926.12,57
S12039,C12039,Basic,5G,Yes,No,Yes,Yes,Yes,No,282.23,3704.23,13
S12040,C12040,Basic,Fiber,Yes,Yes,Yes,No,No,Yes,267.32,6760.64,25
S12041,C12041,Basic,DSL,Yes,No,Yes,Yes,Yes,No,201.37,3274.51,16
S12042,C12042,Basic,Fiber,Yes,Yes,No,No,No,Yes,266.52,3803.24,14
S12043,C12043,Ultra,DSL,Yes,Yes,No,Yes,No,Yes,512.85,9688.05,19
S12044,C12044,Ultra,DSL,Yes,No,No,Yes,No,No,500.59,21556.95,43
S12045,C12045,Ultra,Fiber,Yes,Yes,No,No,Yes,No,609.07,27422.58,45
S12046,C12046,Ultra,Fiber,Yes,No,No,Yes,No,Yes,576.02,15457.98,27
S12047,C12047,Basic,Fiber,No,No phone,No,No,No,No,255.43,13699.98,54
S12048,C12048,Business,DSL,Yes,Yes,Yes,Yes,Yes,No,736.87,19266.31,26
S12049,C12049,Basic,Fiber,No,No phone,No,No,No,No,282.46,15479.8,55
S12050,C12050,Basic,Fiber,Yes,No,No,No,No,No,228.07,10107.95,44
S12051,C12051,Plus,Fiber,Yes,Yes,Yes,No,Yes,No,389.77,20949.68,54
S12052,C12052,Business,5G,Yes,No,Yes,Yes,Yes,No,814.04,26952.34,33
S12053,C12053,Ultra,DSL,Yes,No,No,Yes,Yes,No,515.77,24293.63,47
S12054,C12054,Ultra,Fiber,Yes,Yes,No,No,Yes,Yes,613.13,10345.42,17
S12055,C12055,Basic,Fiber,Yes,Yes,Yes,No,Yes,Yes,318.99,12622.13,39
S12056,C12056,Plus,DSL,Yes,Yes,No,Yes,Yes,No,288.24,10741.94,37
S12057,C12057,Plus,DSL,Yes,Yes,Yes,No,No,Yes,317.18,5146.44,16
S12058,C12058,Ultra,DSL,Yes,No,No,Yes,No,Yes,490.35,29395.02,60
S12059,C12059,Ultra,No Internet,No,No phone,No,No,Yes,Yes,532.76,12807.2,24
S12060,C12060,Business,No Internet,Yes,No,Yes,Yes,Yes,No,760.96,18277.33,24
S12061,C12061,Plus,DSL,Yes,Yes,Yes,Yes,No,No,308.76,5618.79,18
S12062,C12062,Business,Fiber,Yes,No,Yes,No,Yes,No,798.34,30253.6,38
S12063,C12063,Basic,Fiber,Yes,Yes,No,Yes,Yes,Yes,273.71,16488.63,60
S12064,C12064,Basic,Fiber,Yes,Yes,Yes,Yes,Yes,No,255.99,10217.19,40
S12065,C12065,Basic,DSL,Yes,No,No,Yes,No,Yes,164.6,5074.91,31
S12066,C12066,Ultra,Fiber,Yes,No,Yes,Yes,Yes,No,532.18,31008.62,58
S12067,C12067,Business,Fiber,Yes,Yes,No,Yes,Yes,No,828.94,25769.69,31
S12068,C12068,Basic,DSL,Yes,Yes,No,No,Yes,Yes,183.38,8975.93,49
S12069,C12069,Plus,Fiber,Yes,No,Yes,Yes,Yes,Yes,398.84,23168.72,58
S12070,C12070,Basic,DSL,No,No phone,Yes,Yes,No,Yes,192.17,10127.02,52
S12071,C12071,Basic,Fiber,Yes,No,Yes,Yes,Yes,No,237.96,3623.44,15
S12072,C12072,Business,DSL,Yes,No,No,Yes,No,Yes,762.66,16104.82,21
S12073,C12073,Basic,No Internet,Yes,Yes,Yes,Yes,No,No,196.82,3790.93,19
S12074,C12074,Plus,Fiber,No,No phone,No,Yes,Yes,No,376.92,20709.04,55
S12075,C12075,Business,DSL,Yes,Yes,Yes,Yes,No,Yes,708.46,31241.07,44
S12076,C12076,Basic,Fiber,No,No phone,No,Yes,No,No,307.87,11203.47,36
S12077,C12077,Basic,DSL,Yes,No,No,No,Yes,No,200.24,2627.36,13
S12078,C12078,Business,DSL,Yes,No,No,Yes,Yes,Yes,774.82,21683.44,28
S12079,C12079,Business,Fiber,Yes,No,Yes,No,Yes,No,814.54,36549.22,45
S12080,C12080,Ultra,DSL,Yes,Yes,No,Yes,No,No,544.09,7627.57,14
S12081,C12081,Plus,5G,Yes,No,No,Yes,Yes,Yes,438.45,7425.36,17
S12082,C12082,Ultra,5G,Yes,No,Yes,Yes,No,No,662.43,29803.0,45
S12083,C12083,Basic,DSL,Yes,Yes,Yes,No,Yes,No,197.59,3062.84,15
S12084,C12084,Plus,5G,Yes,Yes,No,Yes,No,Yes,462.08,19861.15,43
S12085,C12085,Plus,5G,Yes,Yes,No,No,No,No,426.98,11504.09,27
S12086,C12086,Basic,DSL,Yes,No,No,No,No,No,111.76,2347.38,21
S12087,C12087,Business,Fiber,Yes,Yes,Yes,No,No,Yes,783.42,26592.02,34
S12088,C12088,Plus,Fiber,Yes,No,Yes,Yes,No,Yes,378.8,16936.61,45
S12089,C12089,Plus,Fiber,Yes,Yes,Yes,No,Yes,No,414.16,15760.55,38
S12090,C12090,Ultra,5G,Yes,Yes,Yes,Yes,Yes,No,657.36,13903.48,21
S12091,C12091,Plus,Fiber,Yes,No,No,No,No,No,367.52,20156.12,55
S12092,C12092,Plus,Fiber,Yes,Yes,Yes,No,No,No,417.71,20529.84,49
S12093,C12093,Plus,Fiber,Yes,No,Yes,Yes,No,No,400.28,22049.49,55
S12094,C12094,Plus,5G,Yes,Yes,No,No,Yes,No,483.38,13024.34,27
S12095,C12095,Plus,No Internet,Yes,No,Yes,Yes,No,No,311.33,7109.0,23
S12096,C12096,Basic,Fiber,Yes,Yes,Yes,No,No,Yes,246.91,5075.85,21
S12097,C12097,Ultra,DSL,Yes,Yes,Yes,Yes,Yes,No,568.72,22807.65,40
S12098,C12098,Basic,Fiber,Yes,Yes,No,No,Yes,No,289.43,4488.18,15
S12099,C12099,Business,Fiber,Yes,Yes,No,No,No,Yes,779.25,37339.7,48
S12100,C12100,Business,No Internet,Yes,No,Yes,Yes,Yes,No,742.49,40801.19,55
S12101,C12101,Business,5G,Yes,No,No,No,No,Yes,860.88,30072.97,35
S12102,C12102,Plus,DSL,Yes,No,Yes,No,No,Yes,295.18,12943.98,44
S12103,C12103,Ultra,DSL,Yes,Yes,Yes,No,Yes,No,511.76,19919.38,39
S12104,C12104,Ultra,DSL,Yes,Yes,Yes,Yes,No,Yes,516.85,24206.1,47
S12105,C12105,Ultra,No Internet,No,No phone,No,No,Yes,No,487.28,27762.68,57
S12106,C12106,Plus,5G,Yes,No,Yes,No,No,No,432.67,15175.92,35
S12107,C12107,Basic,5G,Yes,Yes,No,No,Yes,Yes,250.06,3031.16,12
S12108,C12108,Plus,Fiber,Yes,Yes,Yes,No,No,No,383.57,5498.28,14
S12109,C12109,Plus,Fiber,Yes,No,Yes,Yes,Yes,No,422.84,22844.05,54
S12110,C12110,Basic,No Internet,Yes,No,Yes,Yes,Yes,No,180.08,4645.41,26
S12111,C12111,Plus,DSL,Yes,Yes,No,Yes,No,Yes,348.55,19907.96,57
S12112,C12112,Basic,DSL,Yes,No,Yes,No,No,No,144.38,2232.12,16
S12113,C12113,Ultra,DSL,Yes,No,Yes,No,No,Yes,501.89,21851.49,43
S12114,C12114,Basic,Fiber,Yes,No,No,No,Yes,No,258.04,12860.76,50
S12115,C12115,Basic,Fiber,Yes,Yes,Yes,No,No,Yes,260.75,12524.96,48
S12116,C12116,Business,Fiber,Yes,Yes,Yes,No,No,Yes,823.17,45381.89,55
S12117,C12117,Ultra,Fiber,Yes,Yes,No,Yes,Yes,No,586.3,26276.2,45
S12118,C12118,Plus,Fiber,Yes,No,No,Yes,No,Yes,438.86,25124.6,57
S12119,C12119,Plus,5G,Yes,Yes,No,Yes,Yes,No,445.56,10252.15,23
S12120,C12120,Ultra,No Internet,Yes,No,Yes,Yes,No,Yes,522.98,18327.68,35
S12121,C12121,Plus,Fiber,Yes,No,No,No,Yes,Yes,385.26,14185.7,37
S12122,C12122,Plus,DSL,Yes,No,Yes,No,Yes,Yes,314.33,17340.08,55
S12123,C12123,Ultra,DSL,Yes,No,Yes,Yes,No,No,562.96,30296.67,54
S12124,C12124,Plus,DSL,Yes,Yes,Yes,No,Yes,Yes,300.88,10688.0,36
S12125,C12125,Basic,Fiber,Yes,Yes,Yes,No,Yes,Yes,233.63,13929.03,60
S12126,C12126,Basic,Fiber,Yes,Yes,No,Yes,Yes,Yes,239.79,11587.99,48
S12127,C12127,Basic,5G,Yes,No,Yes,No,Yes,Yes,291.42,9655.17,33
S12128,C12128,Plus,No Internet,Yes,No,Yes,Yes,No,Yes,284.26,7277.09,26
S12129,C12129,Plus,No Internet,Yes,Yes,No,No,Yes,No,335.98,19218.94,57
S12130,C12130,Basic,Fiber,Yes,No,Yes,Yes,No,No,255.13,3804.53,15
S12131,C12131,Basic,Fiber,Yes,Yes,No,Yes,Yes,No,270.3,10043.11,37
S12132,C12132,Basic,DSL,Yes,Yes,No,No,Yes,Yes,179.14,8006.02,45
S12133,C12133,Basic,5G,Yes,No,Yes,No,Yes,Yes,249.92,5495.19,22
S12134,C12134,Plus,Fiber,Yes,No,No,Yes,No,Yes,396.02,11031.25,28
S12135,C12135,Plus,Fiber,Yes,No,No,No,Yes,No,352.99,9914.13,28
S12136,C12136,Business,No Internet,Yes,No,No,No,Yes,Yes,750.73,43663.99,58
S12137,C12137,Business,Fiber,Yes,No,No,Yes,Yes,Yes,868.25,39888.13,46
S12138,C12138,Plus,DSL,Yes,No,Yes,Yes,No,No,330.05,16192.33,49
S12139,C12139,Plus,5G,Yes,No,Yes,Yes,Yes,Yes,393.94,13785.13,35
S12140,C12140,Plus,5G,Yes,No,No,No,Yes,Yes,402.44,12542.97,31
S12141,C12141,Plus,DSL,Yes,Yes,Yes,No,No,Yes,355.25,11704.7,33
S12142,C12142,Basic,DSL,No,No phone,Yes,Yes,No,Yes,171.16,7501.44,44
S12143,C12143,Basic,DSL,Yes,No,No,No,No,No,165.24,6272.57,38
S12144,C12144,Ultra,DSL,No,No phone,Yes,No,No,No,533.28,22958.85,43
S12145,C12145,Basic,No Internet,No,No phone,Yes,No,Yes,Yes,198.58,5425.88,28
S12146,C12146,Basic,DSL,Yes,Yes,No,No,Yes,Yes,175.32,10095.34,57
S12147,C12147,Plus,Fiber,Yes,No,Yes,Yes,Yes,Yes,400.46,11211.32,28
S12148,C12148,Plus,Fiber,Yes,No,No,No,Yes,No,386.4,13944.59,36
S12149,C12149,Basic,5G,Yes,Yes,No,No,No,Yes,284.83,11077.29,39
S12150,C12150,Basic,5G,Yes,No,No,Yes,Yes,No,294.03,16625.86,57
S12151,C12151,Basic,Fiber,No,No phone,Yes,Yes,Yes,No,238.61,6536.06,28
S12152,C12152,Business,Fiber,Yes,Yes,Yes,No,Yes,No,871.03,10501.12,12
S12153,C12153,Business,Fiber,Yes,Yes,Yes,No,No,Yes,830.73,37323.5,45
S12154,C12154,Ultra,Fiber,Yes,No,No,Yes,Yes,No,594.71,26202.24,44
S12155,C12155,Basic,5G,No,No phone,No,Yes,Yes,No,232.25,11411.02,48
S12156,C12156,Ultra,5G,No,No phone,Yes,Yes,Yes,Yes,621.86,26127.19,42
S12157,C12157,Ultra,5G,Yes,No,Yes,No,No,No,613.07,8072.87,13
S12158,C12158,Plus,Fiber,Yes,Yes,No,Yes,No,Yes,350.93,4198.23,12
S12159,C12159,Ultra,5G,Yes,No,No,Yes,Yes,No,645.6,9132.09,14
S12160,C12160,Business,Fiber,Yes,No,Yes,Yes,No,Yes,778.03,35691.31,46
S12161,C12161,Business,5G,Yes,Yes,Yes,No,No,Yes,868.41,28627.56,33
S12162,C12162,Business,DSL,Yes,No,Yes,No,No,Yes,755.18,32470.87,43
S12163,C12163,Plus,DSL,Yes,Yes,No,Yes,No,No,312.47,17135.69,55
S12164,C12164,Ultra,Fiber,Yes,Yes,No,No,Yes,Yes,559.65,20721.49,37
S12165,C12165,Basic,DSL,No,No phone,Yes,Yes,Yes,No,212.45,9236.36,43
S12166,C12166,Basic,DSL,Yes,Yes,No,No,No,No,168.11,3309.09,20
S12167,C12167,Business,5G,Yes,No,Yes,No,Yes,No,829.15,42330.94,51
S12168,C12168,Ultra,5G,Yes,Yes,No,Yes,Yes,No,624.8,10097.54,16
S12169,C12169,Ultra,5G,Yes,No,Yes,No,Yes,Yes,613.12,11124.12,18
S12170,C12170,Basic,DSL,Yes,No,No,No,Yes,Yes,229.63,9729.38,42
S12171,C12171,Basic,5G,Yes,No,Yes,No,Yes,No,292.35,7255.28,25
S12172,C12172,Plus,No Internet,Yes,Yes,No,Yes,Yes,No,339.0,16055.64,47
S12173,C12173,Ultra,DSL,No,No phone,No,No,Yes,Yes,539.63,22731.98,42
S12174,C12174,Business,Fiber,Yes,No,Yes,Yes,No,No,842.91,17468.42,21
S12175,C12175,Ultra,5G,No,No phone,Yes,No,No,No,607.11,13290.84,22
S12176,C12176,Business,DSL,Yes,Yes,Yes,No,No,No,777.25,42780.27,55
S12177,C12177,Plus,5G,Yes,No,Yes,No,No,Yes,406.25,20215.05,50
S12178,C12178,Business,DSL,Yes,No,Yes,No,Yes,No,754.24,39849.08,53
S12179,C12179,Basic,Fiber,Yes,No,Yes,No,Yes,Yes,294.88,6906.81,23
S12180,C12180,Business,5G,Yes,No,No,No,Yes,Yes,855.65,29201.69,34
S12181,C12181,Basic,Fiber,Yes,No,Yes,No,Yes,Yes,267.77,5912.97,22
S12182,C12182,Basic,DSL,Yes,Yes,No,Yes,No,No,184.65,5089.25,27
S12183,C12183,Plus,Fiber,Yes,Yes,Yes,No,Yes,No,342.9,20347.25,59
S12184,C12184,Ultra,DSL,Yes,No,No,No,Yes,Yes,571.33,6848.74,12
S12185,C12185,Ultra,DSL,No,No phone,Yes,No,Yes,No,548.37,11550.18,21
S12186,C12186,Basic,Fiber,Yes,No,No,Yes,No,No,250.57,8859.41,36
S12187,C12187,Ultra,Fiber,Yes,Yes,Yes,No,No,Yes,572.1,29190.79,51
S12188,C12188,Business,5G,Yes,Yes,No,Yes,Yes,No,810.38,29302.07,36
S12189,C12189,Basic,DSL,Yes,No,Yes,Yes,Yes,No,179.9,2893.18,16
S12190,C12190,Basic,5G,Yes,Yes,Yes,Yes,Yes,No,284.25,11031.67,39
S12191,C12191,Basic,DSL,Yes,Yes,Yes,No,No,No,193.67,5001.83,26
S12192,C12192,Basic,5G,Yes,No,No,Yes,Yes,No,255.22,5896.35,23
S12193,C12193,Plus,DSL,Yes,No,No,Yes,Yes,No,351.71,17331.07,49
S12194,C12194,Plus,Fiber,Yes,Yes,Yes,Yes,No,No,376.74,12469.33,33
S12195,C12195,Plus,5G,Yes,No,No,No,No,Yes,441.61,8876.63,20
S12196,C12196,Basic,Fiber,No,No phone,Yes,No,Yes,Yes,244.85,3842.18,16
S12197,C12197,Ultra,5G,Yes,No,No,Yes,Yes,Yes,585.81,22305.94,38
S12198,C12198,Ultra,No Internet,Yes,No,No,Yes,Yes,Yes,578.33,21501.88,37
S12199,C12199,Basic,Fiber,Yes,No,Yes,Yes,No,No,281.68,4939.3,18
S12200,C12200,Ultra,Fiber,Yes,Yes,Yes,No,Yes,Yes,585.24,9939.44,17
S12201,C12201,Basic,DSL,Yes,Yes,Yes,Yes,No,Yes,192.16,3562.53,19
S12202,C12202,Business,DSL,Yes,Yes,Yes,Yes,No,Yes,736.39,13905.19,19
S12203,C12203,Basic,5G,No,No phone,Yes,No,Yes,Yes,295.64,6105.92,21
S12204,C12204,Basic,DSL,Yes,No,Yes,Yes,No,Yes,216.58,12769.84,58
S12205,C12205,Plus,Fiber,No,No phone,No,No,No,Yes,377.07,20332.41,54
S12206,C12206,Plus,Fiber,Yes,Yes,No,No,No,No,371.26,22347.84,60
S12207,C12207,Basic,No Internet,Yes,No,No,No,Yes,Yes,222.7,6655.84,30
S12208,C12208,Ultra,Fiber,Yes,Yes,No,No,No,Yes,575.84,13742.46,24
S12209,C12209,Ultra,No Internet,No,No phone,No,Yes,Yes,No,494.38,28120.56,57
S12210,C12210,Plus,Fiber,Yes,Yes,No,Yes,Yes,No,442.71,12983.14,29
S12211,C12211,Business,Fiber,Yes,No,No,Yes,No,Yes,801.73,37875.4,47
S12212,C12212,Ultra,5G,Yes,No,No,No,No,Yes,634.43,12702.98,20
S12213,C12213,Plus,Fiber,Yes,Yes,Yes,No,Yes,Yes,393.71,13369.37,34
S12214,C12214,Basic,Fiber,Yes,Yes,Yes,No,No,No,269.18,11572.22,43
S12215,C12215,Plus,DSL,Yes,No,No,No,No,No,265.83,5889.05,22
S12216,C12216,Business,DSL,Yes,No,No,Yes,Yes,No,798.67,11974.86,15
S12217,C12217,Basic,DSL,Yes,Yes,Yes,Yes,Yes,No,204.65,7077.39,34
S12218,C12218,Business,5G,Yes,No,No,No,No,Yes,866.67,15734.35,18
S12219,C12219,Basic,5G,No,No phone,No,Yes,No,No,252.75,6941.52,27
S12220,C12220,Basic,DSL,Yes,No,No,Yes,Yes,No,193.06,8265.69,43
S12221,C12221,Basic,Fiber,Yes,No,Yes,No,Yes,No,245.22,4292.58,17
S12222,C12222,Plus,Fiber,Yes,No,Yes,Yes,Yes,No,402.54,8393.04,21
S12223,C12223,Plus,Fiber,Yes,Yes,No,No,No,No,366.53,9888.5,27
S12224,C12224,Plus,No Internet,Yes,No,Yes,No,Yes,No,279.67,8390.71,30
S12225,C12225,Plus,5G,Yes,Yes,Yes,Yes,No,Yes,482.63,18175.02,38
S12226,C12226,Ultra,No Internet,Yes,Yes,No,No,No,Yes,540.42,30234.31,56
S12227,C12227,Basic,No Internet,Yes,No,Yes,Yes,No,Yes,176.05,3617.8,21
S12228,C12228,Ultra,DSL,Yes,No,Yes,No,Yes,Yes,588.8,32979.03,56
S12229,C12229,Basic,DSL,Yes,No,No,No,No,No,212.67,8170.57,38
S12230,C12230,Basic,DSL,No,No phone,Yes,Yes,Yes,Yes,192.39,7992.56,41
S12231,C12231,Plus,Fiber,Yes,No,Yes,No,Yes,No,444.06,20101.41,45
S12232,C12232,Basic,5G,Yes,No,No,No,No,Yes,257.42,5582.15,22
S12233,C12233,Plus,DSL,Yes,Yes,No,Yes,No,Yes,289.19,16518.13,57
S12234,C12234,Ultra,5G,Yes,Yes,Yes,No,No,Yes,625.09,20053.13,32
S12235,C12235,Basic,5G,Yes,Yes,No,No,Yes,No,308.75,5289.84,17
S12236,C12236,Plus,5G,Yes,No,No,Yes,No,No,411.03,20601.29,50
S12237,C12237,Plus,DSL,Yes,No,Yes,No,No,No,337.53,7248.28,21
S12238,C12238,Plus,DSL,Yes,Yes,No,Yes,Yes,Yes,368.52,7025.32,19
S12239,C12239,Basic,Fiber,Yes,Yes,Yes,No,No,No,218.22,8758.48,40
S12240,C12240,Business,5G,Yes,No,Yes,No,No,Yes,838.84,39565.01,47
S12241,C12241,Basic,DSL,No,No phone,No,No,Yes,Yes,174.92,6968.07,40
S12242,C12242,Plus,DSL,Yes,Yes,No,Yes,Yes,No,375.85,4830.4,13
S12243,C12243,Plus,5G,No,No phone,No,Yes,Yes,No,463.9,13413.09,29
S12244,C12244,Basic,5G,No,No phone,No,No,No,No,264.25,10237.16,38
S12245,C12245,Ultra,DSL,Yes,No,No,No,Yes,Yes,535.18,18134.29,34
S12246,C12246,Plus,Fiber,No,No phone,No,Yes,No,Yes,371.5,9072.24,24
S12247,C12247,Ultra,Fiber,Yes,Yes,Yes,No,Yes,Yes,603.37,15686.15,26
S12248,C12248,Plus,5G,Yes,Yes,No,Yes,No,Yes,427.28,11954.55,28
S12249,C12249,Plus,DSL,Yes,Yes,No,No,No,No,355.22,13531.87,38
S12250,C12250,Basic,DSL,Yes,Yes,Yes,Yes,No,Yes,187.49,9242.05,50
S12251,C12251,Plus,Fiber,Yes,No,Yes,No,No,No,416.86,10347.4,25
S12252,C12252,Plus,DSL,Yes,Yes,Yes,No,Yes,No,325.02,19275.01,59
S12253,C12253,Ultra,DSL,Yes,Yes,No,Yes,Yes,Yes,583.21,22778.29,39
S12254,C12254,Basic,5G,No,No phone,Yes,No,Yes,No,271.71,6858.19,25
S12255,C12255,Ultra,5G,Yes,No,No,No,No,Yes,612.13,31213.03,51
S12256,C12256,Plus,5G,Yes,No,No,Yes,Yes,Yes,425.31,19481.16,46
S12257,C12257,Basic,DSL,No,No phone,No,Yes,No,No,172.93,6244.39,37
S12258,C12258,Basic,5G,Yes,No,Yes,Yes,Yes,Yes,284.48,12838.97,45
S12259,C12259,Basic,5G,No,No phone,No,Yes,Yes,No,273.37,5626.28,21
S12260,C12260,Plus,DSL,Yes,No,Yes,Yes,No,No,311.31,4290.96,14
S12261,C12261,Plus,Fiber,Yes,Yes,Yes,Yes,Yes,Yes,364.71,6053.19,17
S12262,C12262,Ultra,Fiber,Yes,Yes,Yes,Yes,No,Yes,571.59,11450.33,20
S12263,C12263,Basic,Fiber,Yes,No,Yes,No,Yes,Yes,267.79,4948.53,18
S12264,C12264,Plus,DSL,Yes,No,No,Yes,No,Yes,281.22,10806.78,38
S12265,C12265,Business,DSL,Yes,Yes,No,Yes,Yes,Yes,750.47,27122.75,36
S12266,C12266,Ultra,Fiber,Yes,Yes,Yes,Yes,Yes,Yes,553.34,12666.0,23
S12267,C12267,Business,DSL,No,No phone,Yes,Yes,Yes,No,712.72,42763.16,60
S12268,C12268,Business,5G,Yes,No,Yes,No,Yes,No,847.18,32157.36,38
S12269,C12269,Basic,DSL,Yes,Yes,No,Yes,Yes,Yes,165.95,2707.39,17
S12270,C12270,Plus,5G,Yes,Yes,Yes,Yes,No,No,456.83,17429.11,38
S12271,C12271,Plus,Fiber,Yes,Yes,Yes,No,Yes,No,348.72,14623.5,42
S12272,C12272,Ultra,5G,Yes,No,Yes,No,Yes,No,646.14,34947.88,54
S12273,C12273,Plus,DSL,Yes,Yes,Yes,No,No,Yes,350.52,14731.49,42
S12274,C12274,Ultra,5G,Yes,Yes,Yes,No,Yes,Yes,616.35,15295.59,25
S12275,C12275,Business,No Internet,Yes,Yes,Yes,No,No,No,800.94,15929.34,20
S12276,C12276,Plus,DSL,Yes,Yes,Yes,Yes,No,Yes,382.02,21010.92,55
S12277,C12277,Plus,Fiber,Yes,Yes,No,Yes,No,Yes,383.08,16045.32,42
S12278,C12278,Basic,No Internet,Yes,No,No,No,Yes,No,190.83,2352.49,13
S12279,C12279,Plus,5G,Yes,Yes,No,No,No,Yes,410.48,19290.78,47
S12280,C12280,Basic,DSL,No,No phone,No,Yes,No,Yes,226.88,10898.6,48
S12281,C12281,Basic,5G,Yes,No,Yes,No,Yes,Yes,265.61,3779.98,14
S12282,C12282,Plus,Fiber,Yes,No,No,Yes,Yes,Yes,401.79,16464.68,41
S12283,C12283,Ultra,No Internet,Yes,Yes,No,No,Yes,No,507.25,21629.09,43
S12284,C12284,Basic,Fiber,Yes,No,No,No,Yes,Yes,251.71,12849.39,51
S12285,C12285,Basic,Fiber,Yes,Yes,No,No,Yes,Yes,270.93,7540.93,28
S12286,C12286,Plus,Fiber,Yes,Yes,No,Yes,No,No,394.07,8751.78,22
S12287,C12287,Business,Fiber,Yes,No,No,Yes,No,Yes,810.71,18680.04,23
S12288,C12288,Plus,DSL,Yes,Yes,No,Yes,Yes,No,335.58,5164.67,15
S12289,C12289,Business,Fiber,Yes,No,Yes,Yes,Yes,No,801.77,45695.56,57
S12290,C12290,Plus,Fiber,Yes,Yes,Yes,Yes,Yes,Yes,388.42,4697.22,12
S12291,C12291,Plus,Fiber,Yes,No,No,No,No,Yes,375.15,22541.68,60
S12292,C12292,Business,DSL,Yes,No,No,No,No,Yes,741.09,17664.15,24
S12293,C12293,Plus,Fiber,Yes,Yes,No,Yes,No,No,372.37,17897.7,48
S12294,C12294,Ultra,No Internet,Yes,No,Yes,Yes,No,No,542.08,8104.53,15
S12295,C12295,Plus,DSL,Yes,Yes,Yes,Yes,Yes,No,322.01,6121.43,19
S12296,C12296,Business,Fiber,Yes,No,No,Yes,Yes,Yes,826.98,14030.67,17
S12297,C12297,Basic,Fiber,Yes,No,No,Yes,No,No,222.13,9078.54,41
S12298,C12298,Ultra,DSL,Yes,No,No,Yes,No,No,517.18,18079.01,35
S12299,C12299,Plus,Fiber,Yes,Yes,No,Yes,Yes,Yes,393.82,22815.06,58
S12300,C12300,Basic,5G,Yes,Yes,No,Yes,Yes,Yes,247.25,4533.47,18
S12301,C12301,Basic,5G,Yes,No,No,Yes,Yes,Yes,258.93,7327.44,29
S12302,C12302,Business,Fiber,Yes,No,No,No,Yes,No,803.93,45226.5,56
S12303,C12303,Ultra,DSL,No,No phone,No,Yes,Yes,No,474.81,15613.56,33
S12304,C12304,Plus,5G,Yes,No,No,Yes,No,No,436.34,23020.84,53
S12305,C12305,Ultra,5G,Yes,No,Yes,No,No,No,612.06,17049.38,28
S12306,C12306,Business,Fiber,No,No phone,Yes,Yes,No,Yes,829.35,19971.68,24
S12307,C12307,Plus,Fiber,Yes,Yes,No,Yes,No,No,387.57,18660.52,48
S12308,C12308,Plus,Fiber,Yes,No,No,No,Yes,No,403.35,8824.76,22
S12309,C12309,Basic,Fiber,Yes,No,Yes,No,Yes,Yes,261.85,8312.54,31
S12310,C12310,Basic,Fiber,Yes,No,Yes,Yes,No,No,244.72,8743.33,36
S12311,C12311,Business,DSL,Yes,No,Yes,No,Yes,No,804.43,39385.13,49
S12312,C12312,Plus,5G,Yes,No,No,No,No,No,420.6,20630.29,49
S12313,C12313,Basic,5G,Yes,Yes,No,Yes,Yes,Yes,275.7,7944.01,29
S12314,C12314,Business,No Internet,No,No phone,No,No,Yes,No,774.61,30273.04,39
S12315,C12315,Basic,5G,Yes,Yes,No,Yes,No,No,281.49,6354.2,22
S12316,C12316,Business,Fiber,Yes,Yes,No,Yes,No,No,824.43,32861.13,40
S12317,C12317,Basic,5G,Yes,Yes,No,No,No,No,259.98,11541.05,44
S12318,C12318,Plus,5G,Yes,No,Yes,Yes,No,Yes,419.94,16558.1,40
S12319,C12319,Plus,Fiber,Yes,No,Yes,Yes,Yes,No,387.73,11354.96,29
S12320,C12320,Basic,Fiber,No,No phone,No,No,No,Yes,219.17,8413.74,38
S12321,C12321,Business,DSL,Yes,Yes,No,Yes,No,No,770.94,37679.85,49
S12322,C12322,Ultra,No Internet,Yes,No,No,No,No,Yes,519.37,29607.81,57
S12323,C12323,Business,Fiber,Yes,No,No,Yes,No,No,848.6,50946.8,60
S12324,C12324,Basic,DSL,Yes,Yes,Yes,No,No,No,186.57,6600.52,36
S12325,C12325,Ultra,DSL,Yes,Yes,No,No,No,Yes,519.7,21254.63,41
S12326,C12326,Plus,Fiber,Yes,Yes,Yes,No,No,Yes,385.09,18371.46,48
S12327,C12327,Business,DSL,Yes,Yes,No,Yes,Yes,Yes,805.92,19235.73,24
S12328,C12328,Ultra,Fiber,Yes,No,Yes,No,Yes,Yes,536.91,30042.89,56
S12329,C12329,Plus,5G,Yes,No,Yes,Yes,No,Yes,428.02,18839.07,44
S12330,C12330,Plus,Fiber,Yes,No,No,Yes,Yes,Yes,463.65,20073.93,43
S12331,C12331,Ultra,DSL,Yes,No,No,No,Yes,Yes,483.72,19800.03,41
S12332,C12332,Business,DSL,Yes,No,Yes,No,Yes,No,781.28,23343.9,30
S12333,C12333,Plus,Fiber,Yes,Yes,Yes,No,Yes,No,420.95,12620.44,30
S12334,C12334,Basic,Fiber,Yes,No,Yes,Yes,No,Yes,269.37,2812.75,11
S12335,C12335,Plus,5G,Yes,No,No,No,No,No,408.96,16359.67,40
S12336,C12336,Ultra,5G,Yes,Yes,No,Yes,Yes,Yes,625.26,26258.09,42
S12337,C12337,Plus,Fiber,Yes,No,No,No,No,Yes,369.81,13264.24,36
S12338,C12338,Plus,5G,Yes,Yes,Yes,Yes,No,Yes,413.84,5861.5,14
S12339,C12339,Plus,5G,Yes,No,Yes,No,No,No,416.97,9222.81,22
S12340,C12340,Plus,Fiber,Yes,Yes,Yes,Yes,No,Yes,415.95,22894.27,55
S12341,C12341,Ultra,Fiber,Yes,Yes,No,Yes,Yes,Yes,613.22,34997.27,57
S12342,C12342,Business,Fiber,Yes,Yes,No,No,No,Yes,854.15,32497.0,38
S12343,C12343,Ultra,Fiber,Yes,Yes,No,Yes,Yes,No,661.21,23691.27,36
S12344,C12344,Basic,No Internet,Yes,Yes,Yes,No,No,Yes,210.78,3489.33,17
S12345,C12345,Basic,DSL,No,No phone,Yes,No,No,Yes,198.03,3668.99,18
S12346,C12346,Ultra,DSL,Yes,No,No,No,Yes,Yes,533.45,22751.46,43
S12347,C12347,Basic,Fiber,Yes,Yes,No,Yes,No,Yes,233.24,3757.99,16
S12348,C12348,Basic,DSL,Yes,No,Yes,Yes,Yes,No,177.55,2195.39,12
S12349,C12349,Plus,Fiber,Yes,Yes,Yes,No,Yes,No,386.29,7778.21,20
S12350,C12350,Plus,DSL,Yes,No,Yes,No,No,No,345.44,9980.73,29
S12351,C12351,Business,Fiber,Yes,No,No,Yes,Yes,No,857.76,23246.12,27
S12352,C12352,Basic,Fiber,Yes,Yes,Yes,Yes,Yes,Yes,255.79,9739.18,38
S12353,C12353,Basic,DSL,No,No phone,No,Yes,No,No,219.87,7694.47,35
S12354,C12354,Plus,No Internet,Yes,Yes,No,Yes,Yes,No,305.57,9977.66,33
S12355,C12355,Basic,5G,Yes,Yes,Yes,No,Yes,No,275.48,6114.43,22
S12356,C12356,Ultra,5G,Yes,No,No,Yes,Yes,No,618.67,8634.42,14
S12357,C12357,Plus,Fiber,Yes,Yes,Yes,Yes,No,Yes,417.07,13402.62,32
S12358,C12358,Plus,Fiber,Yes,No,Yes,Yes,No,No,407.35,19839.9,49
S12359,C12359,Plus,No Internet,Yes,No,Yes,Yes,Yes,Yes,351.37,19675.84,56
S12360,C12360,Ultra,DSL,Yes,No,No,No,No,No,581.91,29735.49,51
S12361,C12361,Basic,Fiber,Yes,Yes,No,No,Yes,No,242.37,13750.51,57
S12362,C12362,Basic,5G,Yes,No,No,Yes,Yes,No,269.88,16047.58,59
S12363,C12363,Plus,Fiber,Yes,No,Yes,Yes,Yes,No,393.01,21321.42,54
S12364,C12364,Basic,Fiber,Yes,No,No,No,Yes,Yes,254.7,7536.15,30
S12365,C12365,Business,Fiber,Yes,Yes,Yes,No,No,Yes,802.21,16097.14,20
S12366,C12366,Business,DSL,Yes,No,No,No,No,Yes,783.63,35998.83,46
S12367,C12367,Business,5G,Yes,Yes,No,Yes,Yes,No,844.06,20970.68,25
S12368,C12368,Ultra,Fiber,Yes,No,Yes,Yes,Yes,No,576.25,31206.48,54
S12369,C12369,Basic,5G,Yes,No,Yes,No,No,Yes,240.81,6972.26,29
S12370,C12370,Basic,5G,No,No phone,No,Yes,No,No,292.78,14320.03,49
S12371,C12371,Basic,5G,Yes,No,Yes,No,Yes,No,289.08,11815.79,41
S12372,C12372,Plus,Fiber,Yes,Yes,Yes,Yes,Yes,Yes,371.78,18274.77,49
S12373,C12373,Plus,5G,Yes,No,No,No,Yes,No,442.05,22925.87,52
S12374,C12374,Ultra,Fiber,Yes,Yes,No,Yes,No,No,623.64,8100.97,13
S12375,C12375,Ultra,No Internet,Yes,Yes,Yes,No,No,No,512.34,10831.04,21
S12376,C12376,Basic,DSL,No,No phone,No,No,Yes,Yes,176.61,6950.67,39
S12377,C12377,Basic,5G,No,No phone,No,No,No,Yes,256.91,6836.43,26
S12378,C12378,Plus,Fiber,Yes,No,Yes,No,Yes,Yes,373.93,19099.95,51
S12379,C12379,Business,5G,Yes,Yes,No,No,No,Yes,850.85,25522.07,30
S12380,C12380,Plus,DSL,Yes,No,No,Yes,No,Yes,317.21,17525.75,55
S12381,C12381,Plus,Fiber,Yes,Yes,No,No,Yes,Yes,352.28,4609.03,13
S12382,C12382,Plus,5G,Yes,Yes,No,No,Yes,Yes,401.19,21720.34,54
S12383,C12383,Basic,Fiber,Yes,No,No,Yes,Yes,No,280.37,11189.9,40
S12384,C12384,Ultra,DSL,Yes,No,No,Yes,Yes,No,484.81,12099.22,25
S12385,C12385,Basic,Fiber,No,No phone,No,Yes,No,Yes,231.9,10259.62,44
S12386,C12386,Basic,Fiber,No,No phone,No,No,Yes,No,262.65,12663.82,48
S12387,C12387,Basic,Fiber,Yes,Yes,Yes,No,Yes,No,264.26,12915.53,49
S12388,C12388,Plus,Fiber,Yes,Yes,Yes,Yes,Yes,No,405.88,14616.2,36
S12389,C12389,Ultra,No Internet,Yes,Yes,Yes,No,Yes,Yes,556.56,30555.57,55
S12390,C12390,Plus,Fiber,Yes,No,No,Yes,No,No,398.1,15532.33,39
S12391,C12391,Basic,No Internet,Yes,No,No,Yes,Yes,No,189.27,8543.55,46
S12392,C12392,Plus,Fiber,Yes,Yes,No,No,No,No,351.69,10172.63,29
S12393,C12393,Plus,Fiber,Yes,No,No,Yes,No,No,358.21,15281.37,43
S12394,C12394,Business,DSL,Yes,Yes,No,Yes,Yes,Yes,770.01,14654.43,19
S12395,C12395,Plus,DSL,Yes,No,No,Yes,Yes,No,285.14,7169.58,25
S12396,C12396,Basic,Fiber,No,No phone,Yes,Yes,No,Yes,270.23,12666.74,47
S12397,C12397,Ultra,DSL,Yes,Yes,Yes,Yes,No,No,497.3,25895.84,52
S12398,C12398,Business,Fiber,Yes,No,No,Yes,No,Yes,816.52,12311.79,15
S12399,C12399,Ultra,DSL,No,No phone,Yes,No,Yes,Yes,552.66,23711.7,43
S12400,C12400,Basic,DSL,Yes,No,No,No,Yes,Yes,178.79,8583.31,48
S12401,C12401,Plus,5G,Yes,No,No,Yes,No,No,471.97,5558.86,12
S12402,C12402,Basic,Fiber,Yes,Yes,Yes,No,No,No,277.03,4493.19,16
S12403,C12403,Basic,5G,No,No phone,No,No,Yes,Yes,284.69,14338.37,50
S12404,C12404,Plus,DSL,Yes,Yes,No,No,No,No,305.35,10076.04,33
S12405,C12405,Basic,Fiber,Yes,Yes,No,No,No,Yes,270.77,14719.24,54
S12406,C12406,Plus,No Internet,Yes,Yes,No,No,Yes,Yes,330.73,4293.7,13
S12407,C12407,Ultra,Fiber,Yes,Yes,No,No,Yes,No,583.18,33869.1,58
S12408,C12408,Plus,5G,Yes,No,Yes,Yes,Yes,No,453.58,5932.22,13
S12409,C12409,Plus,DSL,Yes,Yes,No,No,Yes,No,353.38,14733.3,42
S12410,C12410,Ultra,No Internet,Yes,Yes,Yes,Yes,Yes,No,544.17,16267.25,30
S12411,C12411,Business,5G,Yes,No,Yes,No,No,No,873.58,48851.64,56
S12412,C12412,Plus,5G,Yes,Yes,Yes,No,Yes,No,426.09,8051.57,19
S12413,C12413,Business,5G,No,No phone,No,No,Yes,Yes,840.92,20262.47,24
S12414,C12414,Basic,5G,Yes,No,Yes,Yes,No,Yes,242.83,12392.56,51
S12415,C12415,Plus,Fiber,Yes,Yes,Yes,No,No,Yes,423.01,7316.15,17
S12416,C12416,Business,No Internet,Yes,Yes,No,No,Yes,Yes,776.26,20905.97,27
S12417,C12417,Plus,Fiber,Yes,No,Yes,Yes,Yes,Yes,373.34,21354.46,57
S12418,C12418,Basic,5G,Yes,No,No,Yes,Yes,Yes,329.21,12249.25,37
S12419,C12419,Ultra,Fiber,No,No phone,Yes,Yes,Yes,Yes,562.27,19182.47,34
S12420,C12420,Basic,Fiber,Yes,No,Yes,No,Yes,Yes,208.19,7551.88,36
S12421,C12421,Ultra,No Internet,Yes,No,Yes,No,No,No,537.77,20524.22,38
S12422,C12422,Plus,Fiber,Yes,Yes,No,No,Yes,No,342.33,15416.55,45
S12423,C12423,Plus,5G,Yes,Yes,No,Yes,Yes,Yes,445.74,8398.23,19
S12424,C12424,Plus,DSL,Yes,Yes,No,No,No,Yes,289.47,15066.04,52
S12425,C12425,Ultra,5G,Yes,No,No,No,No,Yes,600.29,30630.29,51
S12426,C12426,Ultra,Fiber,Yes,No,No,Yes,Yes,No,594.61,29751.95,50
S12427,C12427,Business,No Internet,Yes,Yes,No,Yes,Yes,No,719.89,13122.55,18
S12428,C12428,Plus,No Internet,Yes,Yes,Yes,No,Yes,No,356.4,9327.94,26
S12429,C12429,Ultra,Fiber,Yes,No,No,Yes,No,Yes,595.17,14898.92,25
S12430,C12430,Basic,5G,No,No phone,No,No,No,No,261.69,7016.63,27
S12431,C12431,Basic,5G,Yes,Yes,No,Yes,Yes,No,257.4,14247.11,55
S12432,C12432,Ultra,Fiber,Yes,Yes,No,Yes,No,No,624.45,27577.44,44
S12433,C12433,Basic,No Internet,Yes,Yes,Yes,Yes,No,No,184.09,5276.32,29
S12434,C12434,Business,Fiber,Yes,Yes,No,Yes,Yes,Yes,815.68,11413.34,14
S12435,C12435,Plus,5G,No,No phone,No,Yes,No,Yes,440.12,6974.83,16
S12436,C12436,Basic,Fiber,Yes,No,Yes,No,Yes,No,277.05,15598.14,56
S12437,C12437,Ultra,DSL,Yes,No,No,No,No,Yes,567.42,12046.62,21
S12438,C12438,Plus,DSL,Yes,Yes,No,No,Yes,Yes,319.04,13294.88,42
S12439,C12439,Plus,5G,Yes,Yes,Yes,Yes,No,No,448.83,5532.09,12
S12440,C12440,Ultra,Fiber,No,No phone,No,Yes,No,Yes,629.22,17598.54,28
S12441,C12441,Plus,DSL,Yes,Yes,Yes,No,No,Yes,360.58,12461.93,35
S12442,C12442,Plus,DSL,Yes,Yes,No,Yes,Yes,Yes,343.74,17896.44,52
S12443,C12443,Plus,DSL,No,No phone,No,Yes,No,Yes,259.25,11896.24,46
S12444,C12444,Plus,DSL,Yes,No,Yes,No,No,No,297.9,12821.15,43
S12445,C12445,Plus,DSL,Yes,Yes,No,No,No,Yes,336.77,16313.26,49
S12446,C12446,Plus,DSL,Yes,Yes,Yes,No,No,Yes,332.38,6028.61,18
S12447,C12447,Basic,Fiber,No,No phone,No,Yes,No,No,271.8,14918.33,55
S12448,C12448,Plus,DSL,Yes,No,Yes,Yes,Yes,No,321.79,15507.38,48
S12449,C12449,Plus,No Internet,Yes,No,Yes,No,No,No,341.25,19467.88,57
S12450,C12450,Basic,5G,No,No phone,Yes,Yes,Yes,Yes,253.58,3188.1,13
S12451,C12451,Basic,Fiber,Yes,No,No,No,Yes,Yes,231.75,5140.73,23
S12452,C12452,Plus,DSL,Yes,Yes,Yes,Yes,Yes,No,363.11,11301.79,31
S12453,C12453,Basic,5G,Yes,Yes,No,No,Yes,Yes,291.17,14805.18,51
S12454,C12454,Basic,Fiber,Yes,Yes,Yes,No,No,Yes,278.5,12888.48,46
S12455,C12455,Ultra,Fiber,Yes,Yes,No,No,Yes,No,587.68,28268.64,48
S12456,C12456,Basic,Fiber,Yes,Yes,Yes,No,Yes,Yes,253.69,2583.6,10
S12457,C12457,Ultra,DSL,Yes,Yes,Yes,Yes,Yes,Yes,536.75,20956.84,39
S12458,C12458,Business,Fiber,Yes,Yes,Yes,Yes,Yes,Yes,823.45,14745.87,18
S12459,C12459,Basic,Fiber,Yes,No,No,Yes,Yes,Yes,261.54,9952.38,38
S12460,C12460,Basic,Fiber,Yes,No,Yes,Yes,No,Yes,271.38,12002.54,44
S12461,C12461,Basic,5G,Yes,No,Yes,No,Yes,No,329.36,11472.97,35
S12462,C12462,Plus,DSL,Yes,No,Yes,No,Yes,Yes,330.12,15179.42,46
S12463,C12463,Ultra,5G,Yes,Yes,Yes,Yes,No,No,574.83,20650.16,36
S12464,C12464,Basic,Fiber,Yes,Yes,Yes,Yes,No,Yes,270.71,10463.16,38
S12465,C12465,Plus,Fiber,Yes,No,Yes,No,Yes,Yes,380.62,6034.26,16
S12466,C12466,Basic,Fiber,Yes,No,No,Yes,No,No,304.61,7297.41,24
S12467,C12467,Ultra,DSL,Yes,Yes,No,Yes,No,Yes,507.47,17314.54,34
S12468,C12468,Ultra,Fiber,Yes,No,Yes,No,No,Yes,574.99,19029.34,33
S12469,C12469,Plus,5G,Yes,No,No,No,Yes,Yes,412.6,12859.45,31
S12470,C12470,Business,Fiber,Yes,No,Yes,No,No,Yes,809.09,41114.27,51
S12471,C12471,Business,No Internet,Yes,No,Yes,Yes,No,No,732.0,24907.28,34
S12472,C12472,Plus,DSL,No,No phone,No,No,No,No,357.8,11437.29,32
S12473,C12473,Plus,5G,Yes,No,Yes,Yes,No,Yes,414.33,11289.64,27
S12474,C12474,Business,Fiber,Yes,Yes,Yes,Yes,No,Yes,786.13,21102.25,27
S12475,C12475,Business,5G,Yes,No,Yes,Yes,No,No,881.61,37883.58,43
S12476,C12476,Plus,DSL,Yes,No,Yes,No,Yes,Yes,322.1,9991.9,31
S12477,C12477,Ultra,Fiber,Yes,No,No,No,Yes,No,573.17,21315.24,37
S12478,C12478,Basic,Fiber,Yes,No,Yes,No,No,No,199.75,8815.21,44
S12479,C12479,Ultra,DSL,Yes,No,Yes,No,Yes,Yes,533.79,16572.23,31
S12480,C12480,Ultra,DSL,Yes,Yes,Yes,No,No,Yes,525.76,24238.8,46
S12481,C12481,Basic,Fiber,Yes,Yes,No,No,No,No,243.83,3119.45,13
S12482,C12482,Basic,Fiber,Yes,No,Yes,No,Yes,Yes,218.65,6497.82,29
S12483,C12483,Basic,DSL,Yes,No,No,Yes,No,No,150.17,1827.63,12
S12484,C12484,Ultra,Fiber,Yes,Yes,Yes,Yes,Yes,No,575.11,9314.48,16
S12485,C12485,Business,DSL,Yes,No,Yes,Yes,Yes,No,756.75,36290.04,48
S12486,C12486,Business,Fiber,Yes,No,No,No,No,Yes,831.87,35745.76,43
S12487,C12487,Plus,5G,Yes,Yes,Yes,No,No,Yes,428.79,8881.63,21
S12488,C12488,Ultra,Fiber,Yes,No,Yes,No,No,Yes,555.86,26668.33,48
S12489,C12489,Plus,DSL,Yes,Yes,Yes,No,Yes,No,332.78,5301.28,16
S12490,C12490,Business,5G,Yes,No,Yes,Yes,No,No,898.16,47663.88,53
S12491,C12491,Ultra,DSL,Yes,No,Yes,Yes,Yes,Yes,513.83,30855.19,60
S12492,C12492,Ultra,DSL,Yes,No,No,No,Yes,No,528.78,26020.32,49
S12493,C12493,Plus,5G,Yes,Yes,Yes,Yes,Yes,No,399.86,6040.62,15
S12494,C12494,Business,5G,Yes,No,No,Yes,No,No,854.08,32444.3,38
S12495,C12495,Plus,DSL,Yes,No,Yes,Yes,No,No,366.43,11274.35,31
S12496,C12496,Plus,DSL,Yes,No,Yes,Yes,Yes,Yes,327.33,18438.76,56
S12497,C12497,Basic,5G,No,No phone,Yes,No,Yes,No,313.4,12905.45,41
S12498,C12498,Business,DSL,Yes,No,No,No,No,No,742.76,39994.27,54
S12499,C12499,Ultra,DSL,Yes,No,No,Yes,No,Yes,506.43,16279.3,32
S12500,C12500,Ultra,Fiber,Yes,Yes,No,No,No,No,575.38,27525.62,48
S12501,C12501,Plus,DSL,Yes,Yes,Yes,No,Yes,Yes,294.55,14961.37,51
S12502,C12502,Basic,No Internet,Yes,Yes,No,Yes,Yes,Yes,176.54,2035.56,11
S12503,C12503,Plus,Fiber,Yes,Yes,Yes,No,No,Yes,368.92,21275.31,58
S12504,C12504,Plus,Fiber,Yes,Yes,Yes,No,No,Yes,380.49,16750.96,44
S12505,C12505,Plus,Fiber,Yes,Yes,No,No,Yes,No,420.95,12615.92,30
S12506,C12506,Plus,DSL,Yes,Yes,No,Yes,No,No,352.14,7211.36,20
S12507,C12507,Business,5G,No,No phone,No,No,No,Yes,837.78,16755.86,20
S12508,C12508,Basic,DSL,Yes,No,No,Yes,Yes,No,156.25,4330.78,28
S12509,C12509,Plus,Fiber,Yes,No,Yes,No,No,Yes,396.33,7048.24,18
S12510,C12510,Ultra,5G,Yes,No,Yes,Yes,Yes,Yes,648.8,17519.24,27
S12511,C12511,Plus,5G,Yes,No,No,No,Yes,No,396.07,16656.55,42
S12512,C12512,Basic,DSL,No,No phone,Yes,No,Yes,Yes,162.42,4100.25,26
S12513,C12513,Basic,No Internet,Yes,Yes,No,No,No,No,208.11,11564.54,56
S12514,C12514,Basic,DSL,Yes,No,Yes,No,No,Yes,158.52,2319.84,15
S12515,C12515,Basic,DSL,Yes,No,Yes,Yes,No,No,173.34,4108.1,24
S12516,C12516,Basic,5G,Yes,Yes,No,No,No,No,264.28,9527.5,36
S12517,C12517,Ultra,5G,Yes,No,No,No,Yes,No,658.97,9925.2,15
S12518,C12518,Basic,5G,No,No phone,Yes,Yes,Yes,No,283.09,7974.96,28
S12519,C12519,Basic,No Internet,Yes,No,No,No,No,Yes,162.62,5529.73,34
S12520,C12520,Basic,DSL,Yes,No,No,No,Yes,No,171.96,2979.18,18
S12521,C12521,Plus,5G,Yes,Yes,Yes,Yes,Yes,Yes,424.17,16509.25,39
S12522,C12522,Basic,No Internet,Yes,Yes,Yes,Yes,Yes,No,172.43,7896.99,46
S12523,C12523,Plus,5G,Yes,Yes,No,Yes,Yes,Yes,401.25,18724.99,47
S12524,C12524,Business,DSL,Yes,Yes,Yes,No,No,No,743.25,10426.87,14
S12525,C12525,Ultra,Fiber,Yes,Yes,No,No,No,No,558.53,16258.09,29
S12526,C12526,Basic,DSL,No,No phone,No,No,Yes,No,218.98,4594.68,21
S12527,C12527,Business,Fiber,Yes,No,No,No,Yes,No,801.45,34490.2,43
S12528,C12528,Ultra,DSL,Yes,Yes,Yes,No,No,Yes,517.58,28078.34,54
S12529,C12529,Plus,Fiber,Yes,No,No,No,Yes,Yes,381.5,18044.09,47
S12530,C12530,Plus,DSL,Yes,No,No,Yes,Yes,No,279.83,5357.2,19
S12531,C12531,Basic,Fiber,No,No phone,No,No,No,Yes,295.17,14987.84,51
S12532,C12532,Basic,DSL,Yes,Yes,No,Yes,Yes,No,216.68,12937.07,60
S12533,C12533,Ultra,DSL,Yes,No,No,No,No,No,558.84,21857.45,39
S12534,C12534,Basic,No Internet,Yes,Yes,Yes,No,No,Yes,211.3,11611.66,55
S12535,C12535,Plus,Fiber,No,No phone,No,Yes,No,No,391.33,9460.59,24
S12536,C12536,Ultra,Fiber,Yes,Yes,Yes,Yes,Yes,No,607.28,20711.14,34
S12537,C12537,Plus,DSL,Yes,Yes,No,Yes,No,No,347.75,14275.24,41
S12538,C12538,Basic,DSL,Yes,No,Yes,No,Yes,No,141.79,4094.69,28
S12539,C12539,Basic,Fiber,Yes,Yes,Yes,No,Yes,No,272.22,5578.47,20
S12540,C12540,Basic,DSL,Yes,No,No,Yes,Yes,No,190.01,8949.85,47
S12541,C12541,Plus,DSL,Yes,Yes,Yes,No,No,No,319.29,11437.2,36
S12542,C12542,Basic,Fiber,Yes,No,Yes,No,Yes,Yes,201.6,3058.32,15
S12543,C12543,Business,No Internet,Yes,No,Yes,Yes,No,Yes,741.59,20782.1,28
S12544,C12544,Ultra,DSL,Yes,Yes,Yes,Yes,Yes,Yes,568.23,6810.54,12
S12545,C12545,Ultra,No Internet,Yes,Yes,Yes,No,No,Yes,495.87,16365.63,33
S12546,C12546,Ultra,Fiber,Yes,No,Yes,Yes,Yes,No,625.9,21348.96,34
S12547,C12547,Plus,No Internet,Yes,Yes,No,No,No,Yes,331.04,11139.35,34
S12548,C12548,Plus,DSL,Yes,No,Yes,Yes,Yes,No,314.1,14218.4,45
S12549,C12549,Basic,Fiber,Yes,Yes,Yes,Yes,No,Yes,300.31,13309.44,44
S12550,C12550,Basic,Fiber,Yes,Yes,Yes,Yes,Yes,No,195.12,4403.49,22
S12551,C12551,Plus,DSL,Yes,No,Yes,No,No,Yes,285.84,13269.38,46
S12552,C12552,Ultra,DSL,Yes,Yes,Yes,Yes,No,Yes,524.02,18469.88,35
S12553,C12553,Basic,5G,Yes,No,Yes,No,No,No,286.28,5763.46,20
S12554,C12554,Basic,Fiber,Yes,Yes,Yes,Yes,No,No,250.0,3995.59,16
S12555,C12555,Plus,DSL,Yes,Yes,Yes,No,No,No,311.67,12125.8,39
S12556,C12556,Plus,5G,Yes,No,No,No,No,No,433.42,6908.8,16
S12557,C12557,Basic,Fiber,No,No phone,No,Yes,No,Yes,199.44,9763.49,49
S12558,C12558,Plus,DSL,Yes,Yes,No,Yes,Yes,No,332.23,19587.78,59
S12559,C12559,Ultra,Fiber,Yes,Yes,No,No,Yes,Yes,608.91,16492.38,27
S12560,C12560,Business,DSL,Yes,Yes,No,No,Yes,Yes,795.97,44590.44,56
S12561,C12561,Basic,5G,Yes,No,No,No,No,No,273.9,4985.2,18
S12562,C12562,Basic,Fiber,No,No phone,No,Yes,No,Yes,237.66,12722.93,53
S12563,C12563,Ultra,DSL,Yes,Yes,Yes,No,No,Yes,536.5,9750.78,18
S12564,C12564,Ultra,Fiber,Yes,Yes,Yes,Yes,No,No,569.87,15966.71,28
S12565,C12565,Basic,5G,Yes,Yes,No,Yes,Yes,Yes,270.77,8609.97,32
S12566,C12566,Plus,5G,Yes,Yes,Yes,Yes,Yes,No,465.58,9300.93,20
S12567,C12567,Basic,5G,No,No phone,Yes,No,Yes,No,256.9,11545.78,45
S12568,C12568,Plus,Fiber,Yes,No,No,Yes,Yes,No,374.8,6310.07,17
S12569,C12569,Basic,Fiber,Yes,No,No,Yes,No,No,263.47,13387.24,51
S12570,C12570,Business,Fiber,Yes,Yes,No,Yes,Yes,Yes,912.1,36546.66,40
S12571,C12571,Basic,No Internet,Yes,Yes,Yes,No,Yes,Yes,201.73,6848.86,34
S12572,C12572,Basic,Fiber,Yes,No,No,No,Yes,Yes,263.98,13206.3,50
S12573,C12573,Basic,No Internet,No,No phone,Yes,No,No,Yes,163.82,3595.27,21
S12574,C12574,Basic,DSL,Yes,No,Yes,Yes,No,No,166.0,6456.97,39
S12575,C12575,Basic,Fiber,Yes,Yes,No,Yes,No,No,258.71,6781.48,26
S12576,C12576,Ultra,5G,Yes,No,No,Yes,Yes,No,650.37,20137.02,31
S12577,C12577,Ultra,No Internet,Yes,Yes,No,Yes,Yes,Yes,550.2,31770.98,58
S12578,C12578,Basic,Fiber,Yes,Yes,No,Yes,Yes,No,203.57,3827.49,18
S12579,C12579,Ultra,Fiber,Yes,Yes,Yes,No,No,Yes,575.38,17775.2,31
S12580,C12580,Basic,5G,Yes,No,Yes,Yes,Yes,Yes,346.85,10133.88,29
S12581,C12581,Plus,DSL,Yes,No,Yes,Yes,Yes,No,377.61,5759.61,15
S12582,C12582,Basic,DSL,Yes,No,Yes,Yes,Yes,Yes,207.67,11628.32,56
S12583,C12583,Basic,5G,Yes,Yes,Yes,No,Yes,Yes,270.09,13786.27,51
S12584,C12584,Business,No Internet,Yes,No,No,No,Yes,No,714.17,30170.47,42
S12585,C12585,Business,Fiber,Yes,No,No,No,No,Yes,835.5,44142.24,53
S12586,C12586,Basic,DSL,Yes,No,No,Yes,Yes,No,190.55,2220.62,12
S12587,C12587,Basic,5G,Yes,Yes,Yes,No,Yes,No,263.27,5621.48,21
S12588,C12588,Business,Fiber,Yes,No,Yes,No,No,Yes,795.33,27047.36,34
S12589,C12589,Basic,5G,No,No phone,No,No,Yes,No,305.48,16191.59,53
S12590,C12590,Business,5G,No,No phone,Yes,Yes,No,No,853.91,31603.89,37
S12591,C12591,Ultra,5G,Yes,No,Yes,Yes,No,Yes,626.15,30737.45,49
S12592,C12592,Plus,Fiber,No,No phone,No,Yes,Yes,No,376.15,12814.61,34
S12593,C12593,Basic,DSL,No,No phone,No,No,No,No,211.72,5705.52,28
S12594,C12594,Plus,Fiber,Yes,No,Yes,Yes,Yes,Yes,428.52,5033.13,12
S12595,C12595,Basic,Fiber,No,No phone,Yes,Yes,Yes,Yes,222.98,4653.08,21
S12596,C12596,Ultra,5G,Yes,No,No,Yes,Yes,No,614.95,19515.65,32
S12597,C12597,Business,DSL,Yes,No,Yes,Yes,No,No,774.38,12426.0,16
S12598,C12598,Basic,DSL,Yes,Yes,Yes,Yes,No,No,242.07,12802.33,53
S12599,C12599,Ultra,5G,Yes,No,No,Yes,No,Yes,610.61,20073.12,33
S12600,C12600,Plus,DSL,No,No phone,No,No,Yes,No,283.58,10053.86,35
S12601,C12601,Basic,DSL,Yes,Yes,Yes,Yes,Yes,No,174.61,4696.24,27
S12602,C12602,Plus,DSL,Yes,Yes,Yes,No,No,No,315.99,9971.27,32
S12603,C12603,Ultra,Fiber,Yes,Yes,No,No,No,Yes,571.97,14268.18,25
S12604,C12604,Basic,Fiber,No,No phone,No,No,No,No,295.74,9143.69,31
S12605,C12605,Plus,5G,Yes,No,No,Yes,Yes,Yes,448.17,19315.64,43
S12606,C12606,Plus,No Internet,Yes,No,No,Yes,No,No,342.41,16137.07,47
S12607,C12607,Ultra,Fiber,Yes,No,No,Yes,Yes,Yes,631.59,33588.8,53
S12608,C12608,Basic,Fiber,Yes,Yes,No,Yes,Yes,Yes,244.84,6417.22,26
S12609,C12609,Plus,Fiber,Yes,Yes,No,No,No,Yes,412.04,8665.9,21
S12610,C12610,Business,Fiber,Yes,No,Yes,No,No,Yes,841.48,36937.11,44
S12611,C12611,Plus,Fiber,Yes,Yes,Yes,Yes,Yes,Yes,383.22,14932.68,39
S12612,C12612,Basic,DSL,Yes,No,No,Yes,Yes,Yes,192.41,3184.61,17
S12613,C12613,Basic,DSL,Yes,Yes,Yes,Yes,No,Yes,185.02,9652.61,52
S12614,C12614,Ultra,Fiber,Yes,Yes,No,Yes,No,Yes,558.92,26175.86,47
S12615,C12615,Plus,DSL,Yes,No,No,No,Yes,No,315.45,11528.78,36
S12616,C12616,Plus,5G,Yes,No,Yes,Yes,No,No,455.36,19031.49,42
S12617,C12617,Basic,Fiber,Yes,No,No,No,No,Yes,212.0,7727.13,36
S12618,C12618,Plus,DSL,Yes,Yes,No,Yes,No,Yes,300.45,5671.7,19
S12619,C12619,Basic,Fiber,No,No phone,No,Yes,Yes,Yes,194.71,3172.83,16
S12620,C12620,Plus,Fiber,Yes,Yes,No,Yes,No,No,400.26,11895.8,30
S12621,C12621,Plus,Fiber,Yes,Yes,Yes,Yes,No,No,387.42,10115.61,26
S12622,C12622,Business,No Internet,No,No phone,Yes,No,Yes,No,745.24,11201.91,15
S12623,C12623,Basic,DSL,No,No phone,Yes,Yes,Yes,No,203.87,3301.48,16
S12624,C12624,Basic,DSL,Yes,No,No,Yes,Yes,Yes,184.93,2228.26,12
S12625,C12625,Plus,Fiber,Yes,Yes,No,Yes,No,No,381.81,5625.29,15
S12626,C12626,Plus,DSL,Yes,Yes,Yes,No,Yes,No,284.64,8035.32,28
S12627,C12627,Basic,5G,Yes,No,Yes,No,Yes,Yes,311.09,8112.88,26
S12628,C12628,Ultra,Fiber,Yes,Yes,No,Yes,Yes,No,554.33,16089.2,29
S12629,C12629,Plus,Fiber,Yes,Yes,No,No,Yes,Yes,374.43,22120.88,59
S12630,C12630,Plus,DSL,Yes,No,Yes,Yes,No,Yes,323.02,11900.61,37
S12631,C12631,Business,Fiber,Yes,Yes,Yes,No,Yes,No,819.23,44131.97,54
S12632,C12632,Plus,5G,Yes,No,Yes,Yes,Yes,No,421.29,7662.74,18
S12633,C12633,Basic,DSL,Yes,Yes,No,No,No,No,195.35,4197.81,22
S12634,C12634,Business,5G,Yes,No,Yes,No,Yes,No,823.7,32940.0,40
S12635,C12635,Plus,Fiber,Yes,No,No,Yes,No,Yes,392.72,10473.18,27
S12636,C12636,Plus,Fiber,No,No phone,Yes,Yes,No,No,398.39,9464.34,24
S12637,C12637,Ultra,Fiber,Yes,Yes,Yes,No,No,Yes,581.06,33714.71,58
S12638,C12638,Basic,DSL,Yes,No,No,No,Yes,Yes,223.53,6039.19,26
S12639,C12639,Ultra,Fiber,Yes,Yes,No,No,No,No,588.83,14728.54,25
S12640,C12640,Ultra,Fiber,Yes,No,Yes,Yes,No,No,579.2,6863.6,12
S12641,C12641,Plus,DSL,Yes,Yes,No,No,No,Yes,330.13,11843.11,36
S12642,C12642,Basic,Fiber,Yes,Yes,Yes,Yes,No,Yes,271.12,3792.62,14
S12643,C12643,Ultra,5G,Yes,Yes,No,No,No,No,639.33,20979.6,33
S12644,C12644,Plus,Fiber,Yes,Yes,No,Yes,No,Yes,362.01,9724.26,27
S12645,C12645,Plus,DSL,Yes,No,Yes,Yes,Yes,No,339.78,9264.76,27
S12646,C12646,Business,DSL,Yes,Yes,No,Yes,Yes,Yes,774.13,7798.98,10
S12647,C12647,Basic,DSL,Yes,No,No,Yes,Yes,No,233.07,11894.05,51
S12648,C12648,Plus,5G,Yes,Yes,Yes,Yes,No,No,408.38,19704.26,48
S12649,C12649,Plus,Fiber,Yes,Yes,No,Yes,Yes,Yes,400.8,16498.45,41
S12650,C12650,Plus,Fiber,Yes,Yes,Yes,Yes,No,Yes,449.58,18451.3,41
S12651,C12651,Ultra,DSL,Yes,No,No,No,Yes,No,501.82,9704.0,19
S12652,C12652,Business,5G,Yes,Yes,Yes,Yes,Yes,No,885.62,11433.48,13
S12653,C12653,Ultra,Fiber,Yes,No,No,Yes,Yes,No,619.72,8758.28,14
S12654,C12654,Plus,Fiber,No,No phone,Yes,No,No,Yes,407.26,22890.16,56
S12655,C12655,Basic,Fiber,Yes,Yes,No,No,No,No,279.97,15561.77,56
S12656,C12656,Basic,DSL,No,No phone,Yes,Yes,Yes,No,211.98,9682.79,46
S12657,C12657,Basic,5G,Yes,Yes,Yes,Yes,No,Yes,296.03,9457.99,32
S12658,C12658,Basic,Fiber,No,No phone,Yes,Yes,No,Yes,254.29,15021.63,59
S12659,C12659,Business,Fiber,No,No phone,Yes,No,No,Yes,829.77,39062.07,47
S12660,C12660,Plus,DSL,Yes,Yes,No,No,No,Yes,333.12,8590.84,26
S12661,C12661,Ultra,Fiber,Yes,Yes,No,Yes,Yes,Yes,598.21,22659.64,38
S12662,C12662,Plus,5G,Yes,Yes,No,Yes,No,No,430.36,13619.31,32
S12663,C12663,Basic,Fiber,No,No phone,No,No,Yes,Yes,223.51,11138.49,50
S12664,C12664,Ultra,Fiber,Yes,Yes,No,Yes,No,Yes,573.94,12005.56,21
S12665,C12665,Ultra,DSL,Yes,Yes,Yes,Yes,Yes,No,462.38,19056.53,41
S12666,C12666,Ultra,DSL,Yes,No,No,No,No,Yes,518.05,27932.51,54
S12667,C12667,Plus,Fiber,Yes,No,No,Yes,Yes,Yes,369.23,12923.99,35
S12668,C12668,Ultra,5G,Yes,No,Yes,No,No,No,589.72,32950.73,56
S12669,C12669,Plus,Fiber,Yes,Yes,No,No,No,Yes,377.83,17314.93,46
S12670,C12670,Plus,DSL,Yes,Yes,No,No,Yes,No,356.24,19565.78,55
S12671,C12671,Plus,Fiber,Yes,Yes,No,Yes,No,Yes,375.06,11901.77,32
S12672,C12672,Plus,Fiber,Yes,No,Yes,No,Yes,Yes,383.55,21757.48,57
S12673,C12673,Basic,DSL,Yes,Yes,Yes,Yes,Yes,Yes,226.88,6552.22,29
S12674,C12674,Business,5G,Yes,No,Yes,Yes,Yes,Yes,836.02,15129.4,18
S12675,C12675,Basic,5G,No,No phone,Yes,No,No,Yes,328.6,10525.9,32
S12676,C12676,Basic,Fiber,Yes,No,No,Yes,No,No,280.13,12042.67,43
S12677,C12677,Plus,5G,Yes,No,No,Yes,No,No,438.3,10998.31,25
S12678,C12678,Ultra,Fiber,Yes,No,No,Yes,Yes,Yes,584.16,22881.14,39
S12679,C12679,Basic,5G,Yes,Yes,No,No,No,Yes,311.36,12914.78,41
S12680,C12680,Plus,Fiber,Yes,Yes,No,No,Yes,Yes,417.55,17644.18,42
S12681,C12681,Ultra,Fiber,Yes,No,No,No,No,No,567.86,24557.01,43
S12682,C12682,Business,Fiber,Yes,Yes,Yes,Yes,Yes,No,796.47,44724.56,56
S12683,C12683,Ultra,No Internet,Yes,No,No,Yes,No,No,550.8,13766.34,25
S12684,C12684,Plus,DSL,Yes,Yes,Yes,No,No,Yes,347.05,15396.58,44
S12685,C12685,Plus,Fiber,Yes,No,No,No,No,No,454.17,21274.15,47
S12686,C12686,Basic,Fiber,Yes,No,No,No,No,Yes,250.67,4926.59,20
S12687,C12687,Plus,DSL,Yes,Yes,Yes,Yes,No,Yes,350.43,4947.96,14
S12688,C12688,Ultra,DSL,Yes,Yes,Yes,Yes,No,Yes,551.61,21604.8,39
S12689,C12689,Plus,DSL,Yes,No,Yes,Yes,Yes,Yes,361.95,13584.03,37
S12690,C12690,Ultra,Fiber,Yes,Yes,No,Yes,Yes,Yes,575.18,14910.78,26
S12691,C12691,Business,Fiber,Yes,No,No,Yes,Yes,Yes,841.41,36236.5,43
S12692,C12692,Basic,Fiber,No,No phone,Yes,Yes,No,No,240.17,7394.37,31
S12693,C12693,Basic,5G,No,No phone,Yes,Yes,No,Yes,336.37,14545.5,43
S12694,C12694,Ultra,5G,Yes,No,No,No,Yes,No,655.74,34724.53,53
S12695,C12695,Basic,5G,Yes,Yes,Yes,No,Yes,Yes,271.31,11113.69,41
S12696,C12696,Business,5G,Yes,Yes,Yes,Yes,No,Yes,890.21,46252.89,52
S12697,C12697,Ultra,DSL,Yes,No,No,No,Yes,No,588.56,30569.01,52
S12698,C12698,Business,Fiber,Yes,No,Yes,No,No,Yes,841.28,24306.18,29
S12699,C12699,Basic,DSL,Yes,No,Yes,No,No,No,215.93,3363.62,15
S12700,C12700,Basic,Fiber,No,No phone,No,No,Yes,Yes,242.48,5095.23,21
S12701,C12701,Basic,5G,Yes,No,No,Yes,Yes,No,233.63,12157.63,52
S12702,C12702,Plus,DSL,Yes,Yes,Yes,No,No,Yes,328.96,12659.15,39
S12703,C12703,Ultra,No Internet,Yes,No,No,Yes,No,Yes,560.46,16209.59,29
S12704,C12704,Basic,5G,No,No phone,Yes,Yes,No,No,321.77,14184.09,44
S12705,C12705,Basic,No Internet,No,No phone,Yes,No,Yes,No,175.84,6368.77,35
S12706,C12706,Business,No Internet,Yes,Yes,Yes,No,Yes,No,793.61,10312.02,13
S12707,C12707,Plus,DSL,Yes,Yes,No,Yes,Yes,Yes,352.07,16220.4,46
S12708,C12708,Basic,DSL,No,No phone,No,Yes,Yes,Yes,176.94,3359.88,19
S12709,C12709,Basic,DSL,Yes,Yes,No,Yes,Yes,Yes,138.23,2157.7,15
S12710,C12710,Basic,Fiber,No,No phone,No,Yes,No,No,206.71,11444.34,55
S12711,C12711,Business,Fiber,Yes,No,No,Yes,No,Yes,860.4,45636.24,53
S12712,C12712,Plus,Fiber,Yes,Yes,No,Yes,No,No,376.18,18471.44,49
S12713,C12713,Plus,DSL,Yes,Yes,Yes,Yes,No,Yes,298.69,17074.12,57
S12714,C12714,Ultra,No Internet,Yes,No,Yes,No,Yes,No,540.84,22802.43,42
S12715,C12715,Ultra,Fiber,Yes,No,No,Yes,No,Yes,600.38,27569.51,46
S12716,C12716,Plus,DSL,Yes,No,Yes,No,No,Yes,348.75,8442.06,24
S12717,C12717,Plus,Fiber,No,No phone,Yes,Yes,Yes,No,368.55,18490.87,50
S12718,C12718,Basic,5G,Yes,No,Yes,No,Yes,Yes,267.34,16144.92,60
S12719,C12719,Basic,Fiber,No,No phone,No,No,Yes,No,259.61,6648.64,26
S12720,C12720,Plus,5G,Yes,Yes,No,Yes,Yes,No,371.39,11233.88,30
S12721,C12721,Plus,DSL,Yes,Yes,No,Yes,No,No,330.83,17879.65,54
S12722,C12722,Business,DSL,Yes,Yes,Yes,Yes,No,Yes,727.39,31939.9,44
S12723,C12723,Business,Fiber,Yes,Yes,Yes,No,No,No,787.32,36169.98,46
S12724,C12724,Plus,5G,Yes,Yes,No,No,No,Yes,405.8,16729.62,41
S12725,C12725,Business,DSL,Yes,No,Yes,No,No,No,782.73,12576.03,16
S12726,C12726,Plus,DSL,Yes,Yes,Yes,No,Yes,No,314.99,11183.76,35
S12727,C12727,Ultra,Fiber,Yes,Yes,No,Yes,No,Yes,585.86,9393.38,16
S12728,C12728,Ultra,Fiber,Yes,No,No,No,Yes,No,592.85,26691.17,45
S12729,C12729,Plus,No Internet,Yes,Yes,Yes,No,No,No,401.02,13567.59,34
S12730,C12730,Business,DSL,Yes,No,Yes,No,No,Yes,791.41,36403.75,46
S12731,C12731,Basic,5G,No,No phone,Yes,Yes,Yes,No,270.79,15664.38,58
S12732,C12732,Ultra,DSL,Yes,Yes,No,No,No,Yes,494.91,23637.08,48
S12733,C12733,Business,Fiber,Yes,Yes,No,Yes,Yes,No,845.46,38954.04,46
S12734,C12734,Plus,Fiber,Yes,No,Yes,Yes,Yes,No,384.17,14715.31,38
S12735,C12735,Basic,DSL,Yes,No,Yes,No,Yes,No,202.67,4315.83,21
S12736,C12736,Business,Fiber,No,No phone,No,No,No,No,907.41,11798.62,13
S12737,C12737,Ultra,DSL,Yes,Yes,No,Yes,Yes,No,551.42,27092.78,49
S12738,C12738,Plus,DSL,Yes,No,No,Yes,No,No,323.25,6991.17,22
S12739,C12739,Plus,Fiber,Yes,Yes,No,No,Yes,No,392.93,22432.52,57
S12740,C12740,Ultra,Fiber,Yes,No,Yes,No,No,No,576.99,15467.75,27
S12741,C12741,Business,DSL,Yes,Yes,Yes,Yes,No,Yes,805.9,15383.96,19
S12742,C12742,Plus,Fiber,Yes,Yes,No,Yes,No,No,406.11,9208.73,22
S12743,C12743,Basic,Fiber,Yes,Yes,No,Yes,Yes,Yes,227.21,11313.6,50
S12744,C12744,Ultra,DSL,Yes,No,No,No,Yes,No,479.88,15849.59,33
S12745,C12745,Plus,Fiber,Yes,Yes,No,Yes,No,Yes,438.38,9749.18,22
S12746,C12746,Plus,5G,Yes,No,Yes,No,No,Yes,355.93,7192.28,20
S12747,C12747,Ultra,No Internet,Yes,Yes,Yes,No,No,No,546.4,18985.58,35
S12748,C12748,Plus,No Internet,Yes,Yes,No,No,No,Yes,290.83,7982.04,28
S12749,C12749,Ultra,DSL,No,No phone,Yes,No,No,Yes,500.05,7710.77,15
S12750,C12750,Basic,Fiber,Yes,Yes,No,Yes,Yes,No,292.34,11568.07,40
S12751,C12751,Ultra,Fiber,Yes,No,Yes,No,Yes,Yes,582.42,14487.85,25
S12752,C12752,Business,Fiber,Yes,Yes,Yes,No,No,Yes,804.55,39404.24,49
S12753,C12753,Business,DSL,Yes,No,Yes,Yes,No,No,779.46,42129.2,54
S12754,C12754,Plus,DSL,Yes,No,No,No,No,Yes,355.32,10297.65,29
S12755,C12755,Ultra,5G,Yes,Yes,No,No,Yes,Yes,634.17,30532.7,48
S12756,C12756,Ultra,5G,Yes,Yes,Yes,No,Yes,Yes,623.99,13165.22,21
S12757,C12757,Ultra,5G,Yes,No,No,No,Yes,No,630.85,20780.17,33
S12758,C12758,Business,Fiber,Yes,Yes,No,Yes,Yes,No,863.53,42320.36,49
S12759,C12759,Business,DSL,Yes,No,No,No,No,Yes,713.82,20676.04,29
S12760,C12760,Ultra,5G,Yes,No,No,Yes,No,Yes,609.27,11577.86,19
S12761,C12761,Plus,5G,No,No phone,No,No,No,No,432.0,19017.72,44
S12762,C12762,Business,5G,Yes,Yes,Yes,Yes,Yes,Yes,850.03,39107.57,46
S12763,C12763,Basic,DSL,Yes,Yes,No,No,Yes,Yes,186.42,6658.17,36
S12764,C12764,Plus,Fiber,No,No phone,No,No,No,Yes,422.69,8949.83,21
S12765,C12765,Ultra,Fiber,Yes,No,Yes,Yes,No,No,618.14,16804.98,27
S12766,C12766,Basic,Fiber,Yes,Yes,Yes,Yes,Yes,Yes,274.17,16535.69,60
S12767,C12767,Plus,5G,Yes,No,Yes,Yes,No,No,372.44,5226.73,14
S12768,C12768,Basic,Fiber,Yes,Yes,Yes,Yes,Yes,No,226.4,9122.07,40
S12769,C12769,Basic,Fiber,Yes,Yes,Yes,Yes,Yes,No,226.63,2454.13,11
S12770,C12770,Business,No Internet,Yes,Yes,Yes,No,No,No,807.37,22497.62,28
S12771,C12771,Plus,DSL,Yes,No,No,Yes,Yes,No,342.7,18214.78,53
S12772,C12772,Plus,Fiber,Yes,Yes,No,No,No,No,417.06,20459.12,49
S12773,C12773,Plus,Fiber,No,No phone,Yes,No,Yes,Yes,410.1,13932.1,34
S12774,C12774,Plus,Fiber,Yes,Yes,No,No,Yes,Yes,381.39,18622.05,49
S12775,C12775,Ultra,Fiber,Yes,No,Yes,No,Yes,Yes,600.45,33670.42,56
S12776,C12776,Basic,Fiber,Yes,No,Yes,Yes,Yes,Yes,181.04,7162.87,39
S12777,C12777,Ultra,DSL,Yes,No,No,No,No,Yes,550.88,27477.73,50
S12778,C12778,Plus,Fiber,Yes,Yes,Yes,Yes,No,Yes,392.22,8819.61,22
S12779,C12779,Business,Fiber,Yes,Yes,Yes,No,No,No,841.64,39541.72,47
S12780,C12780,Basic,5G,Yes,Yes,No,Yes,No,Yes,270.48,2936.22,11
S12781,C12781,Plus,5G,Yes,Yes,Yes,No,No,Yes,391.88,17197.89,44
S12782,C12782,Plus,Fiber,Yes,No,No,Yes,No,No,403.29,13337.57,33
S12783,C12783,Plus,DSL,Yes,No,Yes,Yes,No,Yes,325.46,9932.19,31
S12784,C12784,Plus,Fiber,Yes,Yes,No,Yes,Yes,No,355.69,11063.68,31
S12785,C12785,Basic,Fiber,No,No phone,No,No,Yes,No,263.46,13497.02,51
S12786,C12786,Business,Fiber,Yes,Yes,No,No,Yes,No,796.95,15082.28,19
S12787,C12787,Plus,Fiber,Yes,Yes,No,Yes,No,Yes,424.8,22075.62,52
S12788,C12788,Plus,5G,No,No phone,Yes,Yes,Yes,Yes,409.34,9754.8,24
S12789,C12789,Plus,Fiber,Yes,Yes,No,Yes,Yes,No,426.69,8932.65,21
S12790,C12790,Plus,Fiber,Yes,No,No,Yes,Yes,No,375.27,4490.74,12
S12791,C12791,Ultra,No Internet,Yes,Yes,No,Yes,Yes,Yes,504.31,27754.45,55
S12792,C12792,Ultra,5G,Yes,No,Yes,No,Yes,No,629.38,20802.55,33
S12793,C12793,Basic,Fiber,Yes,Yes,Yes,Yes,Yes,Yes,247.84,12254.57,49
S12794,C12794,Plus,Fiber,Yes,No,Yes,No,No,Yes,420.67,19869.58,47
S12795,C12795,Basic,DSL,No,No phone,No,No,No,No,203.21,4750.69,24
S12796,C12796,Basic,Fiber,Yes,Yes,No,No,Yes,Yes,255.43,3710.23,14
S12797,C12797,Plus,DSL,Yes,Yes,No,Yes,Yes,Yes,304.24,12807.9,42
S12798,C12798,Basic,5G,No,No phone,No,No,Yes,Yes,281.36,6108.41,22
S12799,C12799,Plus,DSL,Yes,No,Yes,Yes,Yes,No,334.3,11388.8,34
S12800,C12800,Ultra,DSL,Yes,No,Yes,Yes,No,No,505.37,20814.08,41
S12801,C12801,Plus,5G,Yes,Yes,Yes,No,No,No,405.56,14190.47,35
S12802,C12802,Basic,DSL,Yes,No,Yes,No,Yes,Yes,177.87,6767.47,38
S12803,C12803,Plus,5G,Yes,Yes,Yes,Yes,No,No,404.8,14737.13,36
S12804,C12804,Ultra,5G,Yes,Yes,Yes,No,No,Yes,591.34,17182.32,29
S12805,C12805,Basic,DSL,No,No phone,Yes,No,No,No,224.86,11907.41,53
S12806,C12806,Basic,DSL,Yes,No,Yes,Yes,Yes,Yes,149.04,4535.74,31
S12807,C12807,Basic,5G,Yes,Yes,Yes,Yes,No,Yes,278.24,10500.18,38
S12808,C12808,Basic,Fiber,Yes,No,Yes,Yes,Yes,No,244.4,5843.44,24
S12809,C12809,Plus,Fiber,No,No phone,No,Yes,Yes,Yes,402.72,8780.08,22
S12810,C12810,Ultra,DSL,Yes,No,Yes,Yes,No,No,509.72,13250.58,26
S12811,C12811,Basic,Fiber,Yes,No,Yes,No,No,No,266.02,8008.39,30
S12812,C12812,Ultra,Fiber,Yes,No,No,Yes,No,No,548.34,27510.38,50
S12813,C12813,Plus,Fiber,No,No phone,Yes,Yes,Yes,No,420.85,14383.64,34
S12814,C12814,Plus,Fiber,Yes,No,No,Yes,Yes,Yes,431.82,12949.55,30
S12815,C12815,Ultra,5G,Yes,Yes,Yes,Yes,Yes,Yes,618.49,13861.71,22
S12816,C12816,Basic,5G,Yes,No,No,Yes,No,Yes,287.53,14303.48,50
S12817,C12817,Ultra,Fiber,Yes,Yes,Yes,Yes,Yes,Yes,579.67,22093.23,38
S12818,C12818,Business,DSL,Yes,Yes,Yes,Yes,Yes,No,721.89,21663.19,30
S12819,C12819,Basic,5G,No,No phone,No,Yes,Yes,No,293.78,11388.69,39
S12820,C12820,Basic,Fiber,Yes,Yes,Yes,Yes,No,No,258.76,13710.04,53
S12821,C12821,Plus,Fiber,Yes,No,Yes,Yes,No,Yes,405.08,13828.49,34
S12822,C12822,Basic,5G,Yes,Yes,No,No,No,No,276.52,15314.0,55
S12823,C12823,Basic,Fiber,Yes,No,Yes,Yes,No,No,241.44,14296.14,59
S12824,C12824,Plus,Fiber,Yes,Yes,Yes,No,No,Yes,418.84,14916.33,36
S12825,C12825,Plus,Fiber,Yes,Yes,No,No,Yes,No,405.12,16489.5,41
S12826,C12826,Plus,Fiber,Yes,Yes,Yes,No,No,Yes,371.2,21078.7,57
S12827,C12827,Plus,5G,Yes,Yes,No,Yes,Yes,Yes,435.03,5824.22,13
S12828,C12828,Ultra,DSL,Yes,Yes,No,No,Yes,Yes,576.0,18460.19,32
S12829,C12829,Basic,DSL,Yes,No,Yes,Yes,No,No,219.98,9944.36,45
S12830,C12830,Plus,Fiber,Yes,No,Yes,No,Yes,No,406.66,19065.26,47
S12831,C12831,Basic,Fiber,Yes,No,No,No,Yes,Yes,258.99,8269.76,32
S12832,C12832,Business,5G,Yes,No,No,No,Yes,Yes,867.0,11292.22,13
S12833,C12833,Basic,Fiber,Yes,No,No,No,Yes,Yes,272.16,4908.57,18
S12834,C12834,Basic,No Internet,Yes,Yes,Yes,Yes,No,No,190.77,2689.7,14
S12835,C12835,Business,No Internet,Yes,Yes,No,Yes,No,Yes,783.45,30611.98,39
S12836,C12836,Plus,Fiber,Yes,No,Yes,No,No,No,402.09,14060.31,35
S12837,C12837,Plus,Fiber,Yes,No,Yes,Yes,No,Yes,441.69,18973.65,43
S12838,C12838,Plus,5G,No,No phone,Yes,Yes,Yes,Yes,366.58,20555.56,56
S12839,C12839,Plus,Fiber,Yes,Yes,No,No,No,Yes,342.12,20563.46,60
S12840,C12840,Ultra,5G,Yes,Yes,Yes,No,No,Yes,677.26,8081.57,12
S12841,C12841,Business,DSL,Yes,Yes,Yes,No,Yes,No,728.13,29955.56,41
S12842,C12842,Ultra,DSL,Yes,No,Yes,Yes,Yes,Yes,501.88,11599.8,23
S12843,C12843,Business,DSL,Yes,Yes,No,Yes,Yes,Yes,785.63,41780.9,53
S12844,C12844,Ultra,Fiber,Yes,No,No,No,No,Yes,595.95,35826.6,60
S12845,C12845,Business,Fiber,Yes,Yes,Yes,No,Yes,Yes,860.25,39606.67,46
S12846,C12846,Business,Fiber,Yes,Yes,No,Yes,No,No,787.85,43393.85,55
S12847,C12847,Business,DSL,Yes,Yes,No,No,Yes,Yes,740.82,24941.28,34
S12848,C12848,Basic,DSL,Yes,Yes,No,No,Yes,Yes,183.9,5054.19,27
S12849,C12849,Plus,Fiber,Yes,No,Yes,No,No,No,408.1,10115.81,25
S12850,C12850,Ultra,DSL,No,No phone,No,Yes,Yes,No,592.65,12506.78,21
S12851,C12851,Plus,Fiber,Yes,No,No,No,No,Yes,384.24,13022.19,34
S12852,C12852,Basic,Fiber,Yes,Yes,No,Yes,No,Yes,202.35,4620.63,23
S12853,C12853,Basic,Fiber,Yes,No,No,Yes,Yes,Yes,222.41,3609.92,16
S12854,C12854,Business,Fiber,Yes,Yes,Yes,No,No,Yes,811.27,47067.29,58
S12855,C12855,Plus,DSL,Yes,No,No,Yes,No,Yes,330.69,11519.64,35
S12856,C12856,Ultra,No Internet,No,No phone,Yes,Yes,No,No,534.99,12235.93,23
S12857,C12857,Plus,DSL,Yes,Yes,Yes,No,Yes,Yes,267.82,15510.03,58
S12858,C12858,Business,5G,Yes,Yes,Yes,Yes,Yes,No,861.98,12853.61,15
S12859,C12859,Basic,5G,No,No phone,Yes,Yes,No,Yes,266.38,14251.9,53
S12860,C12860,Plus,DSL,Yes,No,Yes,No,No,Yes,294.01,12247.23,42
S12861,C12861,Basic,5G,Yes,No,Yes,Yes,Yes,Yes,266.75,12299.78,47
S12862,C12862,Ultra,DSL,Yes,Yes,Yes,Yes,Yes,No,538.01,15105.96,28
S12863,C12863,Plus,5G,Yes,Yes,No,Yes,Yes,Yes,420.69,17191.94,41
S12864,C12864,Plus,No Internet,No,No phone,Yes,No,Yes,Yes,316.99,4242.17,13
S12865,C12865,Plus,Fiber,Yes,No,Yes,Yes,Yes,Yes,410.81,22186.85,54
S12866,C12866,Basic,DSL,Yes,Yes,Yes,Yes,Yes,No,204.18,9042.59,44
S12867,C12867,Ultra,Fiber,No,No phone,Yes,Yes,No,Yes,607.83,26673.26,44
S12868,C12868,Plus,Fiber,Yes,No,Yes,No,No,Yes,425.42,20953.39,49
S12869,C12869,Basic,DSL,Yes,Yes,No,Yes,Yes,Yes,199.89,11849.47,59
S12870,C12870,Basic,DSL,Yes,Yes,Yes,No,Yes,Yes,168.58,8489.17,51
S12871,C12871,Ultra,Fiber,Yes,No,Yes,Yes,Yes,No,579.56,7449.88,13
S12872,C12872,Ultra,Fiber,Yes,No,No,Yes,No,Yes,642.13,35970.17,56
S12873,C12873,Business,Fiber,Yes,Yes,No,Yes,Yes,Yes,779.44,38045.06,49
S12874,C12874,Ultra,Fiber,Yes,Yes,Yes,Yes,Yes,Yes,635.95,12109.79,19
S12875,C12875,Ultra,No Internet,Yes,Yes,No,Yes,No,Yes,558.46,17823.41,32
S12876,C12876,Plus,5G,Yes,Yes,Yes,No,Yes,Yes,414.18,16265.52,39
S12877,C12877,Basic,Fiber,Yes,No,Yes,No,Yes,Yes,195.27,5602.99,29
S12878,C12878,Business,Fiber,Yes,Yes,Yes,No,Yes,Yes,839.08,43630.18,52
S12879,C12879,Basic,No Internet,No,No phone,Yes,Yes,Yes,Yes,209.39,9379.58,45
S12880,C12880,Plus,DSL,Yes,Yes,No,Yes,Yes,Yes,381.95,4591.98,12
S12881,C12881,Ultra,5G,Yes,No,No,No,No,Yes,620.01,24059.33,39
S12882,C12882,Basic,Fiber,Yes,No,Yes,Yes,No,Yes,292.12,12231.13,42
S12883,C12883,Plus,Fiber,Yes,No,No,No,No,Yes,328.89,14694.6,45
S12884,C12884,Plus,DSL,Yes,No,No,No,Yes,Yes,349.44,10623.47,30
S12885,C12885,Basic,DSL,Yes,No,Yes,Yes,Yes,No,174.23,5787.43,33
S12886,C12886,Business,Fiber,Yes,Yes,Yes,No,Yes,No,881.37,50330.01,57
S12887,C12887,Basic,Fiber,Yes,Yes,No,Yes,No,Yes,265.01,5680.8,21
S12888,C12888,Basic,5G,Yes,No,Yes,Yes,Yes,Yes,308.97,9402.58,31
S12889,C12889,Ultra,5G,No,No phone,Yes,Yes,Yes,No,597.11,9097.16,15
S12890,C12890,Ultra,DSL,Yes,No,No,No,Yes,Yes,520.82,24080.57,46
S12891,C12891,Basic,5G,Yes,Yes,Yes,No,No,Yes,271.86,11887.73,43
S12892,C12892,Plus,5G,Yes,Yes,Yes,No,No,Yes,404.64,20301.27,50
S12893,C12893,Basic,Fiber,No,No phone,No,No,No,No,262.13,7714.52,29
S12894,C12894,Basic,No Internet,Yes,No,Yes,Yes,No,Yes,137.62,5534.19,40
S12895,C12895,Plus,5G,Yes,No,No,No,Yes,Yes,431.63,22932.09,53
S12896,C12896,Business,5G,Yes,Yes,No,Yes,No,No,882.69,53048.62,60
S12897,C12897,Basic,5G,Yes,Yes,Yes,Yes,Yes,No,310.1,8840.28,28
S12898,C12898,Plus,Fiber,Yes,No,No,Yes,Yes,No,424.99,23330.5,55
S12899,C12899,Basic,DSL,Yes,Yes,No,Yes,No,Yes,187.41,3805.47,20
S12900,C12900,Business,Fiber,Yes,No,Yes,No,Yes,No,805.96,29855.28,37
S12901,C12901,Business,DSL,No,No phone,No,No,No,No,712.78,12042.96,17
S12902,C12902,Basic,DSL,Yes,Yes,No,Yes,No,No,213.04,9892.02,46
S12903,C12903,Ultra,Fiber,Yes,No,No,No,No,Yes,588.8,21691.46,37
S12904,C12904,Basic,5G,No,No phone,Yes,No,No,No,254.43,11365.24,45
S12905,C12905,Ultra,Fiber,Yes,No,Yes,No,No,Yes,585.33,21631.93,37
S12906,C12906,Plus,Fiber,Yes,Yes,No,Yes,No,No,403.66,20652.33,51
S12907,C12907,Plus,DSL,Yes,Yes,No,Yes,Yes,No,301.81,13074.58,43
S12908,C12908,Basic,5G,Yes,Yes,Yes,Yes,No,Yes,258.67,6134.37,23
S12909,C12909,Basic,DSL,Yes,Yes,Yes,No,Yes,Yes,198.56,10568.65,53
S12910,C12910,Plus,5G,No,No phone,No,No,Yes,No,417.05,10039.31,24
S12911,C12911,Plus,No Internet,Yes,Yes,Yes,No,Yes,Yes,318.7,8407.1,26
S12912,C12912,Ultra,DSL,Yes,No,No,Yes,No,Yes,565.54,27777.25,49
S12913,C12913,Plus,5G,Yes,No,Yes,Yes,Yes,Yes,457.92,14188.11,31
S12914,C12914,Plus,Fiber,Yes,No,Yes,Yes,Yes,No,378.19,21099.34,56
S12915,C12915,Basic,Fiber,No,No phone,Yes,Yes,Yes,Yes,208.94,8528.35,41
S12916,C12916,Basic,Fiber,Yes,Yes,No,Yes,No,Yes,200.56,9281.78,46
S12917,C12917,Plus,5G,Yes,No,Yes,No,Yes,No,445.16,15119.21,34
S12918,C12918,Business,Fiber,Yes,No,No,No,No,No,799.48,35983.8,45
S12919,C12919,Basic,No Internet,Yes,Yes,Yes,Yes,No,Yes,158.97,6493.43,40
S12920,C12920,Plus,Fiber,Yes,No,Yes,No,Yes,Yes,397.96,14716.42,37
S12921,C12921,Business,No Internet,Yes,Yes,Yes,No,No,No,778.52,13206.05,17
S12922,C12922,Plus,DSL,Yes,No,Yes,Yes,No,No,341.0,15935.58,47
S12923,C12923,Ultra,DSL,Yes,Yes,No,No,Yes,No,495.38,12806.04,26
S12924,C12924,Plus,Fiber,Yes,No,No,Yes,No,No,387.5,8754.15,23
S12925,C12925,Plus,5G,Yes,Yes,Yes,Yes,Yes,No,424.09,18646.93,44
S12926,C12926,Ultra,No Internet,No,No phone,Yes,Yes,No,No,529.7,7902.24,15
S12927,C12927,Plus,Fiber,No,No phone,Yes,Yes,Yes,Yes,384.35,12868.17,33
S12928,C12928,Basic,DSL,No,No phone,No,Yes,No,No,192.05,4989.16,26
S12929,C12929,Ultra,5G,Yes,No,Yes,No,No,Yes,637.46,34870.63,55
S12930,C12930,Ultra,DSL,Yes,No,No,No,Yes,No,560.46,10064.75,18
S12931,C12931,Plus,Fiber,Yes,Yes,No,Yes,No,Yes,391.02,12194.13,31
S12932,C12932,Plus,Fiber,Yes,Yes,Yes,Yes,Yes,Yes,379.97,20934.85,55
S12933,C12933,Plus,Fiber,Yes,Yes,No,No,No,No,398.63,18455.64,46
S12934,C12934,Basic,DSL,Yes,No,Yes,No,No,No,202.78,5538.98,28
S12935,C12935,Ultra,5G,Yes,Yes,No,Yes,No,Yes,598.3,15017.21,25
S12936,C12936,Plus,Fiber,Yes,Yes,No,Yes,No,Yes,379.92,21201.76,56
S12937,C12937,Business,Fiber,Yes,Yes,Yes,No,Yes,No,833.9,41016.59,49
S12938,C12938,Basic,No Internet,Yes,Yes,Yes,Yes,No,Yes,207.2,11167.42,54
S12939,C12939,Ultra,Fiber,Yes,No,Yes,No,No,Yes,553.95,14963.37,27
S12940,C12940,Basic,Fiber,Yes,Yes,No,No,Yes,Yes,251.05,7545.1,30
S12941,C12941,Ultra,No Internet,Yes,No,No,No,Yes,No,561.88,25281.58,45
S12942,C12942,Business,Fiber,Yes,No,No,No,Yes,Yes,861.29,17330.33,20
S12943,C12943,Business,DSL,Yes,Yes,Yes,Yes,No,No,742.33,40104.19,54
S12944,C12944,Plus,Fiber,Yes,No,Yes,Yes,Yes,Yes,392.47,7478.89,19
S12945,C12945,Basic,Fiber,Yes,No,Yes,Yes,Yes,Yes,285.68,9330.82,33
S12946,C12946,Basic,5G,Yes,Yes,Yes,No,No,Yes,292.54,17254.21,59
S12947,C12947,Basic,Fiber,No,No phone,No,No,Yes,Yes,252.02,14486.81,57
S12948,C12948,Basic,Fiber,Yes,Yes,Yes,Yes,Yes,Yes,243.6,3899.05,16
S12949,C12949,Plus,5G,Yes,No,No,Yes,Yes,Yes,420.78,13041.82,31
S12950,C12950,Basic,Fiber,Yes,No,No,Yes,Yes,Yes,243.68,10325.52,42
S12951,C12951,Basic,DSL,No,No phone,Yes,Yes,No,No,174.87,2217.19,12
S12952,C12952,Ultra,5G,Yes,No,No,Yes,No,No,626.22,26947.99,43
S12953,C12953,Basic,Fiber,Yes,No,No,Yes,No,Yes,229.65,4831.66,21
S12954,C12954,Basic,DSL,Yes,No,Yes,No,Yes,Yes,212.01,12631.91,59
S12955,C12955,Plus,DSL,Yes,No,No,No,No,Yes,322.78,17484.06,54
S12956,C12956,Basic,DSL,Yes,Yes,No,No,Yes,No,197.96,3982.47,20
S12957,C12957,Plus,5G,Yes,No,Yes,Yes,Yes,Yes,426.84,16572.54,39
S12958,C12958,Basic,Fiber,No,No phone,Yes,No,Yes,No,296.48,5023.57,17
S12959,C12959,Plus,Fiber,Yes,No,No,Yes,No,Yes,393.94,10451.27,27
S12960,C12960,Basic,Fiber,Yes,Yes,Yes,No,Yes,Yes,247.54,10850.76,44
S12961,C12961,Plus,Fiber,Yes,No,Yes,No,No,Yes,357.98,15096.3,42
S12962,C12962,Basic,5G,Yes,No,Yes,Yes,Yes,Yes,324.56,16445.01,51
S12963,C12963,Plus,Fiber,Yes,No,Yes,No,No,Yes,383.42,16823.9,44
S12964,C12964,Plus,DSL,Yes,Yes,No,No,No,No,357.65,20105.14,56
S12965,C12965,Business,5G,Yes,No,No,No,No,No,837.97,15120.6,18
S12966,C12966,Basic,5G,Yes,Yes,No,No,No,Yes,319.41,11715.42,37
S12967,C12967,Basic,Fiber,Yes,No,No,No,Yes,Yes,233.3,13760.62,59
S12968,C12968,Plus,Fiber,Yes,Yes,Yes,Yes,Yes,Yes,378.83,20014.01,53
S12969,C12969,Ultra,DSL,Yes,Yes,Yes,Yes,Yes,No,467.64,25709.71,55
S12970,C12970,Ultra,Fiber,No,No phone,No,Yes,Yes,No,563.1,10241.6,18
S12971,C12971,Basic,Fiber,Yes,Yes,No,Yes,Yes,No,295.42,16968.85,57
S12972,C12972,Ultra,5G,Yes,No,No,No,Yes,Yes,632.31,9452.67,15
S12973,C12973,Basic,Fiber,Yes,No,No,Yes,No,No,223.88,7450.03,33
S12974,C12974,Basic,Fiber,Yes,No,Yes,Yes,Yes,No,282.57,8220.42,29
S12975,C12975,Ultra,DSL,Yes,No,No,Yes,Yes,Yes,562.07,22654.66,40
S12976,C12976,Ultra,Fiber,Yes,Yes,Yes,Yes,Yes,No,530.0,30572.15,58
S12977,C12977,Basic,Fiber,Yes,No,No,Yes,No,Yes,238.82,10522.74,44
S12978,C12978,Business,DSL,Yes,Yes,Yes,Yes,Yes,No,731.17,27029.65,37
S12979,C12979,Ultra,Fiber,Yes,Yes,Yes,No,Yes,No,570.04,27278.93,48
S12980,C12980,Plus,DSL,No,No phone,Yes,Yes,Yes,No,370.21,5572.73,15
S12981,C12981,Ultra,Fiber,Yes,No,No,No,Yes,No,557.53,32657.96,59
S12982,C12982,Plus,Fiber,Yes,Yes,Yes,Yes,Yes,Yes,378.34,13648.16,36
S12983,C12983,Business,Fiber,No,No phone,No,Yes,No,No,847.38,14624.34,17
S12984,C12984,Ultra,Fiber,Yes,Yes,Yes,Yes,No,Yes,584.25,18723.83,32
S12985,C12985,Plus,DSL,Yes,Yes,No,Yes,Yes,Yes,365.74,7268.77,20
S12986,C12986,Plus,DSL,Yes,Yes,No,Yes,Yes,Yes,304.27,15279.47,50
S12987,C12987,Ultra,5G,Yes,Yes,No,Yes,No,No,610.99,28663.14,47
S12988,C12988,Ultra,Fiber,Yes,No,No,Yes,Yes,No,610.44,9163.09,15
S12989,C12989,Basic,DSL,Yes,No,Yes,No,No,No,175.65,3241.38,18
S12990,C12990,Basic,DSL,Yes,Yes,Yes,No,Yes,No,175.42,3252.13,19
S12991,C12991,Ultra,Fiber,Yes,Yes,No,No,No,Yes,598.42,17366.02,29
S12992,C12992,Basic,DSL,Yes,No,No,No,No,Yes,206.54,4310.88,21
S12993,C12993,Basic,DSL,Yes,Yes,No,No,No,No,188.33,7507.98,40
S12994,C12994,Plus,Fiber,Yes,No,Yes,No,No,No,432.88,19866.91,46
S12995,C12995,Ultra,DSL,Yes,Yes,No,No,No,Yes,538.24,17796.08,33
S12996,C12996,Basic,Fiber,Yes,Yes,Yes,No,No,No,262.76,3767.27,14
S12997,C12997,Ultra,DSL,Yes,No,No,No,No,No,486.76,7684.84,16
S12998,C12998,Business,5G,Yes,Yes,Yes,No,Yes,No,854.88,46051.05,54
S12999,C12999,Ultra,Fiber,Yes,No,Yes,Yes,No,No,615.46,33268.17,54
S13000,C13000,Plus,DSL,Yes,No,Yes,Yes,Yes,No,344.77,10351.67,30
S13001,C13001,Business,No Internet,Yes,No,No,No,Yes,No,744.73,19541.81,26
S13002,C13002,Plus,5G,Yes,Yes,No,Yes,Yes,Yes,472.02,24033.26,51
S13003,C13003,Plus,Fiber,Yes,Yes,Yes,No,Yes,Yes,346.7,8256.03,24
S13004,C13004,Plus,DSL,Yes,No,No,No,No,Yes,326.95,5057.79,15
S13005,C13005,Business,Fiber,Yes,Yes,Yes,No,No,Yes,783.66,32102.76,41
S13006,C13006,Ultra,Fiber,Yes,Yes,No,Yes,Yes,No,603.08,32602.38,54
S13007,C13007,Ultra,DSL,Yes,No,No,Yes,No,Yes,516.67,9791.2,19
S13008,C13008,Basic,5G,Yes,Yes,No,No,No,Yes,267.8,13472.23,50
S13009,C13009,Business,Fiber,Yes,Yes,No,No,No,No,850.43,35690.62,42
S13010,C13010,Basic,Fiber,Yes,No,No,Yes,No,Yes,258.49,9941.44,38
S13011,C13011,Basic,DSL,No,No phone,No,Yes,Yes,Yes,212.55,11989.75,56
S13012,C13012,Basic,Fiber,Yes,No,No,No,Yes,No,226.95,4693.06,21
S13013,C13013,Ultra,Fiber,Yes,Yes,Yes,No,Yes,Yes,590.41,12466.24,21
S13014,C13014,Basic,5G,No,No phone,No,No,No,Yes,248.44,5667.16,23
S13015,C13015,Business,DSL,Yes,No,Yes,No,Yes,Yes,750.61,18775.24,25
S13016,C13016,Plus,DSL,Yes,No,Yes,Yes,No,No,312.15,17164.56,55
S13017,C13017,Plus,5G,Yes,Yes,Yes,No,Yes,Yes,385.99,6970.72,18
S13018,C13018,Plus,5G,Yes,Yes,No,Yes,Yes,Yes,389.73,7329.75,19
S13019,C13019,Business,Fiber,No,No phone,No,No,No,No,833.59,44300.79,53
S13020,C13020,Plus,5G,Yes,No,No,No,Yes,Yes,463.76,20788.82,45
S13021,C13021,Business,5G,Yes,No,Yes,Yes,No,Yes,841.96,50447.93,60
S13022,C13022,Business,5G,Yes,No,Yes,Yes,Yes,Yes,838.69,14304.13,17
S13023,C13023,Plus,DSL,Yes,No,Yes,No,Yes,Yes,316.4,12576.83,40
S13024,C13024,Ultra,Fiber,Yes,No,Yes,No,Yes,No,597.22,28649.75,48
S13025,C13025,Basic,Fiber,No,No phone,No,No,No,No,246.74,8076.69,32
S13026,C13026,Plus,DSL,Yes,Yes,Yes,Yes,Yes,Yes,329.16,4653.01,14
S13027,C13027,Plus,Fiber,Yes,No,Yes,Yes,Yes,No,416.72,4943.16,12
S13028,C13028,Plus,Fiber,Yes,No,Yes,No,No,Yes,388.62,9277.28,24
S13029,C13029,Basic,Fiber,No,No phone,No,No,No,No,247.16,14445.1,58
S13030,C13030,Plus,5G,Yes,No,Yes,No,No,No,413.3,6154.57,15
S13031,C13031,Plus,5G,Yes,No,No,No,No,Yes,423.22,9191.54,22
S13032,C13032,Basic,Fiber,No,No phone,No,No,No,No,257.51,8962.6,35
S13033,C13033,Business,No Internet,Yes,Yes,Yes,No,Yes,Yes,772.99,39416.22,51
S13034,C13034,Plus,5G,Yes,No,No,Yes,Yes,Yes,375.97,18012.87,48
S13035,C13035,Basic,5G,Yes,Yes,No,No,No,Yes,259.41,5129.22,20
S13036,C13036,Ultra,DSL,Yes,Yes,No,Yes,Yes,No,565.48,20960.17,37
S13037,C13037,Plus,5G,Yes,No,Yes,No,Yes,No,374.35,19403.2,52
S13038,C13038,Business,No Internet,Yes,No,Yes,No,Yes,Yes,764.1,34345.3,45
S13039,C13039,Plus,5G,Yes,Yes,No,No,Yes,No,419.65,20606.34,49
S13040,C13040,Plus,Fiber,Yes,Yes,Yes,Yes,No,No,360.29,11459.67,32
S13041,C13041,Ultra,DSL,Yes,No,Yes,Yes,No,Yes,512.66,24167.11,47
S13042,C13042,Basic,DSL,Yes,Yes,No,Yes,Yes,Yes,233.59,12593.33,54
S13043,C13043,Plus,No Internet,Yes,Yes,Yes,Yes,No,Yes,305.92,6753.22,22
S13044,C13044,Basic,DSL,No,No phone,No,No,Yes,No,197.34,6767.51,34
S13045,C13045,Basic,Fiber,Yes,Yes,No,No,Yes,No,234.5,6344.34,27
S13046,C13046,Basic,5G,No,No phone,No,No,Yes,Yes,301.06,14682.72,49
S13047,C13047,Ultra,Fiber,Yes,No,No,Yes,Yes,Yes,588.67,11761.2,20
S13048,C13048,Basic,Fiber,No,No phone,Yes,Yes,Yes,No,259.1,7510.31,29
S13049,C13049,Basic,5G,Yes,No,Yes,Yes,Yes,No,241.71,5710.72,24
S13050,C13050,Basic,Fiber,Yes,Yes,No,Yes,Yes,Yes,258.07,11370.17,44
S13051,C13051,Plus,DSL,Yes,No,No,No,No,No,333.82,9106.52,27
S13052,C13052,Ultra,Fiber,Yes,No,Yes,Yes,No,No,594.42,13643.79,23
S13053,C13053,Basic,DSL,No,No phone,No,No,Yes,Yes,218.56,11464.76,52
S13054,C13054,Basic,5G,Yes,No,Yes,Yes,Yes,Yes,296.45,12129.44,41
S13055,C13055,Basic,No Internet,Yes,Yes,Yes,Yes,No,Yes,240.88,7865.62,33
S13056,C13056,Basic,5G,Yes,Yes,Yes,No,No,Yes,280.95,7346.3,26
S13057,C13057,Ultra,DSL,Yes,Yes,No,Yes,No,No,572.16,15344.73,27
S13058,C13058,Plus,5G,Yes,Yes,Yes,No,No,Yes,440.38,7638.53,17
S13059,C13059,Ultra,5G,Yes,Yes,No,Yes,No,No,588.28,8943.56,15
S13060,C13060,Plus,DSL,Yes,No,No,No,Yes,No,279.84,9475.5,34
S13061,C13061,Plus,DSL,Yes,No,No,No,Yes,No,379.81,14038.15,37
S13062,C13062,Ultra,Fiber,No,No phone,Yes,No,No,No,587.78,10029.83,17
S13063,C13063,Ultra,No Internet,Yes,No,Yes,Yes,Yes,Yes,515.55,19434.49,38
S13064,C13064,Basic,No Internet,Yes,Yes,Yes,No,No,Yes,215.51,4756.19,22
S13065,C13065,Business,Fiber,Yes,Yes,No,No,No,Yes,837.95,29237.84,35
S13066,C13066,Business,DSL,Yes,Yes,No,No,No,No,753.44,27088.53,36
S13067,C13067,Plus,DSL,Yes,Yes,No,Yes,Yes,Yes,335.31,6258.94,19
S13068,C13068,Plus,DSL,Yes,No,No,Yes,No,Yes,306.79,11364.48,37
S13069,C13069,Basic,DSL,No,No phone,No,Yes,Yes,No,192.97,10905.57,57
S13070,C13070,Basic,DSL,Yes,No,Yes,No,No,No,159.2,7370.76,46
S13071,C13071,Ultra,5G,Yes,Yes,No,No,Yes,No,672.74,14220.58,21
S13072,C13072,Ultra,5G,Yes,No,No,Yes,No,No,647.89,37546.16,58
S13073,C13073,Business,DSL,Yes,Yes,No,No,No,No,740.96,20808.2,28
S13074,C13074,Business,DSL,Yes,No,No,No,Yes,Yes,789.97,45892.01,58
S13075,C13075,Ultra,DSL,Yes,No,No,No,Yes,No,553.78,16522.26,30
S13076,C13076,Basic,5G,Yes,No,Yes,Yes,Yes,Yes,315.11,9749.7,31
S13077,C13077,Ultra,DSL,Yes,Yes,Yes,No,Yes,Yes,555.31,12816.2,23
S13078,C13078,Basic,DSL,No,No phone,Yes,No,Yes,No,168.75,6099.46,36
S13079,C13079,Plus,Fiber,Yes,Yes,No,Yes,No,No,418.15,14663.19,35
S13080,C13080,Plus,DSL,Yes,No,No,Yes,No,Yes,364.85,8031.97,22
S13081,C13081,Plus,DSL,Yes,Yes,No,Yes,No,Yes,315.48,10586.64,34
S13082,C13082,Plus,No Internet,Yes,No,No,Yes,Yes,Yes,357.21,5742.54,16
S13083,C13083,Business,5G,Yes,No,No,No,No,Yes,853.43,26495.32,31
S13084,C13084,Basic,Fiber,Yes,No,No,No,No,Yes,318.57,6701.55,21
S13085,C13085,Ultra,5G,Yes,Yes,No,No,No,Yes,631.2,22872.46,36
S13086,C13086,Plus,DSL,No,No phone,No,No,Yes,Yes,361.03,11651.26,32
S13087,C13087,Basic,5G,Yes,Yes,No,No,Yes,No,273.14,5406.92,20
S13088,C13088,Ultra,DSL,Yes,Yes,Yes,Yes,No,Yes,531.47,11233.53,21
S13089,C13089,Plus,Fiber,Yes,No,Yes,No,No,Yes,390.5,5511.43,14
S13090,C13090,Plus,Fiber,Yes,Yes,No,No,No,No,389.49,13175.77,34
S13091,C13091,Basic,5G,Yes,Yes,No,Yes,No,Yes,293.7,10168.86,35
S13092,C13092,Business,Fiber,Yes,No,No,No,No,Yes,847.7,43273.61,51
S13093,C13093,Ultra,Fiber,Yes,Yes,No,No,No,No,573.08,27566.84,48
S13094,C13094,Ultra,Fiber,Yes,Yes,Yes,No,No,Yes,540.39,17946.81,33
S13095,C13095,Basic,Fiber,Yes,Yes,Yes,No,Yes,No,230.1,9633.96,42
S13096,C13096,Plus,Fiber,Yes,No,No,Yes,Yes,No,414.83,5828.57,14
S13097,C13097,Plus,Fiber,Yes,No,Yes,No,No,No,431.96,5936.73,14
S13098,C13098,Plus,Fiber,Yes,No,No,No,Yes,No,378.75,7173.95,19
S13099,C13099,Plus,Fiber,Yes,Yes,No,Yes,No,Yes,390.75,19118.99,49
S13100,C13100,Plus,5G,Yes,No,No,Yes,No,Yes,472.15,17662.48,37
S13101,C13101,Basic,Fiber,Yes,No,No,Yes,Yes,No,221.08,3213.16,14
S13102,C13102,Plus,5G,Yes,Yes,No,Yes,No,Yes,421.63,18074.4,43
S13103,C13103,Business,Fiber,Yes,Yes,No,No,No,Yes,803.0,11172.87,14
S13104,C13104,Plus,No Internet,Yes,No,No,Yes,No,Yes,320.68,13098.17,41
S13105,C13105,Business,5G,Yes,No,Yes,No,Yes,Yes,834.23,11744.01,14
S13106,C13106,Business,DSL,Yes,Yes,No,Yes,Yes,Yes,790.62,18231.13,23
S13107,C13107,Basic,Fiber,Yes,No,Yes,Yes,No,No,274.7,15568.35,57
S13108,C13108,Basic,Fiber,Yes,Yes,Yes,No,Yes,No,304.08,10014.05,33
S13109,C13109,Plus,Fiber,Yes,Yes,No,No,Yes,Yes,394.93,10673.91,27
S13110,C13110,Plus,No Internet,Yes,Yes,No,No,No,No,373.35,8156.6,22
S13111,C13111,Basic,5G,Yes,No,Yes,Yes,Yes,No,264.35,11263.98,43
S13112,C13112,Ultra,DSL,Yes,No,Yes,Yes,No,No,516.62,6286.29,12
S13113,C13113,Basic,Fiber,Yes,Yes,No,Yes,Yes,Yes,246.95,12519.68,51
S13114,C13114,Business,5G,Yes,Yes,Yes,No,No,Yes,876.61,31652.74,36
S13115,C13115,Plus,No Internet,Yes,No,No,Yes,No,Yes,347.25,14487.22,42
S13116,C13116,Business,DSL,Yes,Yes,Yes,No,No,Yes,732.9,36498.96,50
S13117,C13117,Basic,Fiber,Yes,Yes,No,No,Yes,No,222.6,13229.08,59
S13118,C13118,Plus,Fiber,Yes,Yes,No,No,Yes,No,393.92,14230.15,36
S13119,C13119,Basic,Fiber,No,No phone,No,Yes,No,Yes,286.45,12320.8,43
S13120,C13120,Basic,5G,Yes,No,No,No,No,Yes,253.77,11345.16,45
S13121,C13121,Ultra,DSL,Yes,Yes,Yes,No,No,No,545.44,13027.41,24
S13122,C13122,Ultra,Fiber,Yes,Yes,Yes,Yes,No,Yes,568.25,15438.44,27
S13123,C13123,Ultra,No Internet,Yes,Yes,Yes,No,Yes,Yes,531.53,13404.28,25
S13124,C13124,Basic,Fiber,Yes,No,Yes,Yes,No,No,241.83,8644.38,36
S13125,C13125,Ultra,DSL,Yes,No,No,No,Yes,No,589.83,14216.05,24
S13126,C13126,Plus,5G,Yes,Yes,Yes,Yes,Yes,No,415.49,25085.19,60
S13127,C13127,Ultra,Fiber,Yes,No,No,No,Yes,Yes,621.33,35407.37,57
S13128,C13128,Plus,Fiber,Yes,Yes,Yes,Yes,No,Yes,441.58,15940.06,36
S13129,C13129,Business,No Internet,Yes,No,No,No,No,Yes,756.38,35481.99,47
S13130,C13130,Basic,5G,No,No phone,No,Yes,No,No,292.57,7556.7,26
S13131,C13131,Basic,DSL,Yes,Yes,Yes,No,No,Yes,230.04,11688.45,51
S13132,C13132,Plus,DSL,Yes,Yes,No,No,No,Yes,327.4,13048.95,40
S13133,C13133,Basic,DSL,Yes,Yes,Yes,Yes,No,No,172.07,3978.54,23
S13134,C13134,Basic,Fiber,Yes,Yes,No,Yes,No,No,238.64,8010.01,34
S13135,C13135,Ultra,DSL,Yes,Yes,Yes,Yes,Yes,Yes,558.59,18379.42,33
S13136,C13136,Basic,Fiber,Yes,Yes,Yes,No,Yes,Yes,269.37,7978.65,30
S13137,C13137,Basic,Fiber,Yes,Yes,No,Yes,No,No,268.46,7273.17,27
S13138,C13138,Ultra,DSL,Yes,Yes,No,No,No,Yes,498.54,14416.43,29
S13139,C13139,Plus,DSL,Yes,No,No,No,No,No,298.85,6734.21,23
S13140,C13140,Basic,Fiber,No,No phone,No,Yes,No,Yes,284.27,14680.18,52
S13141,C13141,Plus,Fiber,Yes,Yes,No,No,Yes,No,357.44,20710.59,58
S13142,C13142,Ultra,DSL,Yes,Yes,No,Yes,Yes,Yes,529.3,9687.64,18
S13143,C13143,Basic,Fiber,Yes,No,No,Yes,No,No,239.79,11928.49,50
S13144,C13144,Plus,Fiber,Yes,No,No,Yes,Yes,No,338.7,8406.49,25
S13145,C13145,Plus,Fiber,Yes,No,No,No,Yes,Yes,386.1,7351.25,19
S13146,C13146,Basic,Fiber,No,No phone,No,No,No,No,246.16,6589.67,27
S13147,C13147,Plus,5G,Yes,No,No,Yes,No,Yes,401.61,22992.24,57
S13148,C13148,Basic,5G,No,No phone,Yes,No,No,No,298.11,13511.99,45
S13149,C13149,Plus,DSL,Yes,No,No,Yes,Yes,No,296.38,5034.32,17
S13150,C13150,Ultra,DSL,Yes,Yes,No,Yes,No,Yes,524.12,13717.69,26
S13151,C13151,Basic,Fiber,No,No phone,Yes,No,Yes,No,243.75,11936.24,49
S13152,C13152,Ultra,5G,Yes,No,No,Yes,No,No,613.31,24969.99,41
S13153,C13153,Plus,5G,Yes,Yes,No,Yes,No,No,434.7,23944.21,55
S13154,C13154,Plus,5G,Yes,Yes,Yes,Yes,Yes,No,401.62,5260.62,13
S13155,C13155,Basic,Fiber,No,No phone,No,No,Yes,No,256.86,14273.1,55
S13156,C13156,Business,No Internet,No,No phone,No,Yes,Yes,Yes,814.38,24433.94,30
S13157,C13157,Basic,5G,No,No phone,No,No,No,Yes,265.52,2997.48,11
S13158,C13158,Plus,Fiber,Yes,Yes,No,Yes,No,No,343.13,9251.35,27
S13159,C13159,Plus,5G,Yes,Yes,Yes,No,No,Yes,442.3,11119.37,25
S13160,C13160,Ultra,Fiber,Yes,No,No,No,Yes,No,582.35,20442.78,35
S13161,C13161,Business,DSL,Yes,No,No,Yes,No,Yes,742.95,8078.15,11
S13162,C13162,Basic,Fiber,Yes,Yes,Yes,Yes,Yes,Yes,247.73,4652.15,19
S13163,C13163,Plus,Fiber,Yes,Yes,Yes,No,No,Yes,418.18,21667.44,52
S13164,C13164,Ultra,DSL,Yes,No,Yes,No,No,No,531.38,13807.05,26
S13165,C13165,Plus,Fiber,Yes,No,No,No,Yes,Yes,416.3,21714.74,52
S13166,C13166,Business,5G,No,No phone,No,No,Yes,No,823.69,34780.38,42
S13167,C13167,Basic,Fiber,Yes,No,No,Yes,No,Yes,276.9,8123.93,29
S13168,C13168,Basic,No Internet,Yes,No,Yes,Yes,No,No,219.92,4455.84,20
S13169,C13169,Business,5G,Yes,No,Yes,Yes,Yes,No,831.95,13324.96,16
S13170,C13170,Basic,DSL,No,No phone,No,Yes,Yes,No,200.32,5515.48,28
S13171,C13171,Basic,5G,Yes,No,No,No,No,No,262.94,4131.54,16
S13172,C13172,Ultra,No Internet,Yes,No,Yes,Yes,Yes,No,535.9,20396.38,38
S13173,C13173,Plus,Fiber,Yes,Yes,No,No,No,No,368.41,15948.44,43
S13174,C13174,Business,Fiber,Yes,Yes,No,Yes,Yes,Yes,842.6,16021.69,19
S13175,C13175,Basic,Fiber,Yes,No,No,No,Yes,Yes,289.68,8208.93,28
S13176,C13176,Plus,No Internet,No,No phone,Yes,Yes,No,Yes,321.03,16416.93,51
S13177,C13177,Ultra,DSL,Yes,Yes,No,No,Yes,Yes,504.41,22168.57,44
S13178,C13178,Plus,DSL,Yes,No,No,Yes,Yes,No,342.49,17882.69,52
S13179,C13179,Basic,DSL,No,No phone,No,No,No,Yes,142.28,3007.57,21
S13180,C13180,Ultra,5G,Yes,No,No,Yes,No,Yes,572.75,20517.89,36
S13181,C13181,Basic,Fiber,Yes,Yes,No,Yes,Yes,Yes,274.03,10416.25,38
S13182,C13182,Basic,No Internet,Yes,Yes,Yes,No,Yes,No,209.57,8887.95,43
S13183,C13183,Ultra,5G,Yes,No,No,No,Yes,No,629.71,27752.52,44
S13184,C13184,Plus,DSL,No,No phone,No,No,No,No,299.55,11693.69,39
S13185,C13185,Plus,DSL,No,No phone,Yes,Yes,No,No,361.52,5382.18,15
S13186,C13186,Plus,DSL,Yes,Yes,Yes,No,No,Yes,297.95,4872.49,16
S13187,C13187,Plus,5G,No,No phone,No,No,Yes,Yes,421.86,8542.9,20
S13188,C13188,Basic,Fiber,Yes,No,Yes,Yes,Yes,No,277.31,3307.43,12
S13189,C13189,Business,5G,Yes,Yes,No,Yes,Yes,No,853.82,22995.33,27
S13190,C13190,Plus,No Internet,Yes,No,No,Yes,Yes,Yes,323.8,13446.67,42
S13191,C13191,Ultra,DSL,Yes,Yes,No,No,Yes,No,506.09,19247.77,38
S13192,C13192,Plus,DSL,Yes,Yes,Yes,No,Yes,No,327.8,8865.21,27
S13193,C13193,Plus,Fiber,Yes,Yes,No,No,Yes,No,406.26,20367.42,50
S13194,C13194,Business,5G,Yes,No,No,No,Yes,Yes,858.39,20335.0,24
S13195,C13195,Ultra,Fiber,Yes,Yes,Yes,No,Yes,No,592.48,19473.16,33
S13196,C13196,Basic,DSL,Yes,No,Yes,Yes,No,Yes,229.32,10052.0,44
S13197,C13197,Ultra,DSL,Yes,Yes,Yes,No,Yes,Yes,524.13,18237.7,35
S13198,C13198,Basic,Fiber,Yes,Yes,Yes,Yes,Yes,No,270.56,9745.13,36
S13199,C13199,Plus,DSL,Yes,No,No,Yes,No,No,295.08,12111.25,41
S13200,C13200,Business,DSL,Yes,Yes,Yes,Yes,Yes,Yes,729.56,24111.46,33
S13201,C13201,Ultra,Fiber,Yes,Yes,No,No,No,No,647.2,38858.5,60
S13202,C13202,Plus,Fiber,No,No phone,Yes,No,Yes,Yes,326.67,11928.1,36
S13203,C13203,Plus,5G,Yes,Yes,No,Yes,Yes,Yes,406.66,12179.38,30
S13204,C13204,Plus,No Internet,Yes,Yes,No,Yes,Yes,No,375.2,20646.03,55
S13205,C13205,Basic,5G,Yes,No,Yes,No,Yes,Yes,271.08,11302.34,42
S13206,C13206,Basic,5G,Yes,Yes,No,Yes,No,No,274.45,7807.44,28
S13207,C13207,Business,Fiber,Yes,Yes,No,Yes,No,Yes,845.35,16207.97,19
S13208,C13208,Basic,DSL,Yes,No,Yes,Yes,No,Yes,195.62,11672.5,60
S13209,C13209,Basic,DSL,No,No phone,Yes,No,Yes,No,236.12,2798.27,12
S13210,C13210,Basic,DSL,Yes,Yes,Yes,No,No,Yes,181.47,11011.26,60
S13211,C13211,Ultra,DSL,Yes,Yes,No,Yes,No,No,490.21,14199.41,29
S13212,C13212,Plus,5G,Yes,No,No,No,No,Yes,424.91,7644.27,18
S13213,C13213,Ultra,Fiber,Yes,Yes,Yes,Yes,Yes,No,572.72,19991.99,35
S13214,C13214,Basic,5G,Yes,No,Yes,Yes,Yes,Yes,341.12,10251.61,30
S13215,C13215,Ultra,5G,Yes,Yes,Yes,Yes,No,Yes,616.99,31474.24,51
S13216,C13216,Plus,Fiber,Yes,Yes,Yes,Yes,No,No,405.72,15749.34,39
S13217,C13217,Plus,DSL,Yes,No,No,Yes,Yes,Yes,339.22,16043.05,47
S13218,C13218,Ultra,DSL,Yes,Yes,Yes,No,Yes,No,480.05,24369.88,51
S13219,C13219,Ultra,DSL,Yes,Yes,No,Yes,No,No,572.8,16628.36,29
S13220,C13220,Basic,Fiber,Yes,No,Yes,No,No,Yes,251.32,14089.07,56
S13221,C13221,Business,Fiber,Yes,No,No,Yes,Yes,No,860.24,21482.81,25
S13222,C13222,Basic,Fiber,Yes,No,No,No,Yes,Yes,280.69,6520.06,23
S13223,C13223,Business,DSL,Yes,Yes,Yes,No,No,No,804.44,31338.13,39
S13224,C13224,Plus,Fiber,Yes,Yes,Yes,No,Yes,Yes,410.45,16364.0,40
S13225,C13225,Basic,Fiber,Yes,No,Yes,No,Yes,Yes,239.17,12165.65,51
S13226,C13226,Ultra,Fiber,Yes,No,Yes,No,Yes,No,589.86,35327.69,60
S13227,C13227,Plus,DSL,Yes,No,Yes,Yes,Yes,Yes,313.72,15316.84,49
S13228,C13228,Basic,Fiber,Yes,No,No,Yes,No,No,283.46,17105.24,60
S13229,C13229,Plus,Fiber,Yes,No,Yes,Yes,Yes,Yes,394.9,9045.41,23
S13230,C13230,Plus,DSL,Yes,Yes,No,Yes,Yes,No,370.08,13649.0,37
S13231,C13231,Plus,DSL,Yes,Yes,No,Yes,No,Yes,323.89,15784.95,49
S13232,C13232,Basic,Fiber,Yes,No,Yes,Yes,No,No,274.01,8061.4,30
S13233,C13233,Plus,DSL,Yes,No,No,Yes,No,No,300.68,17527.21,58
S13234,C13234,Ultra,DSL,Yes,Yes,No,No,Yes,No,531.09,10119.67,19
S13235,C13235,Basic,Fiber,Yes,No,No,Yes,No,Yes,259.07,5319.0,21
S13236,C13236,Business,Fiber,Yes,No,No,Yes,No,Yes,823.13,19863.9,24
S13237,C13237,Basic,Fiber,Yes,No,No,No,Yes,No,239.71,11403.34,48
S13238,C13238,Ultra,Fiber,Yes,Yes,Yes,No,Yes,Yes,619.74,7547.72,12
S13239,C13239,Plus,Fiber,Yes,Yes,No,Yes,Yes,Yes,329.54,8221.48,25
S13240,C13240,Plus,Fiber,Yes,Yes,Yes,Yes,No,No,393.76,9886.28,25
S13241,C13241,Plus,5G,Yes,Yes,Yes,Yes,No,No,454.76,19590.34,43
S13242,C13242,Plus,Fiber,Yes,No,No,Yes,Yes,Yes,371.47,14671.66,39
S13243,C13243,Basic,5G,No,No phone,No,Yes,No,Yes,279.2,12034.36,43
S13244,C13244,Basic,Fiber,No,No phone,Yes,No,Yes,No,200.42,3788.82,19
S13245,C13245,Ultra,Fiber,Yes,No,No,Yes,Yes,No,632.04,34766.01,55
S13246,C13246,Plus,Fiber,Yes,No,No,No,Yes,No,390.75,5406.19,14
S13247,C13247,Plus,5G,Yes,No,No,No,Yes,Yes,389.15,21835.8,56
S13248,C13248,Ultra,Fiber,Yes,Yes,No,Yes,No,Yes,612.07,28205.78,46
S13249,C13249,Business,DSL,Yes,No,No,No,Yes,No,772.53,15506.35,20
S13250,C13250,Ultra,Fiber,Yes,No,Yes,Yes,No,Yes,602.78,7149.77,12
S13251,C13251,Plus,Fiber,Yes,No,No,Yes,No,No,396.32,12288.4,31
S13252,C13252,Basic,Fiber,Yes,Yes,Yes,Yes,No,No,265.42,11728.67,44
S13253,C13253,Plus,Fiber,Yes,No,Yes,No,Yes,Yes,359.67,19000.62,53
S13254,C13254,Business,DSL,Yes,Yes,Yes,Yes,Yes,No,752.64,31645.67,42
S13255,C13255,Ultra,DSL,Yes,No,Yes,No,No,No,527.81,20200.52,38
S13256,C13256,Ultra,Fiber,Yes,Yes,No,Yes,Yes,No,604.17,29763.15,49
S13257,C13257,Basic,Fiber,Yes,Yes,Yes,No,Yes,Yes,219.62,12266.63,56
S13258,C13258,Basic,Fiber,Yes,No,Yes,Yes,No,No,261.89,9096.87,35
S13259,C13259,Basic,DSL,No,No phone,Yes,No,Yes,No,169.92,4005.09,23
S13260,C13260,Basic,Fiber,Yes,Yes,No,No,No,No,236.92,4699.19,20
S13261,C13261,Basic,Fiber,Yes,No,Yes,Yes,Yes,No,226.93,3854.41,17
S13262,C13262,Basic,DSL,Yes,No,No,Yes,Yes,Yes,213.63,4770.82,22
S13263,C13263,Plus,DSL,Yes,No,No,Yes,Yes,Yes,329.54,11505.92,35
S13264,C13264,Basic,Fiber,Yes,Yes,Yes,No,Yes,Yes,266.24,13566.47,51
S13265,C13265,Plus,DSL,Yes,No,Yes,Yes,No,Yes,302.07,10021.7,33
S13266,C13266,Basic,5G,Yes,No,Yes,No,No,Yes,295.05,5310.91,18
S13267,C13267,Plus,Fiber,Yes,Yes,No,No,Yes,No,371.04,3694.41,10
S13268,C13268,Plus,No Internet,Yes,No,No,Yes,No,No,288.24,11244.65,39
S13269,C13269,Plus,Fiber,Yes,No,Yes,No,Yes,No,383.46,21863.19,57
S13270,C13270,Business,5G,Yes,No,No,Yes,Yes,No,841.76,45422.37,54
S13271,C13271,Business,5G,Yes,Yes,No,Yes,No,No,857.09,45366.97,53
S13272,C13272,Basic,DSL,Yes,Yes,Yes,Yes,No,Yes,224.2,7475.46,33
S13273,C13273,Plus,5G,Yes,No,Yes,Yes,No,No,410.88,21796.04,53
S13274,C13274,Plus,DSL,Yes,Yes,Yes,No,Yes,No,282.74,11119.55,39
S13275,C13275,Basic,Fiber,Yes,Yes,No,No,No,Yes,252.05,11702.84,46
S13276,C13276,Ultra,DSL,Yes,Yes,Yes,No,No,No,531.21,9686.39,18
S13277,C13277,Plus,5G,Yes,Yes,No,Yes,No,Yes,408.96,7820.9,19
S13278,C13278,Basic,Fiber,Yes,Yes,No,No,No,Yes,272.6,10942.13,40
S13279,C13279,Ultra,Fiber,Yes,Yes,No,No,No,No,596.95,13154.12,22
S13280,C13280,Basic,DSL,No,No phone,Yes,No,Yes,Yes,207.87,4221.87,20
S13281,C13281,Ultra,Fiber,Yes,Yes,No,Yes,Yes,Yes,605.61,25546.29,42
S13282,C13282,Business,Fiber,Yes,No,Yes,No,Yes,Yes,815.02,43119.41,53
S13283,C13283,Business,DSL,Yes,Yes,No,No,Yes,No,758.25,15267.7,20
S13284,C13284,Ultra,DSL,Yes,No,No,No,Yes,No,474.59,16949.23,36
S13285,C13285,Plus,Fiber,Yes,Yes,Yes,Yes,Yes,Yes,385.75,22022.69,57
S13286,C13286,Basic,Fiber,Yes,Yes,Yes,No,No,Yes,255.83,11248.81,44
S13287,C13287,Plus,5G,No,No phone,No,No,Yes,Yes,429.61,19285.69,45
S13288,C13288,Ultra,5G,Yes,No,Yes,No,Yes,Yes,601.91,10214.33,17
S13289,C13289,Plus,DSL,Yes,Yes,Yes,Yes,Yes,Yes,316.76,11802.02,37
S13290,C13290,Basic,DSL,Yes,No,Yes,No,Yes,No,221.37,6905.23,31
S13291,C13291,Plus,5G,Yes,Yes,No,Yes,Yes,No,431.63,19430.5,45
S13292,C13292,Plus,Fiber,Yes,No,No,No,No,No,415.35,20738.71,50
S13293,C13293,Plus,5G,Yes,Yes,Yes,No,Yes,No,432.29,25064.33,58
S13294,C13294,Basic,5G,Yes,No,Yes,Yes,No,No,294.15,8021.77,27
S13295,C13295,Plus,Fiber,Yes,No,No,Yes,No,No,388.83,19100.64,49
S13296,C13296,Ultra,Fiber,Yes,Yes,No,No,Yes,Yes,596.25,35685.77,60
S13297,C13297,Basic,DSL,Yes,No,Yes,No,Yes,Yes,186.76,2932.93,16
S13298,C13298,Basic,5G,Yes,Yes,Yes,No,Yes,No,284.28,12947.16,46
S13299,C13299,Ultra,Fiber,Yes,No,Yes,No,No,No,614.71,34481.51,56
S13300,C13300,Basic,5G,No,No phone,No,No,Yes,No,286.65,3369.99,12
S13301,C13301,Plus,DSL,Yes,Yes,Yes,No,No,Yes,326.66,15639.55,48
S13302,C13302,Business,Fiber,Yes,Yes,No,Yes,No,No,793.38,22305.28,28
S13303,C13303,Ultra,Fiber,Yes,No,Yes,No,Yes,No,599.82,31893.69,53
S13304,C13304,Plus,Fiber,Yes,Yes,Yes,Yes,No,Yes,391.04,4931.93,13
S13305,C13305,Ultra,Fiber,Yes,Yes,No,No,No,No,596.26,35858.7,60
S13306,C13306,Ultra,5G,Yes,Yes,No,No,Yes,Yes,634.91,22370.46,35
S13307,C13307,Business,Fiber,Yes,No,Yes,Yes,Yes,Yes,784.73,25100.26,32
S13308,C13308,Business,Fiber,Yes,No,Yes,Yes,Yes,Yes,809.05,28382.43,35
S13309,C13309,Ultra,DSL,Yes,Yes,Yes,Yes,No,No,512.9,19019.51,37
S13310,C13310,Basic,5G,Yes,Yes,No,Yes,Yes,No,228.5,6176.61,27
S13311,C13311,Ultra,5G,Yes,No,No,No,No,No,576.62,34013.75,59
S13312,C13312,Basic,5G,Yes,No,Yes,No,Yes,No,317.6,12027.73,38
S13313,C13313,Plus,DSL,Yes,Yes,No,Yes,No,Yes,339.95,4699.45,14
S13314,C13314,Ultra,Fiber,Yes,No,No,No,Yes,No,573.0,23502.02,41
S13315,C13315,Business,No Internet,Yes,Yes,No,No,Yes,No,738.08,14020.22,19
S13316,C13316,Basic,DSL,No,No phone,Yes,No,Yes,No,202.06,3004.37,15
S13317,C13317,Business,No Internet,Yes,Yes,Yes,No,No,No,766.04,25428.76,33
S13318,C13318,Plus,5G,Yes,Yes,No,No,Yes,Yes,447.51,10232.36,23
S13319,C13319,Basic,No Internet,Yes,No,No,Yes,No,No,186.88,7096.92,38
S13320,C13320,Basic,DSL,Yes,Yes,Yes,Yes,Yes,No,184.05,3703.59,20
S13321,C13321,Ultra,DSL,Yes,No,Yes,No,Yes,Yes,516.82,27414.44,53
S13322,C13322,Ultra,DSL,Yes,Yes,No,No,No,No,542.46,15715.3,29
S13323,C13323,Ultra,5G,Yes,Yes,Yes,Yes,No,Yes,677.45,22380.78,33
S13324,C13324,Plus,Fiber,Yes,No,Yes,Yes,Yes,Yes,390.95,13271.27,34
S13325,C13325,Ultra,Fiber,Yes,Yes,Yes,Yes,Yes,Yes,572.72,14402.4,25
S13326,C13326,Ultra,Fiber,No,No phone,No,Yes,No,Yes,576.0,8669.23,15
S13327,C13327,Basic,5G,Yes,No,No,Yes,No,No,303.39,5972.27,20
S13328,C13328,Plus,DSL,Yes,No,Yes,Yes,No,Yes,284.21,3920.66,13
S13329,C13329,Basic,Fiber,Yes,Yes,No,No,Yes,Yes,240.25,7298.96,30
S13330,C13330,Basic,Fiber,No,No phone,No,Yes,No,No,281.28,4756.38,17
S13331,C13331,Plus,Fiber,Yes,Yes,No,No,Yes,No,402.83,15727.35,39
S13332,C13332,Plus,Fiber,Yes,No,Yes,Yes,Yes,Yes,372.4,9609.63,26
S13333,C13333,Basic,5G,Yes,Yes,Yes,Yes,No,Yes,302.81,8710.76,29
S13334,C13334,Basic,No Internet,Yes,No,No,No,Yes,No,176.41,5289.69,30
S13335,C13335,Plus,Fiber,Yes,Yes,Yes,No,Yes,No,403.67,6802.61,17
S13336,C13336,Plus,Fiber,Yes,No,Yes,Yes,No,No,430.92,8150.47,19
S13337,C13337,Basic,DSL,Yes,Yes,Yes,No,No,No,167.87,2995.26,18
S13338,C13338,Basic,Fiber,Yes,No,Yes,Yes,No,Yes,263.12,14037.16,53
S13339,C13339,Ultra,Fiber,Yes,No,Yes,No,Yes,No,603.66,9603.51,16
S13340,C13340,Basic,5G,Yes,Yes,Yes,Yes,Yes,Yes,245.25,12245.66,50
S13341,C13341,Ultra,5G,Yes,Yes,Yes,No,Yes,No,633.36,13405.48,21
S13342,C13342,Plus,DSL,Yes,No,No,No,No,No,352.51,19288.19,55
S13343,C13343,Ultra,5G,Yes,Yes,No,No,Yes,Yes,628.51,25751.75,41
S13344,C13344,Basic,DSL,Yes,No,Yes,Yes,No,Yes,176.01,3387.1,20
S13345,C13345,Ultra,Fiber,Yes,Yes,Yes,Yes,No,Yes,643.6,21159.12,33
S13346,C13346,Plus,DSL,Yes,No,No,No,No,Yes,321.09,10489.11,33
S13347,C13347,Plus,DSL,Yes,Yes,Yes,No,No,No,340.39,11881.29,35
S13348,C13348,Basic,5G,Yes,Yes,No,Yes,No,No,227.65,4712.91,21
S13349,C13349,Plus,Fiber,Yes,Yes,Yes,No,No,No,379.84,17812.38,47
S13350,C13350,Ultra,DSL,Yes,No,Yes,Yes,No,Yes,566.0,24369.53,43
S13351,C13351,Ultra,Fiber,Yes,No,No,Yes,Yes,No,623.2,8024.81,13
S13352,C13352,Business,5G,Yes,Yes,Yes,No,Yes,Yes,854.97,48634.33,57
S13353,C13353,Basic,DSL,Yes,No,No,No,No,No,148.13,8300.12,55
S13354,C13354,Ultra,Fiber,Yes,No,Yes,No,Yes,No,639.65,31985.55,50
S13355,C13355,Ultra,Fiber,Yes,Yes,No,No,No,No,567.78,10236.67,18
S13356,C13356,Plus,No Internet,Yes,Yes,No,No,Yes,No,356.61,21101.97,59
S13357,C13357,Plus,Fiber,No,No phone,Yes,No,Yes,No,387.99,9572.22,25
S13358,C13358,Business,Fiber,Yes,No,Yes,Yes,Yes,Yes,837.06,16033.42,19
S13359,C13359,Basic,DSL,No,No phone,No,Yes,No,Yes,180.84,5831.95,33
S13360,C13360,Basic,Fiber,Yes,Yes,Yes,Yes,Yes,Yes,195.09,4264.73,22
S13361,C13361,Ultra,DSL,Yes,No,Yes,No,Yes,No,538.26,22071.52,41
S13362,C13362,Basic,Fiber,Yes,No,Yes,No,No,No,179.62,8802.55,49
S13363,C13363,Basic,DSL,Yes,Yes,No,Yes,Yes,Yes,218.31,4103.48,19
S13364,C13364,Business,No Internet,Yes,Yes,No,Yes,No,No,749.64,26191.79,35
S13365,C13365,Basic,5G,Yes,Yes,Yes,Yes,No,No,294.92,7400.56,25
S13366,C13366,Plus,No Internet,Yes,Yes,No,No,Yes,No,317.6,5777.14,18
S13367,C13367,Basic,DSL,Yes,No,Yes,Yes,Yes,Yes,167.84,2971.12,17
S13368,C13368,Business,Fiber,Yes,No,Yes,No,Yes,No,852.93,11819.65,14
S13369,C13369,Basic,Fiber,Yes,No,No,Yes,No,No,286.55,14023.91,49
S13370,C13370,Plus,DSL,No,No phone,Yes,Yes,Yes,Yes,335.26,10701.97,32
S13371,C13371,Plus,Fiber,Yes,Yes,Yes,No,No,Yes,404.8,21833.59,54
S13372,C13372,Basic,5G,Yes,No,No,Yes,No,No,266.68,12483.74,47
S13373,C13373,Plus,Fiber,No,No phone,No,No,No,Yes,387.81,17010.99,44
S13374,C13374,Basic,5G,Yes,No,No,No,Yes,No,264.25,11374.48,43
S13375,C13375,Ultra,Fiber,Yes,No,No,Yes,No,Yes,615.75,9231.56,15
S13376,C13376,Basic,No Internet,No,No phone,Yes,Yes,Yes,Yes,211.29,11853.56,56
S13377,C13377,Plus,Fiber,Yes,No,No,No,Yes,No,360.95,19453.87,54
S13378,C13378,Basic,DSL,No,No phone,Yes,No,Yes,Yes,183.32,2569.14,14
S13379,C13379,Basic,DSL,No,No phone,No,Yes,No,No,224.51,4447.21,20
S13380,C13380,Basic,5G,Yes,No,No,No,Yes,Yes,277.65,4268.43,15
S13381,C13381,Plus,Fiber,Yes,Yes,No,No,Yes,Yes,374.79,19726.03,53
S13382,C13382,Ultra,DSL,Yes,Yes,No,Yes,Yes,No,506.79,14618.48,29
S13383,C13383,Basic,Fiber,No,No phone,No,Yes,Yes,Yes,244.02,4757.0,19
S13384,C13384,Ultra,Fiber,Yes,Yes,Yes,Yes,Yes,No,614.76,22737.94,37
S13385,C13385,Ultra,No Internet,Yes,No,Yes,No,Yes,Yes,558.37,12754.93,23
S13386,C13386,Business,Fiber,Yes,No,Yes,Yes,Yes,Yes,821.46,46073.21,56
S13387,C13387,Plus,Fiber,No,No phone,Yes,Yes,No,No,409.77,13865.0,34
S13388,C13388,Plus,DSL,No,No phone,Yes,No,Yes,Yes,249.12,9384.81,37
S13389,C13389,Basic,Fiber,Yes,No,Yes,No,No,Yes,240.82,5930.53,25
S13390,C13390,Plus,DSL,Yes,No,Yes,No,No,No,337.92,14717.11,44
S13391,C13391,Basic,No Internet,Yes,No,No,Yes,Yes,No,244.27,3573.33,15
S13392,C13392,Basic,Fiber,Yes,No,No,Yes,No,No,315.08,9818.05,31
S13393,C13393,Basic,Fiber,No,No phone,Yes,Yes,Yes,No,252.67,5779.34,23
S13394,C13394,Basic,DSL,Yes,Yes,Yes,No,Yes,No,190.02,8014.13,43
S13395,C13395,Basic,5G,Yes,No,Yes,No,No,Yes,245.83,11531.51,47
S13396,C13396,Plus,DSL,Yes,Yes,Yes,Yes,No,Yes,369.94,15593.1,42
S13397,C13397,Plus,Fiber,No,No phone,Yes,No,Yes,Yes,399.93,19111.93,48
S13398,C13398,Plus,Fiber,Yes,Yes,Yes,No,No,Yes,402.83,15371.11,38
S13399,C13399,Plus,Fiber,Yes,No,No,Yes,No,No,366.63,6636.5,18
S13400,C13400,Business,DSL,Yes,No,No,No,No,Yes,792.14,29407.8,37
S13401,C13401,Basic,DSL,Yes,No,No,No,Yes,No,198.94,7058.63,36
S13402,C13402,Plus,No Internet,Yes,Yes,Yes,No,No,Yes,329.41,9271.99,28
S13403,C13403,Plus,Fiber,No,No phone,No,Yes,Yes,No,391.32,13129.63,33
S13404,C13404,Plus,Fiber,Yes,No,Yes,Yes,Yes,Yes,423.41,6313.47,15
S13405,C13405,Basic,No Internet,No,No phone,No,No,Yes,No,223.48,2934.39,13
S13406,C13406,Basic,Fiber,No,No phone,No,No,No,No,217.89,10855.52,50
S13407,C13407,Basic,Fiber,Yes,No,Yes,No,Yes,No,282.02,11295.15,40
S13408,C13408,Basic,Fiber,Yes,Yes,No,Yes,Yes,No,223.46,5495.25,25
S13409,C13409,Basic,DSL,Yes,Yes,No,Yes,No,No,178.07,6988.16,39
S13410,C13410,Basic,DSL,Yes,No,Yes,No,No,No,171.5,6511.0,38
S13411,C13411,Basic,DSL,Yes,No,No,Yes,Yes,Yes,192.38,9602.75,50
S13412,C13412,Ultra,Fiber,Yes,No,No,Yes,Yes,Yes,621.42,25493.74,41
S13413,C13413,Business,DSL,Yes,Yes,No,No,Yes,No,754.02,20314.47,27
S13414,C13414,Ultra,No Internet,Yes,Yes,Yes,Yes,Yes,No,530.34,27656.89,52
S13415,C13415,Basic,Fiber,Yes,No,No,No,Yes,Yes,255.58,12821.85,50
S13416,C13416,Business,Fiber,Yes,Yes,No,No,Yes,No,819.19,21192.95,26
S13417,C13417,Ultra,Fiber,Yes,No,No,No,No,Yes,561.86,19131.84,34
S13418,C13418,Basic,Fiber,Yes,Yes,No,No,No,Yes,252.03,13884.63,55
S13419,C13419,Ultra,DSL,Yes,Yes,No,No,No,No,533.47,5941.8,11
S13420,C13420,Plus,Fiber,Yes,Yes,No,No,Yes,No,351.33,9714.77,28
S13421,C13421,Business,Fiber,Yes,Yes,No,No,Yes,No,856.13,16363.66,19
S13422,C13422,Ultra,Fiber,Yes,No,Yes,Yes,Yes,No,607.68,12908.03,21
S13423,C13423,Business,5G,Yes,Yes,Yes,No,No,No,895.54,44856.9,50
S13424,C13424,Basic,Fiber,Yes,No,Yes,No,Yes,No,255.25,14296.78,56
S13425,C13425,Plus,Fiber,Yes,No,Yes,Yes,No,No,422.91,17372.0,41
S13426,C13426,Business,Fiber,Yes,Yes,Yes,Yes,Yes,No,797.18,28523.49,36
S13427,C13427,Basic,Fiber,Yes,Yes,Yes,Yes,Yes,Yes,246.01,11831.14,48
S13428,C13428,Business,Fiber,Yes,No,No,Yes,Yes,Yes,846.85,24615.95,29
S13429,C13429,Plus,5G,Yes,No,Yes,No,No,Yes,373.35,6720.29,18
S13430,C13430,Basic,Fiber,No,No phone,Yes,No,Yes,Yes,282.49,16994.47,60
S13431,C13431,Plus,Fiber,Yes,Yes,No,Yes,No,No,402.17,16854.95,42
S13432,C13432,Business,5G,Yes,Yes,No,No,No,Yes,806.4,17748.99,22
S13433,C13433,Plus,5G,Yes,No,No,No,Yes,Yes,412.41,8889.07,22
S13434,C13434,Plus,5G,Yes,No,Yes,Yes,No,No,369.22,12271.3,33
S13435,C13435,Basic,5G,Yes,Yes,Yes,Yes,No,Yes,263.03,10303.19,39
S13436,C13436,Plus,DSL,Yes,No,No,No,Yes,No,341.81,8608.83,25
S13437,C13437,Ultra,Fiber,Yes,No,No,No,Yes,No,568.82,22182.17,39
S13438,C13438,Ultra,No Internet,Yes,No,No,No,No,No,556.43,29957.31,54
S13439,C13439,Plus,DSL,Yes,Yes,No,No,No,No,272.1,14814.22,54
S13440,C13440,Plus,DSL,Yes,No,No,No,Yes,No,309.04,16993.0,55
S13441,C13441,Basic,5G,Yes,Yes,Yes,Yes,No,Yes,298.68,15145.83,50
S13442,C13442,Plus,Fiber,Yes,No,Yes,No,No,No,388.37,18208.48,47
S13443,C13443,Plus,DSL,Yes,No,Yes,Yes,No,No,302.45,13008.54,43
S13444,C13444,Plus,Fiber,Yes,No,No,No,Yes,No,364.67,17074.9,47
S13445,C13445,Business,Fiber,Yes,Yes,Yes,No,Yes,Yes,794.34,46700.63,59
S13446,C13446,Plus,DSL,Yes,No,Yes,No,Yes,Yes,301.49,16914.34,56
S13447,C13447,Basic,Fiber,Yes,Yes,Yes,Yes,No,No,254.51,9509.1,37
S13448,C13448,Basic,DSL,Yes,Yes,No,Yes,Yes,No,219.38,9554.25,43
S13449,C13449,Plus,5G,Yes,Yes,No,Yes,No,Yes,428.43,20116.86,47
S13450,C13450,Business,Fiber,No,No phone,Yes,Yes,No,No,790.71,41775.99,53
S13451,C13451,Basic,DSL,Yes,No,No,No,No,Yes,157.78,6112.08,39
S13452,C13452,Basic,DSL,Yes,No,Yes,Yes,No,Yes,218.0,7597.39,35
S13453,C13453,Ultra,Fiber,Yes,No,No,Yes,Yes,Yes,591.21,21813.24,37
S13454,C13454,Basic,Fiber,Yes,Yes,No,Yes,No,Yes,199.67,5795.99,29
S13455,C13455,Plus,DSL,Yes,Yes,No,No,Yes,No,364.16,5346.61,15
S13456,C13456,Business,5G,Yes,Yes,No,Yes,No,Yes,905.32,46096.15,51
S13457,C13457,Business,DSL,Yes,Yes,Yes,No,Yes,Yes,739.6,25038.53,34
S13458,C13458,Plus,Fiber,Yes,Yes,Yes,Yes,No,No,384.28,14997.61,39
S13459,C13459,Basic,No Internet,Yes,No,Yes,No,No,No,208.97,9078.3,43
S13460,C13460,Plus,DSL,Yes,Yes,Yes,Yes,No,Yes,336.71,4960.29,15
S13461,C13461,Ultra,Fiber,Yes,Yes,Yes,No,No,No,616.69,18973.83,31
S13462,C13462,Business,No Internet,Yes,No,Yes,No,Yes,No,772.2,9336.48,12
S13463,C13463,Plus,DSL,Yes,Yes,No,No,No,Yes,359.88,8644.74,24
S13464,C13464,Plus,Fiber,Yes,Yes,No,No,No,Yes,384.14,6581.99,17
S13465,C13465,Plus,5G,Yes,Yes,No,No,No,Yes,401.22,15247.78,38
S13466,C13466,Basic,DSL,No,No phone,Yes,Yes,Yes,No,221.29,12825.2,58
S13467,C13467,Plus,5G,Yes,No,No,Yes,Yes,Yes,412.1,16494.14,40
S13468,C13468,Basic,DSL,Yes,No,Yes,Yes,No,Yes,146.6,3959.41,26
S13469,C13469,Ultra,Fiber,Yes,Yes,Yes,No,Yes,No,591.66,19517.0,33
S13470,C13470,Plus,5G,Yes,No,Yes,Yes,Yes,Yes,426.29,17985.6,42
S13471,C13471,Business,5G,Yes,No,Yes,No,Yes,Yes,879.18,28978.23,33
S13472,C13472,Business,Fiber,Yes,No,Yes,Yes,Yes,Yes,789.9,38802.42,49
S13473,C13473,Plus,DSL,Yes,Yes,Yes,No,Yes,Yes,331.88,16900.68,51
S13474,C13474,Plus,Fiber,Yes,Yes,No,Yes,No,No,398.06,15100.95,38
S13475,C13475,Basic,Fiber,Yes,No,No,No,Yes,No,239.54,9834.69,41
S13476,C13476,Ultra,DSL,Yes,No,No,No,Yes,Yes,530.52,30238.36,57
S13477,C13477,Plus,DSL,Yes,Yes,Yes,Yes,Yes,No,369.71,12148.08,33
S13478,C13478,Plus,Fiber,Yes,Yes,Yes,Yes,No,No,380.78,22475.03,59
S13479,C13479,Basic,5G,Yes,Yes,No,Yes,No,No,253.44,7596.63,30
S13480,C13480,Basic,Fiber,Yes,Yes,No,No,Yes,No,262.52,14045.93,53
S13481,C13481,Ultra,5G,Yes,Yes,Yes,No,Yes,No,600.32,31940.11,53
S13482,C13482,Business,DSL,Yes,Yes,Yes,Yes,No,No,733.93,25725.2,35
S13483,C13483,Basic,5G,No,No phone,No,No,No,No,220.27,12630.27,57
S13484,C13484,Business,Fiber,Yes,No,No,Yes,Yes,Yes,855.95,28280.12,33
S13485,C13485,Business,DSL,Yes,No,No,No,No,Yes,790.87,32493.66,41
S13486,C13486,Basic,DSL,Yes,No,Yes,Yes,Yes,No,178.88,5174.27,29
S13487,C13487,Business,DSL,Yes,Yes,Yes,No,Yes,No,783.44,27296.54,35
S13488,C13488,Basic,Fiber,Yes,Yes,Yes,Yes,No,No,274.7,3892.61,14
S13489,C13489,Plus,Fiber,No,No phone,No,No,Yes,No,418.32,24750.64,59
S13490,C13490,Business,5G,Yes,No,No,Yes,No,No,825.27,16435.03,20
S13491,C13491,Basic,Fiber,Yes,Yes,Yes,Yes,Yes,Yes,215.0,9976.67,46
S13492,C13492,Business,DSL,No,No phone,Yes,No,No,No,748.02,41126.26,55
S13493,C13493,Plus,No Internet,Yes,No,Yes,Yes,Yes,Yes,362.1,5560.25,15
S13494,C13494,Ultra,No Internet,Yes,No,Yes,Yes,Yes,Yes,532.05,20196.62,38
S13495,C13495,Basic,No Internet,Yes,No,No,Yes,Yes,No,167.87,7420.5,44
S13496,C13496,Ultra,5G,Yes,No,No,Yes,Yes,Yes,591.38,13240.29,22
S13497,C13497,Ultra,Fiber,Yes,Yes,No,No,No,Yes,602.79,16790.29,28
S13498,C13498,Ultra,Fiber,No,No phone,No,Yes,No,No,575.89,7911.38,14
S13499,C13499,Basic,5G,Yes,Yes,No,Yes,No,Yes,309.87,9451.62,30
S13500,C13500,Plus,No Internet,Yes,Yes,No,No,No,Yes,347.58,7286.72,21
S13501,C13501,Business,DSL,Yes,No,No,No,No,Yes,777.27,30446.55,39
S13502,C13502,Basic,No Internet,Yes,No,No,Yes,Yes,Yes,153.34,3674.8,24
S13503,C13503,Ultra,5G,Yes,No,Yes,No,No,Yes,623.51,31206.53,50
S13504,C13504,Plus,5G,Yes,Yes,Yes,No,Yes,Yes,435.07,21888.37,50
S13505,C13505,Ultra,5G,Yes,Yes,Yes,Yes,Yes,Yes,595.9,34590.86,58
S13506,C13506,Basic,DSL,No,No phone,Yes,No,No,No,188.08,10963.59,58
S13507,C13507,Basic,Fiber,Yes,Yes,Yes,Yes,Yes,Yes,244.79,11750.47,48
S13508,C13508,Basic,DSL,Yes,Yes,No,Yes,No,No,122.96,2739.13,23
S13509,C13509,Plus,5G,Yes,No,No,Yes,Yes,Yes,457.44,26065.83,57
S13510,C13510,Ultra,5G,Yes,No,No,No,No,Yes,587.73,28263.58,48
S13511,C13511,Basic,Fiber,Yes,Yes,Yes,Yes,Yes,No,286.59,9792.55,34
S13512,C13512,Basic,Fiber,No,No phone,No,No,Yes,Yes,251.21,7440.87,29
S13513,C13513,Business,Fiber,Yes,No,No,Yes,No,Yes,771.56,22370.79,29
S13514,C13514,Plus,DSL,Yes,No,No,No,No,Yes,320.95,17788.46,56
S13515,C13515,Plus,DSL,Yes,No,No,No,Yes,Yes,320.31,13710.62,43
S13516,C13516,Plus,DSL,Yes,No,Yes,No,Yes,Yes,316.66,13298.99,42
S13517,C13517,Plus,Fiber,Yes,Yes,Yes,Yes,Yes,No,394.49,5776.76,15
S13518,C13518,Basic,Fiber,Yes,No,Yes,No,Yes,Yes,168.59,2842.87,17
S13519,C13519,Ultra,No Internet,Yes,No,No,Yes,Yes,No,513.52,24192.75,47
S13520,C13520,Ultra,No Internet,Yes,Yes,Yes,Yes,No,No,457.3,15536.09,34
S13521,C13521,Ultra,Fiber,Yes,Yes,No,Yes,Yes,No,597.04,5969.83,10
S13522,C13522,Ultra,DSL,Yes,Yes,Yes,Yes,Yes,Yes,568.12,13657.76,24
S13523,C13523,Basic,No Internet,Yes,No,No,Yes,Yes,No,236.63,3169.17,14
S13524,C13524,Ultra,DSL,Yes,No,No,No,Yes,Yes,462.51,20494.52,44
S13525,C13525,Plus,5G,Yes,Yes,Yes,No,Yes,Yes,426.49,15377.72,36
S13526,C13526,Basic,Fiber,Yes,Yes,Yes,Yes,No,Yes,241.95,5102.62,21
S13527,C13527,Basic,No Internet,No,No phone,Yes,No,Yes,No,164.79,9718.88,59
S13528,C13528,Ultra,5G,Yes,Yes,Yes,No,Yes,No,632.76,22028.38,35
S13529,C13529,Plus,5G,Yes,Yes,Yes,No,No,Yes,437.07,19206.52,44
S13530,C13530,Ultra,Fiber,Yes,No,Yes,No,Yes,Yes,552.7,28622.55,52
S13531,C13531,Basic,Fiber,Yes,No,Yes,No,Yes,No,254.44,3254.51,13
S13532,C13532,Plus,Fiber,Yes,No,Yes,Yes,Yes,No,404.49,11069.15,27
S13533,C13533,Basic,Fiber,Yes,No,No,No,Yes,Yes,199.69,7672.7,38
S13534,C13534,Basic,5G,Yes,No,Yes,No,Yes,No,295.76,10881.15,37
S13535,C13535,Plus,DSL,Yes,No,Yes,Yes,Yes,No,375.99,7836.44,21
S13536,C13536,Basic,Fiber,No,No phone,Yes,No,No,No,266.11,12842.35,48
S13537,C13537,Basic,Fiber,No,No phone,Yes,Yes,Yes,No,214.38,9804.08,46
S13538,C13538,Plus,5G,Yes,Yes,No,Yes,No,Yes,440.86,20313.79,46
S13539,C13539,Plus,5G,Yes,No,Yes,No,No,Yes,446.21,23618.17,53
S13540,C13540,Basic,DSL,Yes,Yes,No,No,Yes,Yes,263.18,4182.17,16
S13541,C13541,Ultra,DSL,Yes,Yes,Yes,No,Yes,No,521.37,25538.15,49
S13542,C13542,Plus,Fiber,Yes,Yes,Yes,No,No,No,395.16,10471.2,26
S13543,C13543,Ultra,DSL,Yes,Yes,No,No,Yes,No,554.67,10938.99,20
S13544,C13544,Ultra,DSL,Yes,No,No,No,No,No,568.55,17014.29,30
S13545,C13545,Basic,Fiber,Yes,Yes,Yes,Yes,Yes,Yes,239.03,4064.88,17
S13546,C13546,Plus,Fiber,Yes,No,No,Yes,Yes,No,430.27,12017.16,28
S13547,C13547,Ultra,DSL,No,No phone,No,Yes,Yes,Yes,490.83,5414.98,11
S13548,C13548,Basic,Fiber,Yes,No,Yes,Yes,Yes,No,246.36,10409.41,42
S13549,C13549,Basic,5G,No,No phone,No,Yes,No,No,271.08,8331.29,31
S13550,C13550,Plus,Fiber,Yes,Yes,No,Yes,Yes,Yes,339.26,12571.48,37
S13551,C13551,Plus,5G,Yes,No,No,Yes,Yes,Yes,434.71,12646.94,29
S13552,C13552,Business,DSL,Yes,No,Yes,Yes,Yes,Yes,747.24,42596.57,57
S13553,C13553,Plus,No Internet,No,No phone,No,Yes,No,No,325.41,15298.31,47
S13554,C13554,Business,5G,Yes,No,Yes,Yes,No,No,881.5,37851.81,43
S13555,C13555,Ultra,5G,Yes,Yes,No,Yes,Yes,No,612.91,32543.93,53
S13556,C13556,Plus,DSL,Yes,No,Yes,No,Yes,No,337.35,12988.17,39
S13557,C13557,Plus,No Internet,Yes,No,Yes,No,No,No,378.18,10928.65,29
S13558,C13558,Basic,Fiber,Yes,No,Yes,No,Yes,Yes,217.73,11166.09,52
S13559,C13559,Business,Fiber,Yes,Yes,Yes,No,Yes,No,796.5,19884.11,25
S13560,C13560,Plus,Fiber,Yes,No,Yes,Yes,Yes,Yes,361.66,13380.54,37
S13561,C13561,Plus,DSL,Yes,Yes,No,Yes,No,No,333.59,17401.21,52
S13562,C13562,Basic,Fiber,Yes,No,No,No,Yes,No,268.14,13426.45,50
S13563,C13563,Ultra,Fiber,Yes,Yes,Yes,No,Yes,Yes,607.34,16424.31,27
S13564,C13564,Basic,5G,Yes,No,Yes,No,Yes,No,289.59,11182.16,39
S13565,C13565,Plus,Fiber,Yes,Yes,No,No,Yes,No,393.9,20065.89,51
S13566,C13566,Basic,DSL,No,No phone,No,Yes,No,No,176.56,5229.95,30
S13567,C13567,Basic,Fiber,Yes,Yes,Yes,No,Yes,No,214.55,10323.85,48
S13568,C13568,Ultra,DSL,Yes,Yes,Yes,Yes,No,Yes,516.28,16526.81,32
S13569,C13569,Ultra,5G,Yes,Yes,No,No,No,Yes,664.78,22511.42,34
S13570,C13570,Plus,Fiber,Yes,No,Yes,No,No,Yes,369.39,4693.45,13
S13571,C13571,Plus,5G,Yes,No,No,No,No,No,443.57,11544.04,26
S13572,C13572,Plus,Fiber,Yes,No,Yes,No,No,No,402.69,22484.7,56
S13573,C13573,Plus,DSL,Yes,Yes,Yes,Yes,No,Yes,318.19,17130.7,54
S13574,C13574,Basic,DSL,Yes,No,No,No,No,No,201.6,3475.0,17
S13575,C13575,Ultra,Fiber,Yes,No,No,Yes,No,No,568.83,10820.32,19
S13576,C13576,Plus,5G,Yes,No,No,Yes,Yes,Yes,444.27,22465.61,51
S13577,C13577,Ultra,No Internet,Yes,Yes,Yes,No,Yes,No,507.26,25642.74,51
S13578,C13578,Basic,DSL,No,No phone,Yes,No,Yes,Yes,215.63,11430.81,53
S13579,C13579,Plus,Fiber,Yes,No,No,Yes,No,Yes,418.63,23059.29,55
S13580,C13580,Plus,No Internet,Yes,No,No,Yes,Yes,No,321.65,7507.19,24
S13581,C13581,Basic,DSL,Yes,No,No,No,No,No,182.52,5342.36,29
S13582,C13582,Plus,DSL,Yes,No,Yes,Yes,No,Yes,297.69,4242.65,14
S13583,C13583,Basic,No Internet,No,No phone,No,No,Yes,No,223.45,8793.72,39
S13584,C13584,Basic,Fiber,Yes,Yes,Yes,No,No,No,286.9,11487.66,40
S13585,C13585,Basic,5G,Yes,Yes,Yes,No,No,Yes,279.14,8364.48,30
S13586,C13586,Basic,5G,Yes,No,No,No,Yes,No,267.95,14280.29,53
S13587,C13587,Ultra,Fiber,Yes,Yes,Yes,Yes,No,Yes,602.33,30175.47,50
S13588,C13588,Plus,5G,Yes,No,No,No,No,Yes,464.72,26925.32,58
S13589,C13589,Plus,Fiber,Yes,Yes,No,No,No,Yes,410.85,14789.33,36
S13590,C13590,Plus,Fiber,Yes,Yes,No,No,No,No,397.79,9132.87,23
S13591,C13591,Ultra,Fiber,Yes,Yes,No,Yes,No,Yes,594.56,19556.18,33
S13592,C13592,Basic,DSL,Yes,Yes,No,Yes,No,Yes,232.66,12000.17,52
S13593,C13593,Basic,Fiber,No,No phone,Yes,No,No,Yes,256.79,13275.08,52
S13594,C13594,Basic,5G,Yes,No,Yes,Yes,Yes,No,258.84,8794.02,34
S13595,C13595,Plus,Fiber,Yes,No,No,Yes,Yes,Yes,359.58,12643.22,35
S13596,C13596,Plus,DSL,No,No phone,No,Yes,Yes,Yes,304.08,9470.56,31
S13597,C13597,Ultra,5G,Yes,No,No,Yes,No,No,581.17,28572.74,49
S13598,C13598,Basic,No Internet,Yes,Yes,Yes,Yes,No,No,122.09,5299.7,43
S13599,C13599,Basic,Fiber,Yes,Yes,No,Yes,Yes,No,254.56,11175.48,44
S13600,C13600,Basic,5G,Yes,No,Yes,Yes,Yes,Yes,271.18,10694.11,39
S13601,C13601,Plus,DSL,Yes,No,No,Yes,Yes,Yes,331.12,5018.17,15
S13602,C13602,Basic,5G,Yes,Yes,Yes,Yes,Yes,No,264.41,5369.57,20
S13603,C13603,Basic,Fiber,Yes,Yes,No,No,No,No,244.83,3008.94,12
S13604,C13604,Basic,Fiber,Yes,No,No,Yes,No,Yes,215.07,2720.6,12
S13605,C13605,Plus,5G,Yes,Yes,No,Yes,No,No,419.93,15977.8,38
S13606,C13606,Basic,Fiber,Yes,No,No,No,No,No,289.03,4202.64,15
S13607,C13607,Plus,DSL,No,No phone,Yes,No,No,No,338.58,8114.95,24
S13608,C13608,Basic,DSL,Yes,Yes,No,No,Yes,No,223.36,6366.88,29
S13609,C13609,Ultra,DSL,Yes,No,Yes,No,Yes,Yes,501.03,8426.68,17
S13610,C13610,Plus,DSL,Yes,No,Yes,Yes,Yes,Yes,368.12,12859.54,35
S13611,C13611,Plus,DSL,Yes,Yes,No,Yes,Yes,Yes,355.8,14207.97,40
S13612,C13612,Ultra,5G,Yes,Yes,No,Yes,No,Yes,619.57,19935.9,32
S13613,C13613,Basic,5G,Yes,No,Yes,No,No,Yes,318.27,13108.1,41
S13614,C13614,Business,No Internet,Yes,No,Yes,Yes,No,No,751.28,32236.78,43
S13615,C13615,Basic,Fiber,No,No phone,Yes,Yes,Yes,No,371.98,19424.45,52
S13616,C13616,Basic,Fiber,Yes,No,Yes,No,No,Yes,224.42,5511.65,24
S13617,C13617,Basic,Fiber,Yes,Yes,Yes,No,Yes,Yes,307.04,10586.01,34
S13618,C13618,Basic,DSL,Yes,Yes,Yes,Yes,Yes,Yes,172.25,2675.7,16
S13619,C13619,Ultra,DSL,Yes,Yes,No,Yes,Yes,No,528.09,28999.61,55
S13620,C13620,Plus,DSL,Yes,Yes,Yes,No,Yes,No,387.62,9689.98,25
S13621,C13621,Basic,Fiber,Yes,Yes,No,Yes,Yes,No,297.2,7988.34,27
S13622,C13622,Plus,No Internet,No,No phone,No,No,No,No,334.55,18683.23,56
S13623,C13623,Plus,Fiber,Yes,No,No,Yes,No,No,402.23,20518.77,51
S13624,C13624,Basic,No Internet,Yes,Yes,Yes,No,No,Yes,149.69,3176.4,21
S13625,C13625,Basic,Fiber,Yes,No,No,No,Yes,No,265.0,13326.59,50
S13626,C13626,Plus,DSL,Yes,No,No,No,Yes,No,312.97,10318.53,33
S13627,C13627,Ultra,Fiber,Yes,No,Yes,Yes,Yes,No,622.5,19862.37,32
S13628,C13628,Basic,Fiber,No,No phone,Yes,Yes,No,Yes,242.25,10019.61,41
S13629,C13629,Plus,5G,Yes,No,Yes,Yes,Yes,Yes,441.5,15610.56,35
S13630,C13630,Ultra,Fiber,Yes,No,No,No,Yes,Yes,627.8,8295.11,13
S13631,C13631,Plus,Fiber,Yes,No,No,No,Yes,Yes,399.58,6045.07,15
S13632,C13632,Business,5G,Yes,No,Yes,No,No,No,820.5,43438.13,53
S13633,C13633,Ultra,5G,Yes,Yes,Yes,No,Yes,No,609.69,10298.53,17
S13634,C13634,Basic,Fiber,Yes,Yes,No,No,Yes,Yes,274.0,6861.41,25
S13635,C13635,Ultra,5G,Yes,No,No,No,Yes,Yes,646.78,17999.41,28
S13636,C13636,Basic,Fiber,Yes,Yes,No,Yes,No,No,274.13,7933.51,29
S13637,C13637,Ultra,5G,Yes,Yes,No,Yes,No,No,626.26,37498.19,60
S13638,C13638,Plus,DSL,Yes,Yes,Yes,No,Yes,Yes,315.8,12586.76,40
S13639,C13639,Basic,Fiber,Yes,No,Yes,No,Yes,Yes,272.79,5055.79,19
S13640,C13640,Plus,Fiber,Yes,Yes,No,No,Yes,Yes,365.33,10542.7,29
S13641,C13641,Basic,Fiber,Yes,No,No,Yes,Yes,Yes,226.24,5540.33,24
S13642,C13642,Ultra,DSL,Yes,Yes,Yes,No,Yes,Yes,549.55,26888.36,49
S13643,C13643,Business,DSL,Yes,No,No,Yes,Yes,Yes,772.05,22377.42,29
S13644,C13644,Plus,DSL,Yes,Yes,Yes,Yes,Yes,No,290.61,4937.05,17
S13645,C13645,Plus,DSL,Yes,Yes,No,No,Yes,Yes,357.21,16484.87,46
S13646,C13646,Basic,Fiber,Yes,Yes,Yes,No,No,Yes,228.52,4602.48,20
S13647,C13647,Business,Fiber,Yes,No,Yes,No,Yes,Yes,799.49,15156.02,19
S13648,C13648,Plus,DSL,Yes,Yes,No,Yes,No,Yes,330.69,6739.04,20
S13649,C13649,Plus,DSL,Yes,No,Yes,No,Yes,No,330.15,13959.1,42
S13650,C13650,Ultra,DSL,Yes,Yes,Yes,Yes,Yes,Yes,496.69,16042.78,32
S13651,C13651,Plus,DSL,Yes,No,Yes,No,No,Yes,340.47,11507.54,34
S13652,C13652,Basic,DSL,Yes,No,No,Yes,Yes,No,192.93,3716.01,19
S13653,C13653,Basic,DSL,Yes,Yes,Yes,No,Yes,Yes,200.85,11521.4,57
S13654,C13654,Plus,5G,Yes,No,Yes,Yes,No,No,374.58,16153.45,43
S13655,C13655,Basic,No Internet,No,No phone,No,Yes,No,Yes,183.8,3640.22,20
S13656,C13656,Ultra,DSL,Yes,No,Yes,No,Yes,No,530.18,13343.08,25
S13657,C13657,Plus,Fiber,Yes,No,Yes,No,No,Yes,425.0,9939.83,23
S13658,C13658,Business,Fiber,Yes,No,No,No,No,Yes,837.3,32874.6,39
S13659,C13659,Ultra,Fiber,Yes,No,Yes,No,Yes,Yes,601.54,23523.14,39
S13660,C13660,Ultra,DSL,Yes,No,Yes,No,Yes,Yes,497.32,10036.98,20
S13661,C13661,Business,No Internet,No,No phone,Yes,No,Yes,Yes,739.58,7492.39,10
S13662,C13662,Ultra,Fiber,Yes,Yes,No,No,No,No,562.66,25952.7,46
S13663,C13663,Plus,Fiber,Yes,No,No,Yes,No,Yes,369.44,7410.76,20
S13664,C13664,Plus,No Internet,Yes,No,Yes,Yes,Yes,Yes,308.91,17349.92,56
S13665,C13665,Ultra,Fiber,Yes,Yes,Yes,Yes,Yes,Yes,591.01,17115.98,29
S13666,C13666,Plus,5G,Yes,Yes,Yes,No,Yes,No,459.76,24804.42,54
S13667,C13667,Basic,No Internet,Yes,Yes,Yes,Yes,Yes,Yes,214.13,4567.07,21
S13668,C13668,Ultra,Fiber,Yes,Yes,No,Yes,No,No,557.19,32280.02,58
S13669,C13669,Ultra,Fiber,Yes,Yes,No,No,Yes,No,625.46,8092.26,13
S13670,C13670,Ultra,DSL,Yes,No,No,Yes,No,Yes,511.8,23551.64,46
S13671,C13671,Plus,Fiber,Yes,No,No,No,No,Yes,399.11,21851.75,55
S13672,C13672,Business,DSL,Yes,No,Yes,Yes,No,No,781.41,28142.11,36
S13673,C13673,Ultra,Fiber,Yes,No,Yes,Yes,No,Yes,579.53,19180.77,33
S13674,C13674,Basic,Fiber,Yes,No,No,No,Yes,Yes,240.45,11499.18,47
S13675,C13675,Plus,No Internet,Yes,No,Yes,No,No,Yes,313.91,8096.4,26
S13676,C13676,Plus,No Internet,Yes,No,No,No,Yes,Yes,328.39,13096.5,40
S13677,C13677,Basic,Fiber,Yes,No,Yes,No,Yes,Yes,296.66,8357.13,28
S13678,C13678,Plus,5G,Yes,Yes,No,Yes,No,Yes,393.19,9930.2,25
S13679,C13679,Ultra,DSL,Yes,Yes,No,Yes,No,No,548.05,11547.02,21
S13680,C13680,Basic,No Internet,Yes,No,Yes,No,Yes,Yes,182.43,10390.97,57
S13681,C13681,Business,Fiber,Yes,No,No,No,No,Yes,855.81,30738.3,36
S13682,C13682,Business,Fiber,Yes,Yes,Yes,No,No,Yes,811.12,15464.29,19
S13683,C13683,Ultra,Fiber,No,No phone,No,Yes,Yes,Yes,567.09,31810.96,56
S13684,C13684,Basic,Fiber,Yes,No,Yes,Yes,Yes,No,292.12,3200.85,11
S13685,C13685,Plus,5G,Yes,Yes,Yes,Yes,No,No,417.99,23437.77,56
S13686,C13686,Plus,5G,Yes,No,Yes,Yes,Yes,No,410.5,20584.21,50
S13687,C13687,Plus,5G,Yes,No,No,Yes,Yes,No,386.57,15052.31,39
S13688,C13688,Ultra,5G,Yes,Yes,Yes,No,Yes,No,652.13,20706.57,32
S13689,C13689,Basic,Fiber,Yes,No,No,No,No,No,266.25,4067.67,15
S13690,C13690,Basic,No Internet,Yes,Yes,No,Yes,Yes,No,155.79,7680.47,49
S13691,C13691,Basic,Fiber,Yes,Yes,No,Yes,No,No,205.29,6874.39,34
S13692,C13692,Plus,Fiber,Yes,No,No,Yes,Yes,No,383.49,21921.53,57
S13693,C13693,Basic,No Internet,Yes,No,No,Yes,No,Yes,169.48,9146.28,54
S13694,C13694,Plus,Fiber,Yes,Yes,No,No,No,Yes,374.74,13788.0,37
S13695,C13695,Ultra,DSL,Yes,No,Yes,No,No,Yes,546.88,23997.39,44
S13696,C13696,Plus,DSL,Yes,No,Yes,Yes,No,No,322.84,4539.05,14
S13697,C13697,Plus,5G,Yes,No,Yes,No,No,No,384.82,18098.07,47
S13698,C13698,Plus,Fiber,Yes,Yes,Yes,No,Yes,Yes,363.22,8124.45,22
S13699,C13699,Basic,Fiber,No,No phone,Yes,No,Yes,Yes,217.29,8911.36,41
S13700,C13700,Plus,Fiber,No,No phone,No,No,Yes,Yes,348.94,15395.62,44
S13701,C13701,Ultra,Fiber,Yes,Yes,Yes,No,No,Yes,597.67,24605.85,41
S13702,C13702,Plus,DSL,Yes,No,No,No,No,No,347.97,5397.25,15
S13703,C13703,Ultra,5G,Yes,No,No,Yes,No,Yes,649.62,20090.98,31
S13704,C13704,Plus,Fiber,Yes,Yes,Yes,Yes,No,No,395.58,10744.41,27
S13705,C13705,Basic,Fiber,Yes,Yes,Yes,No,No,Yes,257.26,5010.63,19
S13706,C13706,Plus,Fiber,Yes,No,Yes,Yes,Yes,No,421.17,10066.8,24
S13707,C13707,Business,Fiber,Yes,No,Yes,No,Yes,No,789.69,23766.63,30
S13708,C13708,Plus,DSL,Yes,No,No,Yes,No,Yes,356.92,10621.11,30
S13709,C13709,Business,DSL,Yes,Yes,No,Yes,Yes,No,770.43,20908.3,27
S13710,C13710,Basic,Fiber,Yes,Yes,Yes,Yes,No,Yes,275.88,8393.27,30
S13711,C13711,Basic,DSL,Yes,Yes,No,Yes,No,Yes,151.03,2634.34,18
S13712,C13712,Business,5G,Yes,No,No,No,No,No,832.91,9167.52,11
S13713,C13713,Basic,No Internet,No,No phone,No,Yes,Yes,No,195.5,9227.92,47
S13714,C13714,Basic,DSL,Yes,Yes,Yes,Yes,Yes,No,151.95,3794.49,25
S13715,C13715,Business,Fiber,Yes,Yes,Yes,Yes,No,No,803.23,17778.48,22
S13716,C13716,Business,5G,Yes,Yes,No,Yes,Yes,Yes,904.27,27242.63,30
S13717,C13717,Business,5G,Yes,Yes,No,No,No,No,832.22,9982.44,12
S13718,C13718,Plus,Fiber,Yes,Yes,No,No,Yes,No,387.75,12868.4,33
S13719,C13719,Ultra,DSL,Yes,Yes,Yes,No,Yes,Yes,520.65,23375.17,45
S13720,C13720,Plus,Fiber,Yes,Yes,No,Yes,Yes,No,383.8,7621.12,20
S13721,C13721,Plus,DSL,Yes,Yes,No,Yes,Yes,No,338.24,5963.13,18
S13722,C13722,Plus,5G,Yes,Yes,No,No,Yes,Yes,418.03,12736.23,31
S13723,C13723,Basic,Fiber,Yes,No,No,No,Yes,No,221.46,13201.25,59
S13724,C13724,Plus,Fiber,Yes,No,Yes,No,No,No,352.56,4976.47,14
S13725,C13725,Plus,DSL,Yes,No,Yes,No,Yes,No,300.51,9957.59,33
S13726,C13726,Plus,DSL,Yes,No,No,No,Yes,Yes,283.57,5809.48,20
S13727,C13727,Basic,DSL,Yes,Yes,Yes,No,No,Yes,173.39,2253.79,13
S13728,C13728,Basic,DSL,Yes,Yes,Yes,Yes,Yes,No,224.33,4650.45,21
S13729,C13729,Plus,DSL,Yes,Yes,No,Yes,No,No,327.33,8495.46,26
S13730,C13730,Business,Fiber,Yes,Yes,No,Yes,No,Yes,809.83,13825.96,17
S13731,C13731,Plus,DSL,Yes,No,No,No,No,No,302.3,14704.07,49
S13732,C13732,Basic,No Internet,Yes,No,Yes,Yes,Yes,No,245.72,11480.71,47
S13733,C13733,Ultra,5G,Yes,No,Yes,Yes,Yes,No,616.59,30785.18,50
S13734,C13734,Business,DSL,Yes,Yes,Yes,Yes,No,Yes,805.02,25797.12,32
S13735,C13735,Basic,Fiber,Yes,Yes,Yes,No,Yes,No,308.83,14212.47,46
S13736,C13736,Basic,DSL,Yes,No,Yes,No,No,No,215.3,5560.27,26
S13737,C13737,Basic,DSL,Yes,Yes,Yes,Yes,No,Yes,178.23,6352.45,35
S13738,C13738,Plus,Fiber,Yes,No,No,No,Yes,Yes,412.28,21178.42,51
S13739,C13739,Plus,Fiber,Yes,No,No,No,No,Yes,431.89,21049.9,49
S13740,C13740,Plus,Fiber,Yes,No,Yes,Yes,Yes,No,359.91,13356.96,37
S13741,C13741,Plus,5G,Yes,Yes,Yes,No,Yes,No,425.82,14915.4,35
S13742,C13742,Plus,Fiber,Yes,Yes,No,Yes,No,No,396.71,15162.51,38
S13743,C13743,Business,5G,Yes,Yes,No,No,No,No,859.47,36915.52,43
S13744,C13744,Plus,Fiber,Yes,No,Yes,No,Yes,No,371.39,13687.13,37
S13745,C13745,Basic,DSL,Yes,No,No,Yes,No,Yes,196.9,5219.64,27
S13746,C13746,Ultra,DSL,Yes,Yes,Yes,Yes,Yes,No,521.22,25109.91,48
S13747,C13747,Ultra,5G,Yes,Yes,No,Yes,No,Yes,632.77,38126.91,60
S13748,C13748,Basic,Fiber,No,No phone,No,Yes,No,Yes,236.54,6417.73,28
S13749,C13749,Ultra,DSL,Yes,No,No,No,Yes,Yes,561.3,10789.82,19
S13750,C13750,Basic,Fiber,Yes,Yes,No,Yes,Yes,Yes,251.56,4108.71,16
S13751,C13751,Basic,Fiber,No,No phone,Yes,Yes,No,Yes,182.92,5141.54,28
S13752,C13752,Ultra,DSL,Yes,No,No,No,No,No,516.31,26311.48,51
S13753,C13753,Plus,Fiber,Yes,Yes,Yes,Yes,Yes,Yes,335.75,18884.16,56
S13754,C13754,Plus,DSL,No,No phone,Yes,No,Yes,No,379.94,20205.41,53
S13755,C13755,Basic,Fiber,Yes,No,No,Yes,Yes,No,257.92,11135.85,43
S13756,C13756,Ultra,No Internet,No,No phone,Yes,No,Yes,Yes,528.07,11705.99,22
S13757,C13757,Business,Fiber,Yes,Yes,Yes,No,Yes,Yes,785.07,12555.94,16
S13758,C13758,Ultra,No Internet,Yes,Yes,Yes,No,Yes,No,489.96,5772.58,12
S13759,C13759,Basic,DSL,No,No phone,No,Yes,No,Yes,169.84,5081.93,30
S13760,C13760,Plus,Fiber,Yes,No,Yes,Yes,Yes,No,438.02,25068.08,57
S13761,C13761,Basic,DSL,No,No phone,No,Yes,Yes,Yes,186.68,2308.16,12
S13762,C13762,Basic,No Internet,Yes,No,No,No,No,Yes,198.96,3291.31,17
S13763,C13763,Business,No Internet,Yes,No,Yes,No,No,No,737.08,13289.6,18
S13764,C13764,Basic,Fiber,Yes,No,No,Yes,Yes,No,222.83,11505.08,52
S13765,C13765,Basic,Fiber,Yes,No,Yes,Yes,Yes,Yes,285.79,9886.9,35
S13766,C13766,Basic,Fiber,Yes,Yes,Yes,No,Yes,No,235.7,12197.65,52
S13767,C13767,Basic,DSL,Yes,Yes,Yes,No,Yes,No,217.66,2815.89,13
S13768,C13768,Ultra,DSL,Yes,No,No,No,No,No,517.48,26883.43,52
S13769,C13769,Plus,Fiber,Yes,No,No,Yes,No,Yes,377.49,15046.04,40
S13770,C13770,Basic,Fiber,Yes,No,Yes,No,Yes,Yes,308.21,7287.97,24
S13771,C13771,Plus,5G,Yes,No,No,Yes,No,No,385.7,21825.14,57
S13772,C13772,Business,5G,Yes,Yes,No,No,Yes,Yes,864.36,19116.84,22
S13773,C13773,Ultra,Fiber,Yes,Yes,No,Yes,Yes,No,576.25,27007.78,47
S13774,C13774,Plus,5G,No,No phone,No,Yes,No,No,453.22,21654.85,48
S13775,C13775,Plus,Fiber,Yes,No,Yes,Yes,No,Yes,403.6,22977.55,57
S13776,C13776,Basic,Fiber,Yes,No,Yes,Yes,Yes,No,280.79,6723.72,24
S13777,C13777,Ultra,No Internet,No,No phone,Yes,No,No,No,557.47,16241.26,29
S13778,C13778,Basic,No Internet,Yes,Yes,No,No,Yes,No,139.27,4762.7,34
S13779,C13779,Basic,DSL,Yes,Yes,Yes,No,No,Yes,131.14,2511.81,19
S13780,C13780,Ultra,DSL,Yes,Yes,No,No,No,No,534.48,10617.01,20
S13781,C13781,Basic,Fiber,Yes,Yes,No,Yes,Yes,Yes,294.8,4975.89,17
S13782,C13782,Ultra,5G,Yes,No,No,No,Yes,Yes,609.84,31772.38,52
S13783,C13783,Basic,DSL,Yes,No,Yes,Yes,Yes,Yes,188.8,5853.37,31
S13784,C13784,Ultra,5G,Yes,No,No,No,Yes,Yes,545.81,26085.29,48
S13785,C13785,Ultra,Fiber,Yes,No,Yes,Yes,No,No,528.91,23758.5,45
S13786,C13786,Plus,Fiber,Yes,No,No,Yes,No,Yes,379.3,11323.68,30
S13787,C13787,Basic,Fiber,Yes,No,Yes,No,Yes,Yes,265.23,10002.06,38
S13788,C13788,Basic,Fiber,Yes,Yes,Yes,No,No,Yes,221.72,10892.29,50
S13789,C13789,Business,DSL,Yes,No,Yes,No,Yes,No,793.37,10395.14,13
S13790,C13790,Ultra,Fiber,Yes,No,Yes,No,No,No,548.71,30729.49,56
S13791,C13791,Basic,DSL,Yes,No,Yes,Yes,No,Yes,203.87,4100.54,20
S13792,C13792,Plus,Fiber,No,No phone,No,No,No,No,381.52,22873.6,60
S13793,C13793,Basic,5G,Yes,Yes,No,Yes,No,No,285.08,16148.17,57
S13794,C13794,Business,Fiber,Yes,Yes,No,No,Yes,Yes,806.55,15353.02,19
S13795,C13795,Basic,No Internet,Yes,Yes,Yes,No,Yes,Yes,186.78,8906.55,48
S13796,C13796,Plus,DSL,Yes,No,No,Yes,Yes,No,347.67,7312.95,21
S13797,C13797,Business,5G,Yes,No,No,No,Yes,No,843.18,40410.28,48
S13798,C13798,Basic,Fiber,No,No phone,Yes,Yes,No,Yes,297.98,14303.93,48
S13799,C13799,Plus,Fiber,Yes,No,Yes,No,Yes,No,371.96,19218.43,52
S13800,C13800,Ultra,5G,Yes,Yes,No,No,No,Yes,652.71,27470.68,42
S13801,C13801,Basic,DSL,Yes,Yes,Yes,Yes,Yes,Yes,214.93,7164.19,33
S13802,C13802,Basic,Fiber,Yes,Yes,No,Yes,No,No,284.71,4845.18,17
S13803,C13803,Basic,Fiber,Yes,Yes,No,No,No,No,263.89,8201.12,31
S13804,C13804,Plus,Fiber,Yes,No,Yes,No,Yes,Yes,413.85,16960.24,41
S13805,C13805,Basic,Fiber,No,No phone,Yes,No,Yes,No,196.02,9050.47,46
S13806,C13806,Basic,5G,No,No phone,No,Yes,Yes,No,242.32,10888.26,45
S13807,C13807,Basic,Fiber,No,No phone,No,No,Yes,No,235.96,6609.66,28
S13808,C13808,Basic,No Internet,Yes,Yes,Yes,Yes,Yes,No,142.31,7188.18,50
S13809,C13809,Basic,Fiber,Yes,Yes,No,No,Yes,Yes,285.72,3965.54,14
S13810,C13810,Ultra,Fiber,Yes,Yes,Yes,No,No,Yes,569.56,29513.78,52
S13811,C13811,Ultra,Fiber,Yes,Yes,No,No,Yes,No,636.92,20973.16,33
S13812,C13812,Basic,Fiber,Yes,Yes,Yes,No,Yes,No,221.91,11109.93,50
S13813,C13813,Basic,5G,Yes,Yes,Yes,Yes,No,Yes,233.8,8400.49,36
S13814,C13814,Plus,Fiber,Yes,Yes,Yes,Yes,Yes,Yes,326.66,5333.4,16
S13815,C13815,Plus,Fiber,Yes,No,No,No,No,Yes,397.92,6731.62,17
S13816,C13816,Ultra,Fiber,Yes,Yes,Yes,Yes,Yes,Yes,613.35,30660.89,50
S13817,C13817,Ultra,DSL,Yes,No,No,Yes,Yes,Yes,567.19,22748.57,40
S13818,C13818,Plus,DSL,Yes,Yes,No,Yes,Yes,No,323.85,16461.05,51
S13819,C13819,Plus,Fiber,No,No phone,Yes,Yes,Yes,Yes,390.39,16868.04,43
S13820,C13820,Business,Fiber,Yes,Yes,Yes,Yes,Yes,No,830.21,22544.43,27
S13821,C13821,Business,Fiber,Yes,No,No,Yes,Yes,No,833.28,27537.69,33
S13822,C13822,Plus,5G,No,No phone,No,No,Yes,No,389.76,12018.13,31
S13823,C13823,Plus,Fiber,Yes,Yes,Yes,No,No,Yes,341.69,19454.75,57
S13824,C13824,Ultra,DSL,Yes,Yes,No,No,No,Yes,584.62,21663.16,37
S13825,C13825,Plus,Fiber,Yes,No,Yes,Yes,Yes,Yes,429.11,20949.22,49
S13826,C13826,Ultra,Fiber,Yes,No,Yes,No,Yes,Yes,660.64,9903.27,15
S13827,C13827,Basic,5G,No,No phone,No,No,Yes,Yes,294.09,6939.91,24
S13828,C13828,Basic,DSL,Yes,Yes,No,No,Yes,No,183.67,5352.83,29
S13829,C13829,Basic,Fiber,Yes,Yes,No,No,No,Yes,212.08,6324.32,30
S13830,C13830,Basic,Fiber,Yes,Yes,Yes,No,No,Yes,289.62,16364.1,56
S13831,C13831,Ultra,5G,Yes,Yes,Yes,Yes,No,Yes,631.5,15075.65,24
S13832,C13832,Plus,Fiber,Yes,Yes,No,No,No,Yes,405.25,13727.9,34
S13833,C13833,Basic,No Internet,Yes,No,No,Yes,No,No,218.01,4621.11,21
S13834,C13834,Basic,Fiber,Yes,No,Yes,Yes,No,Yes,217.39,7900.67,36
S13835,C13835,Business,No Internet,Yes,Yes,Yes,Yes,No,No,746.48,29155.29,39
S13836,C13836,Plus,DSL,Yes,No,No,No,Yes,Yes,352.2,7397.86,21
S13837,C13837,Ultra,DSL,Yes,No,No,No,No,No,543.41,10234.71,19
S13838,C13838,Plus,5G,Yes,Yes,Yes,Yes,No,Yes,428.03,20551.83,48
S13839,C13839,Basic,Fiber,Yes,Yes,No,Yes,No,No,256.9,11800.16,46
S13840,C13840,Plus,Fiber,Yes,Yes,Yes,No,No,No,376.39,9555.62,25
S13841,C13841,Plus,Fiber,No,No phone,No,Yes,Yes,Yes,438.52,13183.76,30
S13842,C13842,Plus,No Internet,Yes,No,No,No,Yes,No,297.51,11189.95,38
S13843,C13843,Basic,DSL,Yes,No,Yes,Yes,Yes,No,178.01,7864.03,44
S13844,C13844,Basic,DSL,Yes,Yes,No,No,Yes,No,184.67,6750.68,36
S13845,C13845,Basic,Fiber,Yes,Yes,Yes,No,Yes,No,311.98,18000.78,58
S13846,C13846,Business,Fiber,No,No phone,Yes,No,Yes,Yes,816.52,44983.52,55
S13847,C13847,Plus,5G,Yes,Yes,No,Yes,No,No,373.92,14574.29,39
S13848,C13848,Basic,No Internet,Yes,No,Yes,No,Yes,No,205.65,11819.58,58
S13849,C13849,Business,DSL,Yes,No,No,No,No,No,791.82,35582.21,45
S13850,C13850,Ultra,DSL,Yes,No,No,Yes,No,Yes,576.93,17388.79,30
S13851,C13851,Business,Fiber,No,No phone,Yes,No,Yes,Yes,806.25,33740.49,42
S13852,C13852,Ultra,Fiber,No,No phone,Yes,Yes,No,Yes,588.38,16503.81,28
S13853,C13853,Basic,Fiber,Yes,No,No,Yes,Yes,Yes,216.66,3318.68,15
S13854,C13854,Basic,DSL,Yes,Yes,Yes,No,Yes,Yes,221.39,6382.31,29
S13855,C13855,Basic,Fiber,No,No phone,Yes,No,Yes,No,244.75,12856.1,53
S13856,C13856,Business,No Internet,Yes,Yes,Yes,Yes,Yes,Yes,750.68,30840.78,41
S13857,C13857,Basic,DSL,Yes,No,Yes,Yes,Yes,No,222.2,12250.31,55
S13858,C13858,Basic,Fiber,Yes,No,Yes,No,No,No,275.0,5724.79,21
S13859,C13859,Basic,Fiber,No,No phone,Yes,No,No,No,245.0,6011.19,25
S13860,C13860,Plus,Fiber,No,No phone,Yes,Yes,No,No,436.39,23738.18,54
S13861,C13861,Plus,Fiber,Yes,No,No,Yes,Yes,Yes,393.76,5475.88,14
S13862,C13862,Ultra,5G,Yes,No,Yes,No,Yes,No,579.61,29356.66,51
S13863,C13863,Basic,5G,Yes,Yes,No,No,No,Yes,233.61,12966.78,55
S13864,C13864,Plus,DSL,Yes,No,No,Yes,No,No,284.93,12355.33,43
S13865,C13865,Basic,DSL,Yes,No,Yes,Yes,Yes,No,140.76,7288.3,52
S13866,C13866,Plus,5G,Yes,Yes,No,Yes,No,No,448.7,6183.5,14
S13867,C13867,Business,5G,Yes,No,Yes,No,No,No,842.85,40494.67,48
S13868,C13868,Basic,5G,Yes,No,No,Yes,No,Yes,256.62,14866.9,58
S13869,C13869,Ultra,DSL,Yes,Yes,No,Yes,Yes,No,529.58,23218.24,44
S13870,C13870,Plus,Fiber,Yes,No,No,Yes,No,Yes,396.41,9400.62,24
S13871,C13871,Ultra,DSL,Yes,No,Yes,Yes,No,No,531.19,24935.7,47
S13872,C13872,Ultra,DSL,Yes,No,No,Yes,No,No,583.25,24945.37,43
S13873,C13873,Ultra,DSL,No,No phone,Yes,Yes,Yes,Yes,572.18,9737.36,17
S13874,C13874,Business,5G,Yes,No,No,Yes,Yes,No,824.54,25577.29,31
S13875,C13875,Ultra,5G,Yes,No,Yes,Yes,No,Yes,621.52,34249.73,55
S13876,C13876,Plus,5G,No,No phone,Yes,Yes,Yes,Yes,393.91,4294.39,11
S13877,C13877,Ultra,DSL,Yes,Yes,Yes,Yes,Yes,Yes,541.72,31442.94,58
S13878,C13878,Plus,DSL,Yes,Yes,Yes,Yes,Yes,No,347.73,11774.0,34
S13879,C13879,Plus,Fiber,Yes,Yes,No,Yes,No,No,359.23,6265.57,17
S13880,C13880,Basic,DSL,Yes,No,Yes,No,Yes,No,157.94,2886.89,18
S13881,C13881,Business,5G,Yes,Yes,No,Yes,No,Yes,848.17,28007.8,33
S13882,C13882,Basic,Fiber,No,No phone,Yes,Yes,No,Yes,280.33,13246.99,47
S13883,C13883,Business,5G,Yes,Yes,No,No,No,No,846.79,44066.4,52
S13884,C13884,Basic,Fiber,Yes,No,Yes,No,No,No,268.2,4920.42,18
S13885,C13885,Basic,Fiber,Yes,No,Yes,Yes,Yes,Yes,202.05,8426.42,41
S13886,C13886,Basic,5G,Yes,Yes,Yes,Yes,No,Yes,254.79,4363.95,17
S13887,C13887,Plus,5G,Yes,No,Yes,No,Yes,Yes,456.38,19963.02,44
S13888,C13888,Basic,DSL,No,No phone,Yes,No,Yes,Yes,206.11,9976.39,48
S13889,C13889,Plus,5G,Yes,No,No,No,Yes,No,445.87,6685.8,15
S13890,C13890,Basic,Fiber,No,No phone,Yes,Yes,No,Yes,262.14,9159.78,35
S13891,C13891,Ultra,Fiber,Yes,Yes,No,No,Yes,Yes,580.79,18024.07,31
S13892,C13892,Plus,Fiber,Yes,Yes,No,No,No,Yes,396.1,23344.03,59
S13893,C13893,Plus,Fiber,Yes,Yes,Yes,No,Yes,Yes,387.67,5015.16,13
S13894,C13894,Plus,5G,Yes,No,Yes,No,Yes,No,419.83,16778.76,40
S13895,C13895,Ultra,Fiber,Yes,Yes,No,Yes,Yes,No,565.05,15464.14,27
S13896,C13896,Business,DSL,No,No phone,Yes,No,No,No,757.03,21995.23,29
S13897,C13897,Ultra,Fiber,Yes,Yes,Yes,No,Yes,Yes,613.02,35519.74,58
S13898,C13898,Ultra,5G,Yes,Yes,No,No,Yes,Yes,611.53,31774.59,52
S13899,C13899,Plus,5G,Yes,No,No,Yes,No,No,436.38,6107.54,14
S13900,C13900,Plus,5G,No,No phone,No,Yes,No,No,456.7,9667.61,21
S13901,C13901,Business,DSL,Yes,No,Yes,No,Yes,No,706.09,24079.47,34
S13902,C13902,Plus,Fiber,Yes,Yes,No,No,Yes,Yes,357.86,10755.93,30
S13903,C13903,Ultra,5G,Yes,No,Yes,Yes,Yes,Yes,609.27,28061.82,46
S13904,C13904,Basic,5G,Yes,No,No,No,Yes,No,243.22,3880.14,16
S13905,C13905,Basic,5G,No,No phone,Yes,No,Yes,Yes,250.1,10183.77,41
S13906,C13906,Business,No Internet,Yes,Yes,Yes,No,No,No,790.04,19802.5,25
S13907,C13907,Basic,Fiber,Yes,No,No,No,Yes,Yes,276.3,4906.52,18
S13908,C13908,Plus,No Internet,No,No phone,No,No,Yes,Yes,330.82,9683.62,29
S13909,C13909,Plus,Fiber,Yes,No,No,No,Yes,No,379.96,6805.94,18
S13910,C13910,Basic,5G,No,No phone,No,Yes,No,Yes,272.72,8368.85,31
S13911,C13911,Business,Fiber,Yes,Yes,Yes,Yes,Yes,No,824.61,48543.9,59
S13912,C13912,Ultra,Fiber,Yes,Yes,No,No,No,Yes,590.26,7674.14,13
S13913,C13913,Basic,Fiber,Yes,Yes,Yes,No,Yes,No,237.21,8428.5,35
S13914,C13914,Basic,DSL,Yes,No,No,Yes,No,Yes,206.29,4293.06,21
S13915,C13915,Basic,5G,Yes,Yes,No,No,No,No,301.44,8330.7,28
S13916,C13916,Business,5G,Yes,No,No,Yes,No,Yes,889.77,34841.95,39
S13917,C13917,Ultra,DSL,Yes,No,Yes,Yes,Yes,No,521.04,8513.55,16
S13918,C13918,Ultra,DSL,Yes,No,No,No,Yes,Yes,524.57,26703.55,51
S13919,C13919,Plus,DSL,No,No phone,Yes,Yes,Yes,No,294.72,6570.86,22
S13920,C13920,Ultra,5G,Yes,Yes,Yes,Yes,No,Yes,642.94,28268.82,44
S13921,C13921,Ultra,Fiber,Yes,Yes,Yes,Yes,No,No,636.55,10801.61,17
S13922,C13922,Basic,Fiber,Yes,No,No,No,Yes,Yes,258.0,7239.44,28
S13923,C13923,Basic,Fiber,Yes,Yes,No,Yes,Yes,Yes,245.88,6835.2,28
S13924,C13924,Plus,No Internet,Yes,No,Yes,Yes,Yes,Yes,317.85,6534.39,21
S13925,C13925,Basic,5G,Yes,Yes,Yes,Yes,No,No,253.24,10238.52,40
S13926,C13926,Basic,Fiber,Yes,Yes,Yes,Yes,Yes,Yes,252.53,13427.01,53
S13927,C13927,Basic,Fiber,No,No phone,Yes,Yes,No,No,258.13,5762.42,22
S13928,C13928,Business,5G,Yes,Yes,Yes,No,No,No,874.98,36798.83,42
S13929,C13929,Basic,5G,Yes,Yes,No,Yes,Yes,Yes,257.57,10502.17,41
S13930,C13930,Ultra,DSL,Yes,No,No,No,Yes,Yes,529.87,10533.52,20
S13931,C13931,Basic,5G,Yes,No,Yes,No,Yes,Yes,287.57,15552.35,54
S13932,C13932,Basic,5G,Yes,No,Yes,Yes,Yes,Yes,292.83,16986.3,58
S13933,C13933,Basic,Fiber,Yes,No,No,No,No,Yes,227.5,2786.88,12
S13934,C13934,Basic,DSL,Yes,Yes,No,No,Yes,Yes,253.52,14451.79,57
S13935,C13935,Ultra,Fiber,Yes,No,Yes,Yes,No,Yes,563.33,18629.63,33
S13936,C13936,Ultra,DSL,No,No phone,No,Yes,No,Yes,594.12,28029.03,47
S13937,C13937,Ultra,No Internet,Yes,Yes,Yes,Yes,No,Yes,485.24,23793.19,49
S13938,C13938,Basic,5G,Yes,Yes,No,Yes,Yes,Yes,304.83,16380.65,54
S13939,C13939,Plus,5G,Yes,No,Yes,Yes,No,No,398.7,8723.12,22
S13940,C13940,Basic,Fiber,Yes,Yes,No,No,No,Yes,191.97,3507.93,18
S13941,C13941,Ultra,Fiber,Yes,Yes,Yes,Yes,No,No,575.97,17118.32,30
S13942,C13942,Plus,DSL,Yes,No,No,Yes,Yes,No,357.77,4672.2,13
S13943,C13943,Ultra,Fiber,Yes,Yes,No,Yes,Yes,Yes,625.43,34497.15,55
S13944,C13944,Basic,5G,Yes,Yes,Yes,No,Yes,No,320.87,18034.45,56
S13945,C13945,Basic,DSL,Yes,Yes,Yes,Yes,No,No,159.92,5647.39,35
S13946,C13946,Business,5G,Yes,Yes,No,No,Yes,Yes,853.0,40036.23,47
S13947,C13947,Business,5G,Yes,Yes,Yes,Yes,No,Yes,819.58,28513.53,35
S13948,C13948,Ultra,Fiber,Yes,No,No,Yes,Yes,No,562.44,32067.65,57
S13949,C13949,Basic,DSL,Yes,Yes,No,Yes,Yes,No,208.16,6638.47,32
S13950,C13950,Basic,5G,Yes,Yes,No,Yes,No,No,281.77,5975.97,21
S13951,C13951,Ultra,No Internet,No,No phone,No,Yes,Yes,No,525.85,16306.47,31
S13952,C13952,Ultra,5G,No,No phone,No,Yes,No,Yes,620.9,25510.29,41
S13953,C13953,Basic,DSL,Yes,Yes,No,No,Yes,No,193.62,5397.96,28
S13954,C13954,Basic,5G,Yes,No,Yes,No,Yes,Yes,292.82,16176.99,55
S13955,C13955,Plus,No Internet,Yes,Yes,Yes,No,Yes,No,294.0,4361.05,15
S13956,C13956,Business,5G,Yes,Yes,Yes,Yes,Yes,No,921.22,40506.42,44
S13957,C13957,Ultra,5G,Yes,No,Yes,No,No,Yes,596.1,30323.18,51
S13958,C13958,Ultra,Fiber,Yes,No,Yes,Yes,Yes,Yes,527.94,10667.07,20
S13959,C13959,Plus,Fiber,Yes,No,Yes,Yes,Yes,No,393.4,14854.95,38
S13960,C13960,Basic,Fiber,Yes,No,Yes,No,No,Yes,294.41,6493.11,22
S13961,C13961,Plus,5G,Yes,No,No,No,No,Yes,415.26,20286.5,49
S13962,C13962,Plus,5G,Yes,No,No,Yes,No,No,434.32,18827.41,43
S13963,C13963,Plus,Fiber,Yes,Yes,Yes,Yes,Yes,No,379.13,18552.12,49
S13964,C13964,Plus,Fiber,Yes,Yes,Yes,Yes,Yes,Yes,408.87,10677.85,26
S13965,C13965,Basic,Fiber,Yes,No,No,No,No,Yes,236.7,13115.4,55
S13966,C13966,Business,DSL,Yes,No,Yes,Yes,No,No,772.89,43382.96,56
S13967,C13967,Plus,DSL,Yes,No,Yes,No,No,Yes,377.02,16619.09,44
S13968,C13968,Plus,DSL,Yes,No,Yes,Yes,No,Yes,339.83,7134.52,21
S13969,C13969,Business,Fiber,Yes,Yes,Yes,No,No,No,870.8,11344.1,13
S13970,C13970,Basic,5G,No,No phone,No,Yes,Yes,No,279.71,11147.08,39
S13971,C13971,Ultra,5G,Yes,Yes,Yes,Yes,No,No,588.87,16966.78,29
S13972,C13972,Business,5G,Yes,Yes,Yes,No,Yes,Yes,866.14,51065.03,59
S13973,C13973,Basic,DSL,No,No phone,No,No,No,Yes,203.56,3420.35,17
S13974,C13974,Plus,5G,Yes,No,Yes,Yes,Yes,No,437.86,23260.74,53
S13975,C13975,Ultra,DSL,Yes,Yes,No,Yes,No,Yes,567.15,19872.88,35
S13976,C13976,Business,Fiber,Yes,No,Yes,Yes,No,No,810.69,42935.28,53
S13977,C13977,Basic,Fiber,Yes,Yes,No,Yes,No,No,278.29,6706.7,24
S13978,C13978,Plus,Fiber,Yes,Yes,Yes,Yes,No,No,370.99,22373.94,60
S13979,C13979,Basic,5G,No,No phone,Yes,No,No,No,242.5,11847.36,49
S13980,C13980,Basic,Fiber,Yes,Yes,Yes,Yes,Yes,No,250.31,5731.12,23
S13981,C13981,Ultra,5G,Yes,Yes,No,Yes,No,No,626.28,36888.0,59
S13982,C13982,Basic,DSL,Yes,No,No,No,No,Yes,226.89,3201.6,14
S13983,C13983,Business,5G,Yes,Yes,No,Yes,Yes,No,851.39,24646.19,29
S13984,C13984,Plus,5G,No,No phone,No,No,No,No,463.26,17128.71,37
S13985,C13985,Basic,5G,Yes,No,Yes,Yes,No,No,334.44,10437.74,31
S13986,C13986,Business,DSL,Yes,Yes,Yes,Yes,Yes,No,818.95,10685.53,13
S13987,C13987,Basic,Fiber,No,No phone,Yes,Yes,No,No,280.82,3804.12,14
S13988,C13988,Plus,DSL,Yes,No,Yes,Yes,No,No,297.16,14226.33,48
S13989,C13989,Basic,DSL,No,No phone,Yes,No,Yes,No,180.75,3406.34,19
S13990,C13990,Plus,DSL,Yes,No,No,Yes,Yes,Yes,322.15,15828.96,49
S13991,C13991,Business,Fiber,Yes,Yes,No,No,Yes,Yes,825.26,10754.29,13
S13992,C13992,Plus,No Internet,Yes,Yes,No,Yes,Yes,No,307.21,9870.07,32
S13993,C13993,Business,Fiber,Yes,No,Yes,Yes,No,Yes,828.02,11555.69,14
S13994,C13994,Plus,DSL,Yes,Yes,Yes,Yes,No,No,341.39,16747.54,49
S13995,C13995,Ultra,DSL,Yes,No,No,No,Yes,No,493.27,7331.43,15
S13996,C13996,Basic,Fiber,No,No phone,Yes,Yes,No,Yes,264.65,4020.64,15
S13997,C13997,Basic,Fiber,Yes,Yes,Yes,Yes,Yes,Yes,227.48,7622.6,33
S13998,C13998,Plus,5G,Yes,Yes,Yes,Yes,Yes,No,378.55,16304.27,43
S13999,C13999,Business,DSL,Yes,No,Yes,Yes,Yes,No,753.47,29469.59,39
S14000,C14000,Ultra,Fiber,Yes,Yes,Yes,No,No,Yes,618.78,17968.21,29
S14001,C14001,Basic,5G,Yes,No,Yes,Yes,No,Yes,274.55,5874.33,21
S14002,C14002,Ultra,Fiber,Yes,No,No,Yes,Yes,Yes,557.85,31667.87,57
S14003,C14003,Plus,Fiber,Yes,No,Yes,No,No,No,386.18,18484.97,48
S14004,C14004,Basic,Fiber,Yes,No,No,Yes,No,Yes,249.46,13210.61,53
S14005,C14005,Ultra,Fiber,Yes,Yes,No,Yes,No,No,591.23,9478.55,16
S14006,C14006,Plus,Fiber,Yes,Yes,Yes,Yes,No,Yes,371.44,17496.76,47
S14007,C14007,Basic,DSL,Yes,Yes,Yes,Yes,No,No,183.84,3746.55,20
S14008,C14008,Basic,Fiber,No,No phone,No,Yes,Yes,No,272.01,3865.41,14
S14009,C14009,Plus,5G,Yes,No,Yes,Yes,No,Yes,417.48,13339.3,32
S14010,C14010,Plus,5G,Yes,Yes,Yes,Yes,Yes,Yes,401.95,11292.29,28
S14011,C14011,Ultra,Fiber,No,No phone,No,No,Yes,Yes,609.86,18294.4,30
S14012,C14012,Basic,DSL,No,No phone,Yes,Yes,Yes,No,180.78,1993.66,11
S14013,C14013,Basic,Fiber,Yes,Yes,No,Yes,Yes,No,225.16,8010.12,36
S14014,C14014,Ultra,No Internet,Yes,No,No,No,Yes,No,533.16,11743.22,22
S14015,C14015,Basic,Fiber,Yes,No,Yes,No,Yes,Yes,239.85,6919.71,29
S14016,C14016,Business,DSL,Yes,No,Yes,No,Yes,No,761.84,41091.11,54
S14017,C14017,Plus,DSL,Yes,Yes,No,No,No,Yes,350.26,11511.63,33
S14018,C14018,Ultra,DSL,Yes,Yes,No,Yes,Yes,No,600.65,13772.73,23
S14019,C14019,Ultra,DSL,Yes,No,No,Yes,No,No,568.49,24508.26,43
S14020,C14020,Plus,Fiber,Yes,Yes,Yes,No,Yes,No,398.32,4314.91,11
S14021,C14021,Ultra,No Internet,Yes,Yes,Yes,No,No,Yes,554.16,9379.57,17
S14022,C14022,Basic,No Internet,Yes,Yes,Yes,Yes,Yes,No,166.97,4420.14,26
S14023,C14023,Basic,No Internet,Yes,No,No,Yes,Yes,No,185.37,3456.19,19
S14024,C14024,Plus,DSL,Yes,No,Yes,Yes,Yes,Yes,364.07,11289.53,31
S14025,C14025,Basic,5G,Yes,No,No,No,Yes,Yes,280.35,15119.95,54
S14026,C14026,Plus,5G,Yes,No,Yes,No,Yes,Yes,448.31,25169.17,56
S14027,C14027,Basic,No Internet,Yes,Yes,No,No,Yes,Yes,195.36,10052.09,51
S14028,C14028,Plus,DSL,Yes,Yes,No,Yes,No,No,307.16,17922.7,58
S14029,C14029,Basic,Fiber,Yes,Yes,Yes,No,No,Yes,255.74,3064.21,12
S14030,C14030,Plus,Fiber,Yes,No,Yes,Yes,Yes,No,408.21,16924.19,42
S14031,C14031,Ultra,5G,Yes,No,Yes,No,No,Yes,643.18,15478.49,24
S14032,C14032,Basic,Fiber,Yes,No,Yes,No,No,No,243.7,6377.39,27
S14033,C14033,Ultra,5G,Yes,No,Yes,Yes,No,No,616.24,29575.87,48
S14034,C14034,Ultra,Fiber,Yes,No,No,Yes,No,No,592.33,10067.3,17
S14035,C14035,Business,Fiber,Yes,No,Yes,No,No,Yes,864.91,27773.18,32
S14036,C14036,Ultra,Fiber,Yes,Yes,No,No,No,Yes,591.37,20087.7,34
S14037,C14037,Plus,DSL,Yes,No,Yes,No,No,No,286.02,15405.16,54
S14038,C14038,Ultra,Fiber,Yes,No,Yes,No,No,No,592.87,18341.17,31
S14039,C14039,Ultra,DSL,Yes,Yes,No,Yes,No,No,504.88,15591.2,31
S14040,C14040,Ultra,5G,Yes,No,Yes,Yes,No,Yes,641.37,25057.54,39
S14041,C14041,Basic,Fiber,Yes,No,Yes,No,Yes,Yes,245.71,11784.57,48
S14042,C14042,Business,5G,Yes,Yes,Yes,Yes,Yes,Yes,805.58,12115.23,15
S14043,C14043,Ultra,DSL,Yes,Yes,Yes,No,No,No,541.55,16234.55,30
S14044,C14044,Plus,Fiber,Yes,No,Yes,No,Yes,Yes,389.0,10257.16,26
S14045,C14045,Basic,5G,Yes,Yes,No,Yes,No,Yes,262.32,15478.23,59
S14046,C14046,Business,Fiber,Yes,Yes,No,No,No,No,826.47,30561.08,37
S14047,C14047,Ultra,5G,Yes,No,No,Yes,Yes,Yes,671.92,33004.58,49
S14048,C14048,Basic,Fiber,Yes,Yes,No,Yes,Yes,Yes,223.58,5947.18,26
S14049,C14049,Basic,5G,No,No phone,Yes,No,Yes,No,298.84,17092.48,57
S14050,C14050,Basic,DSL,Yes,No,No,No,No,No,202.2,11598.24,57
S14051,C14051,Basic,Fiber,Yes,Yes,No,Yes,Yes,No,281.73,14820.92,53
S14052,C14052,Ultra,5G,Yes,No,Yes,No,No,Yes,635.03,20948.81,33
S14053,C14053,Plus,DSL,No,No phone,No,Yes,No,Yes,307.32,8901.42,29
S14054,C14054,Basic,Fiber,Yes,No,No,Yes,Yes,No,271.38,15083.39,55
S14055,C14055,Ultra,Fiber,No,No phone,Yes,Yes,No,Yes,578.86,19058.72,33
S14056,C14056,Plus,DSL,Yes,No,Yes,No,No,No,314.25,17817.93,57
S14057,C14057,Ultra,No Internet,Yes,Yes,No,Yes,Yes,Yes,527.57,15760.45,30
S14058,C14058,Business,5G,Yes,Yes,No,No,Yes,Yes,810.54,10449.34,13
S14059,C14059,Ultra,Fiber,Yes,Yes,No,Yes,No,No,621.36,28562.33,46
S14060,C14060,Plus,5G,Yes,Yes,Yes,No,Yes,Yes,440.25,14063.49,32
S14061,C14061,Basic,Fiber,Yes,No,Yes,No,Yes,No,232.08,5843.68,25
S14062,C14062,Business,DSL,Yes,No,No,No,No,Yes,814.96,21120.74,26
S14063,C14063,Basic,5G,Yes,Yes,No,Yes,No,No,252.51,12754.63,51
S14064,C14064,Basic,5G,Yes,No,No,Yes,Yes,No,281.58,12693.79,45
S14065,C14065,Ultra,Fiber,Yes,No,No,Yes,Yes,No,582.86,24982.52,43
S14066,C14066,Plus,Fiber,Yes,No,No,No,Yes,No,429.03,21151.12,49
S14067,C14067,Business,Fiber,Yes,Yes,No,No,Yes,Yes,810.73,11371.8,14
S14068,C14068,Business,DSL,Yes,No,Yes,No,Yes,No,744.35,23821.17,32
S14069,C14069,Business,No Internet,Yes,No,No,No,No,No,766.9,20837.19,27
S14070,C14070,Plus,Fiber,Yes,No,Yes,Yes,No,Yes,376.92,20724.81,55
S14071,C14071,Basic,5G,Yes,No,No,Yes,No,No,288.44,4409.89,15
S14072,C14072,Basic,Fiber,Yes,Yes,Yes,Yes,Yes,Yes,322.1,14589.9,45
S14073,C14073,Plus,Fiber,Yes,No,Yes,Yes,Yes,Yes,396.93,10700.91,27
S14074,C14074,Business,Fiber,Yes,Yes,Yes,No,No,No,862.64,35448.96,41
S14075,C14075,Basic,5G,Yes,Yes,Yes,Yes,Yes,Yes,276.85,12003.83,43
S14076,C14076,Business,DSL,Yes,Yes,Yes,Yes,No,No,713.42,32836.81,46
S14077,C14077,Basic,Fiber,Yes,Yes,No,No,No,Yes,287.83,13898.32,48
S14078,C14078,Plus,Fiber,Yes,Yes,No,No,No,Yes,352.05,15779.52,45
S14079,C14079,Ultra,5G,Yes,No,No,Yes,No,No,595.21,33210.05,56
S14080,C14080,Basic,5G,Yes,No,No,Yes,Yes,No,256.32,5269.58,20
S14081,C14081,Basic,5G,Yes,Yes,No,No,No,No,274.01,6820.71,25
S14082,C14082,Plus,Fiber,Yes,Yes,Yes,No,Yes,Yes,408.96,17961.56,44
S14083,C14083,Plus,Fiber,Yes,No,Yes,No,Yes,Yes,398.16,18237.15,46
S14084,C14084,Basic,5G,Yes,Yes,Yes,Yes,No,Yes,224.79,5383.8,24
S14085,C14085,Plus,No Internet,Yes,Yes,Yes,No,No,Yes,348.55,7959.27,23
S14086,C14086,Business,Fiber,Yes,Yes,Yes,No,No,Yes,787.85,26785.11,34
S14087,C14087,Basic,DSL,Yes,Yes,Yes,No,Yes,Yes,211.57,11793.92,56
S14088,C14088,Plus,Fiber,Yes,No,No,Yes,No,Yes,402.17,11320.2,28
S14089,C14089,Business,5G,Yes,Yes,No,Yes,No,No,887.94,32943.39,37
S14090,C14090,Ultra,DSL,Yes,No,Yes,No,No,No,559.85,16812.59,30
S14091,C14091,Business,Fiber,Yes,No,Yes,Yes,Yes,No,817.57,21277.33,26
S14092,C14092,Plus,5G,Yes,No,No,Yes,No,No,406.8,15804.28,39
S14093,C14093,Plus,Fiber,Yes,No,Yes,No,Yes,Yes,347.17,20946.91,60
S14094,C14094,Business,No Internet,Yes,Yes,Yes,Yes,Yes,Yes,756.14,43900.8,58
S14095,C14095,Plus,Fiber,Yes,Yes,Yes,No,No,No,364.78,11738.89,32
S14096,C14096,Basic,Fiber,Yes,No,No,No,Yes,Yes,244.12,11657.79,48
S14097,C14097,Ultra,DSL,Yes,No,Yes,No,No,Yes,507.53,7750.73,15
S14098,C14098,Basic,DSL,Yes,No,Yes,No,No,Yes,211.29,5898.25,28
S14099,C14099,Plus,5G,Yes,Yes,No,Yes,Yes,Yes,428.95,17727.58,41
S14100,C14100,Business,DSL,Yes,Yes,No,No,Yes,Yes,722.06,24673.85,34
S14101,C14101,Basic,DSL,Yes,Yes,No,No,No,No,174.79,8020.59,46
S14102,C14102,Ultra,Fiber,Yes,No,Yes,Yes,No,No,627.8,8229.95,13
S14103,C14103,Basic,No Internet,No,No phone,No,Yes,No,Yes,211.99,8595.54,40
S14104,C14104,Plus,Fiber,Yes,No,Yes,Yes,No,Yes,368.73,15667.43,42
S14105,C14105,Ultra,DSL,Yes,No,Yes,Yes,Yes,Yes,546.41,14315.74,26
S14106,C14106,Basic,Fiber,No,No phone,No,No,Yes,Yes,247.36,10148.17,41
S14107,C14107,Plus,DSL,Yes,Yes,Yes,No,No,Yes,270.2,3489.56,13
S14108,C14108,Ultra,Fiber,Yes,Yes,Yes,Yes,Yes,No,587.2,11867.69,20
S14109,C14109,Ultra,5G,Yes,Yes,No,Yes,No,Yes,628.36,23832.2,38
S14110,C14110,Basic,Fiber,Yes,No,Yes,No,No,Yes,326.62,8642.07,26
S14111,C14111,Plus,Fiber,Yes,No,Yes,No,Yes,No,364.8,16425.36,45
S14112,C14112,Plus,5G,Yes,Yes,Yes,No,Yes,Yes,398.92,17159.96,43
S14113,C14113,Plus,Fiber,Yes,No,Yes,No,Yes,No,355.02,15331.99,43
S14114,C14114,Basic,Fiber,No,No phone,Yes,No,Yes,No,225.99,4881.32,21
S14115,C14115,Basic,Fiber,No,No phone,Yes,Yes,Yes,No,271.03,5125.03,19
S14116,C14116,Plus,Fiber,Yes,Yes,No,Yes,No,No,364.57,15732.4,43
S14117,C14117,Basic,Fiber,Yes,Yes,No,Yes,No,No,238.39,4420.61,19
S14118,C14118,Business,Fiber,Yes,No,Yes,No,Yes,Yes,820.55,29522.46,36
S14119,C14119,Ultra,5G,Yes,Yes,Yes,Yes,Yes,Yes,590.9,24049.52,41
S14120,C14120,Ultra,DSL,Yes,Yes,No,No,Yes,No,557.76,29476.81,53
S14121,C14121,Ultra,Fiber,Yes,Yes,Yes,Yes,Yes,No,623.78,35592.46,57
S14122,C14122,Plus,No Internet,No,No phone,No,No,No,No,359.54,19021.6,53
S14123,C14123,Basic,DSL,Yes,Yes,No,Yes,No,No,220.24,10463.93,48
S14124,C14124,Ultra,Fiber,Yes,No,No,No,No,Yes,589.17,27765.46,47
S14125,C14125,Basic,Fiber,Yes,No,Yes,No,Yes,Yes,261.43,7943.03,31
S14126,C14126,Ultra,DSL,Yes,Yes,No,Yes,No,Yes,556.35,19920.54,36
S14127,C14127,Plus,DSL,Yes,Yes,No,No,No,Yes,317.21,13885.74,43
S14128,C14128,Plus,Fiber,Yes,Yes,No,No,Yes,Yes,414.23,12395.37,30
S14129,C14129,Ultra,No Internet,Yes,No,Yes,Yes,Yes,Yes,506.83,18774.91,37
S14130,C14130,Basic,Fiber,Yes,Yes,No,No,No,Yes,303.05,13447.95,44
S14131,C14131,Plus,DSL,Yes,No,No,No,No,Yes,368.25,15129.55,41
S14132,C14132,Ultra,Fiber,Yes,Yes,Yes,No,Yes,No,574.7,28678.21,50
S14133,C14133,Basic,5G,Yes,No,No,Yes,Yes,No,251.76,8981.12,36
S14134,C14134,Ultra,Fiber,Yes,No,Yes,No,No,Yes,615.72,33849.59,55
S14135,C14135,Plus,5G,Yes,No,No,No,Yes,No,423.49,6751.62,16
S14136,C14136,Plus,Fiber,Yes,No,No,No,Yes,Yes,396.69,21824.73,55
S14137,C14137,Business,DSL,Yes,No,Yes,Yes,No,Yes,750.42,16363.06,22
S14138,C14138,Basic,5G,Yes,No,Yes,Yes,Yes,No,236.62,7961.67,34
S14139,C14139,Ultra,5G,Yes,No,No,No,No,No,617.84,7467.22,12
S14140,C14140,Ultra,No Internet,Yes,No,Yes,Yes,Yes,No,492.47,10841.0,22
S14141,C14141,Plus,DSL,Yes,No,Yes,Yes,Yes,No,331.79,11607.78,35
S14142,C14142,Basic,5G,Yes,Yes,No,No,No,No,309.11,14402.18,47
S14143,C14143,Business,Fiber,Yes,No,No,Yes,No,No,867.71,16599.82,19
S14144,C14144,Ultra,Fiber,Yes,No,Yes,No,No,No,593.42,8440.25,14
S14145,C14145,Basic,Fiber,Yes,No,No,No,Yes,No,236.77,7972.63,34
S14146,C14146,Ultra,DSL,Yes,No,Yes,No,No,No,617.42,28893.19,47
S14147,C14147,Plus,DSL,Yes,No,Yes,Yes,No,Yes,304.68,15548.66,51
S14148,C14148,Ultra,Fiber,Yes,Yes,No,No,No,Yes,597.28,9997.75,17
S14149,C14149,Basic,5G,Yes,No,Yes,Yes,Yes,No,300.56,10789.44,36
S14150,C14150,Ultra,5G,Yes,No,Yes,Yes,No,Yes,625.91,29432.24,47
S14151,C14151,Ultra,Fiber,Yes,No,No,No,No,Yes,619.2,24866.64,40
S14152,C14152,Basic,5G,Yes,Yes,No,No,Yes,No,282.27,15879.25,56
S14153,C14153,Plus,DSL,Yes,No,Yes,Yes,No,Yes,270.73,12471.69,46
S14154,C14154,Basic,Fiber,Yes,No,Yes,No,No,No,221.94,3060.87,14
S14155,C14155,Ultra,DSL,Yes,No,No,No,No,No,498.33,20985.34,42
S14156,C14156,Plus,DSL,Yes,No,No,No,No,No,333.36,4261.25,13
S14157,C14157,Ultra,5G,No,No phone,Yes,Yes,No,Yes,651.75,33849.41,52
S14158,C14158,Plus,Fiber,Yes,No,No,Yes,Yes,Yes,342.3,11236.54,33
S14159,C14159,Plus,DSL,Yes,Yes,Yes,No,No,Yes,384.68,14844.42,39
S14160,C14160,Ultra,DSL,Yes,Yes,No,Yes,Yes,No,530.31,7905.36,15
S14161,C14161,Basic,5G,Yes,Yes,No,No,Yes,No,268.33,3768.93,14
S14162,C14162,Basic,5G,Yes,No,No,Yes,No,Yes,300.49,8660.1,29
S14163,C14163,Basic,No Internet,Yes,Yes,Yes,No,No,Yes,223.64,7521.52,34
S14164,C14164,Basic,No Internet,Yes,No,No,Yes,Yes,No,154.44,7480.53,49
S14165,C14165,Basic,Fiber,Yes,Yes,Yes,Yes,Yes,Yes,215.23,5552.41,26
S14166,C14166,Basic,DSL,Yes,No,Yes,No,No,Yes,185.52,5074.87,27
S14167,C14167,Basic,DSL,Yes,Yes,Yes,Yes,Yes,No,210.89,7902.21,37
S14168,C14168,Plus,Fiber,Yes,Yes,No,Yes,Yes,No,418.47,17648.64,42
S14169,C14169,Business,DSL,Yes,No,No,No,Yes,No,802.33,31311.98,39
S14170,C14170,Basic,Fiber,Yes,Yes,Yes,Yes,Yes,Yes,246.96,13424.83,54
S14171,C14171,Plus,No Internet,No,No phone,No,Yes,No,No,365.56,21289.4,58
S14172,C14172,Basic,DSL,Yes,No,Yes,Yes,No,No,174.35,8354.42,48
S14173,C14173,Plus,No Internet,Yes,No,No,No,Yes,No,337.42,7136.81,21
S14174,C14174,Ultra,Fiber,Yes,Yes,Yes,No,Yes,No,603.01,26590.08,44
S14175,C14175,Ultra,DSL,Yes,Yes,Yes,No,No,Yes,562.39,24019.0,43
S14176,C14176,Ultra,5G,Yes,Yes,No,No,No,Yes,628.87,18946.31,30
S14177,C14177,Basic,Fiber,Yes,No,Yes,No,No,Yes,268.65,11596.29,43
S14178,C14178,Business,Fiber,Yes,No,No,No,No,Yes,801.78,14514.82,18
S14179,C14179,Basic,5G,No,No phone,Yes,No,Yes,Yes,289.87,8762.98,30
S14180,C14180,Basic,DSL,Yes,No,No,Yes,Yes,Yes,191.52,8395.41,44
S14181,C14181,Ultra,DSL,Yes,No,No,No,No,Yes,503.27,22787.26,45
S14182,C14182,Basic,No Internet,No,No phone,Yes,Yes,No,Yes,141.51,6272.38,45
S14183,C14183,Basic,DSL,No,No phone,No,Yes,Yes,No,203.5,7890.57,38
S14184,C14184,Plus,DSL,Yes,Yes,No,No,Yes,Yes,320.99,18211.68,57
S14185,C14185,Plus,Fiber,No,No phone,No,No,Yes,No,442.1,25108.79,57
S14186,C14186,Ultra,DSL,No,No phone,Yes,Yes,Yes,Yes,549.82,18691.95,34
S14187,C14187,Basic,DSL,No,No phone,No,No,No,No,151.0,6927.51,45
S14188,C14188,Ultra,5G,Yes,Yes,Yes,Yes,No,No,631.18,23547.51,37
S14189,C14189,Business,Fiber,Yes,Yes,Yes,Yes,No,Yes,820.01,18154.77,22
S14190,C14190,Plus,5G,Yes,No,Yes,No,No,Yes,375.46,13012.16,35
S14191,C14191,Basic,DSL,Yes,Yes,No,Yes,No,Yes,186.77,9323.64,50
S14192,C14192,Basic,Fiber,Yes,No,Yes,Yes,Yes,Yes,263.71,5211.68,20
S14193,C14193,Plus,No Internet,Yes,Yes,No,Yes,No,Yes,327.49,10722.05,33
S14194,C14194,Plus,DSL,Yes,Yes,No,Yes,No,Yes,375.06,6035.22,16
S14195,C14195,Ultra,5G,Yes,No,Yes,No,No,Yes,635.37,15217.75,24
S14196,C14196,Business,Fiber,Yes,Yes,No,No,No,Yes,809.7,29975.77,37
S14197,C14197,Basic,No Internet,No,No phone,Yes,No,No,No,225.22,8646.61,38
S14198,C14198,Plus,5G,Yes,Yes,No,Yes,No,No,417.27,12544.38,30
S14199,C14199,Plus,DSL,Yes,No,Yes,No,Yes,Yes,300.28,12263.07,41
S14200,C14200,Business,DSL,Yes,Yes,No,Yes,Yes,Yes,740.02,25960.67,35
S14201,C14201,Ultra,Fiber,No,No phone,No,No,Yes,Yes,574.63,15414.52,27
S14202,C14202,Plus,5G,Yes,Yes,No,No,Yes,No,364.33,17474.8,48
S14203,C14203,Basic,Fiber,Yes,Yes,No,Yes,Yes,No,266.05,8388.47,32
S14204,C14204,Plus,Fiber,Yes,No,No,Yes,No,Yes,373.96,13397.56,36
S14205,C14205,Ultra,Fiber,Yes,Yes,Yes,Yes,Yes,No,630.35,12611.11,20
S14206,C14206,Business,Fiber,Yes,Yes,No,No,Yes,No,814.72,30219.76,37
S14207,C14207,Basic,Fiber,Yes,Yes,Yes,Yes,No,Yes,308.58,12594.55,41
S14208,C14208,Basic,DSL,Yes,No,Yes,Yes,Yes,Yes,238.72,5609.45,23
S14209,C14209,Business,Fiber,Yes,Yes,Yes,No,Yes,No,829.92,20036.84,24
S14210,C14210,Basic,Fiber,No,No phone,No,Yes,Yes,Yes,257.59,7183.09,28
S14211,C14211,Basic,Fiber,Yes,No,Yes,No,Yes,Yes,315.47,17093.68,54
S14212,C14212,Business,DSL,Yes,Yes,Yes,Yes,Yes,Yes,744.92,33546.21,45
S14213,C14213,Basic,DSL,Yes,Yes,Yes,No,No,No,177.51,9536.4,54
S14214,C14214,Ultra,No Internet,Yes,Yes,No,Yes,Yes,No,545.99,14168.41,26
S14215,C14215,Plus,Fiber,Yes,No,No,Yes,Yes,Yes,415.56,5835.43,14
S14216,C14216,Basic,DSL,Yes,No,Yes,No,No,No,184.85,8693.01,47
S14217,C14217,Basic,Fiber,Yes,Yes,No,Yes,Yes,No,267.77,12273.87,46
S14218,C14218,Plus,5G,Yes,Yes,No,Yes,Yes,No,440.76,24134.73,55
S14219,C14219,Ultra,Fiber,Yes,Yes,No,No,Yes,Yes,589.12,15339.78,26
S14220,C14220,Basic,5G,Yes,Yes,Yes,Yes,No,No,275.83,10557.87,38
S14221,C14221,Basic,Fiber,Yes,Yes,Yes,No,No,Yes,223.13,3044.0,14
S14222,C14222,Business,DSL,Yes,No,Yes,Yes,No,No,726.36,19740.53,27
S14223,C14223,Ultra,No Internet,Yes,No,No,Yes,Yes,Yes,573.34,14916.82,26
S14224,C14224,Plus,5G,Yes,Yes,No,No,No,Yes,400.16,12084.46,30
S14225,C14225,Plus,Fiber,Yes,No,No,No,Yes,Yes,414.18,9661.2,23
S14226,C14226,Plus,DSL,Yes,Yes,No,Yes,No,Yes,336.85,15184.38,45
S14227,C14227,Plus,5G,Yes,Yes,No,Yes,No,Yes,405.31,13009.36,32
S14228,C14228,Plus,Fiber,Yes,Yes,Yes,Yes,No,Yes,432.72,7668.09,18
S14229,C14229,Basic,Fiber,Yes,No,Yes,Yes,Yes,No,276.53,12398.34,45
S14230,C14230,Ultra,DSL,Yes,Yes,Yes,No,Yes,Yes,487.99,5792.27,12
S14231,C14231,Basic,Fiber,Yes,No,Yes,Yes,No,No,258.6,11212.84,43
S14232,C14232,Basic,No Internet,Yes,Yes,Yes,No,Yes,Yes,197.68,9431.24,48
S14233,C14233,Basic,Fiber,Yes,No,Yes,No,No,No,257.32,14356.72,56
S14234,C14234,Plus,DSL,Yes,Yes,Yes,Yes,Yes,Yes,335.44,12419.79,37
S14235,C14235,Plus,5G,Yes,Yes,No,No,Yes,No,433.42,15700.72,36
S14236,C14236,Basic,Fiber,Yes,Yes,No,No,Yes,Yes,268.32,6341.36,24
S14237,C14237,Plus,Fiber,No,No phone,No,Yes,No,No,394.92,22232.12,56
S14238,C14238,Basic,5G,Yes,No,Yes,Yes,No,No,321.01,9547.74,30
S14239,C14239,Ultra,5G,No,No phone,No,No,No,Yes,640.73,30847.92,48
S14240,C14240,Basic,Fiber,No,No phone,No,Yes,No,Yes,257.94,5987.59,23
S14241,C14241,Business,DSL,Yes,No,No,Yes,Yes,No,790.19,14943.28,19
S14242,C14242,Business,DSL,Yes,No,No,No,Yes,Yes,770.25,14000.38,18
S14243,C14243,Ultra,No Internet,Yes,Yes,No,Yes,No,No,538.78,14011.59,26
S14244,C14244,Plus,No Internet,Yes,No,Yes,Yes,No,No,301.38,14586.87,49
S14245,C14245,Business,5G,No,No phone,No,No,No,No,872.81,39303.98,45
S14246,C14246,Ultra,DSL,No,No phone,Yes,No,No,No,579.59,33062.93,57
S14247,C14247,Basic,DSL,Yes,No,Yes,No,Yes,Yes,159.54,7022.0,43
S14248,C14248,Basic,DSL,Yes,Yes,No,No,Yes,Yes,156.41,8821.68,57
S14249,C14249,Basic,Fiber,Yes,No,Yes,Yes,Yes,Yes,214.06,10209.13,47
S14250,C14250,Business,DSL,Yes,No,No,Yes,Yes,No,785.56,22034.63,28
S14251,C14251,Plus,Fiber,Yes,No,Yes,Yes,No,No,375.61,14424.44,38
S14252,C14252,Plus,Fiber,Yes,Yes,No,No,Yes,Yes,357.42,20950.27,59
S14253,C14253,Ultra,DSL,Yes,Yes,No,Yes,No,No,539.97,9597.87,18
S14254,C14254,Basic,Fiber,Yes,Yes,No,Yes,No,No,225.65,6093.29,27
S14255,C14255,Ultra,Fiber,Yes,No,Yes,No,Yes,No,637.32,21741.59,34
S14256,C14256,Basic,DSL,Yes,No,No,Yes,No,Yes,189.22,6249.31,33
S14257,C14257,Plus,No Internet,Yes,No,No,No,No,No,349.96,17996.49,51
S14258,C14258,Ultra,5G,Yes,No,Yes,No,No,No,590.15,10034.97,17
S14259,C14259,Ultra,Fiber,Yes,No,Yes,No,Yes,Yes,621.59,31121.49,50
S14260,C14260,Ultra,No Internet,Yes,No,No,No,No,Yes,511.72,6635.38,13
S14261,C14261,Ultra,5G,Yes,No,Yes,Yes,No,Yes,610.69,27980.72,46
S14262,C14262,Ultra,5G,Yes,No,Yes,Yes,Yes,No,620.36,24207.4,39
S14263,C14263,Basic,Fiber,Yes,Yes,Yes,No,Yes,No,268.05,5267.09,20
S14264,C14264,Plus,DSL,Yes,Yes,Yes,Yes,Yes,Yes,305.28,13769.26,45
S14265,C14265,Basic,DSL,Yes,No,No,Yes,No,No,191.13,10300.07,53
S14266,C14266,Business,Fiber,Yes,No,Yes,No,Yes,No,811.12,19618.61,24
S14267,C14267,Plus,No Internet,Yes,No,Yes,Yes,No,Yes,322.35,10086.35,31
S14268,C14268,Ultra,Fiber,Yes,No,No,Yes,No,No,591.29,11249.9,19
S14269,C14269,Plus,5G,Yes,No,Yes,No,No,Yes,384.56,12296.83,32
S14270,C14270,Plus,Fiber,Yes,No,No,Yes,No,No,400.27,5231.86,13
S14271,C14271,Basic,No Internet,Yes,Yes,No,No,No,Yes,228.2,3390.54,15
S14272,C14272,Ultra,Fiber,No,No phone,No,No,No,Yes,612.31,12884.74,21
S14273,C14273,Plus,DSL,Yes,No,Yes,No,No,Yes,314.3,17955.26,57
S14274,C14274,Ultra,5G,Yes,Yes,Yes,Yes,No,Yes,623.3,19118.01,31
S14275,C14275,Plus,Fiber,Yes,No,No,Yes,Yes,No,358.07,9039.49,25
S14276,C14276,Basic,DSL,Yes,No,No,No,Yes,Yes,186.15,6201.3,33
S14277,C14277,Ultra,5G,Yes,No,No,Yes,Yes,Yes,625.98,28684.33,46
S14278,C14278,Ultra,Fiber,Yes,No,Yes,No,No,Yes,597.55,12449.95,21
S14279,C14279,Basic,Fiber,Yes,No,No,Yes,Yes,Yes,247.0,5716.6,23
S14280,C14280,Plus,Fiber,Yes,No,Yes,No,Yes,Yes,418.25,12533.15,30
S14281,C14281,Plus,5G,Yes,No,No,Yes,No,No,400.06,11955.04,30
S14282,C14282,Plus,Fiber,Yes,Yes,No,Yes,Yes,No,348.91,14375.45,41
S14283,C14283,Ultra,5G,Yes,No,Yes,No,No,No,591.25,30174.68,51
S14284,C14284,Ultra,DSL,Yes,Yes,No,No,Yes,No,499.6,13421.27,27
S14285,C14285,Ultra,Fiber,Yes,Yes,Yes,No,No,No,559.9,30922.59,55
S14286,C14286,Plus,5G,Yes,Yes,Yes,No,Yes,Yes,359.45,5794.75,16
S14287,C14287,Business,5G,Yes,No,Yes,No,No,No,853.57,34943.72,41
S14288,C14288,Ultra,5G,Yes,No,No,No,Yes,Yes,611.29,23806.69,39
S14289,C14289,Basic,5G,Yes,No,Yes,No,No,Yes,287.13,16533.32,58
S14290,C14290,Plus,Fiber,Yes,Yes,Yes,Yes,No,Yes,368.79,13661.78,37
S14291,C14291,Plus,Fiber,Yes,No,Yes,No,Yes,No,407.26,15969.67,39
S14292,C14292,Ultra,Fiber,Yes,Yes,No,No,Yes,No,536.8,32141.26,60
S14293,C14293,Basic,DSL,No,No phone,No,Yes,No,No,211.51,11501.02,55
S14294,C14294,Basic,DSL,Yes,No,No,Yes,No,Yes,183.26,5871.11,32
S14295,C14295,Basic,Fiber,Yes,No,No,No,No,No,251.09,3291.26,13
S14296,C14296,Ultra,DSL,Yes,No,Yes,No,Yes,Yes,541.39,30371.02,56
S14297,C14297,Ultra,5G,Yes,Yes,No,No,No,Yes,668.61,7178.35,11
S14298,C14298,Plus,DSL,Yes,Yes,Yes,No,No,Yes,334.33,4734.43,14
S14299,C14299,Plus,DSL,Yes,Yes,No,No,Yes,No,319.3,8684.49,27
S14300,C14300,Business,DSL,Yes,Yes,Yes,Yes,Yes,Yes,752.57,12017.05,16
S14301,C14301,Business,No Internet,Yes,Yes,Yes,No,Yes,Yes,760.18,33365.37,44
S14302,C14302,Basic,5G,Yes,Yes,Yes,Yes,Yes,No,300.86,9337.19,31
S14303,C14303,Plus,No Internet,No,No phone,No,No,No,Yes,325.35,16323.85,50
S14304,C14304,Basic,DSL,Yes,No,No,No,Yes,No,136.46,5117.14,38
S14305,C14305,Ultra,DSL,Yes,Yes,Yes,No,No,No,519.43,16568.15,32
S14306,C14306,Ultra,DSL,Yes,No,No,No,Yes,Yes,589.5,9446.89,16
S14307,C14307,Basic,Fiber,No,No phone,No,Yes,No,No,281.24,6881.73,25
S14308,C14308,Ultra,No Internet,Yes,Yes,Yes,No,Yes,No,544.48,20094.31,37
S14309,C14309,Basic,DSL,No,No phone,No,Yes,Yes,No,195.35,7809.15,40
S14310,C14310,Plus,5G,Yes,Yes,Yes,Yes,No,Yes,482.4,19740.1,41
S14311,C14311,Basic,5G,Yes,Yes,No,Yes,No,Yes,287.66,14743.29,51
S14312,C14312,Basic,No Internet,No,No phone,No,No,No,No,192.14,4157.36,22
S14313,C14313,Business,DSL,Yes,No,Yes,No,Yes,Yes,784.04,27525.22,35
S14314,C14314,Plus,Fiber,Yes,No,No,Yes,Yes,Yes,400.62,9945.66,25
S14315,C14315,Plus,5G,Yes,Yes,No,No,No,Yes,463.66,21453.14,46
S14316,C14316,Plus,Fiber,Yes,Yes,No,Yes,No,No,386.24,12325.2,32
S14317,C14317,Basic,Fiber,No,No phone,Yes,Yes,Yes,Yes,267.12,14515.76,54
S14318,C14318,Basic,No Internet,Yes,Yes,No,Yes,Yes,No,172.01,7093.6,41
S14319,C14319,Ultra,Fiber,Yes,No,Yes,Yes,Yes,Yes,590.3,7785.62,13
S14320,C14320,Plus,No Internet,Yes,Yes,No,Yes,No,No,339.93,12794.22,38
S14321,C14321,Basic,No Internet,Yes,Yes,Yes,Yes,Yes,No,164.07,9746.79,60
S14322,C14322,Basic,Fiber,No,No phone,No,No,Yes,Yes,269.1,3687.47,14
S14323,C14323,Plus,5G,Yes,No,No,No,No,No,425.31,23721.03,56
S14324,C14324,Ultra,No Internet,Yes,Yes,Yes,No,Yes,Yes,542.89,7523.19,14
S14325,C14325,Ultra,5G,No,No phone,Yes,Yes,Yes,Yes,647.25,32997.87,51
S14326,C14326,Plus,5G,Yes,Yes,Yes,Yes,No,Yes,480.45,20564.34,43
S14327,C14327,Business,Fiber,Yes,No,No,Yes,No,No,856.77,37766.23,44
S14328,C14328,Plus,Fiber,Yes,Yes,Yes,No,Yes,No,407.01,18268.82,45
S14329,C14329,Plus,DSL,Yes,No,No,Yes,No,No,348.32,5661.55,16
S14330,C14330,Basic,5G,Yes,Yes,Yes,No,No,Yes,252.1,8586.71,34
S14331,C14331,Ultra,5G,Yes,Yes,Yes,No,Yes,Yes,655.61,32746.13,50
S14332,C14332,Business,Fiber,Yes,No,No,Yes,Yes,No,797.28,19213.52,24
S14333,C14333,Basic,Fiber,Yes,Yes,Yes,Yes,Yes,Yes,279.63,15567.34,56
S14334,C14334,Business,Fiber,Yes,No,Yes,Yes,No,No,818.05,45748.29,56
S14335,C14335,Basic,Fiber,Yes,Yes,Yes,No,No,Yes,225.24,7943.36,35
S14336,C14336,Basic,Fiber,Yes,No,Yes,No,Yes,No,216.97,3392.93,16
S14337,C14337,Basic,DSL,Yes,No,No,Yes,No,Yes,214.2,6498.09,30
S14338,C14338,Plus,No Internet,Yes,No,Yes,No,No,Yes,381.34,17117.52,45
S14339,C14339,Plus,5G,Yes,No,No,Yes,Yes,No,399.72,23529.76,59
S14340,C14340,Basic,Fiber,No,No phone,Yes,Yes,Yes,No,259.63,5089.75,20
S14341,C14341,Plus,5G,Yes,No,Yes,Yes,Yes,No,482.89,24586.64,51
S14342,C14342,Basic,DSL,Yes,Yes,Yes,No,No,Yes,222.67,6257.18,28
S14343,C14343,Plus,Fiber,Yes,No,No,Yes,Yes,No,370.94,19641.27,53
S14344,C14344,Plus,DSL,Yes,No,No,Yes,No,No,361.15,13223.23,37
S14345,C14345,Ultra,5G,Yes,Yes,No,No,No,Yes,594.91,14949.76,25
S14346,C14346,Basic,DSL,Yes,No,No,Yes,No,Yes,149.2,5566.74,37
S14347,C14347,Basic,Fiber,Yes,No,Yes,Yes,Yes,No,249.05,7280.1,29
S14348,C14348,Plus,Fiber,No,No phone,No,Yes,Yes,Yes,346.99,4614.26,13
S14349,C14349,Basic,Fiber,Yes,Yes,Yes,No,Yes,No,193.44,2652.25,14
S14350,C14350,Basic,5G,No,No phone,Yes,No,Yes,Yes,285.85,5687.34,20
S14351,C14351,Plus,No Internet,Yes,No,Yes,No,No,Yes,318.26,12839.18,40
S14352,C14352,Plus,Fiber,Yes,No,Yes,Yes,Yes,Yes,411.44,12847.85,31
S14353,C14353,Plus,5G,Yes,Yes,No,No,No,No,398.45,10456.26,26
S14354,C14354,Plus,Fiber,Yes,Yes,No,Yes,Yes,Yes,383.48,8385.89,22
S14355,C14355,Plus,Fiber,Yes,No,No,No,Yes,No,421.17,24085.46,57
S14356,C14356,Basic,DSL,Yes,No,No,No,No,Yes,199.82,6639.58,33
S14357,C14357,Ultra,DSL,No,No phone,No,No,No,Yes,535.62,19914.77,37
S14358,C14358,Plus,5G,Yes,No,No,Yes,Yes,No,439.25,10916.93,25
S14359,C14359,Basic,Fiber,Yes,No,No,Yes,No,No,254.1,3493.08,14
S14360,C14360,Basic,5G,Yes,No,No,No,Yes,No,236.3,9696.24,41
S14361,C14361,Business,5G,Yes,Yes,No,Yes,No,Yes,814.73,30109.73,37
S14362,C14362,Ultra,5G,Yes,Yes,No,Yes,Yes,Yes,620.72,27295.34,44
S14363,C14363,Plus,5G,Yes,Yes,No,Yes,Yes,No,427.27,22219.13,52
S14364,C14364,Plus,Fiber,Yes,No,No,Yes,No,Yes,403.17,16072.74,40
S14365,C14365,Basic,5G,No,No phone,No,Yes,Yes,No,253.28,4025.9,16
S14366,C14366,Business,No Internet,Yes,No,Yes,Yes,Yes,Yes,764.32,33539.59,44
S14367,C14367,Basic,DSL,Yes,Yes,No,No,Yes,No,189.32,9014.84,48
S14368,C14368,Plus,Fiber,Yes,No,No,No,No,Yes,433.62,18596.59,43
S14369,C14369,Ultra,Fiber,Yes,Yes,No,No,No,Yes,611.38,21339.62,35
S14370,C14370,Business,Fiber,Yes,Yes,Yes,No,Yes,Yes,823.1,27075.21,33
S14371,C14371,Plus,5G,Yes,No,No,Yes,Yes,Yes,424.86,5552.03,13
S14372,C14372,Ultra,Fiber,Yes,No,No,Yes,Yes,No,600.44,9646.18,16
S14373,C14373,Ultra,5G,Yes,Yes,Yes,No,Yes,Yes,621.08,18149.13,29
S14374,C14374,Basic,5G,Yes,Yes,Yes,Yes,Yes,No,287.23,8316.92,29
S14375,C14375,Plus,Fiber,No,No phone,No,No,Yes,Yes,420.03,13157.71,31
S14376,C14376,Basic,Fiber,Yes,Yes,No,No,Yes,Yes,230.72,8461.16,37
S14377,C14377,Basic,Fiber,Yes,Yes,No,Yes,No,No,261.83,12013.22,46
S14378,C14378,Basic,Fiber,Yes,No,Yes,Yes,Yes,No,330.55,10333.34,31
S14379,C14379,Plus,5G,Yes,Yes,No,Yes,Yes,Yes,393.49,11748.12,30
S14380,C14380,Basic,Fiber,Yes,No,No,No,Yes,No,214.97,4427.43,20
S14381,C14381,Plus,DSL,Yes,No,No,Yes,Yes,Yes,326.66,19742.31,60
S14382,C14382,Basic,DSL,Yes,Yes,Yes,Yes,Yes,Yes,264.73,5570.9,21
S14383,C14383,Basic,5G,Yes,Yes,Yes,No,No,Yes,325.0,11802.21,36
S14384,C14384,Basic,5G,Yes,Yes,No,No,Yes,No,286.47,6057.0,21
S14385,C14385,Ultra,DSL,Yes,No,No,No,Yes,Yes,523.8,22958.46,44
S14386,C14386,Plus,5G,Yes,No,No,No,Yes,Yes,411.26,23542.8,57
S14387,C14387,Ultra,5G,No,No phone,No,Yes,No,Yes,607.95,14730.56,24
S14388,C14388,Basic,Fiber,No,No phone,No,Yes,No,No,192.05,4818.73,26
S14389,C14389,Basic,Fiber,No,No phone,No,Yes,Yes,Yes,280.42,15652.74,56
S14390,C14390,Plus,Fiber,Yes,No,No,Yes,No,No,421.16,15073.75,36
S14391,C14391,Plus,No Internet,Yes,Yes,Yes,Yes,No,No,333.47,19605.87,59
S14392,C14392,Business,DSL,Yes,No,No,No,Yes,No,742.81,17796.74,24
S14393,C14393,Basic,DSL,Yes,Yes,No,No,No,Yes,213.07,6253.05,29
S14394,C14394,Plus,Fiber,Yes,Yes,No,Yes,Yes,No,383.74,16217.07,42
S14395,C14395,Basic,DSL,Yes,No,Yes,Yes,Yes,Yes,186.38,3705.84,20
S14396,C14396,Ultra,Fiber,Yes,Yes,Yes,Yes,No,No,620.55,15535.13,25
S14397,C14397,Ultra,DSL,Yes,No,Yes,Yes,Yes,Yes,556.86,8887.75,16
S14398,C14398,Basic,5G,Yes,Yes,Yes,No,Yes,Yes,271.22,10343.44,38
S14399,C14399,Ultra,Fiber,Yes,No,No,No,No,Yes,590.92,11886.17,20
S14400,C14400,Business,DSL,Yes,No,No,No,Yes,No,733.63,42433.1,58
S14401,C14401,Plus,5G,Yes,Yes,No,No,Yes,No,430.31,19380.82,45
S14402,C14402,Ultra,5G,Yes,No,No,Yes,Yes,Yes,618.06,22758.27,37
S14403,C14403,Ultra,DSL,No,No phone,Yes,Yes,No,Yes,547.7,16409.97,30
S14404,C14404,Business,DSL,Yes,Yes,Yes,Yes,Yes,Yes,707.85,32650.7,46
S14405,C14405,Basic,Fiber,Yes,No,Yes,No,No,No,271.42,4890.11,19
S14406,C14406,Business,DSL,Yes,No,No,Yes,Yes,Yes,724.34,35452.04,49
S14407,C14407,Basic,5G,Yes,No,No,Yes,No,Yes,280.19,10137.99,36
S14408,C14408,Basic,5G,Yes,Yes,Yes,Yes,Yes,Yes,310.4,14298.63,46
S14409,C14409,Ultra,Fiber,No,No phone,No,No,Yes,No,572.73,10821.79,19
S14410,C14410,Ultra,DSL,No,No phone,No,Yes,No,Yes,540.93,19531.38,36
S14411,C14411,Business,Fiber,Yes,No,No,Yes,No,Yes,832.76,38214.06,46
S14412,C14412,Ultra,DSL,Yes,Yes,No,Yes,No,Yes,533.48,16139.13,30
S14413,C14413,Ultra,Fiber,Yes,Yes,Yes,Yes,No,No,624.09,33671.94,54
S14414,C14414,Basic,Fiber,Yes,Yes,No,Yes,Yes,No,264.87,5506.5,21
S14415,C14415,Business,No Internet,Yes,No,No,Yes,Yes,Yes,751.56,11968.87,16
S14416,C14416,Ultra,No Internet,Yes,No,No,No,No,Yes,497.46,28791.22,58
S14417,C14417,Basic,DSL,Yes,Yes,Yes,Yes,No,No,187.4,6476.53,34
S14418,C14418,Business,No Internet,Yes,Yes,No,Yes,Yes,Yes,731.71,38796.14,53
S14419,C14419,Business,Fiber,Yes,No,No,No,No,Yes,865.7,34615.0,40
S14420,C14420,Basic,5G,No,No phone,Yes,Yes,Yes,Yes,313.59,8540.9,27
S14421,C14421,Business,Fiber,Yes,Yes,No,No,Yes,Yes,805.97,14669.38,18
S14422,C14422,Plus,Fiber,No,No phone,Yes,No,Yes,No,368.96,19872.17,54
S14423,C14423,Business,DSL,Yes,Yes,Yes,Yes,Yes,Yes,790.54,39339.15,50
S14424,C14424,Basic,No Internet,Yes,No,Yes,Yes,No,Yes,174.88,5250.72,29
S14425,C14425,Basic,Fiber,Yes,No,Yes,Yes,No,Yes,237.47,12100.08,51
S14426,C14426,Plus,Fiber,Yes,No,No,No,No,Yes,386.26,17375.22,45
S14427,C14427,Ultra,Fiber,Yes,No,Yes,Yes,No,Yes,608.93,16864.32,28
S14428,C14428,Business,DSL,Yes,No,Yes,Yes,Yes,Yes,734.99,25805.95,35
S14429,C14429,Plus,Fiber,Yes,No,Yes,Yes,Yes,Yes,371.72,7173.94,19
S14430,C14430,Plus,Fiber,Yes,No,Yes,Yes,No,No,375.85,17804.62,47
S14431,C14431,Plus,Fiber,Yes,No,Yes,Yes,Yes,No,400.11,10057.72,25
S14432,C14432,Business,Fiber,Yes,No,Yes,Yes,Yes,Yes,828.27,20600.64,25
S14433,C14433,Business,DSL,Yes,Yes,Yes,Yes,Yes,Yes,765.58,29847.8,39
S14434,C14434,Business,Fiber,Yes,Yes,Yes,Yes,Yes,No,819.59,31074.17,38
S14435,C14435,Basic,Fiber,Yes,Yes,No,No,Yes,Yes,256.07,9944.79,39
S14436,C14436,Basic,Fiber,Yes,Yes,Yes,Yes,Yes,No,222.05,3725.62,17
S14437,C14437,Ultra,5G,Yes,Yes,Yes,No,Yes,No,633.71,22123.63,35
S14438,C14438,Plus,Fiber,Yes,Yes,Yes,Yes,No,Yes,414.47,18260.18,44
S14439,C14439,Ultra,5G,Yes,Yes,Yes,Yes,No,Yes,611.19,22084.95,36
S14440,C14440,Basic,Fiber,Yes,Yes,Yes,No,Yes,Yes,240.21,9513.85,40
S14441,C14441,Plus,5G,Yes,Yes,No,No,No,No,451.89,5867.26,13
S14442,C14442,Ultra,5G,Yes,No,No,Yes,Yes,Yes,607.29,6728.04,11
S14443,C14443,Plus,Fiber,Yes,Yes,No,No,No,Yes,415.18,16285.2,39
S14444,C14444,Basic,Fiber,Yes,No,Yes,Yes,No,Yes,259.3,14327.85,55
S14445,C14445,Basic,5G,Yes,No,Yes,No,Yes,Yes,266.13,15148.08,57
S14446,C14446,Basic,Fiber,No,No phone,Yes,Yes,No,Yes,239.92,12622.28,52
S14447,C14447,Basic,DSL,Yes,No,Yes,No,Yes,Yes,171.16,8907.66,52
S14448,C14448,Ultra,No Internet,Yes,Yes,No,No,Yes,No,547.69,26393.57,48
S14449,C14449,Plus,Fiber,Yes,Yes,No,Yes,No,No,411.9,15547.65,38
S14450,C14450,Basic,Fiber,Yes,No,No,Yes,No,No,271.01,12671.6,47
S14451,C14451,Ultra,Fiber,Yes,No,No,No,Yes,No,592.78,32052.13,54
S14452,C14452,Basic,Fiber,Yes,No,No,No,Yes,Yes,231.29,12636.76,54
S14453,C14453,Plus,5G,Yes,No,No,No,No,Yes,408.12,8984.46,22
S14454,C14454,Business,Fiber,Yes,No,No,Yes,No,No,860.82,50761.44,59
S14455,C14455,Ultra,Fiber,Yes,No,Yes,No,No,Yes,654.93,28825.33,44
S14456,C14456,Basic,No Internet,Yes,Yes,No,Yes,No,No,184.31,2047.13,11
S14457,C14457,Plus,5G,No,No phone,No,Yes,Yes,No,441.04,20628.53,47
S14458,C14458,Plus,Fiber,Yes,No,No,No,Yes,Yes,398.96,21004.49,53
S14459,C14459,Ultra,Fiber,Yes,No,Yes,Yes,Yes,No,549.7,8106.99,15
S14460,C14460,Plus,Fiber,Yes,No,No,No,Yes,No,407.17,10692.44,26
S14461,C14461,Business,Fiber,Yes,Yes,No,No,No,No,823.84,48652.93,59
S14462,C14462,Basic,Fiber,Yes,No,Yes,No,No,No,263.49,4383.37,17
S14463,C14463,Plus,Fiber,Yes,No,No,Yes,No,Yes,396.75,16995.91,43
S14464,C14464,Plus,Fiber,Yes,No,No,Yes,No,Yes,383.96,14300.56,37
S14465,C14465,Plus,DSL,Yes,Yes,No,Yes,No,No,338.1,3320.18,10
S14466,C14466,Plus,Fiber,Yes,Yes,Yes,No,No,No,418.85,19726.58,47
S14467,C14467,Plus,Fiber,Yes,Yes,Yes,Yes,Yes,Yes,402.14,7116.11,18
S14468,C14468,Plus,DSL,Yes,Yes,No,No,Yes,Yes,308.1,7083.62,23
S14469,C14469,Ultra,Fiber,Yes,No,No,Yes,Yes,Yes,525.6,14822.62,28
S14470,C14470,Basic,DSL,Yes,No,Yes,No,Yes,No,160.81,7405.34,46
S14471,C14471,Basic,Fiber,No,No phone,No,Yes,No,Yes,254.99,6462.68,25
S14472,C14472,Plus,5G,No,No phone,Yes,No,No,Yes,399.65,8718.32,22
S14473,C14473,Ultra,Fiber,Yes,No,No,No,No,No,595.98,10359.42,17
S14474,C14474,Ultra,DSL,Yes,Yes,No,No,No,Yes,501.88,18558.13,37
S14475,C14475,Business,5G,Yes,Yes,Yes,No,No,No,850.85,30640.56,36
S14476,C14476,Plus,Fiber,Yes,No,No,Yes,No,Yes,380.99,14806.42,39
S14477,C14477,Business,5G,Yes,Yes,No,Yes,No,Yes,835.5,13367.39,16
S14478,C14478,Plus,DSL,Yes,No,Yes,No,No,No,364.02,21045.93,58
S14479,C14479,Business,5G,Yes,No,Yes,No,No,Yes,839.37,16802.37,20
S14480,C14480,Plus,DSL,Yes,No,No,No,No,Yes,345.99,12197.94,35
S14481,C14481,Plus,5G,Yes,Yes,No,Yes,No,Yes,442.29,8366.7,19
S14482,C14482,Plus,No Internet,Yes,No,Yes,No,No,No,297.59,8725.81,29
S14483,C14483,Basic,DSL,No,No phone,Yes,Yes,No,No,214.21,12916.06,60
S14484,C14484,Plus,DSL,Yes,Yes,No,No,No,No,324.51,4603.33,14
S14485,C14485,Ultra,DSL,Yes,No,Yes,No,Yes,No,576.14,22443.57,39
S14486,C14486,Basic,Fiber,Yes,No,No,Yes,No,Yes,312.48,7443.02,24
S14487,C14487,Basic,Fiber,Yes,No,Yes,Yes,Yes,No,286.35,4085.0,14
S14488,C14488,Business,DSL,Yes,Yes,No,Yes,No,No,737.08,9563.39,13
S14489,C14489,Ultra,DSL,Yes,No,No,No,Yes,No,533.02,13864.77,26
S14490,C14490,Plus,No Internet,No,No phone,Yes,Yes,No,Yes,337.64,13855.68,41
S14491,C14491,Plus,5G,Yes,Yes,No,Yes,No,Yes,405.78,5521.03,14
S14492,C14492,Plus,Fiber,Yes,No,Yes,No,Yes,Yes,399.85,22897.35,57
S14493,C14493,Ultra,Fiber,Yes,No,No,Yes,Yes,Yes,613.87,31297.25,51
S14494,C14494,Plus,Fiber,Yes,No,Yes,No,Yes,No,387.16,20663.84,53
S14495,C14495,Plus,5G,Yes,No,No,Yes,No,No,463.58,17685.97,38
S14496,C14496,Basic,DSL,Yes,No,No,Yes,No,Yes,129.71,6430.13,49
S14497,C14497,Basic,Fiber,No,No phone,No,No,No,No,248.9,8095.07,33
S14498,C14498,Plus,5G,Yes,Yes,No,Yes,Yes,Yes,430.84,22299.44,52
S14499,C14499,Basic,Fiber,Yes,Yes,Yes,Yes,No,Yes,252.17,8895.69,35
S14500,C14500,Business,Fiber,Yes,No,No,No,Yes,Yes,858.77,31767.58,37
S14501,C14501,Business,DSL,Yes,Yes,No,No,Yes,Yes,747.07,14069.51,19
S14502,C14502,Ultra,DSL,Yes,No,No,Yes,Yes,Yes,568.28,33985.4,60
S14503,C14503,Basic,Fiber,Yes,Yes,No,Yes,Yes,Yes,257.5,8218.08,32
S14504,C14504,Ultra,Fiber,Yes,Yes,Yes,Yes,No,Yes,609.53,17741.82,29
S14505,C14505,Ultra,No Internet,Yes,Yes,No,Yes,Yes,Yes,536.99,26836.92,50
S14506,C14506,Basic,5G,No,No phone,No,Yes,Yes,Yes,301.59,7545.57,25
S14507,C14507,Plus,Fiber,Yes,No,Yes,No,No,No,388.63,10455.54,27
S14508,C14508,Ultra,Fiber,Yes,No,No,No,No,Yes,573.1,28622.08,50
S14509,C14509,Ultra,DSL,Yes,Yes,Yes,Yes,No,No,491.68,26916.56,55
S14510,C14510,Ultra,Fiber,Yes,Yes,No,Yes,Yes,No,557.59,17738.98,32
S14511,C14511,Basic,Fiber,No,No phone,No,No,Yes,No,254.88,15395.64,60
S14512,C14512,Basic,DSL,Yes,Yes,Yes,No,Yes,Yes,197.65,11100.37,56
S14513,C14513,Ultra,Fiber,Yes,No,Yes,Yes,Yes,No,625.79,13808.23,22
S14514,C14514,Plus,Fiber,Yes,Yes,No,No,Yes,Yes,379.06,9886.44,26
S14515,C14515,Business,Fiber,Yes,Yes,No,Yes,No,No,773.0,11617.28,15
S14516,C14516,Plus,Fiber,Yes,No,No,Yes,Yes,Yes,370.33,19753.03,53
S14517,C14517,Basic,Fiber,No,No phone,Yes,No,No,No,245.39,3497.18,14
S14518,C14518,Business,Fiber,Yes,Yes,No,Yes,No,Yes,802.56,26542.57,33
S14519,C14519,Plus,Fiber,Yes,Yes,Yes,No,Yes,No,387.51,13134.06,34
S14520,C14520,Plus,Fiber,Yes,Yes,No,Yes,No,Yes,462.99,25938.23,56
S14521,C14521,Basic,Fiber,No,No phone,No,No,Yes,Yes,231.37,11191.06,49
S14522,C14522,Business,No Internet,Yes,No,No,No,Yes,No,786.37,25132.1,32
S14523,C14523,Ultra,No Internet,Yes,Yes,No,Yes,No,No,510.74,19418.75,38
S14524,C14524,Basic,Fiber,Yes,No,No,No,Yes,Yes,246.62,4081.16,16
S14525,C14525,Plus,Fiber,Yes,No,Yes,Yes,Yes,No,387.09,8583.85,22
S14526,C14526,Basic,DSL,Yes,Yes,Yes,Yes,Yes,No,175.29,9000.77,52
S14527,C14527,Basic,No Internet,Yes,No,No,Yes,Yes,No,175.75,7600.24,43
S14528,C14528,Basic,5G,Yes,Yes,Yes,Yes,Yes,Yes,254.29,4052.84,16
S14529,C14529,Basic,Fiber,Yes,No,Yes,Yes,Yes,Yes,232.07,8756.82,37
S14530,C14530,Plus,Fiber,Yes,Yes,Yes,No,Yes,No,350.51,14381.49,41
S14531,C14531,Business,Fiber,Yes,No,No,No,No,No,762.23,31240.15,41
S14532,C14532,Basic,Fiber,Yes,Yes,No,Yes,No,Yes,260.84,5769.03,22
S14533,C14533,Ultra,5G,Yes,No,Yes,No,Yes,No,615.01,29508.61,48
S14534,C14534,Basic,DSL,Yes,Yes,Yes,Yes,Yes,Yes,178.88,7839.62,44
S14535,C14535,Plus,Fiber,Yes,No,No,No,No,No,408.01,7606.54,19
S14536,C14536,Basic,No Internet,Yes,No,No,Yes,Yes,Yes,237.93,5385.5,23
S14537,C14537,Basic,5G,Yes,Yes,No,No,Yes,Yes,291.37,15685.74,54
S14538,C14538,Plus,DSL,Yes,Yes,Yes,No,Yes,No,343.49,12138.42,35
S14539,C14539,Basic,Fiber,Yes,Yes,No,Yes,No,No,257.98,7820.23,30
S14540,C14540,Basic,5G,Yes,Yes,Yes,Yes,No,Yes,230.69,3698.95,16
S14541,C14541,Basic,DSL,Yes,No,No,No,Yes,No,179.08,9630.08,55
S14542,C14542,Plus,5G,Yes,Yes,No,Yes,No,Yes,425.04,18130.39,43
S14543,C14543,Basic,DSL,Yes,No,Yes,Yes,Yes,No,204.38,9751.65,48
S14544,C14544,Business,5G,Yes,No,Yes,Yes,No,No,839.11,14213.33,17
S14545,C14545,Basic,5G,Yes,Yes,No,No,Yes,Yes,284.93,10161.48,36
S14546,C14546,Basic,DSL,Yes,No,No,No,No,Yes,211.07,4224.75,20
S14547,C14547,Plus,5G,Yes,Yes,No,No,Yes,Yes,478.43,27328.99,57
S14548,C14548,Plus,Fiber,Yes,Yes,Yes,Yes,No,No,375.85,15803.31,42
S14549,C14549,Business,Fiber,Yes,Yes,Yes,Yes,No,No,829.44,36486.53,44
S14550,C14550,Basic,5G,Yes,No,No,No,No,Yes,294.02,6172.97,21
S14551,C14551,Business,Fiber,Yes,Yes,No,Yes,Yes,Yes,793.33,26919.16,34
S14552,C14552,Basic,DSL,Yes,Yes,Yes,No,Yes,No,185.12,4234.45,23
S14553,C14553,Ultra,DSL,No,No phone,No,No,No,No,552.29,8876.98,16
S14554,C14554,Plus,Fiber,Yes,Yes,Yes,No,Yes,Yes,417.87,24505.68,59
S14555,C14555,Plus,5G,Yes,No,No,No,No,No,425.75,18639.22,44
S14556,C14556,Plus,DSL,Yes,Yes,No,No,Yes,No,332.3,12018.32,36
S14557,C14557,Business,Fiber,Yes,No,Yes,No,No,Yes,796.32,31911.46,40
S14558,C14558,Plus,5G,Yes,No,Yes,No,No,Yes,440.47,22876.42,52
S14559,C14559,Plus,DSL,Yes,No,Yes,Yes,Yes,Yes,321.75,15362.9,48
S14560,C14560,Plus,DSL,Yes,Yes,Yes,Yes,No,No,332.47,8949.58,27
S14561,C14561,Basic,DSL,Yes,No,Yes,Yes,Yes,Yes,217.58,12590.22,58
S14562,C14562,Plus,5G,Yes,No,No,Yes,No,Yes,430.37,19011.12,44
S14563,C14563,Basic,5G,No,No phone,No,Yes,Yes,No,288.03,12643.37,44
S14564,C14564,Business,DSL,Yes,No,Yes,Yes,No,No,750.41,19440.05,26
S14565,C14565,Plus,Fiber,Yes,Yes,Yes,No,Yes,No,372.92,12280.83,33
S14566,C14566,Basic,Fiber,No,No phone,No,No,Yes,No,251.18,13127.66,52
S14567,C14567,Plus,DSL,Yes,No,Yes,Yes,No,No,313.72,12107.49,39
S14568,C14568,Plus,Fiber,No,No phone,No,No,No,No,351.58,11661.91,33
S14569,C14569,Basic,Fiber,No,No phone,Yes,Yes,Yes,No,272.93,7818.58,28
S14570,C14570,Plus,5G,Yes,No,Yes,Yes,No,Yes,402.88,13759.77,34
S14571,C14571,Business,DSL,Yes,Yes,No,No,No,No,789.42,18900.18,24
S14572,C14572,Basic,DSL,No,No phone,No,No,No,Yes,202.95,2946.89,15
S14573,C14573,Business,No Internet,Yes,No,No,Yes,No,Yes,739.91,28243.86,38
S14574,C14574,Plus,Fiber,Yes,Yes,No,Yes,No,No,392.31,10162.41,26
S14575,C14575,Basic,5G,No,No phone,No,Yes,No,No,222.24,5603.85,25
S14576,C14576,Ultra,Fiber,Yes,No,Yes,No,Yes,No,557.1,25502.98,46
S14577,C14577,Plus,5G,Yes,Yes,No,No,No,Yes,388.84,7096.68,18
S14578,C14578,Plus,Fiber,Yes,No,No,No,Yes,Yes,372.42,20502.98,55
S14579,C14579,Ultra,No Internet,Yes,No,No,No,No,No,522.32,8385.44,16
S14580,C14580,Ultra,DSL,Yes,Yes,Yes,No,No,Yes,561.06,20762.71,37
S14581,C14581,Plus,Fiber,Yes,No,No,No,Yes,Yes,374.57,10941.86,29
S14582,C14582,Ultra,5G,No,No phone,Yes,Yes,No,Yes,664.67,35172.89,53
S14583,C14583,Ultra,5G,Yes,Yes,No,No,Yes,Yes,620.66,14330.8,23
S14584,C14584,Business,Fiber,Yes,Yes,No,Yes,Yes,No,792.07,25337.11,32
S14585,C14585,Business,DSL,Yes,Yes,Yes,Yes,No,No,768.68,30803.07,40
S14586,C14586,Basic,5G,Yes,No,No,No,No,No,297.73,15986.29,54
S14587,C14587,Ultra,Fiber,Yes,Yes,Yes,No,Yes,Yes,631.1,17065.94,27
S14588,C14588,Basic,5G,Yes,Yes,No,Yes,Yes,Yes,240.48,8333.27,35
S14589,C14589,Ultra,5G,Yes,No,Yes,Yes,No,No,615.27,14726.89,24
S14590,C14590,Ultra,5G,Yes,Yes,Yes,Yes,Yes,Yes,583.75,8777.79,15
S14591,C14591,Business,No Internet,Yes,No,No,Yes,No,No,749.93,39704.82,53
S14592,C14592,Business,Fiber,Yes,Yes,Yes,No,No,Yes,783.04,28228.05,36
S14593,C14593,Basic,5G,Yes,Yes,No,No,Yes,No,294.22,11456.62,39
S14594,C14594,Basic,Fiber,No,No phone,Yes,Yes,Yes,Yes,234.05,3009.78,13
S14595,C14595,Ultra,DSL,Yes,Yes,No,No,No,Yes,530.77,30762.56,58
S14596,C14596,Basic,5G,Yes,No,Yes,Yes,No,No,302.71,10122.45,33
S14597,C14597,Business,Fiber,Yes,No,Yes,No,No,No,787.82,11896.5,15
S14598,C14598,Plus,Fiber,Yes,Yes,No,No,No,No,418.32,15138.57,36
S14599,C14599,Basic,Fiber,Yes,No,No,Yes,Yes,Yes,232.43,5743.76,25
S14600,C14600,Basic,Fiber,Yes,No,Yes,No,No,Yes,198.38,6058.82,30
S14601,C14601,Basic,Fiber,Yes,Yes,No,No,No,Yes,292.28,8377.6,29
S14602,C14602,Business,Fiber,Yes,No,No,No,Yes,No,817.63,46502.16,57
S14603,C14603,Plus,DSL,Yes,No,No,No,Yes,Yes,367.68,7370.54,20
S14604,C14604,Basic,Fiber,Yes,No,No,No,Yes,Yes,250.99,8298.24,33
S14605,C14605,Basic,Fiber,Yes,Yes,Yes,No,Yes,Yes,229.7,3142.96,13
S14606,C14606,Plus,No Internet,Yes,Yes,No,Yes,Yes,Yes,359.07,16196.41,45
S14607,C14607,Ultra,Fiber,Yes,Yes,No,No,Yes,Yes,560.05,32424.32,58
S14608,C14608,Ultra,Fiber,Yes,Yes,Yes,Yes,Yes,No,633.78,21059.24,33
S14609,C14609,Plus,5G,Yes,Yes,No,No,Yes,No,385.98,6633.1,17
S14610,C14610,Business,5G,Yes,Yes,No,No,No,Yes,786.17,36972.96,47
S14611,C14611,Plus,Fiber,Yes,Yes,Yes,No,No,No,379.8,4537.57,12
S14612,C14612,Plus,Fiber,Yes,No,Yes,No,Yes,No,379.14,9471.91,25
S14613,C14613,Ultra,No Internet,Yes,No,No,No,Yes,Yes,558.01,10523.52,19
S14614,C14614,Ultra,Fiber,Yes,Yes,No,Yes,Yes,No,571.79,20003.98,35
S14615,C14615,Basic,5G,Yes,Yes,Yes,Yes,No,Yes,296.74,17256.24,58
S14616,C14616,Basic,DSL,Yes,Yes,No,Yes,Yes,No,185.79,8385.33,45
S14617,C14617,Plus,DSL,Yes,No,Yes,No,Yes,No,333.75,13776.73,41
S14618,C14618,Basic,5G,Yes,No,No,Yes,No,No,259.89,15627.25,60
S14619,C14619,Basic,Fiber,Yes,Yes,Yes,No,No,Yes,311.19,11716.92,38
S14620,C14620,Business,5G,Yes,Yes,No,Yes,Yes,Yes,804.82,24923.93,31
S14621,C14621,Basic,Fiber,Yes,Yes,Yes,Yes,Yes,Yes,266.74,5782.11,22
S14622,C14622,Plus,DSL,Yes,Yes,No,No,No,No,340.47,7512.16,22
S14623,C14623,Plus,Fiber,No,No phone,No,No,No,Yes,367.94,10735.11,29
S14624,C14624,Ultra,Fiber,Yes,Yes,No,No,No,Yes,627.4,26377.56,42
S14625,C14625,Plus,Fiber,Yes,Yes,Yes,No,No,No,365.25,17232.61,47
S14626,C14626,Basic,Fiber,Yes,No,No,Yes,Yes,Yes,246.68,12490.04,51
S14627,C14627,Ultra,Fiber,Yes,No,No,No,Yes,No,543.79,9139.99,17
S14628,C14628,Basic,Fiber,Yes,Yes,No,No,Yes,No,229.61,5633.34,25
S14629,C14629,Plus,5G,Yes,Yes,Yes,Yes,No,Yes,401.61,18525.46,46
S14630,C14630,Plus,Fiber,No,No phone,Yes,No,No,Yes,371.49,12043.42,32
S14631,C14631,Basic,Fiber,No,No phone,No,No,Yes,Yes,268.56,10129.6,38
S14632,C14632,Ultra,No Internet,Yes,No,No,Yes,Yes,Yes,506.47,7578.8,15
S14633,C14633,Ultra,DSL,Yes,Yes,No,Yes,No,Yes,535.46,8035.73,15
S14634,C14634,Plus,Fiber,Yes,Yes,Yes,Yes,No,No,393.13,6712.85,17
S14635,C14635,Ultra,5G,Yes,No,Yes,No,Yes,No,613.92,33704.31,55
S14636,C14636,Business,Fiber,Yes,No,No,Yes,Yes,No,794.97,34851.45,44
S14637,C14637,Basic,Fiber,Yes,No,No,No,No,Yes,283.46,8573.48,30
S14638,C14638,Business,Fiber,Yes,Yes,No,No,Yes,Yes,803.87,7146.66,9
S14639,C14639,Plus,5G,Yes,Yes,Yes,Yes,Yes,Yes,419.55,6340.6,15
S14640,C14640,Basic,Fiber,Yes,Yes,No,No,Yes,Yes,192.6,10323.03,54
S14641,C14641,Basic,DSL,No,No phone,Yes,Yes,Yes,Yes,202.25,12022.55,60
S14642,C14642,Basic,Fiber,Yes,No,Yes,Yes,Yes,Yes,261.41,3286.04,13
S14643,C14643,Ultra,Fiber,Yes,Yes,Yes,Yes,No,No,588.87,14682.67,25
S14644,C14644,Ultra,5G,Yes,No,No,No,No,Yes,592.41,31398.84,53
S14645,C14645,Ultra,DSL,Yes,No,No,Yes,Yes,Yes,541.77,25974.52,48
S14646,C14646,Basic,Fiber,Yes,Yes,No,Yes,No,Yes,261.96,14736.9,56
S14647,C14647,Plus,DSL,Yes,Yes,Yes,Yes,No,No,340.95,20476.08,60
S14648,C14648,Basic,DSL,Yes,No,Yes,Yes,Yes,No,190.31,2213.5,12
S14649,C14649,Ultra,Fiber,No,No phone,No,Yes,No,Yes,617.43,15377.7,25
S14650,C14650,Basic,DSL,Yes,Yes,Yes,Yes,No,No,183.07,10268.67,56
S14651,C14651,Business,Fiber,Yes,No,No,No,No,No,811.51,16987.31,21
S14652,C14652,Basic,DSL,No,No phone,No,No,Yes,Yes,177.58,7068.93,40
S14653,C14653,Basic,Fiber,Yes,No,Yes,No,No,Yes,229.64,13638.88,59
S14654,C14654,Ultra,Fiber,Yes,No,Yes,No,No,Yes,575.33,16572.19,29
S14655,C14655,Plus,No Internet,Yes,Yes,Yes,Yes,Yes,No,298.01,11682.1,39
S14656,C14656,Business,No Internet,Yes,Yes,No,Yes,Yes,Yes,769.6,26938.31,35
S14657,C14657,Ultra,Fiber,Yes,No,No,No,No,No,579.99,17522.11,30
S14658,C14658,Ultra,DSL,Yes,No,Yes,No,Yes,No,543.06,31999.29,59
S14659,C14659,Basic,No Internet,No,No phone,Yes,Yes,No,Yes,182.64,10976.71,60
S14660,C14660,Basic,Fiber,Yes,No,Yes,Yes,No,No,239.09,5804.5,24
S14661,C14661,Basic,Fiber,No,No phone,Yes,No,No,No,239.01,6612.81,28
S14662,C14662,Ultra,5G,Yes,Yes,Yes,Yes,No,No,637.24,27287.45,43
S14663,C14663,Basic,5G,Yes,Yes,Yes,No,Yes,Yes,283.53,13688.26,48
S14664,C14664,Ultra,Fiber,Yes,Yes,Yes,No,No,Yes,632.91,7097.64,11
S14665,C14665,Basic,5G,Yes,No,No,Yes,Yes,Yes,264.05,3670.45,14
S14666,C14666,Ultra,Fiber,Yes,No,No,Yes,Yes,Yes,586.76,18778.08,32
S14667,C14667,Business,5G,No,No phone,No,No,Yes,Yes,857.73,30899.49,36
S14668,C14668,Ultra,Fiber,Yes,No,No,Yes,Yes,No,591.55,25390.57,43
S14669,C14669,Basic,No Internet,Yes,Yes,No,No,Yes,Yes,236.6,12820.82,54
S14670,C14670,Plus,Fiber,Yes,Yes,Yes,Yes,Yes,Yes,399.96,10013.5,25
S14671,C14671,Plus,Fiber,Yes,No,Yes,Yes,No,No,393.45,12563.6,32
S14672,C14672,Plus,DSL,Yes,No,No,No,No,No,282.85,15596.17,55
S14673,C14673,Plus,DSL,Yes,No,No,Yes,No,No,290.82,8374.11,29
S14674,C14674,Business,DSL,Yes,No,Yes,No,Yes,Yes,728.06,30592.18,42
S14675,C14675,Basic,Fiber,Yes,Yes,Yes,No,No,Yes,252.66,10037.91,40
S14676,C14676,Business,DSL,Yes,No,No,No,Yes,Yes,774.22,43374.73,56
S14677,C14677,Basic,5G,No,No phone,Yes,Yes,No,No,298.62,10328.42,34
S14678,C14678,Plus,No Internet,Yes,No,No,Yes,Yes,No,324.02,14071.42,44
S14679,C14679,Basic,DSL,Yes,No,No,Yes,Yes,Yes,204.66,10727.2,52
S14680,C14680,Plus,No Internet,Yes,Yes,Yes,No,Yes,No,321.47,19378.51,60
S14681,C14681,Basic,Fiber,Yes,No,Yes,No,No,No,225.34,8722.93,39
S14682,C14682,Plus,DSL,Yes,No,Yes,No,Yes,No,342.46,11625.56,34
S14683,C14683,Business,DSL,Yes,Yes,Yes,Yes,Yes,Yes,794.9,38293.02,48
S14684,C14684,Basic,5G,Yes,No,Yes,No,No,Yes,268.69,14228.78,53
S14685,C14685,Basic,5G,No,No phone,Yes,No,Yes,Yes,302.87,10934.37,36
S14686,C14686,Basic,Fiber,No,No phone,Yes,Yes,Yes,No,228.46,12824.54,56
S14687,C14687,Plus,DSL,Yes,Yes,No,Yes,Yes,Yes,325.37,12375.67,38
S14688,C14688,Ultra,5G,Yes,Yes,No,No,Yes,Yes,612.05,18911.13,31
S14689,C14689,Plus,Fiber,Yes,No,No,Yes,Yes,No,403.68,18898.13,47
S14690,C14690,Basic,Fiber,Yes,No,Yes,No,No,No,264.49,9597.87,36
S14691,C14691,Plus,Fiber,Yes,No,Yes,No,No,No,409.22,10701.59,26
S14692,C14692,Business,DSL,Yes,Yes,Yes,No,No,No,718.52,31611.55,44
S14693,C14693,Plus,DSL,No,No phone,No,Yes,Yes,Yes,348.15,5536.13,16
S14694,C14694,Ultra,Fiber,Yes,Yes,Yes,No,No,Yes,589.22,29423.52,50
S14695,C14695,Ultra,5G,Yes,Yes,No,Yes,Yes,No,607.37,32130.35,53
S14696,C14696,Ultra,Fiber,Yes,Yes,No,No,No,No,603.51,29003.31,48
S14697,C14697,Plus,5G,Yes,Yes,No,Yes,No,No,349.39,4077.68,12
S14698,C14698,Plus,No Internet,Yes,No,No,No,Yes,Yes,334.41,18873.99,57
S14699,C14699,Basic,Fiber,Yes,Yes,No,No,No,No,244.26,14520.16,59
S14700,C14700,Plus,5G,Yes,Yes,No,Yes,Yes,No,442.6,19923.82,45
S14701,C14701,Basic,DSL,Yes,Yes,Yes,No,No,No,174.16,8397.54,48
S14702,C14702,Plus,Fiber,Yes,Yes,No,No,Yes,No,363.72,6930.06,19
S14703,C14703,Basic,No Internet,Yes,No,No,Yes,No,Yes,217.56,6683.17,30
S14704,C14704,Ultra,Fiber,Yes,Yes,No,Yes,No,No,597.72,34140.48,57
S14705,C14705,Plus,Fiber,Yes,No,Yes,No,Yes,No,404.13,19771.09,49
S14706,C14706,Plus,Fiber,Yes,Yes,Yes,Yes,No,Yes,377.83,10960.4,29
S14707,C14707,Basic,Fiber,No,No phone,Yes,No,Yes,No,258.35,5292.48,20
S14708,C14708,Basic,5G,No,No phone,No,Yes,No,No,239.07,5486.5,23
S14709,C14709,Plus,5G,Yes,No,Yes,Yes,No,Yes,396.54,8735.01,22
S14710,C14710,Business,5G,Yes,No,No,Yes,Yes,No,824.38,44528.79,54
S14711,C14711,Plus,No Internet,Yes,Yes,Yes,Yes,No,No,276.46,4477.03,16
S14712,C14712,Plus,Fiber,Yes,Yes,Yes,No,No,No,375.58,15630.37,42
S14713,C14713,Plus,Fiber,Yes,No,No,Yes,Yes,Yes,390.7,8995.09,23
S14714,C14714,Basic,DSL,Yes,No,Yes,Yes,Yes,Yes,207.17,5519.1,27
S14715,C14715,Basic,Fiber,Yes,Yes,Yes,Yes,No,No,307.67,15468.51,50
S14716,C14716,Plus,Fiber,Yes,No,No,Yes,No,No,401.87,17302.29,43
S14717,C14717,Ultra,5G,No,No phone,Yes,No,No,Yes,613.93,8600.72,14
S14718,C14718,Basic,DSL,Yes,No,No,No,Yes,No,166.54,6782.81,40
S14719,C14719,Plus,Fiber,No,No phone,No,Yes,Yes,No,451.78,14769.49,33
S14720,C14720,Ultra,Fiber,Yes,No,Yes,Yes,Yes,Yes,541.32,19390.77,36
S14721,C14721,Plus,5G,Yes,Yes,No,Yes,No,Yes,437.88,7465.31,17
S14722,C14722,Plus,5G,Yes,Yes,Yes,Yes,No,No,374.31,5358.56,14
S14723,C14723,Basic,DSL,Yes,No,Yes,No,Yes,Yes,152.09,6561.86,43
S14724,C14724,Ultra,5G,Yes,Yes,Yes,No,Yes,Yes,621.93,30486.45,49
S14725,C14725,Plus,Fiber,Yes,Yes,Yes,No,Yes,Yes,419.0,22546.25,54
S14726,C14726,Plus,Fiber,Yes,No,No,No,No,Yes,396.22,15152.68,38
S14727,C14727,Basic,5G,Yes,Yes,Yes,No,No,No,316.39,11047.72,35
S14728,C14728,Basic,Fiber,Yes,No,No,No,Yes,Yes,275.13,15241.81,55
S14729,C14729,Plus,Fiber,Yes,Yes,Yes,No,No,No,423.03,13510.39,32
S14730,C14730,Basic,Fiber,Yes,Yes,No,Yes,Yes,Yes,247.13,14491.83,58
S14731,C14731,Business,Fiber,Yes,No,No,Yes,No,No,854.94,35015.44,41
S14732,C14732,Plus,DSL,No,No phone,No,Yes,No,No,295.77,4504.07,15
S14733,C14733,Plus,5G,Yes,Yes,Yes,No,No,No,489.93,26494.78,54
S14734,C14734,Business,DSL,Yes,No,Yes,Yes,No,No,738.23,13331.45,18
S14735,C14735,Basic,Fiber,Yes,Yes,Yes,No,No,Yes,242.9,3414.56,14
S14736,C14736,Plus,DSL,Yes,Yes,Yes,Yes,Yes,No,321.57,8973.94,28
S14737,C14737,Basic,5G,Yes,Yes,Yes,Yes,Yes,No,296.92,14860.03,50
S14738,C14738,Plus,DSL,Yes,No,No,No,No,No,283.57,7690.27,27
S14739,C14739,Plus,Fiber,Yes,Yes,Yes,Yes,No,Yes,370.04,8307.68,22
S14740,C14740,Basic,Fiber,Yes,Yes,Yes,No,Yes,No,259.61,4730.0,18
S14741,C14741,Basic,No Internet,No,No phone,Yes,No,No,No,184.41,9080.14,49
S14742,C14742,Plus,DSL,Yes,No,No,Yes,Yes,Yes,301.85,13305.34,44
S14743,C14743,Basic,5G,No,No phone,No,No,No,Yes,262.66,10563.77,40
S14744,C14744,Basic,Fiber,Yes,Yes,No,No,No,Yes,202.55,2387.47,12
S14745,C14745,Basic,Fiber,Yes,No,Yes,Yes,No,Yes,265.71,4263.62,16
S14746,C14746,Plus,DSL,Yes,Yes,Yes,Yes,No,Yes,323.34,13650.21,42
S14747,C14747,Plus,Fiber,Yes,Yes,No,No,Yes,No,408.9,18060.53,44
S14748,C14748,Ultra,Fiber,No,No phone,No,No,Yes,No,564.45,29398.27,52
S14749,C14749,Plus,DSL,Yes,No,Yes,No,No,Yes,333.51,13603.19,41
S14750,C14750,Basic,No Internet,Yes,Yes,No,Yes,Yes,No,155.69,4062.94,25
S14751,C14751,Business,5G,Yes,No,No,Yes,Yes,Yes,809.42,40429.88,50
S14752,C14752,Ultra,5G,Yes,No,No,No,No,No,690.31,39276.9,57
S14753,C14753,Basic,5G,Yes,Yes,Yes,No,No,Yes,256.55,9532.29,37
S14754,C14754,Business,DSL,Yes,No,Yes,Yes,Yes,No,741.52,20005.42,27
S14755,C14755,Basic,Fiber,No,No phone,No,Yes,Yes,Yes,245.19,11480.83,47
S14756,C14756,Basic,DSL,Yes,Yes,Yes,Yes,Yes,No,172.01,4553.54,27
S14757,C14757,Basic,Fiber,Yes,No,No,No,Yes,Yes,261.36,7472.54,29
S14758,C14758,Plus,5G,Yes,No,Yes,Yes,Yes,Yes,451.69,21343.84,47
S14759,C14759,Business,Fiber,Yes,No,No,Yes,Yes,Yes,757.66,45582.43,60
S14760,C14760,Plus,No Internet,Yes,No,Yes,Yes,No,No,300.45,5420.61,18
S14761,C14761,Plus,5G,Yes,Yes,No,Yes,Yes,Yes,436.33,15344.05,35
S14762,C14762,Plus,Fiber,Yes,No,Yes,Yes,No,Yes,391.81,13741.03,35
S14763,C14763,Plus,DSL,Yes,Yes,No,No,No,No,342.23,10675.54,31
S14764,C14764,Business,DSL,No,No phone,Yes,Yes,Yes,No,686.85,16494.64,24
S14765,C14765,Plus,Fiber,Yes,No,Yes,No,No,No,384.2,21070.65,55
S14766,C14766,Business,5G,Yes,No,Yes,Yes,No,Yes,851.58,31479.96,37
S14767,C14767,Basic,DSL,Yes,Yes,No,Yes,No,No,163.23,5989.55,36
S14768,C14768,Basic,5G,Yes,Yes,Yes,Yes,Yes,No,277.42,4421.66,16
S14769,C14769,Plus,DSL,Yes,No,No,Yes,No,Yes,349.81,6315.67,18
S14770,C14770,Ultra,Fiber,Yes,Yes,Yes,Yes,No,Yes,615.66,28835.83,47
S14771,C14771,Plus,5G,Yes,No,Yes,Yes,Yes,Yes,390.49,7299.12,19
S14772,C14772,Plus,DSL,Yes,No,Yes,Yes,Yes,No,355.0,16683.29,47
S14773,C14773,Plus,5G,Yes,Yes,Yes,Yes,No,No,458.16,6425.48,14
S14774,C14774,Plus,Fiber,Yes,Yes,No,No,Yes,No,408.86,19206.56,47
S14775,C14775,Basic,DSL,Yes,Yes,Yes,No,No,Yes,168.8,2691.84,15
S14776,C14776,Basic,5G,Yes,No,No,No,Yes,No,302.94,11763.26,39
S14777,C14777,Business,Fiber,Yes,Yes,Yes,Yes,Yes,No,798.04,24762.51,31
S14778,C14778,Plus,Fiber,No,No phone,Yes,No,Yes,No,423.43,5452.13,13
S14779,C14779,Plus,Fiber,Yes,No,No,No,Yes,Yes,375.1,9644.95,26
S14780,C14780,Business,Fiber,Yes,Yes,Yes,No,Yes,Yes,795.21,25446.14,32
S14781,C14781,Business,No Internet,Yes,No,Yes,No,Yes,No,737.18,27269.5,37
S14782,C14782,Basic,5G,No,No phone,No,Yes,No,Yes,315.08,5374.9,17
S14783,C14783,Plus,Fiber,Yes,No,Yes,Yes,Yes,No,353.51,10579.26,30
S14784,C14784,Basic,DSL,Yes,Yes,Yes,Yes,No,Yes,196.74,7259.63,37
S14785,C14785,Plus,DSL,Yes,Yes,No,No,No,No,287.97,2945.13,10
S14786,C14786,Plus,5G,Yes,No,Yes,No,Yes,Yes,432.55,19429.77,45
S14787,C14787,Business,DSL,Yes,Yes,Yes,Yes,No,No,750.16,16571.86,22
S14788,C14788,Plus,Fiber,Yes,No,Yes,Yes,Yes,No,400.04,7920.3,20
S14789,C14789,Plus,DSL,Yes,Yes,No,Yes,No,No,338.25,11260.36,33
S14790,C14790,Business,Fiber,Yes,No,No,No,No,Yes,873.65,45321.99,52
S14791,C14791,Plus,DSL,Yes,Yes,Yes,Yes,No,Yes,324.48,6539.21,20
S14792,C14792,Basic,5G,Yes,Yes,No,Yes,No,Yes,312.11,9364.34,30
S14793,C14793,Ultra,5G,Yes,No,Yes,Yes,No,Yes,629.6,14455.75,23
S14794,C14794,Basic,Fiber,Yes,No,Yes,No,No,Yes,286.25,6301.47,22
S14795,C14795,Ultra,Fiber,Yes,Yes,Yes,No,No,No,603.78,28457.57,47
S14796,C14796,Basic,5G,Yes,Yes,Yes,No,No,Yes,286.07,6295.78,22
S14797,C14797,Basic,No Internet,Yes,No,No,Yes,Yes,Yes,202.01,5633.97,27
S14798,C14798,Plus,Fiber,Yes,Yes,Yes,Yes,Yes,Yes,407.51,24187.42,59
S14799,C14799,Plus,Fiber,No,No phone,No,Yes,Yes,Yes,353.56,14902.07,42
S14800,C14800,Ultra,DSL,Yes,No,No,No,No,Yes,505.65,26287.55,52
S14801,C14801,Ultra,Fiber,Yes,No,No,No,Yes,Yes,596.28,11862.65,20
S14802,C14802,Ultra,Fiber,Yes,No,No,No,No,No,579.51,23605.55,41
S14803,C14803,Basic,Fiber,Yes,Yes,Yes,No,Yes,No,206.39,2735.79,13
S14804,C14804,Ultra,No Internet,Yes,Yes,No,No,Yes,No,545.32,10328.35,19
S14805,C14805,Plus,Fiber,Yes,Yes,Yes,No,Yes,No,407.36,6855.84,17
S14806,C14806,Basic,DSL,Yes,No,Yes,No,Yes,No,161.7,6261.76,39
S14807,C14807,Ultra,5G,Yes,No,No,Yes,No,Yes,581.54,28975.85,50
S14808,C14808,Basic,Fiber,Yes,No,Yes,No,No,Yes,239.33,5996.75,25
S14809,C14809,Business,Fiber,Yes,No,No,Yes,Yes,No,811.43,11408.67,14
S14810,C14810,Basic,Fiber,Yes,No,Yes,Yes,Yes,No,209.82,11610.09,56
S14811,C14811,Basic,Fiber,Yes,No,No,No,Yes,No,240.0,12556.02,52
S14812,C14812,Basic,Fiber,Yes,Yes,Yes,No,Yes,No,238.55,9744.28,41
S14813,C14813,Plus,5G,Yes,No,No,No,Yes,No,436.33,10865.46,25
S14814,C14814,Basic,5G,Yes,Yes,Yes,No,No,Yes,319.34,8609.12,27
S14815,C14815,Plus,Fiber,Yes,No,Yes,Yes,No,No,421.4,11340.77,27
S14816,C14816,Plus,Fiber,Yes,No,Yes,No,No,Yes,364.9,8678.37,24
S14817,C14817,Business,Fiber,Yes,No,No,Yes,No,No,806.05,27447.18,34
S14818,C14818,Plus,DSL,Yes,No,Yes,Yes,Yes,Yes,355.95,15181.33,43
S14819,C14819,Ultra,5G,Yes,Yes,Yes,Yes,Yes,Yes,621.89,17346.4,28
S14820,C14820,Ultra,DSL,No,No phone,Yes,No,Yes,Yes,569.67,28591.11,50
S14821,C14821,Plus,Fiber,Yes,No,Yes,No,No,Yes,407.3,8996.25,22
S14822,C14822,Basic,5G,Yes,Yes,Yes,Yes,No,No,248.05,9819.6,39
S14823,C14823,Basic,Fiber,No,No phone,No,Yes,Yes,No,263.82,7747.06,29
S14824,C14824,Plus,DSL,Yes,Yes,No,Yes,Yes,Yes,294.32,14116.24,48
S14825,C14825,Ultra,5G,Yes,Yes,No,Yes,No,No,640.38,8951.78,14
S14826,C14826,Plus,Fiber,Yes,No,No,Yes,No,Yes,410.1,14727.04,36
S14827,C14827,Plus,5G,Yes,No,Yes,No,No,No,430.55,11908.2,28
S14828,C14828,Business,DSL,Yes,Yes,Yes,No,No,No,687.86,39849.04,58
S14829,C14829,Basic,Fiber,Yes,No,No,Yes,No,Yes,251.18,9497.25,38
S14830,C14830,Plus,DSL,Yes,Yes,No,No,Yes,Yes,293.13,8793.71,30
S14831,C14831,Plus,DSL,Yes,No,No,Yes,Yes,No,366.15,9157.96,25
S14832,C14832,Plus,DSL,Yes,Yes,Yes,No,Yes,No,295.51,8505.65,29
S14833,C14833,Basic,No Internet,Yes,No,No,No,No,No,186.88,9790.09,52
S14834,C14834,Business,Fiber,Yes,No,No,No,No,No,818.32,27831.02,34
S14835,C14835,Business,DSL,Yes,Yes,Yes,Yes,No,No,768.69,39880.39,52
S14836,C14836,Ultra,DSL,Yes,Yes,Yes,Yes,No,No,563.99,30537.84,54
S14837,C14837,Basic,5G,Yes,Yes,Yes,No,Yes,No,259.78,12673.27,49
S14838,C14838,Plus,DSL,Yes,No,Yes,Yes,Yes,No,304.13,9907.24,33
S14839,C14839,Business,DSL,Yes,No,Yes,No,No,Yes,779.86,46836.44,60
S14840,C14840,Basic,Fiber,No,No phone,No,Yes,Yes,No,230.12,4376.56,19
S14841,C14841,Business,DSL,No,No phone,Yes,No,No,No,746.32,17142.2,23
S14842,C14842,Plus,5G,Yes,Yes,Yes,Yes,No,No,440.65,13817.8,31
S14843,C14843,Plus,5G,Yes,No,Yes,No,No,Yes,472.58,27796.26,59
S14844,C14844,Basic,Fiber,Yes,Yes,No,Yes,No,No,249.21,6844.81,28
S14845,C14845,Basic,Fiber,No,No phone,Yes,Yes,No,Yes,232.66,5499.43,24
S14846,C14846,Basic,Fiber,Yes,No,No,Yes,No,Yes,220.09,8528.01,39
S14847,C14847,Basic,5G,Yes,Yes,No,Yes,No,No,333.27,13944.03,42
S14848,C14848,Plus,5G,Yes,Yes,Yes,Yes,Yes,No,451.22,14019.52,31
S14849,C14849,Ultra,5G,Yes,Yes,Yes,Yes,No,No,610.34,11699.34,19
S14850,C14850,Basic,5G,Yes,No,Yes,No,Yes,No,248.38,13932.98,56
S14851,C14851,Basic,DSL,Yes,No,Yes,No,No,No,172.77,4674.89,27
S14852,C14852,Business,DSL,Yes,No,Yes,No,No,No,735.56,22678.33,31
S14853,C14853,Basic,Fiber,Yes,No,Yes,No,No,No,256.73,12894.01,51
S14854,C14854,Plus,5G,Yes,No,Yes,No,Yes,No,410.86,22163.87,54
S14855,C14855,Basic,Fiber,No,No phone,No,Yes,No,Yes,250.1,10902.55,44
S14856,C14856,Basic,No Internet,Yes,Yes,No,No,Yes,No,184.46,7370.75,40
S14857,C14857,Basic,No Internet,No,No phone,Yes,No,No,No,186.11,10611.23,57
S14858,C14858,Basic,Fiber,No,No phone,No,Yes,No,No,248.58,13957.77,56
S14859,C14859,Plus,Fiber,No,No phone,No,No,No,No,390.66,16503.06,42
S14860,C14860,Basic,DSL,Yes,No,No,No,No,Yes,223.31,12965.73,58
S14861,C14861,Plus,DSL,Yes,No,No,Yes,Yes,No,299.76,15912.87,53
S14862,C14862,Basic,5G,Yes,Yes,Yes,Yes,No,Yes,359.65,16982.1,47
S14863,C14863,Plus,Fiber,Yes,No,Yes,Yes,No,Yes,360.82,18944.92,52
S14864,C14864,Business,5G,Yes,No,No,Yes,Yes,Yes,861.19,48149.81,56
S14865,C14865,Business,Fiber,Yes,No,No,No,No,Yes,822.51,45176.08,55
S14866,C14866,Basic,Fiber,Yes,No,No,No,Yes,Yes,267.68,8569.3,32
S14867,C14867,Ultra,Fiber,Yes,No,No,Yes,Yes,No,613.67,32503.35,53
S14868,C14868,Plus,No Internet,Yes,No,Yes,Yes,No,No,316.0,7539.95,24
S14869,C14869,Ultra,DSL,Yes,Yes,Yes,No,No,Yes,540.41,13978.83,26
S14870,C14870,Business,Fiber,Yes,Yes,Yes,Yes,No,Yes,820.74,30300.03,37
S14871,C14871,Business,DSL,Yes,No,No,Yes,No,No,776.06,27944.8,36
S14872,C14872,Business,Fiber,Yes,Yes,Yes,Yes,Yes,No,852.46,15448.68,18
S14873,C14873,Ultra,5G,Yes,Yes,Yes,No,No,No,583.26,11060.41,19
S14874,C14874,Ultra,No Internet,Yes,No,Yes,No,Yes,Yes,562.42,11969.81,21
S14875,C14875,Ultra,DSL,Yes,Yes,No,Yes,No,Yes,561.46,23039.94,41
S14876,C14876,Plus,Fiber,Yes,Yes,No,No,No,Yes,340.06,4754.93,14
S14877,C14877,Basic,Fiber,Yes,No,No,Yes,No,Yes,267.03,5068.8,19
S14878,C14878,Basic,5G,Yes,No,No,No,Yes,Yes,312.92,7219.92,23
S14879,C14879,Plus,No Internet,Yes,Yes,Yes,No,No,No,361.9,18092.6,50
S14880,C14880,Ultra,DSL,Yes,No,Yes,Yes,No,Yes,541.06,20527.95,38
S14881,C14881,Plus,Fiber,Yes,Yes,No,No,No,Yes,350.95,10755.63,31
S14882,C14882,Plus,5G,Yes,No,No,No,No,No,469.2,17388.26,37
S14883,C14883,Plus,DSL,Yes,No,Yes,No,No,Yes,303.93,9180.66,30
S14884,C14884,Business,Fiber,Yes,No,Yes,No,No,No,826.08,33900.47,41
S14885,C14885,Basic,DSL,Yes,No,No,No,No,Yes,180.84,8891.85,49
S14886,C14886,Basic,Fiber,Yes,Yes,Yes,No,No,No,244.12,5537.68,23
S14887,C14887,Business,Fiber,Yes,No,Yes,Yes,Yes,No,825.47,24885.65,30
S14888,C14888,Business,No Internet,Yes,Yes,Yes,No,Yes,Yes,775.69,37950.09,49
S14889,C14889,Basic,DSL,Yes,Yes,Yes,Yes,No,Yes,197.02,8006.79,40
S14890,C14890,Plus,Fiber,Yes,No,No,Yes,Yes,No,361.25,6795.97,19
S14891,C14891,Basic,Fiber,Yes,Yes,No,Yes,Yes,Yes,216.57,8887.63,41
S14892,C14892,Basic,DSL,Yes,No,Yes,No,Yes,Yes,83.59,1924.92,22
S14893,C14893,Basic,Fiber,Yes,Yes,Yes,Yes,No,No,254.73,10955.89,43
S14894,C14894,Ultra,Fiber,Yes,No,Yes,No,No,Yes,604.92,28995.79,48
S14895,C14895,Business,Fiber,Yes,No,No,No,Yes,Yes,847.57,43108.0,51
S14896,C14896,Basic,5G,Yes,Yes,Yes,Yes,No,Yes,286.72,4560.06,16
S14897,C14897,Plus,DSL,No,No phone,No,No,Yes,Yes,324.74,11727.23,36
S14898,C14898,Business,Fiber,Yes,No,No,No,No,Yes,820.44,24620.67,30
S14899,C14899,Business,Fiber,Yes,No,No,No,Yes,Yes,810.1,36397.35,45
S14900,C14900,Business,Fiber,Yes,No,Yes,No,No,Yes,801.6,29649.65,37
S14901,C14901,Business,Fiber,Yes,No,No,Yes,No,No,852.91,23841.6,28
S14902,C14902,Plus,DSL,No,No phone,Yes,Yes,Yes,Yes,322.95,4795.56,15
S14903,C14903,Business,Fiber,Yes,Yes,Yes,No,Yes,Yes,855.07,11985.9,14
S14904,C14904,Basic,5G,Yes,Yes,No,No,Yes,Yes,252.37,3438.32,13
S14905,C14905,Ultra,DSL,Yes,No,No,No,Yes,Yes,498.31,25980.93,52
S14906,C14906,Plus,5G,Yes,Yes,Yes,No,No,Yes,402.42,17260.42,43
S14907,C14907,Basic,DSL,Yes,No,No,No,Yes,Yes,208.86,9442.68,45
S14908,C14908,Plus,No Internet,Yes,Yes,No,No,No,Yes,346.75,17796.14,51
S14909,C14909,Ultra,Fiber,Yes,No,Yes,No,Yes,Yes,543.58,15289.68,28
S14910,C14910,Plus,Fiber,Yes,Yes,Yes,Yes,No,No,382.7,12284.06,32
S14911,C14911,Basic,Fiber,No,No phone,No,Yes,No,Yes,260.52,5981.42,23
S14912,C14912,Basic,Fiber,Yes,Yes,No,Yes,No,No,289.73,6261.08,22
S14913,C14913,Ultra,DSL,Yes,No,No,Yes,No,No,541.93,20451.1,38
S14914,C14914,Plus,Fiber,Yes,No,No,Yes,Yes,Yes,395.79,20216.64,51
S14915,C14915,Basic,DSL,No,No phone,No,No,No,Yes,180.8,7222.31,40
S14916,C14916,Plus,Fiber,Yes,No,Yes,Yes,Yes,Yes,378.08,20111.74,53
S14917,C14917,Basic,Fiber,Yes,No,Yes,No,No,Yes,251.95,4346.95,17
S14918,C14918,Plus,Fiber,Yes,No,Yes,Yes,Yes,No,381.31,6194.04,16
S14919,C14919,Plus,DSL,Yes,No,Yes,No,Yes,No,304.96,12463.72,41
S14920,C14920,Business,No Internet,Yes,Yes,Yes,No,No,No,782.31,22575.32,29
S14921,C14921,Plus,Fiber,Yes,No,Yes,No,Yes,No,400.47,18946.38,47
S14922,C14922,Basic,DSL,Yes,No,Yes,No,Yes,No,198.89,6654.99,33
S14923,C14923,Basic,Fiber,Yes,No,Yes,Yes,Yes,Yes,316.12,9560.3,30
S14924,C14924,Plus,5G,Yes,Yes,Yes,No,No,No,400.65,10370.43,26
S14925,C14925,Plus,No Internet,Yes,No,Yes,Yes,Yes,Yes,334.62,7435.73,22
S14926,C14926,Plus,DSL,Yes,No,No,Yes,Yes,Yes,345.54,7628.89,22
S14927,C14927,Plus,5G,Yes,Yes,Yes,Yes,No,Yes,432.19,8249.38,19
S14928,C14928,Basic,No Internet,Yes,No,No,Yes,No,Yes,203.77,6051.58,30
S14929,C14929,Plus,Fiber,No,No phone,No,No,No,No,436.46,24103.58,55
S14930,C14930,Ultra,DSL,No,No phone,No,Yes,Yes,Yes,460.83,17978.47,39
S14931,C14931,Business,Fiber,Yes,Yes,Yes,Yes,No,No,797.0,46307.73,58
S14932,C14932,Ultra,DSL,Yes,Yes,Yes,Yes,No,Yes,535.92,25248.73,47
S14933,C14933,Basic,Fiber,Yes,No,No,Yes,Yes,No,252.83,7132.85,28
S14934,C14934,Ultra,Fiber,Yes,No,Yes,Yes,Yes,Yes,627.72,13865.35,22
S14935,C14935,Plus,Fiber,Yes,Yes,Yes,Yes,No,Yes,398.76,9640.22,24
S14936,C14936,Basic,5G,No,No phone,Yes,No,Yes,Yes,297.06,10026.74,34
S14937,C14937,Basic,Fiber,Yes,Yes,Yes,Yes,Yes,No,247.27,7329.43,29
S14938,C14938,Basic,Fiber,No,No phone,Yes,No,No,Yes,259.08,15032.11,58
S14939,C14939,Business,Fiber,Yes,No,No,No,Yes,Yes,832.62,13338.74,16
S14940,C14940,Ultra,5G,Yes,Yes,Yes,No,Yes,Yes,673.24,22824.21,34
S14941,C14941,Plus,DSL,Yes,No,No,No,Yes,No,314.09,16084.29,51
S14942,C14942,Basic,No Internet,Yes,Yes,Yes,No,Yes,Yes,157.61,7152.97,45
S14943,C14943,Plus,No Internet,Yes,Yes,No,No,No,Yes,319.06,5095.72,16
S14944,C14944,Ultra,Fiber,Yes,Yes,No,Yes,Yes,No,622.25,14334.66,23
S14945,C14945,Ultra,DSL,Yes,Yes,No,No,No,No,513.82,24653.58,48
S14946,C14946,Business,5G,Yes,No,No,No,No,Yes,857.73,36144.18,42
S14947,C14947,Plus,Fiber,Yes,No,Yes,No,No,No,341.18,9647.25,28
S14948,C14948,Basic,Fiber,Yes,Yes,No,Yes,No,No,263.78,15673.92,60
S14949,C14949,Plus,DSL,Yes,No,No,Yes,No,Yes,305.28,16723.11,55
S14950,C14950,Ultra,Fiber,Yes,No,Yes,Yes,Yes,No,579.71,33620.26,58
S14951,C14951,Basic,No Internet,Yes,Yes,Yes,Yes,Yes,Yes,194.23,7696.64,41
S14952,C14952,Business,Fiber,Yes,No,No,Yes,Yes,Yes,774.68,25596.46,33
S14953,C14953,Plus,Fiber,Yes,Yes,Yes,No,Yes,No,400.38,8642.08,22
S14954,C14954,Basic,DSL,Yes,Yes,No,No,No,No,207.88,8012.2,38
S14955,C14955,Ultra,Fiber,Yes,No,Yes,Yes,No,No,546.61,15952.44,29
S14956,C14956,Basic,DSL,Yes,Yes,Yes,Yes,No,Yes,177.07,7983.22,46
S14957,C14957,Plus,DSL,Yes,No,Yes,No,No,No,305.2,7047.29,23
S14958,C14958,Plus,5G,Yes,Yes,No,No,Yes,Yes,448.46,8510.71,19
S14959,C14959,Ultra,Fiber,Yes,No,No,No,Yes,Yes,639.47,24247.2,38
S14960,C14960,Business,5G,Yes,No,Yes,No,Yes,No,835.03,29145.85,35
S14961,C14961,Plus,Fiber,Yes,No,Yes,No,Yes,Yes,417.29,15130.74,36
S14962,C14962,Plus,Fiber,Yes,Yes,No,Yes,Yes,No,392.63,21515.67,55
S14963,C14963,Ultra,DSL,Yes,No,Yes,No,No,Yes,490.46,24505.61,50
S14964,C14964,Basic,Fiber,Yes,No,No,Yes,Yes,Yes,278.19,8447.42,31
S14965,C14965,Basic,Fiber,Yes,No,Yes,Yes,Yes,Yes,221.86,9191.23,41
S14966,C14966,Basic,No Internet,Yes,No,Yes,Yes,Yes,Yes,205.67,3691.81,18
S14967,C14967,Basic,5G,Yes,Yes,No,Yes,No,Yes,304.9,7937.1,26
S14968,C14968,Basic,DSL,No,No phone,Yes,Yes,No,Yes,153.69,4630.47,30
S14969,C14969,Plus,Fiber,Yes,No,No,Yes,No,No,360.63,7474.53,21
S14970,C14970,Ultra,Fiber,Yes,No,Yes,No,Yes,No,608.48,24868.43,41
S14971,C14971,Business,DSL,Yes,Yes,No,Yes,Yes,Yes,724.09,15316.07,21
S14972,C14972,Basic,5G,No,No phone,No,Yes,Yes,Yes,303.56,8193.32,27
S14973,C14973,Business,Fiber,Yes,No,No,Yes,No,No,790.19,24500.79,31
S14974,C14974,Ultra,Fiber,No,No phone,Yes,Yes,No,Yes,531.54,29813.95,56
S14975,C14975,Business,DSL,Yes,No,Yes,Yes,Yes,Yes,764.29,42116.85,55
S14976,C14976,Basic,Fiber,Yes,Yes,No,Yes,Yes,No,223.39,4117.33,19
S14977,C14977,Ultra,5G,Yes,Yes,Yes,No,Yes,No,663.56,18526.7,28
S14978,C14978,Basic,Fiber,No,No phone,No,No,No,Yes,246.88,5230.21,21
S14979,C14979,Basic,5G,Yes,No,No,No,Yes,No,239.01,9679.55,41
S14980,C14980,Plus,5G,Yes,No,No,No,No,Yes,425.57,10659.48,25
S14981,C14981,Plus,5G,Yes,No,No,No,No,No,422.25,8944.05,21
S14982,C14982,Basic,DSL,Yes,No,No,No,No,Yes,243.52,3139.62,13
S14983,C14983,Basic,Fiber,Yes,No,Yes,No,Yes,No,265.79,5353.0,20
S14984,C14984,Basic,5G,No,No phone,No,Yes,Yes,Yes,257.89,6472.25,25
S14985,C14985,Basic,5G,Yes,No,Yes,No,Yes,Yes,275.48,10470.84,38
S14986,C14986,Plus,5G,Yes,No,Yes,Yes,No,No,401.62,4610.2,12
S14987,C14987,Basic,Fiber,Yes,Yes,No,No,Yes,No,253.89,8115.14,32
S14988,C14988,Ultra,Fiber,Yes,Yes,Yes,Yes,No,No,528.1,8919.42,17
S14989,C14989,Ultra,5G,Yes,No,No,Yes,No,No,653.55,22925.63,35
S14990,C14990,Ultra,Fiber,Yes,No,No,No,No,Yes,632.6,34766.72,55
S14991,C14991,Plus,5G,Yes,Yes,Yes,No,No,No,420.39,21789.79,52
S14992,C14992,Business,No Internet,Yes,Yes,Yes,No,Yes,Yes,723.39,10180.19,14
S14993,C14993,Business,Fiber,No,No phone,No,Yes,Yes,No,804.17,33028.07,41
S14994,C14994,Plus,DSL,Yes,No,Yes,Yes,No,No,364.06,16787.77,46
S14995,C14995,Basic,DSL,Yes,Yes,No,Yes,No,Yes,181.9,4193.71,23
S14996,C14996,Basic,Fiber,Yes,No,No,No,Yes,Yes,232.38,5522.66,24
S14997,C14997,Plus,Fiber,Yes,No,No,Yes,No,Yes,369.68,11558.71,31
S14998,C14998,Plus,DSL,Yes,No,No,No,Yes,No,362.22,14923.22,41
S14999,C14999,Plus,5G,Yes,No,Yes,No,Yes,No,439.7,25173.09,57
S15000,C15000,Basic,Fiber,Yes,No,Yes,No,No,No,302.84,8955.61,30
