ticket_id,customer_id,open_date,close_date,category,priority,satisfaction_score,resolved,handling_time_hours
T1,C14028,2024-01-27,2024-01-27,Network,Medium,4,Yes,5
T2,C14999,2024-12-02,2024-12-02,Billing,Medium,2,Yes,19
T3,C14269,2024-03-28,2024-03-28,Account,Low,1,No,1
T4,C13325,2024-02-21,2024-02-21,Billing,Medium,3,Yes,16
T5,C14668,2024-09-21,2024-09-21,Network,Low,4,No,17
T6,C14418,2024-12-30,2024-12-31,Billing,Low,3,Yes,34
T7,C12590,2024-03-14,2024-03-14,Billing,Low,5,Yes,14
T8,C11943,2024-07-07,2024-07-07,Network,Critical,5,Yes,5
T9,C10599,2024-03-12,2024-03-12,Technical,Low,3,Yes,4
T10,C13404,2024-03-20,2024-03-20,Network,Medium,5,Yes,12
T11,C14273,2024-09-22,2024-09-23,Billing,Low,5,Yes,31
T12,C11978,2024-12-13,2024-12-13,Account,Medium,3,Yes,7
T13,C13430,2024-10-31,2024-11-03,Billing,Medium,4,Yes,78
T14,C10069,2024-02-20,2024-02-20,Billing,Low,3,Yes,6
T15,C13249,2024-06-02,2024-06-02,Billing,Low,5,Yes,2
T16,C12001,2024-02-10,2024-02-10,Network,Low,1,No,20
T17,C13264,2024-12-10,2024-12-10,Billing,Low,2,Yes,9
T18,C11859,2024-01-21,2024-01-21,Technical,High,4,Yes,2
T19,C10772,2024-07-31,2024-08-03,Technical,Medium,5,Yes,82
T20,C14687,2024-09-06,2024-09-06,Account,Medium,5,No,5
T21,C12950,2024-05-23,2024-05-24,Billing,Low,4,No,24
T22,C12743,2024-03-25,2024-03-25,Network,Low,3,Yes,7
T23,C12214,2024-08-08,2024-08-08,Billing,Medium,3,Yes,8
T24,C10655,2024-01-24,2024-01-25,Billing,High,5,Yes,26
T25,C10715,2024-05-03,2024-05-04,Network,Low,3,Yes,31
T26,C12960,2024-09-09,2024-09-12,Billing,Medium,5,Yes,84
T27,C13050,2024-01-06,2024-01-06,Network,High,3,Yes,6
T28,C14117,2024-02-04,2024-02-04,Network,Medium,4,Yes,12
T29,C14889,2024-11-04,2024-11-05,Network,High,5,Yes,42
T30,C12339,2024-03-17,2024-03-17,Network,Critical,5,Yes,1
T31,C10976,2024-04-07,2024-04-10,Technical,Low,4,Yes,73
T32,C11808,2024-10-23,2024-10-23,Billing,High,5,Yes,8
T33,C14897,2024-04-28,2024-04-28,Network,Low,2,Yes,18
T34,C10794,2024-06-05,2024-06-05,Account,Low,5,Yes,15
T35,C13713,2024-08-18,2024-08-18,Technical,Medium,4,Yes,17
T36,C10586,2024-05-12,2024-05-12,Technical,High,3,No,15
T37,C12624,2024-12-12,2024-12-14,Network,Medium,3,Yes,53
T38,C10902,2024-09-27,2024-09-27,Account,High,3,No,15
T39,C11278,2024-08-14,2024-08-14,Network,High,5,Yes,1
T40,C14142,2024-02-21,2024-02-21,Billing,Critical,5,Yes,6
T41,C14653,2024-01-22,2024-01-23,Network,Low,2,Yes,39
T42,C11175,2024-08-03,2024-08-05,Billing,Low,2,Yes,51
T43,C10193,2024-03-10,2024-03-10,Network,Medium,5,Yes,1
T44,C12764,2024-07-07,2024-07-07,Technical,Low,4,No,16
T45,C13051,2024-11-24,2024-11-24,Account,Critical,5,No,4
T46,C14194,2024-12-24,2024-12-24,Account,Critical,3,Yes,1
T47,C11288,2024-07-13,2024-07-15,Billing,High,4,No,56
T48,C14500,2024-01-21,2024-01-22,Account,High,3,Yes,34
T49,C10493,2024-08-13,2024-08-13,Technical,Low,3,Yes,9
T50,C12937,2024-04-28,2024-04-29,Network,Critical,4,Yes,26
T51,C12225,2024-01-27,2024-01-27,Network,Medium,2,Yes,9
T52,C13082,2024-03-16,2024-03-16,Network,Low,1,No,9
T53,C14923,2024-12-22,2024-12-22,Network,High,5,Yes,16
T54,C13309,2024-07-14,2024-07-14,Billing,Low,5,Yes,1
T55,C13101,2024-05-08,2024-05-08,Network,High,5,Yes,5
T56,C11444,2024-12-20,2024-12-20,Account,Medium,4,Yes,2
T57,C13339,2024-04-26,2024-04-28,Technical,Medium,3,No,65
T58,C10155,2024-02-17,2024-02-18,Billing,Medium,5,Yes,45
T59,C10549,2024-11-27,2024-11-27,Account,Medium,2,Yes,17
T60,C13114,2024-02-11,2024-02-11,Billing,Critical,3,Yes,11
T61,C12229,2024-11-23,2024-11-23,Network,High,4,Yes,6
T62,C14439,2024-02-03,2024-02-05,Billing,Low,2,Yes,52
T63,C12577,2024-06-17,2024-06-18,Account,Medium,4,Yes,25
T64,C10189,2024-04-26,2024-04-26,Network,High,5,No,18
T65,C12140,2024-04-08,2024-04-08,Account,Medium,5,Yes,10
T66,C14227,2024-01-17,2024-01-17,Billing,High,5,No,5
T67,C14746,2024-02-26,2024-02-27,Technical,Low,3,Yes,31
T68,C10429,2024-04-17,2024-04-17,Network,Medium,5,Yes,8
T69,C11468,2024-04-24,2024-04-24,Network,High,4,Yes,7
T70,C13587,2024-10-12,2024-10-12,Network,Low,3,Yes,1
T71,C11710,2024-07-09,2024-07-12,Billing,High,2,Yes,75
T72,C10064,2024-01-13,2024-01-14,Billing,High,3,Yes,41
T73,C13111,2024-11-06,2024-11-06,Technical,Low,3,Yes,18
T74,C11674,2024-06-26,2024-06-26,Billing,Medium,1,Yes,1
T75,C10350,2024-01-02,2024-01-02,Network,Medium,4,Yes,8
T76,C10889,2024-11-03,2024-11-03,Network,High,5,Yes,6
T77,C11164,2024-03-12,2024-03-12,Technical,High,5,Yes,6
T78,C11610,2024-10-28,2024-10-29,Network,Critical,1,Yes,26
T79,C10634,2024-04-20,2024-04-20,Network,Low,5,Yes,5
T80,C12059,2024-03-10,2024-03-11,Account,Medium,4,Yes,39
T81,C14538,2024-10-29,2024-10-29,Account,Low,1,Yes,15
T82,C13486,2024-06-20,2024-06-20,Technical,Low,3,Yes,11
T83,C12940,2024-09-27,2024-09-28,Technical,Low,5,Yes,45
T84,C10064,2024-09-19,2024-09-19,Technical,Low,4,Yes,2
T85,C13611,2024-10-14,2024-10-14,Technical,Medium,2,Yes,3
T86,C12035,2024-07-08,2024-07-09,Technical,High,5,Yes,33
T87,C11587,2024-10-16,2024-10-16,Technical,Critical,4,Yes,13
T88,C14944,2024-01-29,2024-01-29,Network,Low,1,Yes,3
T89,C14141,2024-09-19,2024-09-19,Account,Medium,4,Yes,13
T90,C12934,2024-09-28,2024-09-28,Billing,High,5,No,7
T91,C11415,2024-07-19,2024-07-19,Account,Low,2,No,15
T92,C13132,2024-08-24,2024-08-24,Network,High,4,No,16
T93,C10921,2024-09-29,2024-09-30,Billing,Critical,2,No,47
T94,C12508,2024-11-11,2024-11-11,Billing,Low,5,Yes,1
T95,C11073,2024-09-26,2024-09-26,Billing,Medium,5,Yes,17
T96,C12789,2024-08-24,2024-08-24,Network,Low,2,Yes,9
T97,C14987,2024-09-25,2024-09-25,Network,Medium,4,Yes,2
T98,C12192,2024-12-21,2024-12-22,Technical,Low,4,No,46
T99,C10296,2024-10-15,2024-10-15,Network,High,2,Yes,3
T100,C12707,2024-07-14,2024-07-14,Account,Critical,4,Yes,1
T101,C12547,2024-05-10,2024-05-10,Account,Low,4,No,20
T102,C14258,2024-03-06,2024-03-06,Billing,High,3,Yes,4
T103,C11949,2024-05-01,2024-05-01,Billing,Low,1,Yes,22
T104,C13200,2024-08-05,2024-08-05,Network,High,5,Yes,1
T105,C13016,2024-03-01,2024-03-03,Billing,High,2,Yes,58
T106,C14262,2024-10-21,2024-10-21,Billing,Critical,3,Yes,7
T107,C11389,2024-08-20,2024-08-21,Network,High,5,Yes,26
T108,C12238,2024-04-20,2024-04-20,Technical,Medium,5,Yes,8
T109,C14716,2024-05-23,2024-05-23,Network,Low,3,Yes,2
T110,C11770,2024-09-01,2024-09-01,Network,High,3,Yes,8
T111,C14594,2024-01-04,2024-01-04,Network,Medium,3,No,18
T112,C12011,2024-07-23,2024-07-25,Technical,High,2,Yes,59
T113,C12817,2024-12-25,2024-12-25,Network,Low,5,Yes,20
T114,C13104,2024-10-15,2024-10-16,Network,Low,4,Yes,24
T115,C10211,2024-01-03,2024-01-03,Billing,Low,1,Yes,3
T116,C10687,2024-04-20,2024-04-20,Technical,Medium,5,Yes,4
T117,C10408,2024-09-20,2024-09-20,Billing,High,4,Yes,1
T118,C14343,2024-05-06,2024-05-06,Network,Medium,2,Yes,1
T119,C11376,2024-06-03,2024-06-03,Network,Medium,2,Yes,20
T120,C10158,2024-04-27,2024-04-27,Billing,Critical,4,Yes,18
T121,C11727,2024-04-07,2024-04-07,Network,Critical,3,Yes,8
T122,C12455,2024-11-23,2024-11-28,Network,Low,4,Yes,138
T123,C14265,2024-04-08,2024-04-09,Network,High,4,Yes,31
T124,C13761,2024-07-01,2024-07-01,Technical,Low,4,Yes,7
T125,C10373,2024-12-25,2024-12-26,Billing,Low,4,No,26
T126,C13448,2024-07-17,2024-07-17,Billing,Medium,5,Yes,12
T127,C13896,2024-05-04,2024-05-04,Network,Low,3,Yes,5
T128,C14028,2024-08-18,2024-08-18,Network,Medium,3,Yes,7
T129,C11248,2024-08-27,2024-08-27,Network,Critical,3,No,9
T130,C11815,2024-02-21,2024-02-21,Network,High,3,Yes,18
T131,C11426,2024-04-09,2024-04-10,Network,Medium,2,Yes,43
T132,C13654,2024-05-21,2024-05-22,Billing,Medium,1,Yes,28
T133,C12845,2024-10-19,2024-10-21,Technical,Medium,3,Yes,70
T134,C10311,2024-02-19,2024-02-19,Network,High,2,Yes,3
T135,C12603,2024-12-01,2024-12-01,Billing,Medium,4,Yes,1
T136,C13465,2024-12-27,2024-12-28,Billing,Low,3,Yes,47
T137,C13611,2024-04-13,2024-04-13,Network,Low,5,Yes,3
T138,C11456,2024-09-14,2024-09-14,Network,High,3,Yes,1
T139,C13108,2024-02-18,2024-02-18,Network,High,5,No,11
T140,C10077,2024-01-08,2024-01-08,Network,Medium,2,Yes,2
T141,C14432,2024-06-15,2024-06-16,Technical,High,1,No,36
T142,C12552,2024-09-30,2024-09-30,Billing,High,3,Yes,5
T143,C10489,2024-12-11,2024-12-11,Technical,Medium,3,Yes,13
T144,C13643,2024-05-15,2024-05-15,Network,High,1,Yes,4
T145,C13016,2024-08-31,2024-08-31,Network,Low,4,Yes,6
T146,C12938,2024-06-19,2024-06-19,Network,Low,5,Yes,4
T147,C13317,2024-11-06,2024-11-07,Network,High,2,No,38
T148,C13103,2024-11-29,2024-11-30,Technical,Medium,2,Yes,38
T149,C10063,2024-01-17,2024-01-17,Billing,Low,5,Yes,7
T150,C12723,2024-06-22,2024-06-23,Network,Low,5,Yes,26
T151,C11081,2024-03-29,2024-03-31,Technical,Critical,2,Yes,63
T152,C12514,2024-08-14,2024-08-15,Billing,Medium,4,No,41
T153,C12765,2024-05-04,2024-05-04,Network,Medium,2,Yes,17
T154,C13389,2024-05-30,2024-05-30,Technical,High,2,No,7
T155,C10411,2024-03-07,2024-03-07,Account,High,3,Yes,1
T156,C10088,2024-08-18,2024-08-18,Account,Medium,3,Yes,1
T157,C10292,2024-10-05,2024-10-06,Billing,High,1,No,40
T158,C11620,2024-07-30,2024-07-31,Network,Medium,2,Yes,34
T159,C10574,2024-05-08,2024-05-08,Billing,High,3,Yes,17
T160,C10495,2024-10-05,2024-10-05,Billing,High,3,Yes,2
T161,C14401,2024-05-27,2024-05-27,Network,Low,3,Yes,14
T162,C12827,2024-12-12,2024-12-12,Network,Medium,2,Yes,16
T163,C11548,2024-05-08,2024-05-08,Network,High,2,No,4
T164,C13790,2024-02-13,2024-02-14,Technical,High,2,Yes,32
T165,C10751,2024-06-29,2024-06-29,Billing,High,2,Yes,5
T166,C10004,2024-08-22,2024-08-22,Billing,Critical,4,Yes,11
T167,C14655,2024-01-02,2024-01-03,Network,Low,1,Yes,25
T168,C14008,2024-10-05,2024-10-05,Billing,Critical,1,Yes,16
T169,C13143,2024-03-31,2024-03-31,Billing,Medium,3,Yes,22
T170,C10214,2024-03-02,2024-03-03,Technical,Low,2,Yes,32
T171,C10809,2024-04-07,2024-04-08,Billing,Medium,3,Yes,24
T172,C12175,2024-05-02,2024-05-02,Billing,Low,3,No,1
T173,C11868,2024-11-29,2024-11-29,Technical,Low,5,Yes,8
T174,C14833,2024-06-11,2024-06-11,Billing,High,2,Yes,12
T175,C13836,2024-02-22,2024-02-22,Network,Medium,4,No,8
T176,C13905,2024-05-21,2024-05-21,Technical,Medium,4,Yes,10
T177,C12715,2024-01-23,2024-01-26,Network,Low,4,No,74
T178,C11644,2024-11-19,2024-11-19,Technical,Low,3,Yes,6
T179,C11472,2024-01-30,2024-01-30,Technical,High,2,Yes,1
T180,C12018,2024-12-10,2024-12-10,Billing,Low,3,Yes,21
T181,C12314,2024-01-25,2024-01-26,Technical,Critical,2,No,32
T182,C12127,2024-02-04,2024-02-04,Billing,High,5,Yes,2
T183,C13067,2024-03-24,2024-03-24,Network,Medium,2,Yes,20
T184,C13264,2024-04-15,2024-04-15,Billing,Low,1,Yes,9
T185,C10047,2024-06-14,2024-06-14,Network,High,5,Yes,3
T186,C11047,2024-12-20,2024-12-20,Billing,Critical,5,Yes,3
T187,C12708,2024-08-19,2024-08-20,Network,Medium,3,No,31
T188,C14073,2024-02-15,2024-02-16,Billing,Medium,3,Yes,29
T189,C14173,2024-01-27,2024-01-27,Technical,Medium,5,Yes,8
T190,C11016,2024-10-15,2024-10-17,Network,Low,1,No,49
T191,C12853,2024-03-10,2024-03-10,Technical,Medium,5,Yes,14
T192,C14282,2024-05-24,2024-05-24,Network,Low,3,Yes,7
T193,C14479,2024-12-08,2024-12-09,Technical,Medium,4,Yes,36
T194,C12228,2024-12-25,2024-12-25,Technical,Medium,3,Yes,1
T195,C12950,2024-01-01,2024-01-01,Network,High,3,Yes,18
T196,C11508,2024-07-03,2024-07-03,Account,Medium,4,Yes,9
T197,C12496,2024-07-11,2024-07-11,Network,Critical,5,Yes,1
T198,C12169,2024-02-29,2024-03-01,Account,Medium,4,Yes,47
T199,C11658,2024-02-26,2024-02-26,Account,High,4,Yes,1
T200,C10606,2024-04-18,2024-04-18,Technical,High,2,Yes,5
T201,C10294,2024-08-17,2024-08-17,Technical,High,4,Yes,3
T202,C10522,2024-06-11,2024-06-11,Technical,Low,1,Yes,13
T203,C14779,2024-06-01,2024-06-02,Technical,Low,2,Yes,33
T204,C14137,2024-12-01,2024-12-01,Network,Medium,2,Yes,12
T205,C10338,2024-05-19,2024-05-19,Network,High,4,Yes,3
T206,C10301,2024-06-01,2024-06-01,Account,Medium,4,Yes,10
T207,C12035,2024-10-28,2024-10-29,Billing,Medium,3,No,34
T208,C12714,2024-11-20,2024-11-20,Billing,Medium,3,No,21
T209,C13974,2024-04-06,2024-04-06,Network,Low,2,Yes,23
T210,C10404,2024-09-03,2024-09-03,Network,Low,3,Yes,1
T211,C11855,2024-10-14,2024-10-15,Network,Low,4,Yes,27
T212,C12518,2024-10-04,2024-10-05,Technical,Medium,2,No,29
T213,C13598,2024-03-10,2024-03-10,Account,Low,3,Yes,17
T214,C10536,2024-06-01,2024-06-01,Network,High,4,Yes,10
T215,C10144,2024-12-09,2024-12-10,Technical,High,3,Yes,27
T216,C10180,2024-09-11,2024-09-11,Technical,Medium,2,Yes,10
T217,C12061,2024-05-22,2024-05-22,Network,Low,1,Yes,14
T218,C13071,2024-07-03,2024-07-03,Technical,High,3,Yes,22
T219,C11316,2024-10-09,2024-10-09,Network,Low,4,Yes,16
T220,C11150,2024-07-22,2024-07-22,Network,Critical,5,Yes,5
T221,C10921,2024-10-30,2024-10-30,Technical,Low,3,Yes,1
T222,C12260,2024-05-16,2024-05-16,Billing,Medium,2,No,2
T223,C12336,2024-03-19,2024-03-19,Technical,Low,5,Yes,5
T224,C13571,2024-06-16,2024-06-16,Technical,Low,4,Yes,11
T225,C10683,2024-02-23,2024-02-23,Billing,Low,5,No,16
T226,C10630,2024-07-07,2024-07-09,Account,Low,2,Yes,50
T227,C12580,2024-09-01,2024-09-01,Network,Low,5,No,2
T228,C11382,2024-11-12,2024-11-13,Network,Medium,3,Yes,33
T229,C13036,2024-02-21,2024-02-21,Technical,Low,5,Yes,4
T230,C10061,2024-08-15,2024-08-15,Technical,Low,2,Yes,14
T231,C12638,2024-07-27,2024-07-27,Network,High,1,Yes,15
T232,C11810,2024-08-08,2024-08-08,Technical,Medium,2,Yes,8
T233,C11052,2024-07-15,2024-07-16,Account,Medium,5,Yes,24
T234,C14172,2024-02-14,2024-02-14,Technical,Critical,5,No,1
T235,C11404,2024-11-01,2024-11-01,Billing,High,1,Yes,3
T236,C11385,2024-06-05,2024-06-05,Network,High,2,Yes,2
T237,C11779,2024-03-11,2024-03-11,Network,Medium,2,Yes,2
T238,C10837,2024-08-25,2024-08-26,Network,Critical,4,Yes,34
T239,C12264,2024-12-03,2024-12-03,Billing,Medium,1,No,8
T240,C11299,2024-12-13,2024-12-13,Billing,High,3,Yes,4
T241,C11819,2024-10-25,2024-10-26,Network,Critical,2,Yes,35
T242,C11914,2024-10-18,2024-10-19,Network,Low,3,Yes,38
T243,C13595,2024-11-23,2024-11-23,Network,Low,5,No,2
T244,C14904,2024-11-26,2024-11-26,Billing,Medium,1,Yes,10
T245,C14944,2024-10-01,2024-10-01,Billing,Medium,4,Yes,1
T246,C13412,2024-04-07,2024-04-07,Technical,Critical,2,No,18
T247,C13041,2024-09-17,2024-09-17,Network,Medium,1,Yes,4
T248,C12481,2024-12-22,2024-12-22,Network,Low,4,Yes,13
T249,C10844,2024-04-14,2024-04-14,Network,Critical,3,Yes,13
T250,C11902,2024-10-15,2024-10-15,Network,Low,4,Yes,6
T251,C10944,2024-05-31,2024-06-02,Technical,Low,4,Yes,51
T252,C10623,2024-01-28,2024-01-28,Technical,High,4,Yes,21
T253,C12183,2024-02-17,2024-02-18,Technical,Low,1,Yes,28
T254,C11956,2024-03-08,2024-03-08,Technical,Medium,5,Yes,1
T255,C12430,2024-02-09,2024-02-09,Network,Medium,1,Yes,1
T256,C11416,2024-12-18,2024-12-18,Billing,High,4,Yes,1
T257,C13959,2024-05-08,2024-05-08,Technical,Low,5,No,23
T258,C12434,2024-03-08,2024-03-08,Network,Medium,3,Yes,13
T259,C10931,2024-05-17,2024-05-18,Account,High,1,Yes,39
T260,C11048,2024-11-21,2024-11-21,Network,High,5,Yes,10
T261,C10620,2024-02-26,2024-02-27,Network,Critical,5,Yes,28
T262,C13281,2024-11-23,2024-11-24,Technical,Low,5,Yes,29
T263,C14738,2024-04-18,2024-04-18,Account,High,3,Yes,6
T264,C13960,2024-12-04,2024-12-04,Network,Medium,3,Yes,14
T265,C11670,2024-09-26,2024-09-27,Account,Medium,5,Yes,27
T266,C14058,2024-01-06,2024-01-06,Network,Critical,2,Yes,10
T267,C11001,2024-07-15,2024-07-17,Network,Low,5,Yes,60
T268,C14678,2024-05-17,2024-05-17,Billing,Low,2,Yes,9
T269,C14204,2024-04-26,2024-04-26,Billing,High,4,Yes,7
T270,C13454,2024-09-19,2024-09-19,Billing,High,3,Yes,1
T271,C14834,2024-10-25,2024-10-25,Account,Medium,2,Yes,5
T272,C11584,2024-09-24,2024-09-24,Network,Medium,1,Yes,7
T273,C10170,2024-12-01,2024-12-01,Technical,Low,1,Yes,6
T274,C12436,2024-10-29,2024-10-29,Billing,Low,2,Yes,22
T275,C13157,2024-12-19,2024-12-20,Network,High,3,Yes,29
T276,C10282,2024-04-06,2024-04-06,Technical,High,4,Yes,17
T277,C14501,2024-02-11,2024-02-13,Network,Medium,3,Yes,58
T278,C11042,2024-07-01,2024-07-01,Network,Critical,5,Yes,3
T279,C14345,2024-03-27,2024-03-27,Billing,Low,2,Yes,4
T280,C11389,2024-08-16,2024-08-17,Network,High,5,Yes,32
T281,C11310,2024-09-17,2024-09-17,Technical,Low,3,Yes,1
T282,C12283,2024-10-03,2024-10-03,Network,High,3,No,8
T283,C13108,2024-09-11,2024-09-11,Billing,High,4,No,6
T284,C14785,2024-11-25,2024-11-25,Technical,Low,1,No,14
T285,C13068,2024-07-15,2024-07-15,Billing,Medium,3,Yes,1
T286,C12435,2024-11-03,2024-11-04,Network,Low,1,Yes,33
T287,C10536,2024-06-18,2024-06-20,Technical,Critical,5,Yes,64
T288,C12722,2024-04-16,2024-04-18,Network,Critical,3,Yes,59
T289,C13268,2024-06-17,2024-06-17,Billing,Medium,4,Yes,3
T290,C14936,2024-08-30,2024-08-30,Billing,Critical,4,Yes,23
T291,C11145,2024-12-02,2024-12-03,Network,Low,5,Yes,45
T292,C11035,2024-07-12,2024-07-12,Account,High,3,Yes,8
T293,C10561,2024-02-08,2024-02-08,Billing,High,4,Yes,7
T294,C13085,2024-01-16,2024-01-17,Network,Medium,3,Yes,38
T295,C10801,2024-01-10,2024-01-10,Billing,High,3,Yes,19
T296,C12222,2024-09-24,2024-09-24,Technical,Low,1,Yes,10
T297,C14747,2024-09-24,2024-09-24,Network,Medium,2,Yes,1
T298,C13724,2024-11-25,2024-11-25,Billing,Low,3,Yes,6
T299,C13524,2024-12-02,2024-12-02,Technical,Low,4,Yes,5
T300,C10328,2024-08-13,2024-08-13,Technical,High,2,Yes,13
T301,C12777,2024-08-10,2024-08-11,Technical,Critical,4,Yes,33
T302,C12091,2024-10-23,2024-10-23,Network,Medium,5,Yes,8
T303,C11005,2024-12-19,2024-12-19,Network,High,3,No,1
T304,C12640,2024-11-05,2024-11-05,Technical,Medium,4,Yes,13
T305,C10735,2024-01-09,2024-01-09,Billing,Medium,4,Yes,18
T306,C11291,2024-05-20,2024-05-20,Account,Low,5,Yes,4
T307,C13305,2024-04-24,2024-04-24,Network,Medium,4,Yes,16
T308,C12933,2024-04-21,2024-04-21,Technical,Medium,5,Yes,17
T309,C13519,2024-01-31,2024-01-31,Billing,Low,3,Yes,6
T310,C10960,2024-08-05,2024-08-06,Network,Critical,1,Yes,29
T311,C10536,2024-04-21,2024-04-21,Network,Medium,4,Yes,23
T312,C14994,2024-03-26,2024-03-26,Network,Medium,4,Yes,1
T313,C12726,2024-01-05,2024-01-05,Network,High,3,No,14
T314,C13406,2024-06-26,2024-06-27,Billing,Critical,3,Yes,30
T315,C12119,2024-05-25,2024-05-25,Network,High,1,Yes,10
T316,C11604,2024-05-02,2024-05-02,Account,Critical,4,Yes,11
T317,C13365,2024-08-18,2024-08-18,Network,Medium,2,Yes,1
T318,C13191,2024-01-08,2024-01-10,Technical,Low,3,Yes,56
T319,C10963,2024-11-29,2024-11-29,Billing,Medium,5,Yes,1
T320,C10806,2024-12-19,2024-12-19,Billing,Low,4,Yes,1
T321,C11517,2024-02-13,2024-02-13,Billing,High,3,Yes,1
T322,C13617,2024-07-03,2024-07-03,Network,Low,5,No,1
T323,C10050,2024-02-29,2024-02-29,Network,Low,5,No,6
T324,C12587,2024-05-06,2024-05-06,Technical,Medium,4,Yes,4
T325,C13515,2024-10-12,2024-10-12,Network,Medium,1,Yes,21
T326,C10302,2024-12-02,2024-12-02,Account,Medium,1,Yes,12
T327,C14586,2024-03-03,2024-03-04,Billing,Low,2,No,31
T328,C13573,2024-07-23,2024-07-23,Network,Low,5,Yes,2
T329,C11004,2024-02-02,2024-02-02,Billing,Critical,4,Yes,3
T330,C10360,2024-06-01,2024-06-02,Network,Medium,3,Yes,39
T331,C14674,2024-07-07,2024-07-07,Billing,Low,3,Yes,16
T332,C11584,2024-10-22,2024-10-23,Technical,Low,3,Yes,26
T333,C14168,2024-09-02,2024-09-02,Billing,Low,5,No,2
T334,C12195,2024-08-30,2024-08-30,Billing,Low,4,Yes,23
T335,C10108,2024-12-04,2024-12-04,Technical,Medium,1,Yes,4
T336,C10949,2024-07-13,2024-07-13,Network,Low,3,No,1
T337,C13852,2024-09-11,2024-09-12,Billing,Medium,3,Yes,37
T338,C13966,2024-04-04,2024-04-06,Technical,Low,3,No,64
T339,C13356,2024-07-01,2024-07-01,Technical,Low,1,Yes,16
T340,C11658,2024-04-06,2024-04-07,Network,Medium,1,Yes,37
T341,C10849,2024-06-23,2024-06-24,Billing,Critical,4,Yes,43
T342,C13941,2024-09-11,2024-09-11,Network,Medium,3,No,4
T343,C14624,2024-09-11,2024-09-11,Billing,Medium,5,Yes,13
T344,C13426,2024-07-09,2024-07-10,Technical,High,4,Yes,44
T345,C13712,2024-07-01,2024-07-01,Billing,Low,1,Yes,9
T346,C14558,2024-05-01,2024-05-01,Network,Low,2,No,1
T347,C10224,2024-08-22,2024-08-22,Billing,Critical,3,Yes,13
T348,C11882,2024-09-21,2024-09-22,Technical,Medium,4,Yes,40
T349,C14406,2024-10-13,2024-10-16,Network,Medium,5,Yes,74
T350,C12121,2024-10-03,2024-10-03,Technical,High,4,Yes,1
T351,C12833,2024-03-23,2024-03-23,Billing,High,5,Yes,9
T352,C13412,2024-03-30,2024-03-31,Network,Medium,3,No,34
T353,C13210,2024-03-23,2024-03-23,Billing,Low,3,No,11
T354,C11480,2024-12-29,2024-12-29,Account,Medium,2,Yes,17
T355,C12605,2024-03-18,2024-03-18,Account,Low,5,No,8
T356,C13171,2024-02-23,2024-02-23,Account,Medium,4,Yes,7
T357,C13243,2024-12-23,2024-12-23,Network,Critical,5,Yes,4
T358,C10722,2024-09-16,2024-09-16,Billing,Medium,3,Yes,12
T359,C13773,2024-12-16,2024-12-16,Network,Low,5,Yes,12
T360,C13036,2024-08-26,2024-08-27,Network,Low,4,Yes,42
T361,C14115,2024-08-25,2024-08-26,Billing,Low,3,Yes,26
T362,C11980,2024-10-07,2024-10-07,Billing,High,2,Yes,6
T363,C14063,2024-11-06,2024-11-06,Network,Low,3,Yes,20
T364,C11634,2024-12-07,2024-12-08,Technical,High,1,Yes,35
T365,C13721,2024-09-27,2024-09-27,Network,High,1,Yes,1
T366,C13735,2024-02-13,2024-02-14,Network,Low,2,Yes,36
T367,C13642,2024-07-29,2024-07-29,Network,Low,3,Yes,8
T368,C11660,2024-09-13,2024-09-14,Technical,High,1,Yes,28
T369,C12712,2024-04-27,2024-04-27,Billing,Low,3,Yes,20
T370,C12188,2024-03-13,2024-03-13,Technical,Low,2,Yes,8
T371,C13405,2024-06-27,2024-06-27,Billing,Medium,1,Yes,6
T372,C12054,2024-01-29,2024-01-29,Technical,Medium,1,No,12
T373,C11395,2024-07-25,2024-07-25,Technical,High,3,No,8
T374,C12488,2024-06-12,2024-06-12,Technical,Low,4,Yes,18
T375,C13572,2024-01-31,2024-02-01,Network,Medium,1,No,25
T376,C12964,2024-02-15,2024-02-15,Network,Medium,5,Yes,4
T377,C14879,2024-12-14,2024-12-14,Network,High,5,Yes,12
T378,C13895,2024-02-16,2024-02-18,Network,Low,3,Yes,50
T379,C13984,2024-05-29,2024-05-29,Account,Critical,4,Yes,3
T380,C10473,2024-11-20,2024-11-20,Billing,Critical,2,Yes,11
T381,C12055,2024-11-05,2024-11-05,Account,Low,2,Yes,18
T382,C13284,2024-12-02,2024-12-03,Network,Medium,4,Yes,35
T383,C13084,2024-02-28,2024-02-29,Network,Low,1,Yes,28
T384,C14600,2024-12-12,2024-12-12,Billing,Low,3,Yes,15
T385,C10508,2024-09-28,2024-09-29,Network,Medium,4,Yes,34
T386,C12888,2024-12-05,2024-12-05,Network,Medium,5,No,14
T387,C11513,2024-04-15,2024-04-15,Network,Medium,1,Yes,16
T388,C14644,2024-11-16,2024-11-16,Network,Low,5,No,2
T389,C11514,2024-08-12,2024-08-12,Account,Medium,3,Yes,1
T390,C13836,2024-09-28,2024-09-28,Network,High,5,Yes,2
T391,C13377,2024-10-15,2024-10-15,Network,Medium,1,Yes,7
T392,C12845,2024-07-25,2024-07-26,Network,Medium,2,Yes,29
T393,C12765,2024-02-16,2024-02-16,Billing,Low,2,Yes,10
T394,C12734,2024-04-09,2024-04-09,Network,High,3,No,1
T395,C10005,2024-02-04,2024-02-05,Network,Medium,3,No,26
T396,C12525,2024-08-22,2024-08-22,Network,Low,3,No,11
T397,C14388,2024-03-25,2024-03-25,Billing,Low,3,Yes,4
T398,C13785,2024-04-18,2024-04-18,Billing,Low,4,Yes,7
T399,C13422,2024-11-20,2024-11-21,Technical,Low,4,Yes,24
T400,C14802,2024-08-26,2024-08-26,Billing,Medium,4,Yes,22
T401,C14709,2024-10-14,2024-10-14,Technical,Low,4,Yes,6
T402,C11015,2024-08-05,2024-08-05,Billing,Medium,5,Yes,10
T403,C13666,2024-12-10,2024-12-11,Billing,High,3,No,27
T404,C12036,2024-12-02,2024-12-04,Billing,Medium,4,Yes,68
T405,C14735,2024-08-02,2024-08-03,Technical,High,4,Yes,34
T406,C11698,2024-10-18,2024-10-19,Account,Medium,4,Yes,44
T407,C11618,2024-03-23,2024-03-23,Technical,Medium,1,Yes,18
T408,C12270,2024-02-14,2024-02-14,Technical,Medium,4,Yes,11
T409,C13509,2024-08-04,2024-08-04,Billing,Medium,4,Yes,13
T410,C10220,2024-01-05,2024-01-05,Network,Medium,2,No,6
T411,C10675,2024-04-11,2024-04-11,Network,Low,2,No,1
T412,C10078,2024-07-10,2024-07-10,Technical,Low,3,No,1
T413,C12896,2024-07-30,2024-07-30,Network,Low,3,Yes,19
T414,C12126,2024-03-09,2024-03-09,Account,Medium,4,Yes,11
T415,C12074,2024-02-26,2024-02-27,Billing,Low,2,Yes,27
T416,C12976,2024-04-24,2024-04-25,Technical,Critical,5,Yes,30
T417,C13083,2024-10-24,2024-10-24,Network,Low,1,Yes,16
T418,C14866,2024-09-28,2024-09-28,Account,Low,3,Yes,1
T419,C11288,2024-04-09,2024-04-09,Billing,Medium,2,No,3
T420,C10694,2024-05-04,2024-05-06,Network,High,3,Yes,62
T421,C11710,2024-05-27,2024-05-28,Network,Medium,5,No,34
T422,C10579,2024-08-07,2024-08-07,Network,Low,5,Yes,12
T423,C13255,2024-10-19,2024-10-19,Technical,Medium,3,Yes,13
T424,C10215,2024-01-18,2024-01-18,Network,Medium,3,No,1
T425,C10020,2024-11-13,2024-11-13,Technical,Low,5,Yes,12
T426,C12842,2024-08-21,2024-08-21,Network,Medium,1,Yes,10
T427,C11097,2024-05-08,2024-05-08,Technical,High,5,Yes,4
T428,C13573,2024-02-12,2024-02-12,Network,High,3,Yes,8
T429,C13675,2024-10-19,2024-10-20,Network,Critical,4,Yes,32
T430,C12261,2024-03-29,2024-03-29,Network,Medium,5,Yes,5
T431,C12425,2024-05-17,2024-05-17,Technical,Low,4,Yes,10
T432,C12748,2024-07-17,2024-07-17,Technical,Low,5,Yes,11
T433,C12271,2024-12-30,2024-12-31,Network,High,2,Yes,34
T434,C12687,2024-09-15,2024-09-15,Network,Medium,5,Yes,3
T435,C13083,2024-01-10,2024-01-10,Account,Medium,5,Yes,10
T436,C13549,2024-06-01,2024-06-01,Network,High,5,Yes,10
T437,C10305,2024-11-27,2024-11-29,Network,High,4,Yes,55
T438,C10208,2024-07-18,2024-07-18,Network,High,5,Yes,8
T439,C10525,2024-08-29,2024-08-29,Network,Critical,3,Yes,2
T440,C13723,2024-01-03,2024-01-03,Network,High,5,Yes,9
T441,C13199,2024-08-12,2024-08-12,Billing,Low,3,Yes,3
T442,C13129,2024-03-31,2024-03-31,Billing,Low,4,No,4
T443,C14646,2024-06-15,2024-06-16,Network,Medium,1,No,32
T444,C11171,2024-12-24,2024-12-26,Account,Medium,4,Yes,57
T445,C12132,2024-09-02,2024-09-02,Network,Critical,5,Yes,2
T446,C14010,2024-06-19,2024-06-19,Account,High,4,Yes,22
T447,C14670,2024-09-13,2024-09-13,Billing,Medium,3,Yes,7
T448,C14099,2024-05-22,2024-05-22,Network,Low,4,Yes,16
T449,C14997,2024-04-24,2024-04-24,Billing,Medium,4,Yes,5
T450,C11994,2024-04-22,2024-04-22,Network,High,5,Yes,3
T451,C10798,2024-12-28,2024-12-29,Network,Low,5,Yes,42
T452,C13318,2024-05-17,2024-05-20,Network,High,3,Yes,79
T453,C11042,2024-03-03,2024-03-04,Network,Medium,4,No,36
T454,C10002,2024-12-26,2024-12-27,Technical,Critical,1,Yes,26
T455,C11224,2024-03-31,2024-03-31,Billing,Low,2,Yes,8
T456,C13396,2024-08-10,2024-08-11,Network,Low,2,No,32
T457,C13901,2024-07-13,2024-07-13,Billing,Medium,2,Yes,21
T458,C14238,2024-08-11,2024-08-11,Billing,Low,3,Yes,9
T459,C13644,2024-08-28,2024-08-28,Account,Low,3,Yes,19
T460,C10241,2024-11-27,2024-11-28,Network,Low,4,Yes,26
T461,C13857,2024-08-08,2024-08-08,Billing,Medium,1,No,6
T462,C12860,2024-03-05,2024-03-05,Billing,Medium,3,Yes,1
T463,C12899,2024-08-07,2024-08-07,Network,High,5,Yes,12
T464,C13616,2024-09-12,2024-09-12,Network,Low,1,Yes,8
T465,C11525,2024-12-27,2024-12-27,Network,Low,1,Yes,20
T466,C13779,2024-03-25,2024-03-25,Technical,Medium,2,Yes,9
T467,C10590,2024-10-30,2024-10-30,Billing,Medium,3,Yes,12
T468,C13246,2024-02-06,2024-02-06,Technical,Low,2,Yes,7
T469,C12262,2024-10-03,2024-10-03,Network,Low,4,Yes,3
T470,C12018,2024-10-01,2024-10-01,Network,High,2,Yes,5
T471,C14407,2024-04-28,2024-04-28,Network,Medium,3,Yes,11
T472,C12351,2024-05-26,2024-05-30,Network,Low,4,Yes,102
T473,C12283,2024-05-20,2024-05-20,Billing,Low,5,Yes,3
T474,C13077,2024-02-29,2024-03-01,Technical,High,5,Yes,30
T475,C14145,2024-11-08,2024-11-08,Account,Medium,3,Yes,18
T476,C13611,2024-04-27,2024-04-27,Billing,High,2,Yes,10
T477,C10065,2024-11-18,2024-11-18,Network,High,5,Yes,4
T478,C12255,2024-06-07,2024-06-09,Billing,Medium,2,Yes,50
T479,C12672,2024-04-04,2024-04-04,Technical,Medium,3,No,4
T480,C13389,2024-03-10,2024-03-10,Technical,High,5,No,19
T481,C13932,2024-01-19,2024-01-19,Network,Low,1,Yes,4
T482,C12081,2024-03-22,2024-03-22,Billing,High,3,No,8
T483,C14403,2024-11-23,2024-11-23,Technical,High,4,Yes,8
T484,C13066,2024-04-04,2024-04-04,Technical,Low,3,Yes,8
T485,C11902,2024-03-28,2024-03-28,Network,High,4,Yes,5
T486,C13835,2024-07-24,2024-07-24,Billing,Low,4,Yes,1
T487,C12528,2024-03-26,2024-03-26,Network,High,5,Yes,11
T488,C10190,2024-10-20,2024-10-20,Technical,Low,2,Yes,1
T489,C10255,2024-08-02,2024-08-02,Technical,Low,4,No,6
T490,C14228,2024-01-14,2024-01-14,Billing,Medium,5,Yes,5
T491,C10684,2024-05-17,2024-05-17,Network,Low,4,Yes,7
T492,C14640,2024-03-25,2024-03-25,Billing,Medium,4,Yes,19
T493,C10734,2024-08-29,2024-08-29,Account,Low,2,Yes,4
T494,C10982,2024-10-12,2024-10-12,Network,High,5,No,1
T495,C14762,2024-04-02,2024-04-02,Network,Medium,4,Yes,1
T496,C13077,2024-11-17,2024-11-17,Billing,Low,3,Yes,5
T497,C14689,2024-09-22,2024-09-22,Billing,Medium,3,Yes,15
T498,C13570,2024-07-23,2024-07-23,Billing,Low,5,Yes,13
T499,C13097,2024-12-07,2024-12-10,Network,Medium,1,Yes,76
T500,C13495,2024-07-21,2024-07-21,Network,Medium,4,Yes,12
T501,C14190,2024-09-23,2024-09-23,Billing,Medium,2,No,7
T502,C14460,2024-11-22,2024-11-23,Network,High,5,No,45
T503,C11005,2024-02-26,2024-02-28,Billing,Critical,3,Yes,69
T504,C12819,2024-01-17,2024-01-19,Network,Low,3,Yes,52
T505,C14936,2024-07-01,2024-07-01,Network,High,2,Yes,19
T506,C12818,2024-02-22,2024-02-22,Billing,Critical,4,Yes,2
T507,C12975,2024-06-22,2024-06-22,Technical,Low,4,No,1
T508,C10097,2024-08-27,2024-08-27,Billing,High,5,Yes,1
T509,C12663,2024-08-29,2024-08-29,Network,Low,4,Yes,14
T510,C12712,2024-11-20,2024-11-21,Billing,High,4,Yes,30
T511,C12001,2024-06-24,2024-06-24,Billing,High,2,No,15
T512,C11983,2024-10-12,2024-10-12,Technical,Medium,5,Yes,10
T513,C10465,2024-11-15,2024-11-16,Account,Low,5,No,24
T514,C10958,2024-03-27,2024-03-27,Billing,Low,4,Yes,17
T515,C11472,2024-04-18,2024-04-18,Account,High,4,Yes,3
T516,C13390,2024-09-09,2024-09-09,Technical,Low,2,Yes,20
T517,C13538,2024-08-12,2024-08-12,Account,Medium,1,Yes,10
T518,C10788,2024-10-27,2024-10-27,Network,Low,1,Yes,23
T519,C12839,2024-12-24,2024-12-24,Network,Low,4,Yes,8
T520,C10370,2024-08-02,2024-08-02,Network,Low,3,Yes,14
T521,C14644,2024-04-09,2024-04-10,Billing,Low,5,Yes,43
T522,C14091,2024-12-20,2024-12-21,Billing,Low,3,Yes,36
T523,C14226,2024-04-17,2024-04-17,Technical,Medium,3,Yes,4
T524,C13930,2024-04-27,2024-04-29,Network,Medium,4,Yes,52
T525,C10816,2024-01-06,2024-01-06,Technical,Medium,3,No,23
T526,C14965,2024-10-13,2024-10-19,Account,Low,4,Yes,151
T527,C11671,2024-09-15,2024-09-15,Billing,Medium,4,Yes,9
T528,C13751,2024-09-29,2024-09-29,Network,Medium,1,Yes,5
T529,C10247,2024-02-03,2024-02-03,Billing,High,4,Yes,7
T530,C11184,2024-10-17,2024-10-17,Network,High,1,Yes,19
T531,C13793,2024-01-10,2024-01-10,Account,High,2,Yes,18
T532,C13506,2024-07-16,2024-07-16,Billing,Low,3,Yes,15
T533,C13876,2024-05-15,2024-05-15,Technical,Medium,1,No,1
T534,C13621,2024-06-23,2024-06-23,Account,Medium,5,Yes,6
T535,C14294,2024-03-18,2024-03-18,Billing,Medium,5,Yes,10
T536,C12657,2024-05-23,2024-05-23,Technical,Medium,3,Yes,18
T537,C12629,2024-06-16,2024-06-16,Network,High,3,Yes,12
T538,C10092,2024-09-03,2024-09-03,Network,Medium,4,Yes,7
T539,C14296,2024-06-10,2024-06-10,Technical,High,3,Yes,1
T540,C13663,2024-05-28,2024-05-28,Technical,Low,3,Yes,17
T541,C10822,2024-02-27,2024-02-27,Billing,Low,2,No,21
T542,C12968,2024-06-21,2024-06-21,Account,Medium,2,Yes,14
T543,C14065,2024-11-02,2024-11-02,Billing,High,4,No,4
T544,C12639,2024-04-03,2024-04-04,Technical,Low,4,Yes,24
T545,C10151,2024-04-25,2024-04-26,Network,Low,4,Yes,44
T546,C14969,2024-08-02,2024-08-02,Technical,High,5,Yes,2
T547,C13868,2024-11-30,2024-11-30,Network,High,1,Yes,1
T548,C12529,2024-12-21,2024-12-22,Technical,Medium,3,Yes,24
T549,C12265,2024-10-31,2024-10-31,Technical,Low,3,Yes,15
T550,C12944,2024-01-16,2024-01-16,Billing,Low,3,No,1
T551,C13105,2024-12-13,2024-12-13,Billing,Medium,1,Yes,6
T552,C11445,2024-09-04,2024-09-04,Billing,Low,5,Yes,14
T553,C10897,2024-07-09,2024-07-09,Network,Medium,4,No,11
T554,C13280,2024-04-23,2024-04-24,Billing,Critical,1,Yes,30
T555,C10370,2024-12-15,2024-12-17,Network,Low,5,Yes,70
T556,C12648,2024-02-10,2024-02-11,Billing,High,3,Yes,26
T557,C10961,2024-09-14,2024-09-17,Account,High,2,Yes,80
T558,C14308,2024-10-30,2024-10-30,Network,Low,3,Yes,8
T559,C11111,2024-08-04,2024-08-05,Account,Low,4,Yes,34
T560,C12064,2024-01-09,2024-01-10,Network,Low,3,No,34
T561,C10997,2024-05-18,2024-05-19,Network,Medium,1,Yes,25
T562,C12966,2024-10-12,2024-10-12,Account,Low,4,Yes,7
T563,C10620,2024-11-07,2024-11-07,Network,Medium,2,Yes,17
T564,C10503,2024-03-03,2024-03-03,Billing,Critical,5,Yes,12
T565,C10276,2024-02-10,2024-02-10,Network,Low,1,Yes,13
T566,C14053,2024-10-25,2024-10-25,Network,Medium,1,Yes,4
T567,C14843,2024-12-20,2024-12-20,Billing,Medium,4,Yes,5
T568,C13170,2024-07-26,2024-07-26,Billing,High,2,Yes,1
T569,C12587,2024-01-24,2024-01-27,Technical,Medium,1,No,85
T570,C10876,2024-02-18,2024-02-18,Network,Critical,1,Yes,2
T571,C13704,2024-08-18,2024-08-19,Technical,Low,4,Yes,43
T572,C14870,2024-01-06,2024-01-06,Account,Low,4,Yes,4
T573,C10696,2024-11-20,2024-11-21,Billing,Medium,1,Yes,38
T574,C11039,2024-07-10,2024-07-10,Network,Medium,1,Yes,10
T575,C11937,2024-11-28,2024-11-28,Billing,High,1,Yes,3
T576,C14925,2024-11-16,2024-11-16,Technical,Medium,4,Yes,19
T577,C13587,2024-04-11,2024-04-11,Network,Low,1,No,8
T578,C13358,2024-04-21,2024-04-24,Technical,Low,3,Yes,88
T579,C12028,2024-04-10,2024-04-10,Billing,High,5,Yes,12
T580,C10389,2024-01-26,2024-01-26,Network,Critical,5,No,1
T581,C11344,2024-10-26,2024-10-26,Technical,Low,4,Yes,4
T582,C12198,2024-03-01,2024-03-01,Billing,Critical,3,No,4
T583,C14278,2024-09-02,2024-09-02,Account,High,5,Yes,20
T584,C13089,2024-08-05,2024-08-05,Network,High,2,Yes,12
T585,C13916,2024-12-11,2024-12-11,Billing,High,4,No,8
T586,C12693,2024-06-17,2024-06-18,Network,Low,2,Yes,29
T587,C13555,2024-07-20,2024-07-21,Technical,High,5,Yes,25
T588,C13056,2024-09-14,2024-09-14,Network,Medium,5,Yes,1
T589,C10975,2024-03-14,2024-03-15,Account,Low,3,Yes,25
T590,C13779,2024-02-25,2024-02-26,Technical,Medium,5,Yes,36
T591,C13267,2024-11-08,2024-11-11,Technical,High,3,Yes,79
T592,C10280,2024-12-27,2024-12-29,Billing,Medium,1,Yes,52
T593,C11207,2024-04-01,2024-04-01,Technical,Low,3,Yes,17
T594,C10155,2024-10-25,2024-10-25,Network,Critical,4,Yes,17
T595,C14770,2024-11-21,2024-11-21,Technical,Medium,5,Yes,4
T596,C12757,2024-02-17,2024-02-17,Account,Low,2,Yes,19
T597,C10826,2024-03-21,2024-03-21,Network,Critical,3,Yes,6
T598,C11106,2024-01-02,2024-01-02,Technical,High,3,Yes,22
T599,C11561,2024-03-03,2024-03-03,Account,Medium,1,Yes,5
T600,C11140,2024-01-21,2024-01-21,Technical,Medium,4,Yes,14
T601,C14470,2024-09-01,2024-09-01,Billing,Medium,4,Yes,5
T602,C11392,2024-05-05,2024-05-06,Network,Medium,3,Yes,44
T603,C14911,2024-06-18,2024-06-21,Billing,Low,2,No,93
T604,C10156,2024-08-21,2024-08-21,Billing,High,5,No,10
T605,C14031,2024-12-28,2024-12-29,Account,Low,1,Yes,32
T606,C12946,2024-08-01,2024-08-01,Network,High,4,Yes,14
T607,C14486,2024-07-31,2024-08-02,Network,Low,4,Yes,68
T608,C13897,2024-10-08,2024-10-10,Network,Medium,1,Yes,56
T609,C11158,2024-01-03,2024-01-03,Account,Low,1,Yes,6
T610,C12939,2024-09-21,2024-09-21,Technical,Medium,3,Yes,3
T611,C12373,2024-07-14,2024-07-14,Network,Low,5,Yes,1
T612,C10652,2024-04-10,2024-04-10,Technical,Medium,4,Yes,14
T613,C10986,2024-10-16,2024-10-16,Network,Medium,5,Yes,5
T614,C10749,2024-08-13,2024-08-14,Billing,High,5,No,37
T615,C14457,2024-08-10,2024-08-10,Technical,High,1,Yes,5
T616,C13565,2024-02-15,2024-02-15,Network,Low,1,Yes,16
T617,C10240,2024-10-19,2024-10-20,Network,Low,4,Yes,24
T618,C12253,2024-12-03,2024-12-03,Technical,High,4,Yes,1
T619,C11457,2024-09-08,2024-09-09,Billing,High,2,No,26
T620,C14163,2024-05-03,2024-05-03,Account,Critical,1,Yes,15
T621,C14040,2024-12-27,2024-12-27,Billing,Low,3,Yes,10
T622,C11586,2024-02-16,2024-02-16,Network,Medium,3,Yes,4
T623,C14011,2024-03-13,2024-03-15,Network,Critical,1,Yes,49
T624,C12558,2024-10-07,2024-10-07,Network,Medium,5,Yes,1
T625,C12168,2024-04-26,2024-04-26,Network,Low,4,Yes,1
T626,C14105,2024-08-02,2024-08-03,Network,Medium,4,Yes,29
T627,C12715,2024-06-03,2024-06-03,Account,Low,5,Yes,7
T628,C12089,2024-10-27,2024-10-29,Network,Low,2,Yes,53
T629,C10997,2024-11-11,2024-11-14,Account,Critical,4,No,92
T630,C12149,2024-02-12,2024-02-12,Billing,Low,2,Yes,11
T631,C14556,2024-05-31,2024-05-31,Network,Critical,1,Yes,3
T632,C14069,2024-03-08,2024-03-10,Billing,Medium,5,Yes,68
T633,C10423,2024-08-14,2024-08-14,Network,High,3,Yes,13
T634,C10917,2024-11-21,2024-11-24,Network,High,3,Yes,89
T635,C14826,2024-03-25,2024-03-26,Billing,Medium,4,No,28
T636,C10945,2024-02-19,2024-02-20,Network,Medium,5,Yes,38
T637,C10461,2024-11-03,2024-11-04,Network,Low,3,Yes,26
T638,C10425,2024-08-04,2024-08-05,Network,Medium,3,Yes,47
T639,C11628,2024-07-17,2024-07-17,Billing,High,4,Yes,8
T640,C14405,2024-12-25,2024-12-26,Network,Critical,4,Yes,32
T641,C14380,2024-02-26,2024-02-26,Network,Low,4,No,19
T642,C10065,2024-01-29,2024-01-29,Technical,Medium,4,Yes,12
T643,C11311,2024-01-13,2024-01-13,Network,Low,5,No,1
T644,C11509,2024-06-26,2024-06-26,Network,Medium,3,Yes,5
T645,C13248,2024-07-03,2024-07-03,Billing,Medium,2,Yes,22
T646,C14358,2024-10-01,2024-10-01,Technical,High,5,Yes,3
T647,C12422,2024-04-18,2024-04-19,Technical,Critical,2,Yes,24
T648,C14100,2024-07-05,2024-07-06,Network,High,4,Yes,37
T649,C13107,2024-08-30,2024-08-31,Technical,Medium,5,Yes,26
T650,C10577,2024-06-21,2024-06-22,Account,High,1,Yes,36
T651,C14710,2024-12-05,2024-12-05,Account,Medium,4,Yes,4
T652,C13953,2024-11-20,2024-11-21,Technical,Critical,3,Yes,24
T653,C10447,2024-05-10,2024-05-10,Billing,Medium,1,Yes,4
T654,C12600,2024-04-30,2024-04-30,Billing,High,1,Yes,1
T655,C13133,2024-01-18,2024-01-19,Network,Medium,4,Yes,26
T656,C13711,2024-07-22,2024-07-22,Network,High,3,Yes,4
T657,C10259,2024-05-19,2024-05-20,Network,Low,1,Yes,31
T658,C10043,2024-11-17,2024-11-18,Technical,Low,2,Yes,33
T659,C14872,2024-10-29,2024-10-29,Network,Critical,1,Yes,2
T660,C14361,2024-06-22,2024-06-22,Network,Medium,2,Yes,15
T661,C14127,2024-02-11,2024-02-11,Billing,High,4,No,10
T662,C12091,2024-02-14,2024-02-15,Billing,Medium,3,Yes,31
T663,C11974,2024-11-27,2024-11-28,Billing,Medium,5,Yes,31
T664,C14215,2024-07-03,2024-07-04,Network,High,5,Yes,28
T665,C13846,2024-11-23,2024-11-23,Network,Low,3,Yes,14
T666,C12282,2024-09-24,2024-09-24,Billing,Low,4,Yes,1
T667,C11943,2024-03-31,2024-03-31,Technical,Low,2,Yes,13
T668,C13701,2024-03-23,2024-03-23,Billing,Critical,3,Yes,6
T669,C13049,2024-12-20,2024-12-20,Network,Low,5,Yes,6
T670,C13938,2024-01-12,2024-01-13,Network,High,3,No,37
T671,C14012,2024-07-06,2024-07-06,Billing,Low,3,Yes,7
T672,C12407,2024-05-18,2024-05-19,Technical,Medium,4,Yes,40
T673,C14705,2024-07-17,2024-07-17,Billing,Medium,4,Yes,6
T674,C13291,2024-10-01,2024-10-01,Technical,High,5,Yes,4
T675,C10708,2024-09-26,2024-09-28,Technical,Medium,1,Yes,66
T676,C11103,2024-10-08,2024-10-08,Account,Low,4,Yes,10
T677,C13396,2024-06-23,2024-06-23,Billing,High,4,Yes,7
T678,C12101,2024-01-19,2024-01-19,Network,Medium,5,Yes,9
T679,C12361,2024-02-13,2024-02-14,Network,Low,2,Yes,31
T680,C12105,2024-05-14,2024-05-14,Network,Low,2,Yes,13
T681,C10163,2024-04-07,2024-04-07,Billing,Medium,4,Yes,9
T682,C14544,2024-01-03,2024-01-04,Network,High,1,Yes,33
T683,C14064,2024-04-08,2024-04-08,Network,Medium,3,Yes,12
T684,C12550,2024-04-05,2024-04-05,Billing,Critical,3,Yes,4
T685,C14102,2024-09-24,2024-09-27,Account,Medium,5,Yes,91
T686,C13581,2024-06-16,2024-06-16,Billing,Critical,1,Yes,11
T687,C11198,2024-07-21,2024-07-21,Technical,Low,3,Yes,1
T688,C13580,2024-09-03,2024-09-03,Billing,Low,3,Yes,6
T689,C12332,2024-01-12,2024-01-12,Technical,Medium,3,Yes,16
T690,C11855,2024-06-17,2024-06-17,Billing,Low,2,Yes,1
T691,C10945,2024-11-02,2024-11-02,Network,Medium,4,Yes,14
T692,C13660,2024-04-04,2024-04-04,Billing,Medium,5,No,1
T693,C11941,2024-07-04,2024-07-04,Billing,Critical,5,Yes,2
T694,C14921,2024-02-19,2024-02-19,Technical,Low,4,Yes,1
T695,C10870,2024-12-17,2024-12-18,Network,Low,3,Yes,37
T696,C14704,2024-08-19,2024-08-19,Billing,High,4,Yes,8
T697,C14148,2024-06-15,2024-06-15,Network,Critical,5,Yes,18
T698,C13515,2024-11-25,2024-11-26,Technical,Low,5,Yes,35
T699,C11814,2024-07-09,2024-07-09,Technical,Medium,4,Yes,9
T700,C13482,2024-08-31,2024-08-31,Network,High,5,Yes,16
T701,C10974,2024-11-09,2024-11-09,Billing,Low,2,No,21
T702,C12421,2024-04-13,2024-04-13,Billing,Low,4,Yes,2
T703,C14063,2024-04-30,2024-05-02,Technical,High,3,Yes,50
T704,C13786,2024-07-25,2024-07-25,Billing,Low,3,Yes,9
T705,C10021,2024-03-12,2024-03-12,Technical,Critical,3,Yes,11
T706,C13299,2024-06-02,2024-06-02,Network,Low,2,Yes,17
T707,C13725,2024-10-15,2024-10-15,Billing,Medium,3,Yes,4
T708,C14897,2024-07-03,2024-07-04,Account,Medium,2,Yes,25
T709,C13741,2024-08-09,2024-08-09,Technical,Low,5,Yes,3
T710,C10686,2024-06-09,2024-06-10,Technical,Medium,1,Yes,26
T711,C12431,2024-08-16,2024-08-16,Billing,Low,3,Yes,1
T712,C11984,2024-07-13,2024-07-14,Technical,Medium,4,Yes,41
T713,C10504,2024-11-08,2024-11-08,Technical,Low,4,Yes,12
T714,C11999,2024-02-09,2024-02-11,Account,High,2,Yes,53
T715,C12249,2024-10-09,2024-10-09,Technical,Medium,4,Yes,8
T716,C14010,2024-11-06,2024-11-06,Account,Low,4,Yes,1
T717,C13076,2024-06-24,2024-06-24,Technical,High,2,Yes,10
T718,C10642,2024-12-14,2024-12-14,Network,Medium,5,Yes,5
T719,C12628,2024-12-03,2024-12-04,Billing,Low,1,Yes,32
T720,C14646,2024-12-30,2024-12-30,Technical,Low,2,Yes,1
T721,C13425,2024-01-21,2024-01-21,Account,High,4,Yes,2
T722,C14297,2024-11-09,2024-11-09,Technical,Low,2,Yes,15
T723,C11676,2024-08-02,2024-08-02,Network,Critical,4,Yes,1
T724,C13002,2024-10-22,2024-10-22,Billing,Medium,2,Yes,3
T725,C12952,2024-08-09,2024-08-09,Technical,Medium,2,No,9
T726,C13851,2024-06-22,2024-06-22,Network,Low,5,No,17
T727,C11946,2024-07-22,2024-07-22,Network,High,4,Yes,4
T728,C11437,2024-03-24,2024-03-24,Network,Medium,2,Yes,22
T729,C11497,2024-11-10,2024-11-10,Network,Medium,2,No,2
T730,C11326,2024-04-26,2024-04-26,Network,Medium,2,Yes,12
T731,C13850,2024-06-03,2024-06-03,Billing,Low,3,Yes,6
T732,C14818,2024-11-18,2024-11-18,Billing,Medium,4,Yes,2
T733,C14587,2024-12-18,2024-12-18,Network,Low,5,Yes,17
T734,C14324,2024-09-21,2024-09-21,Billing,Critical,2,Yes,3
T735,C10529,2024-04-23,2024-04-23,Account,Low,4,Yes,8
T736,C12154,2024-11-06,2024-11-08,Technical,Low,3,Yes,49
T737,C14219,2024-12-01,2024-12-01,Technical,Low,4,Yes,19
T738,C11624,2024-05-31,2024-06-02,Account,Medium,5,Yes,68
T739,C14108,2024-08-05,2024-08-05,Billing,Low,1,Yes,15
T740,C11700,2024-06-29,2024-07-02,Billing,High,1,Yes,72
T741,C11008,2024-03-30,2024-03-30,Technical,Medium,5,Yes,15
T742,C10602,2024-08-09,2024-08-09,Billing,High,5,Yes,1
T743,C14656,2024-11-25,2024-11-25,Account,Critical,4,Yes,11
T744,C14584,2024-09-24,2024-09-27,Network,Low,3,Yes,79
T745,C14176,2024-02-19,2024-02-20,Network,Medium,3,Yes,45
T746,C12088,2024-04-18,2024-04-18,Billing,Low,2,Yes,1
T747,C10376,2024-04-16,2024-04-16,Billing,Medium,4,Yes,4
T748,C10897,2024-09-08,2024-09-08,Technical,Medium,3,No,20
T749,C10611,2024-08-24,2024-08-24,Network,Low,3,No,5
T750,C13671,2024-12-18,2024-12-18,Technical,Critical,4,Yes,3
T751,C10988,2024-07-30,2024-08-01,Billing,High,5,Yes,57
T752,C11933,2024-02-29,2024-02-29,Network,Medium,5,No,1
T753,C14804,2024-07-21,2024-07-21,Billing,Medium,2,No,20
T754,C12499,2024-06-17,2024-06-18,Network,Medium,3,Yes,29
T755,C10060,2024-12-10,2024-12-10,Account,Low,1,Yes,14
T756,C13980,2024-07-20,2024-07-21,Billing,Low,1,Yes,31
T757,C12353,2024-11-10,2024-11-10,Network,Medium,3,Yes,1
T758,C12508,2024-02-06,2024-02-06,Network,Low,3,Yes,4
T759,C13675,2024-04-10,2024-04-10,Technical,Low,5,Yes,3
T760,C13996,2024-02-02,2024-02-02,Technical,High,4,Yes,21
T761,C12698,2024-11-30,2024-11-30,Billing,High,4,Yes,10
T762,C13482,2024-11-04,2024-11-04,Billing,Low,4,Yes,7
T763,C14180,2024-01-21,2024-01-21,Billing,Low,1,Yes,18
T764,C14948,2024-10-11,2024-10-11,Network,Medium,2,Yes,12
T765,C11249,2024-01-23,2024-01-23,Network,Critical,2,Yes,20
T766,C13545,2024-04-29,2024-04-30,Billing,Medium,3,Yes,32
T767,C10148,2024-07-21,2024-07-22,Network,Medium,5,No,41
T768,C11724,2024-07-29,2024-07-29,Network,Medium,5,Yes,20
T769,C14894,2024-04-16,2024-04-20,Billing,Medium,5,Yes,112
T770,C11192,2024-08-24,2024-08-27,Billing,High,1,Yes,79
T771,C10092,2024-02-03,2024-02-03,Technical,Low,2,Yes,13
T772,C10162,2024-09-04,2024-09-05,Network,Medium,5,No,28
T773,C14040,2024-11-12,2024-11-12,Billing,Medium,1,Yes,1
T774,C12321,2024-08-18,2024-08-18,Technical,Low,3,No,2
T775,C11932,2024-07-07,2024-07-07,Account,Critical,4,No,7
T776,C12948,2024-01-04,2024-01-04,Technical,Low,3,Yes,9
T777,C12049,2024-10-21,2024-10-21,Billing,Low,5,Yes,16
T778,C14050,2024-08-26,2024-08-26,Network,Medium,3,Yes,6
T779,C12633,2024-02-18,2024-02-18,Technical,High,4,Yes,12
T780,C13850,2024-12-06,2024-12-06,Network,Medium,4,Yes,23
T781,C14151,2024-05-12,2024-05-12,Account,Low,4,Yes,3
T782,C11600,2024-01-06,2024-01-06,Technical,Medium,2,Yes,15
T783,C11829,2024-10-22,2024-10-23,Technical,High,4,No,25
T784,C12492,2024-10-16,2024-10-16,Network,Medium,4,Yes,8
T785,C13686,2024-07-19,2024-07-19,Network,Critical,5,Yes,11
T786,C13834,2024-10-17,2024-10-18,Account,Low,2,Yes,27
T787,C12892,2024-11-07,2024-11-08,Technical,Medium,5,Yes,25
T788,C14439,2024-09-27,2024-09-27,Technical,Low,2,Yes,11
T789,C12944,2024-04-25,2024-04-25,Network,High,5,Yes,6
T790,C13499,2024-12-06,2024-12-06,Billing,Medium,3,Yes,3
T791,C11375,2024-09-05,2024-09-05,Account,High,5,Yes,5
T792,C11039,2024-02-18,2024-02-18,Billing,Low,4,Yes,6
T793,C12476,2024-07-06,2024-07-07,Account,Low,4,Yes,32
T794,C13682,2024-03-30,2024-03-30,Billing,Medium,2,Yes,5
T795,C13085,2024-02-17,2024-02-17,Billing,Medium,3,Yes,11
T796,C12547,2024-11-25,2024-11-25,Technical,Medium,2,Yes,18
T797,C11426,2024-12-17,2024-12-17,Network,Medium,3,Yes,23
T798,C13462,2024-03-20,2024-03-20,Technical,Medium,3,Yes,12
T799,C11426,2024-12-23,2024-12-23,Billing,High,3,Yes,5
T800,C12374,2024-10-15,2024-10-15,Technical,Medium,1,Yes,3
T801,C10167,2024-04-25,2024-04-25,Billing,Low,4,Yes,19
T802,C14952,2024-12-17,2024-12-17,Network,Medium,3,Yes,22
T803,C12469,2024-01-01,2024-01-02,Network,Low,4,Yes,25
T804,C10919,2024-06-24,2024-06-24,Account,Medium,3,Yes,14
T805,C13228,2024-05-14,2024-05-15,Billing,High,1,No,36
T806,C14437,2024-12-12,2024-12-12,Network,Medium,5,Yes,13
T807,C10587,2024-05-14,2024-05-15,Network,Low,2,Yes,38
T808,C14129,2024-11-16,2024-11-16,Technical,Low,4,No,1
T809,C11569,2024-01-25,2024-01-25,Technical,Medium,4,Yes,18
T810,C10083,2024-05-04,2024-05-04,Billing,Low,2,Yes,5
T811,C10638,2024-10-28,2024-10-28,Network,Low,5,Yes,10
T812,C14291,2024-03-08,2024-03-08,Network,Low,1,No,12
T813,C14001,2024-08-18,2024-08-19,Billing,High,2,Yes,26
T814,C13661,2024-04-17,2024-04-17,Billing,Low,2,Yes,17
T815,C12907,2024-05-16,2024-05-16,Network,Low,5,Yes,23
T816,C10537,2024-10-06,2024-10-08,Technical,Medium,3,Yes,51
T817,C13905,2024-08-15,2024-08-15,Billing,Low,4,Yes,4
T818,C11272,2024-07-27,2024-07-27,Network,Low,5,Yes,1
T819,C10932,2024-11-10,2024-11-10,Technical,High,2,Yes,4
T820,C13520,2024-09-16,2024-09-16,Network,Low,3,Yes,15
T821,C10490,2024-02-02,2024-02-05,Billing,Medium,4,Yes,94
T822,C12375,2024-03-12,2024-03-12,Technical,Low,5,Yes,3
T823,C11251,2024-02-14,2024-02-15,Network,Low,3,Yes,38
T824,C11464,2024-04-08,2024-04-09,Technical,Low,3,Yes,38
T825,C10624,2024-12-21,2024-12-22,Account,Medium,3,Yes,24
T826,C14137,2024-09-20,2024-09-20,Network,Low,2,Yes,8
T827,C14286,2024-03-18,2024-03-18,Network,Low,5,Yes,1
T828,C10383,2024-01-06,2024-01-06,Technical,High,3,Yes,13
T829,C14656,2024-07-07,2024-07-07,Network,Medium,3,No,5
T830,C10946,2024-10-09,2024-10-11,Technical,Medium,1,Yes,55
T831,C11302,2024-10-19,2024-10-19,Network,Medium,4,Yes,13
T832,C12104,2024-12-26,2024-12-26,Billing,Medium,4,Yes,15
T833,C14881,2024-12-07,2024-12-07,Network,Low,5,Yes,14
T834,C10557,2024-01-30,2024-01-30,Technical,High,5,Yes,17
T835,C10108,2024-03-18,2024-03-18,Account,High,5,Yes,18
T836,C11569,2024-01-30,2024-01-31,Technical,Low,5,Yes,32
T837,C14787,2024-03-08,2024-03-08,Billing,High,1,Yes,17
T838,C10214,2024-07-26,2024-07-26,Network,High,1,Yes,1
T839,C13062,2024-01-15,2024-01-15,Account,Medium,4,Yes,6
T840,C14617,2024-04-24,2024-04-25,Technical,Medium,4,Yes,39
T841,C12922,2024-01-01,2024-01-01,Technical,High,5,Yes,9
T842,C12014,2024-11-16,2024-11-16,Account,High,1,Yes,8
T843,C14187,2024-04-01,2024-04-01,Technical,Medium,2,Yes,7
T844,C10453,2024-05-23,2024-05-24,Network,High,4,Yes,32
T845,C14245,2024-11-17,2024-11-19,Technical,Low,4,Yes,50
T846,C10651,2024-06-11,2024-06-11,Account,Low,3,Yes,3
T847,C10909,2024-03-11,2024-03-11,Network,Low,5,Yes,19
T848,C13010,2024-06-27,2024-06-27,Technical,Low,5,Yes,1
T849,C13352,2024-07-27,2024-07-27,Technical,High,1,No,1
T850,C11790,2024-11-18,2024-11-18,Billing,Critical,4,No,23
T851,C13123,2024-09-12,2024-09-12,Technical,Low,5,Yes,13
T852,C12244,2024-06-06,2024-06-06,Network,Medium,5,Yes,20
T853,C12777,2024-09-21,2024-09-21,Network,Medium,2,Yes,6
T854,C11839,2024-12-18,2024-12-18,Network,High,4,Yes,15
T855,C13859,2024-06-29,2024-06-29,Network,High,4,No,2
T856,C10309,2024-09-23,2024-09-23,Network,Low,2,Yes,8
T857,C10392,2024-02-24,2024-02-24,Technical,Low,3,Yes,6
T858,C13265,2024-01-09,2024-01-09,Billing,Medium,5,Yes,6
T859,C11224,2024-12-30,2024-12-30,Billing,High,3,Yes,21
T860,C10895,2024-08-19,2024-08-19,Network,Medium,4,No,4
T861,C12620,2024-12-09,2024-12-09,Network,Low,4,No,17
T862,C10914,2024-09-24,2024-09-26,Technical,Medium,4,No,69
T863,C10268,2024-03-08,2024-03-08,Network,Medium,5,Yes,3
T864,C13380,2024-05-25,2024-05-25,Network,Low,3,Yes,1
T865,C14892,2024-10-28,2024-10-28,Billing,Low,4,Yes,12
T866,C14177,2024-09-07,2024-09-07,Billing,High,5,Yes,17
T867,C12579,2024-05-30,2024-05-30,Network,Medium,3,Yes,1
T868,C14632,2024-06-13,2024-06-13,Billing,Critical,2,Yes,23
T869,C11326,2024-01-20,2024-01-21,Technical,High,5,Yes,41
T870,C12031,2024-05-27,2024-05-27,Billing,Low,4,Yes,1
T871,C13236,2024-10-14,2024-10-15,Network,Low,2,Yes,35
T872,C11848,2024-04-28,2024-04-28,Billing,Medium,5,Yes,18
T873,C12434,2024-11-02,2024-11-02,Technical,Low,2,Yes,7
T874,C12424,2024-07-04,2024-07-06,Network,Low,2,Yes,58
T875,C14451,2024-06-07,2024-06-07,Network,Low,5,Yes,13
T876,C11762,2024-09-28,2024-09-28,Network,High,2,Yes,23
T877,C13210,2024-06-21,2024-06-21,Technical,Medium,4,No,6
T878,C12035,2024-08-03,2024-08-04,Technical,Low,3,Yes,29
T879,C12884,2024-06-30,2024-07-02,Billing,Low,3,Yes,52
T880,C10800,2024-06-02,2024-06-02,Network,Medium,2,Yes,8
T881,C12786,2024-04-26,2024-04-26,Network,Low,4,Yes,3
T882,C13442,2024-03-14,2024-03-15,Billing,Low,1,Yes,38
T883,C12482,2024-02-26,2024-02-28,Billing,Critical,5,Yes,49
T884,C11915,2024-02-08,2024-02-08,Network,High,5,Yes,22
T885,C14500,2024-08-05,2024-08-05,Technical,Medium,5,Yes,11
T886,C10657,2024-08-07,2024-08-08,Network,Medium,2,Yes,25
T887,C11284,2024-10-15,2024-10-16,Network,High,4,Yes,26
T888,C10249,2024-10-28,2024-10-28,Account,Low,3,Yes,13
T889,C10743,2024-01-24,2024-01-24,Network,Low,4,No,4
T890,C12533,2024-03-01,2024-03-01,Billing,Low,1,Yes,14
T891,C12637,2024-07-10,2024-07-10,Billing,Medium,4,Yes,11
T892,C12458,2024-08-02,2024-08-02,Account,Medium,4,Yes,22
T893,C11161,2024-12-21,2024-12-22,Network,Medium,5,Yes,35
T894,C14693,2024-08-16,2024-08-16,Network,Critical,2,Yes,23
T895,C12331,2024-10-17,2024-10-17,Network,High,4,Yes,1
T896,C11393,2024-02-18,2024-02-19,Network,High,2,No,33
T897,C10390,2024-10-05,2024-10-05,Billing,Low,4,No,8
T898,C14673,2024-06-17,2024-06-17,Technical,Low,4,Yes,1
T899,C10452,2024-05-18,2024-05-18,Billing,Low,3,Yes,3
T900,C13106,2024-02-20,2024-02-20,Billing,Medium,5,Yes,22
T901,C12236,2024-03-22,2024-03-23,Account,Medium,3,Yes,37
T902,C14884,2024-03-02,2024-03-03,Network,Low,2,No,42
T903,C11308,2024-10-02,2024-10-02,Account,Medium,4,Yes,5
T904,C12911,2024-11-06,2024-11-06,Network,Low,2,Yes,3
T905,C13235,2024-08-30,2024-08-30,Network,Medium,2,Yes,16
T906,C10749,2024-06-07,2024-06-07,Network,Medium,2,Yes,9
T907,C12790,2024-06-30,2024-07-03,Billing,Low,4,Yes,73
T908,C10282,2024-01-09,2024-01-09,Billing,High,2,Yes,16
T909,C12812,2024-03-05,2024-03-05,Network,Medium,3,No,15
T910,C12460,2024-02-04,2024-02-05,Billing,Medium,4,Yes,42
T911,C12115,2024-12-07,2024-12-07,Network,Medium,2,No,6
T912,C10262,2024-06-17,2024-06-18,Technical,Critical,2,Yes,38
T913,C11397,2024-04-28,2024-04-30,Billing,High,5,Yes,51
T914,C14178,2024-11-09,2024-11-10,Technical,High,4,Yes,34
T915,C13017,2024-08-26,2024-08-26,Network,Low,4,Yes,4
T916,C10754,2024-04-06,2024-04-06,Technical,Low,5,Yes,1
T917,C13629,2024-02-03,2024-02-03,Account,Medium,2,Yes,7
T918,C13439,2024-08-31,2024-09-01,Technical,Critical,4,No,29
T919,C11729,2024-05-28,2024-05-28,Technical,Low,1,Yes,1
T920,C11371,2024-09-30,2024-10-01,Network,High,4,Yes,32
T921,C11121,2024-12-01,2024-12-01,Billing,Medium,4,Yes,12
T922,C13756,2024-06-10,2024-06-10,Billing,Medium,5,Yes,2
T923,C12779,2024-04-29,2024-04-30,Account,Medium,5,Yes,37
T924,C14723,2024-04-11,2024-04-11,Network,Medium,3,Yes,8
T925,C12476,2024-07-29,2024-07-29,Technical,Low,5,Yes,15
T926,C11070,2024-04-19,2024-04-19,Network,Critical,3,Yes,5
T927,C13723,2024-10-15,2024-10-16,Billing,Low,2,Yes,37
T928,C10218,2024-07-21,2024-07-22,Network,Medium,2,Yes,27
T929,C11887,2024-12-20,2024-12-20,Billing,Low,2,Yes,8
T930,C14358,2024-03-22,2024-03-22,Network,Low,1,Yes,7
T931,C13071,2024-05-21,2024-05-21,Network,High,4,Yes,18
T932,C11976,2024-07-28,2024-07-29,Account,Low,1,Yes,41
T933,C14018,2024-02-17,2024-02-18,Billing,High,3,Yes,27
T934,C13810,2024-07-06,2024-07-07,Technical,High,5,Yes,37
T935,C14380,2024-07-25,2024-07-25,Network,Low,5,Yes,1
T936,C11536,2024-04-17,2024-04-19,Billing,Medium,5,Yes,48
T937,C10348,2024-08-22,2024-08-22,Network,Critical,3,Yes,8
T938,C10461,2024-04-03,2024-04-03,Network,Low,4,Yes,12
T939,C10196,2024-04-05,2024-04-05,Network,Medium,4,Yes,11
T940,C12551,2024-11-22,2024-11-22,Billing,Medium,5,Yes,3
T941,C10630,2024-05-11,2024-05-12,Account,Low,5,Yes,25
T942,C10122,2024-08-03,2024-08-07,Account,Medium,4,Yes,109
T943,C13377,2024-03-22,2024-03-23,Technical,Low,2,No,46
T944,C11994,2024-07-05,2024-07-05,Billing,Low,2,Yes,1
T945,C12779,2024-08-07,2024-08-09,Billing,Low,4,Yes,66
T946,C10476,2024-08-18,2024-08-19,Billing,Low,2,Yes,40
T947,C10245,2024-01-07,2024-01-08,Billing,Low,4,Yes,37
T948,C10859,2024-10-15,2024-10-16,Billing,Low,5,Yes,34
T949,C12943,2024-09-15,2024-09-15,Network,Low,2,Yes,3
T950,C14155,2024-07-03,2024-07-03,Technical,High,4,No,3
T951,C11945,2024-08-05,2024-08-05,Network,Medium,1,Yes,13
T952,C10949,2024-07-12,2024-07-12,Account,Medium,4,Yes,19
T953,C13664,2024-04-02,2024-04-02,Network,Low,2,Yes,20
T954,C14137,2024-11-12,2024-11-12,Billing,Medium,4,Yes,1
T955,C11086,2024-03-02,2024-03-02,Network,Medium,2,Yes,18
T956,C12294,2024-10-05,2024-10-05,Network,Medium,1,Yes,4
T957,C14718,2024-01-02,2024-01-02,Technical,Low,4,Yes,19
T958,C11950,2024-01-19,2024-01-20,Network,Low,1,Yes,24
T959,C10327,2024-09-05,2024-09-05,Billing,High,2,Yes,2
T960,C10295,2024-02-13,2024-02-15,Network,High,4,No,62
T961,C12478,2024-07-05,2024-07-05,Network,Low,4,Yes,1
T962,C11276,2024-11-29,2024-11-29,Network,High,4,Yes,2
T963,C10426,2024-09-16,2024-09-16,Technical,High,5,Yes,6
T964,C13400,2024-03-03,2024-03-04,Network,Medium,5,Yes,38
T965,C12754,2024-05-06,2024-05-06,Billing,High,3,Yes,1
T966,C14073,2024-05-21,2024-05-22,Network,Critical,5,Yes,34
T967,C14259,2024-06-08,2024-06-09,Technical,High,4,Yes,28
T968,C11541,2024-12-04,2024-12-04,Network,High,5,Yes,7
T969,C10106,2024-02-22,2024-02-22,Network,High,4,Yes,2
T970,C12033,2024-11-03,2024-11-03,Billing,Medium,1,No,1
T971,C13753,2024-03-03,2024-03-03,Billing,High,3,Yes,20
T972,C10060,2024-03-26,2024-03-26,Technical,Low,5,Yes,4
T973,C12773,2024-08-24,2024-08-28,Network,Low,5,Yes,102
T974,C12573,2024-04-16,2024-04-16,Network,Low,5,Yes,20
T975,C13615,2024-06-20,2024-06-20,Technical,High,1,Yes,1
T976,C14606,2024-11-16,2024-11-16,Network,Medium,3,Yes,2
T977,C10491,2024-08-24,2024-08-24,Billing,Medium,3,Yes,1
T978,C14931,2024-09-15,2024-09-15,Account,Low,4,Yes,15
T979,C10204,2024-08-01,2024-08-02,Billing,Low,4,Yes,31
T980,C11398,2024-10-27,2024-10-27,Network,Low,2,Yes,17
T981,C10116,2024-09-04,2024-09-04,Billing,Critical,3,Yes,15
T982,C12264,2024-02-05,2024-02-05,Account,Low,1,No,9
T983,C13347,2024-12-29,2024-12-29,Network,Low,1,Yes,1
T984,C10260,2024-10-25,2024-10-26,Account,Low,1,Yes,47
T985,C13801,2024-10-25,2024-10-25,Network,Low,3,Yes,9
T986,C12645,2024-10-16,2024-10-16,Billing,Medium,5,Yes,14
T987,C14548,2024-08-13,2024-08-14,Technical,Low,4,No,31
T988,C12775,2024-05-26,2024-05-26,Network,Low,4,Yes,2
T989,C12994,2024-12-04,2024-12-04,Billing,Medium,4,Yes,1
T990,C11803,2024-08-02,2024-08-02,Billing,Low,2,No,10
T991,C10378,2024-02-26,2024-02-26,Technical,Low,3,Yes,3
T992,C12098,2024-03-14,2024-03-16,Billing,Low,5,Yes,49
T993,C13456,2024-03-06,2024-03-06,Account,Medium,1,Yes,1
T994,C13481,2024-11-27,2024-11-27,Network,Low,1,Yes,2
T995,C14778,2024-10-24,2024-10-24,Network,Low,4,Yes,8
T996,C14969,2024-12-08,2024-12-08,Network,Medium,2,Yes,5
T997,C11627,2024-05-12,2024-05-12,Billing,High,4,Yes,1
T998,C13578,2024-09-28,2024-09-28,Network,Medium,4,No,13
T999,C11185,2024-11-05,2024-11-05,Network,Low,5,Yes,16
T1000,C13429,2024-07-03,2024-07-03,Account,Medium,4,No,16
T1001,C13647,2024-07-16,2024-07-16,Technical,Low,3,Yes,11
T1002,C10642,2024-10-04,2024-10-07,Billing,Medium,5,Yes,83
T1003,C13665,2024-11-28,2024-11-28,Technical,Medium,4,Yes,1
T1004,C11624,2024-01-27,2024-01-30,Technical,Medium,5,Yes,76
T1005,C13353,2024-03-05,2024-03-05,Technical,Medium,5,Yes,17
T1006,C10977,2024-12-07,2024-12-07,Billing,Medium,2,Yes,8
T1007,C10937,2024-01-05,2024-01-05,Network,Critical,3,Yes,10
T1008,C10120,2024-04-28,2024-04-29,Technical,High,5,Yes,24
T1009,C10892,2024-03-04,2024-03-04,Technical,High,5,Yes,3
T1010,C11401,2024-09-05,2024-09-05,Network,High,4,Yes,5
T1011,C11662,2024-05-28,2024-05-30,Technical,High,5,No,49
T1012,C12675,2024-06-20,2024-06-20,Network,Low,4,Yes,15
T1013,C10924,2024-12-01,2024-12-01,Network,Medium,3,Yes,1
T1014,C10699,2024-06-08,2024-06-09,Account,Critical,5,Yes,24
T1015,C10777,2024-04-28,2024-04-28,Billing,Medium,2,Yes,20
T1016,C13604,2024-04-01,2024-04-01,Network,Critical,1,Yes,19
T1017,C12914,2024-11-23,2024-11-25,Technical,Medium,5,Yes,53
T1018,C12183,2024-09-27,2024-09-28,Technical,High,3,Yes,26
T1019,C11953,2024-09-20,2024-09-21,Network,Low,2,Yes,32
T1020,C10866,2024-07-19,2024-07-20,Account,Low,2,Yes,36
T1021,C13066,2024-11-14,2024-11-14,Account,Low,3,Yes,1
T1022,C10601,2024-06-01,2024-06-01,Billing,Medium,1,Yes,11
T1023,C10499,2024-03-09,2024-03-09,Account,Low,3,Yes,15
T1024,C13789,2024-10-01,2024-10-01,Billing,Low,3,Yes,11
T1025,C12731,2024-07-09,2024-07-09,Network,High,3,Yes,1
T1026,C14556,2024-06-14,2024-06-15,Technical,Medium,4,Yes,34
T1027,C11921,2024-03-13,2024-03-13,Billing,Low,4,Yes,14
T1028,C12733,2024-06-06,2024-06-07,Technical,Low,1,Yes,26
T1029,C11277,2024-12-11,2024-12-11,Network,Medium,4,Yes,11
T1030,C12445,2024-05-23,2024-05-24,Billing,Medium,3,Yes,31
T1031,C14824,2024-10-23,2024-10-25,Network,Low,3,Yes,59
T1032,C12828,2024-10-21,2024-10-22,Network,Low,2,Yes,29
T1033,C13796,2024-02-13,2024-02-14,Technical,Low,3,Yes,44
T1034,C10015,2024-11-30,2024-11-30,Technical,Medium,4,Yes,7
T1035,C10439,2024-03-15,2024-03-15,Network,Medium,4,Yes,1
T1036,C13161,2024-05-01,2024-05-01,Billing,Low,5,Yes,11
T1037,C10380,2024-01-27,2024-01-27,Network,Critical,5,Yes,6
T1038,C10035,2024-04-28,2024-04-28,Billing,High,2,No,15
T1039,C14435,2024-06-11,2024-06-11,Technical,Low,5,Yes,4
T1040,C13646,2024-08-25,2024-08-25,Billing,Low,4,Yes,3
T1041,C14221,2024-05-31,2024-05-31,Technical,Low,2,Yes,12
T1042,C11038,2024-10-13,2024-10-13,Network,Medium,4,No,17
T1043,C14066,2024-10-16,2024-10-16,Network,High,3,Yes,3
T1044,C14203,2024-03-16,2024-03-16,Billing,Medium,3,Yes,12
T1045,C12696,2024-10-06,2024-10-06,Network,Medium,4,Yes,2
T1046,C10416,2024-06-05,2024-06-05,Network,Medium,3,Yes,3
T1047,C12951,2024-06-09,2024-06-09,Billing,High,2,Yes,2
T1048,C14698,2024-05-22,2024-05-22,Network,Low,5,Yes,20
T1049,C12598,2024-05-29,2024-05-30,Network,Medium,5,Yes,36
T1050,C12969,2024-04-11,2024-04-12,Account,Low,4,Yes,25
T1051,C11361,2024-07-17,2024-07-17,Billing,Medium,3,Yes,3
T1052,C13622,2024-12-22,2024-12-22,Billing,Low,2,No,5
T1053,C11663,2024-10-29,2024-10-29,Network,Medium,4,Yes,9
T1054,C10653,2024-03-11,2024-03-12,Billing,Low,2,Yes,27
T1055,C10815,2024-04-10,2024-04-11,Technical,Low,3,Yes,42
T1056,C11683,2024-08-08,2024-08-09,Network,High,2,Yes,37
T1057,C10708,2024-08-19,2024-08-19,Network,Medium,1,Yes,3
T1058,C14193,2024-01-24,2024-01-24,Technical,High,1,Yes,2
T1059,C11135,2024-08-15,2024-08-15,Network,High,5,Yes,4
T1060,C14526,2024-10-17,2024-10-17,Technical,High,3,Yes,2
T1061,C13066,2024-11-29,2024-11-29,Billing,Low,4,Yes,14
T1062,C11247,2024-08-25,2024-08-25,Technical,High,3,Yes,1
T1063,C10006,2024-09-25,2024-09-27,Account,Low,3,No,62
T1064,C14868,2024-02-20,2024-02-20,Network,High,4,Yes,20
T1065,C12875,2024-09-24,2024-09-25,Network,Medium,5,Yes,30
T1066,C13478,2024-07-27,2024-07-29,Billing,Low,2,Yes,67
T1067,C12615,2024-04-27,2024-04-27,Technical,Medium,5,Yes,1
T1068,C13234,2024-01-29,2024-01-29,Technical,Low,2,Yes,17
T1069,C11606,2024-12-08,2024-12-08,Billing,Low,3,Yes,18
T1070,C13003,2024-10-27,2024-10-27,Billing,Critical,1,Yes,3
T1071,C11220,2024-05-06,2024-05-06,Account,Critical,5,Yes,4
T1072,C13688,2024-06-18,2024-06-18,Billing,Low,5,No,5
T1073,C12773,2024-10-25,2024-10-25,Technical,Medium,1,Yes,18
T1074,C11083,2024-11-25,2024-11-25,Network,High,4,Yes,19
T1075,C14170,2024-09-04,2024-09-06,Billing,High,3,Yes,70
T1076,C11625,2024-12-28,2024-12-28,Network,Low,2,Yes,5
T1077,C14628,2024-08-02,2024-08-03,Billing,Critical,3,Yes,24
T1078,C10896,2024-11-11,2024-11-13,Billing,High,2,Yes,50
T1079,C14945,2024-05-08,2024-05-08,Billing,Medium,4,No,2
T1080,C13697,2024-06-19,2024-06-19,Account,Medium,5,Yes,14
T1081,C13474,2024-02-28,2024-02-29,Billing,Low,5,Yes,35
T1082,C14416,2024-05-17,2024-05-17,Network,Low,4,Yes,10
T1083,C14213,2024-04-24,2024-04-24,Network,Low,3,Yes,6
T1084,C14032,2024-04-21,2024-04-21,Account,Critical,3,Yes,2
T1085,C10043,2024-05-22,2024-05-22,Account,High,4,Yes,3
T1086,C11297,2024-01-09,2024-01-10,Network,High,3,Yes,30
T1087,C11587,2024-07-20,2024-07-21,Technical,High,3,Yes,25
T1088,C10841,2024-03-21,2024-03-21,Billing,Medium,4,Yes,8
T1089,C14444,2024-01-18,2024-01-18,Technical,Critical,1,No,11
T1090,C10849,2024-05-01,2024-05-05,Network,Low,5,Yes,104
T1091,C13908,2024-03-03,2024-03-03,Technical,High,2,Yes,2
T1092,C11414,2024-09-16,2024-09-16,Account,Medium,5,Yes,2
T1093,C13295,2024-10-08,2024-10-08,Technical,Medium,3,Yes,15
T1094,C14418,2024-11-15,2024-11-15,Technical,Medium,4,Yes,7
T1095,C10346,2024-07-10,2024-07-11,Technical,Low,5,Yes,47
T1096,C14346,2024-06-24,2024-06-24,Billing,High,1,Yes,13
T1097,C12188,2024-07-13,2024-07-13,Network,Medium,4,Yes,1
T1098,C14086,2024-01-11,2024-01-13,Network,High,3,Yes,64
T1099,C10814,2024-01-23,2024-01-23,Network,Low,5,Yes,4
T1100,C13803,2024-09-30,2024-09-30,Network,Low,2,Yes,4
T1101,C14303,2024-05-09,2024-05-09,Billing,High,5,Yes,7
T1102,C14932,2024-04-04,2024-04-04,Network,Medium,3,Yes,7
T1103,C12224,2024-07-07,2024-07-07,Account,Medium,3,Yes,2
T1104,C13816,2024-09-15,2024-09-15,Account,High,1,Yes,4
T1105,C13286,2024-08-29,2024-08-29,Network,Low,4,No,8
T1106,C14379,2024-11-02,2024-11-02,Network,Low,5,Yes,6
T1107,C13023,2024-10-03,2024-10-03,Account,High,1,Yes,8
T1108,C10297,2024-11-17,2024-11-17,Network,Low,1,Yes,21
T1109,C12666,2024-08-04,2024-08-04,Technical,High,3,Yes,13
T1110,C11328,2024-11-16,2024-11-19,Technical,Medium,1,No,88
T1111,C13643,2024-01-15,2024-01-15,Network,Low,5,Yes,21
T1112,C13209,2024-07-20,2024-07-20,Network,High,1,Yes,22
T1113,C12630,2024-01-30,2024-01-30,Technical,High,4,Yes,14
T1114,C10042,2024-10-05,2024-10-05,Technical,Medium,5,Yes,5
T1115,C13735,2024-02-17,2024-02-17,Network,Medium,3,Yes,9
T1116,C13876,2024-02-22,2024-02-23,Network,Medium,2,Yes,36
T1117,C12770,2024-08-20,2024-08-20,Billing,Low,3,Yes,4
T1118,C11097,2024-10-09,2024-10-09,Network,Medium,2,Yes,8
T1119,C11172,2024-08-23,2024-08-23,Technical,Medium,5,Yes,1
T1120,C14627,2024-04-12,2024-04-12,Technical,Medium,3,Yes,8
T1121,C12416,2024-11-07,2024-11-07,Billing,Critical,4,No,17
T1122,C12835,2024-05-28,2024-05-29,Billing,Medium,3,No,36
T1123,C10594,2024-01-27,2024-01-27,Billing,Medium,3,Yes,1
T1124,C11727,2024-01-10,2024-01-11,Technical,Medium,2,Yes,37
T1125,C11139,2024-10-09,2024-10-09,Billing,Medium,4,Yes,3
T1126,C14699,2024-11-25,2024-11-26,Billing,High,2,Yes,33
T1127,C12999,2024-09-05,2024-09-05,Technical,Low,4,Yes,5
T1128,C13931,2024-07-10,2024-07-10,Account,Medium,5,No,8
T1129,C10062,2024-01-23,2024-01-23,Network,High,5,Yes,1
T1130,C13402,2024-06-30,2024-06-30,Account,Low,1,No,1
T1131,C10651,2024-10-03,2024-10-03,Network,Critical,2,Yes,1
T1132,C10248,2024-02-09,2024-02-10,Technical,Critical,3,No,33
T1133,C12478,2024-05-11,2024-05-11,Network,Low,3,Yes,16
T1134,C10445,2024-09-12,2024-09-12,Billing,Medium,4,Yes,18
T1135,C12981,2024-03-16,2024-03-17,Billing,Medium,4,Yes,32
T1136,C11648,2024-08-02,2024-08-02,Billing,Low,4,Yes,4
T1137,C14432,2024-01-05,2024-01-05,Account,Low,5,Yes,1
T1138,C13914,2024-12-21,2024-12-21,Network,Critical,2,Yes,6
T1139,C12825,2024-08-30,2024-08-31,Technical,Low,3,Yes,40
T1140,C10429,2024-02-13,2024-02-13,Technical,Medium,5,Yes,1
T1141,C13170,2024-01-14,2024-01-14,Network,Medium,4,No,22
T1142,C10473,2024-12-07,2024-12-08,Network,Low,1,Yes,38
T1143,C14625,2024-10-20,2024-10-22,Account,Medium,2,Yes,54
T1144,C10665,2024-08-20,2024-08-20,Network,Low,2,No,19
T1145,C11935,2024-06-17,2024-06-18,Technical,Low,2,Yes,33
T1146,C13762,2024-01-13,2024-01-13,Network,Critical,5,Yes,21
T1147,C13369,2024-05-18,2024-05-19,Network,Medium,4,Yes,24
T1148,C14120,2024-03-17,2024-03-17,Technical,High,4,Yes,15
T1149,C13353,2024-11-22,2024-11-23,Network,Medium,2,Yes,43
T1150,C12305,2024-01-17,2024-01-17,Billing,Medium,1,Yes,13
T1151,C12731,2024-04-06,2024-04-06,Technical,Low,3,Yes,6
T1152,C12630,2024-09-17,2024-09-17,Account,Low,3,Yes,16
T1153,C10638,2024-05-08,2024-05-08,Account,Medium,3,No,22
T1154,C10587,2024-11-16,2024-11-16,Account,Medium,1,Yes,2
T1155,C13486,2024-02-13,2024-02-13,Network,Low,4,Yes,15
T1156,C12913,2024-12-05,2024-12-05,Network,High,4,Yes,1
T1157,C13265,2024-12-22,2024-12-23,Billing,Medium,2,Yes,33
T1158,C11287,2024-09-10,2024-09-10,Network,Medium,5,Yes,22
T1159,C12836,2024-02-07,2024-02-07,Network,Medium,2,Yes,23
T1160,C11040,2024-07-10,2024-07-10,Technical,Critical,3,Yes,12
T1161,C11406,2024-08-17,2024-08-17,Network,Low,5,Yes,9
T1162,C13076,2024-02-12,2024-02-13,Billing,High,1,Yes,33
T1163,C11178,2024-03-24,2024-03-26,Network,Medium,2,Yes,68
T1164,C13380,2024-08-21,2024-08-21,Network,Medium,5,Yes,10
T1165,C14390,2024-02-08,2024-02-08,Network,Critical,2,Yes,1
T1166,C14397,2024-09-12,2024-09-12,Network,Critical,5,Yes,18
T1167,C11833,2024-04-17,2024-04-18,Network,Medium,4,Yes,45
T1168,C10850,2024-10-22,2024-10-22,Billing,Low,2,Yes,15
T1169,C14854,2024-03-15,2024-03-15,Technical,Medium,3,Yes,3
T1170,C10211,2024-02-18,2024-02-19,Technical,Medium,5,Yes,39
T1171,C10593,2024-03-24,2024-03-24,Network,High,4,Yes,5
T1172,C10096,2024-12-12,2024-12-14,Network,High,2,Yes,54
T1173,C11953,2024-12-28,2024-12-29,Account,Low,4,Yes,25
T1174,C13922,2024-04-09,2024-04-09,Billing,Medium,4,Yes,14
T1175,C12850,2024-05-12,2024-05-13,Network,Medium,4,Yes,43
T1176,C12828,2024-08-10,2024-08-10,Billing,Medium,3,Yes,22
T1177,C13037,2024-09-12,2024-09-12,Network,Medium,4,Yes,1
T1178,C13913,2024-01-01,2024-01-01,Billing,High,4,No,18
T1179,C11221,2024-04-02,2024-04-02,Technical,Low,5,Yes,1
T1180,C14865,2024-06-09,2024-06-09,Billing,High,5,Yes,1
T1181,C11856,2024-04-15,2024-04-15,Network,Low,1,Yes,13
T1182,C10002,2024-04-16,2024-04-18,Technical,Medium,3,No,52
T1183,C10099,2024-04-03,2024-04-04,Account,Low,3,Yes,39
T1184,C12314,2024-01-07,2024-01-07,Technical,Medium,4,Yes,7
T1185,C14448,2024-03-26,2024-03-26,Network,High,2,Yes,2
T1186,C11988,2024-06-29,2024-06-30,Account,Low,1,Yes,27
T1187,C10486,2024-09-22,2024-09-22,Billing,Critical,1,Yes,5
T1188,C11302,2024-04-09,2024-04-10,Technical,Medium,3,Yes,24
T1189,C11347,2024-07-01,2024-07-01,Technical,High,3,Yes,6
T1190,C14829,2024-05-02,2024-05-05,Technical,Low,5,No,80
T1191,C10463,2024-03-30,2024-03-30,Technical,Medium,2,Yes,14
T1192,C12747,2024-01-25,2024-01-26,Billing,Low,1,Yes,33
T1193,C10749,2024-05-27,2024-05-27,Billing,High,2,Yes,3
T1194,C10424,2024-02-24,2024-02-24,Network,Medium,5,Yes,8
T1195,C13439,2024-06-03,2024-06-03,Billing,Critical,4,No,16
T1196,C11085,2024-02-08,2024-02-09,Network,Medium,5,Yes,33
T1197,C13979,2024-11-18,2024-11-20,Billing,Medium,5,Yes,50
T1198,C14482,2024-10-20,2024-10-22,Technical,Low,4,No,67
T1199,C13192,2024-02-24,2024-02-24,Network,Low,1,Yes,22
T1200,C11138,2024-12-21,2024-12-21,Network,Medium,3,Yes,17
T1201,C12429,2024-10-14,2024-10-14,Account,Low,5,No,21
T1202,C11597,2024-08-05,2024-08-06,Billing,High,5,Yes,38
T1203,C12312,2024-09-09,2024-09-09,Account,Low,2,Yes,4
T1204,C11921,2024-01-27,2024-01-27,Billing,Medium,2,Yes,23
T1205,C13425,2024-10-04,2024-10-05,Technical,Medium,5,Yes,40
T1206,C10048,2024-08-17,2024-08-17,Network,Low,4,Yes,1
T1207,C10901,2024-06-11,2024-06-11,Network,Medium,3,Yes,13
T1208,C13116,2024-10-20,2024-10-21,Account,High,3,Yes,29
T1209,C10493,2024-01-13,2024-01-13,Technical,High,5,No,13
T1210,C13262,2024-08-05,2024-08-05,Account,Medium,2,Yes,4
T1211,C13643,2024-04-05,2024-04-05,Network,Low,4,Yes,3
T1212,C13837,2024-03-28,2024-03-29,Billing,Medium,2,Yes,31
T1213,C13112,2024-09-18,2024-09-19,Billing,High,5,Yes,26
T1214,C10262,2024-08-05,2024-08-05,Billing,Medium,2,Yes,1
T1215,C12335,2024-09-25,2024-09-25,Technical,Low,1,Yes,16
T1216,C14017,2024-03-04,2024-03-04,Network,Medium,2,Yes,6
T1217,C13128,2024-01-10,2024-01-11,Billing,Low,3,Yes,30
T1218,C14527,2024-10-02,2024-10-02,Network,Low,1,Yes,18
T1219,C14309,2024-04-13,2024-04-14,Technical,Low,2,Yes,24
T1220,C13901,2024-02-18,2024-02-18,Technical,Medium,1,Yes,3
T1221,C10890,2024-11-14,2024-11-15,Technical,Medium,3,Yes,26
T1222,C13517,2024-07-14,2024-07-15,Billing,Low,2,No,24
T1223,C11362,2024-09-13,2024-09-13,Network,Medium,5,Yes,18
T1224,C12537,2024-11-19,2024-11-19,Billing,Low,2,Yes,22
T1225,C14783,2024-12-16,2024-12-17,Network,Low,2,Yes,28
T1226,C10093,2024-10-10,2024-10-10,Network,Medium,4,Yes,9
T1227,C11071,2024-10-20,2024-10-20,Network,Low,1,Yes,1
T1228,C14206,2024-06-09,2024-06-10,Network,Low,4,Yes,33
T1229,C13116,2024-01-03,2024-01-03,Billing,Low,4,Yes,10
T1230,C10997,2024-05-29,2024-05-29,Account,Medium,2,Yes,4
T1231,C13221,2024-11-21,2024-11-21,Billing,High,2,Yes,17
T1232,C11384,2024-01-15,2024-01-17,Network,High,3,Yes,58
T1233,C13091,2024-05-22,2024-05-22,Network,Medium,5,Yes,1
T1234,C11107,2024-04-11,2024-04-12,Network,Low,3,No,30
T1235,C15000,2024-02-05,2024-02-05,Network,Medium,5,Yes,1
T1236,C11074,2024-07-25,2024-07-25,Billing,Medium,3,Yes,22
T1237,C13623,2024-01-01,2024-01-01,Network,Low,4,Yes,4
T1238,C14682,2024-10-23,2024-10-23,Billing,Medium,4,No,4
T1239,C13073,2024-10-29,2024-10-30,Network,Critical,5,No,41
T1240,C12483,2024-09-21,2024-09-24,Network,Critical,1,Yes,73
T1241,C11107,2024-05-16,2024-05-18,Network,Medium,5,No,59
T1242,C14220,2024-02-19,2024-02-19,Billing,Medium,3,No,17
T1243,C11678,2024-11-01,2024-11-01,Billing,High,4,No,10
T1244,C14014,2024-08-11,2024-08-14,Technical,Medium,4,Yes,72
T1245,C11238,2024-01-26,2024-01-27,Billing,Medium,3,Yes,39
T1246,C10958,2024-11-21,2024-11-21,Account,Medium,4,Yes,4
T1247,C13803,2024-10-30,2024-10-31,Billing,Critical,4,Yes,40
T1248,C13235,2024-12-01,2024-12-01,Technical,Low,3,Yes,23
T1249,C11968,2024-06-23,2024-06-23,Technical,Low,5,Yes,23
T1250,C13220,2024-11-04,2024-11-04,Network,Medium,4,Yes,9
T1251,C10289,2024-07-06,2024-07-06,Network,Medium,2,Yes,15
T1252,C10796,2024-03-17,2024-03-17,Network,Low,2,Yes,11
T1253,C14885,2024-03-01,2024-03-01,Technical,Medium,3,Yes,21
T1254,C13963,2024-08-08,2024-08-08,Technical,Low,5,Yes,5
T1255,C10010,2024-02-17,2024-02-18,Account,Medium,2,Yes,39
T1256,C12997,2024-04-13,2024-04-13,Account,Low,2,Yes,1
T1257,C11564,2024-03-11,2024-03-12,Network,High,2,Yes,40
T1258,C14344,2024-04-30,2024-05-02,Network,High,4,Yes,61
T1259,C14973,2024-10-27,2024-10-27,Network,Critical,3,Yes,6
T1260,C12715,2024-04-28,2024-04-28,Network,Low,5,Yes,5
T1261,C11778,2024-10-27,2024-10-27,Billing,High,3,Yes,9
T1262,C12120,2024-01-28,2024-01-28,Network,High,4,Yes,4
T1263,C12417,2024-08-13,2024-08-13,Technical,Critical,1,Yes,20
T1264,C14957,2024-06-23,2024-06-23,Network,Low,3,Yes,2
T1265,C13610,2024-08-21,2024-08-21,Technical,High,3,Yes,14
T1266,C14523,2024-11-01,2024-11-02,Billing,Low,5,Yes,26
T1267,C12862,2024-09-17,2024-09-17,Technical,Low,3,No,12
T1268,C13510,2024-08-25,2024-08-25,Network,Low,4,No,2
T1269,C14324,2024-03-06,2024-03-07,Network,High,4,Yes,27
T1270,C13246,2024-05-20,2024-05-20,Network,Low,2,Yes,2
T1271,C11655,2024-01-21,2024-01-21,Network,Critical,4,Yes,14
T1272,C14661,2024-08-30,2024-08-30,Network,High,2,Yes,2
T1273,C11911,2024-01-14,2024-01-14,Technical,Low,3,Yes,16
T1274,C11811,2024-02-23,2024-02-23,Technical,Medium,3,Yes,4
T1275,C12585,2024-02-22,2024-02-22,Network,Medium,5,Yes,6
T1276,C11319,2024-10-08,2024-10-08,Technical,Low,5,Yes,14
T1277,C12417,2024-11-21,2024-11-22,Technical,Low,1,Yes,44
T1278,C13132,2024-07-26,2024-07-26,Network,Medium,4,Yes,14
T1279,C10115,2024-12-06,2024-12-06,Technical,Low,4,Yes,2
T1280,C14229,2024-06-27,2024-06-28,Network,Low,4,Yes,31
T1281,C11922,2024-04-06,2024-04-07,Account,Medium,5,Yes,24
T1282,C12259,2024-09-27,2024-09-27,Technical,Medium,3,Yes,2
T1283,C10064,2024-01-28,2024-01-28,Network,Low,2,No,2
T1284,C14887,2024-05-22,2024-05-22,Technical,Medium,3,Yes,6
T1285,C14924,2024-02-20,2024-02-20,Billing,Medium,5,Yes,14
T1286,C14901,2024-12-26,2024-12-26,Network,Medium,4,Yes,1
T1287,C14334,2024-10-25,2024-10-25,Network,Low,3,Yes,3
T1288,C13952,2024-08-09,2024-08-10,Network,Low,1,Yes,26
T1289,C12295,2024-05-14,2024-05-14,Account,High,5,Yes,1
T1290,C12653,2024-04-08,2024-04-12,Network,Critical,5,Yes,100
T1291,C14912,2024-11-26,2024-11-26,Account,Low,5,Yes,2
T1292,C14524,2024-03-24,2024-03-24,Technical,Medium,5,Yes,2
T1293,C13948,2024-09-26,2024-09-26,Billing,Medium,5,Yes,1
T1294,C12639,2024-07-07,2024-07-07,Technical,High,5,No,6
T1295,C10331,2024-09-05,2024-09-05,Account,Medium,1,Yes,7
T1296,C12521,2024-09-19,2024-09-19,Billing,Low,1,Yes,7
T1297,C13822,2024-04-09,2024-04-09,Billing,Medium,2,Yes,17
T1298,C12864,2024-03-26,2024-03-26,Network,Medium,3,Yes,7
T1299,C14764,2024-01-20,2024-01-21,Technical,Medium,5,Yes,46
T1300,C11934,2024-05-03,2024-05-09,Billing,High,2,Yes,160
T1301,C13689,2024-01-03,2024-01-03,Technical,High,4,Yes,2
T1302,C10748,2024-07-12,2024-07-12,Billing,High,4,Yes,8
T1303,C13025,2024-07-29,2024-07-29,Network,Medium,4,Yes,10
T1304,C12224,2024-12-07,2024-12-07,Network,Medium,4,Yes,3
T1305,C14916,2024-05-20,2024-05-22,Billing,Medium,4,Yes,50
T1306,C13583,2024-09-14,2024-09-14,Network,Critical,4,No,10
T1307,C13635,2024-11-09,2024-11-10,Account,Low,4,Yes,35
T1308,C10523,2024-06-08,2024-06-08,Network,Low,3,Yes,8
T1309,C11863,2024-02-29,2024-03-01,Account,High,1,No,26
T1310,C11471,2024-08-30,2024-08-31,Network,Medium,4,Yes,35
T1311,C11732,2024-08-13,2024-08-13,Network,Critical,3,Yes,1
T1312,C11832,2024-06-03,2024-06-03,Billing,Medium,3,Yes,7
T1313,C14776,2024-10-08,2024-10-08,Billing,Medium,2,Yes,16
T1314,C11744,2024-09-06,2024-09-06,Billing,Medium,5,Yes,16
T1315,C13216,2024-04-19,2024-04-19,Network,Medium,2,Yes,2
T1316,C14529,2024-12-26,2024-12-31,Billing,Medium,2,Yes,134
T1317,C11403,2024-03-16,2024-03-16,Network,High,3,Yes,4
T1318,C12684,2024-09-13,2024-09-13,Technical,Medium,4,Yes,17
T1319,C11662,2024-11-30,2024-12-04,Billing,Critical,4,Yes,115
T1320,C11394,2024-12-20,2024-12-20,Technical,Low,4,Yes,7
T1321,C12365,2024-10-24,2024-10-24,Network,Low,1,Yes,11
T1322,C14092,2024-03-03,2024-03-03,Network,Medium,3,No,20
T1323,C13834,2024-03-10,2024-03-10,Billing,Medium,3,Yes,1
T1324,C14381,2024-06-11,2024-06-12,Network,High,4,Yes,25
T1325,C10665,2024-09-13,2024-09-13,Billing,Critical,4,Yes,11
T1326,C10218,2024-01-20,2024-01-21,Billing,Medium,5,Yes,40
T1327,C14589,2024-09-10,2024-09-11,Account,Low,3,No,32
T1328,C13329,2024-05-29,2024-05-29,Network,Low,1,No,2
T1329,C14580,2024-04-25,2024-04-27,Network,High,1,Yes,53
T1330,C13500,2024-08-31,2024-08-31,Network,Low,3,No,8
T1331,C14038,2024-03-07,2024-03-09,Billing,Low,1,Yes,59
T1332,C10385,2024-04-07,2024-04-09,Network,High,5,Yes,64
T1333,C14458,2024-04-07,2024-04-14,Network,Critical,4,No,177
T1334,C13753,2024-02-29,2024-02-29,Technical,Low,3,Yes,4
T1335,C14185,2024-02-12,2024-02-16,Billing,Critical,4,Yes,102
T1336,C11900,2024-06-29,2024-06-29,Network,Low,4,Yes,1
T1337,C13825,2024-05-24,2024-05-26,Network,Low,2,Yes,54
T1338,C14363,2024-09-15,2024-09-15,Technical,Medium,3,No,1
T1339,C10923,2024-03-06,2024-03-06,Network,Medium,5,Yes,1
T1340,C14783,2024-08-06,2024-08-06,Network,Medium,4,No,7
T1341,C14094,2024-09-21,2024-09-21,Network,Medium,5,Yes,12
T1342,C11920,2024-11-06,2024-11-10,Account,Critical,3,Yes,97
T1343,C14739,2024-06-01,2024-06-01,Billing,Low,5,No,20
T1344,C14863,2024-04-16,2024-04-20,Billing,Medium,4,Yes,99
T1345,C13625,2024-11-05,2024-11-06,Account,High,4,Yes,30
T1346,C12456,2024-09-08,2024-09-08,Network,Low,3,Yes,12
T1347,C12512,2024-08-21,2024-08-21,Network,High,2,Yes,22
T1348,C13069,2024-02-06,2024-02-06,Network,High,5,Yes,5
T1349,C14973,2024-02-26,2024-02-27,Network,Low,2,Yes,34
T1350,C10852,2024-09-23,2024-09-23,Billing,Low,4,Yes,10
T1351,C14574,2024-01-17,2024-01-19,Network,Critical,2,Yes,70
T1352,C10148,2024-05-06,2024-05-06,Network,High,2,No,6
T1353,C10980,2024-04-26,2024-04-27,Billing,Low,2,Yes,28
T1354,C13278,2024-07-14,2024-07-15,Network,High,5,Yes,45
T1355,C11082,2024-05-06,2024-05-06,Billing,High,2,Yes,1
T1356,C11885,2024-09-19,2024-09-20,Technical,Critical,3,Yes,24
T1357,C13542,2024-04-30,2024-05-02,Billing,High,2,Yes,56
T1358,C12567,2024-02-15,2024-02-15,Network,Critical,3,Yes,13
T1359,C11478,2024-02-22,2024-02-24,Technical,Critical,4,Yes,71
T1360,C10889,2024-02-11,2024-02-11,Account,High,3,Yes,9
T1361,C10218,2024-01-29,2024-01-29,Technical,High,5,Yes,1
T1362,C12172,2024-11-05,2024-11-05,Billing,Medium,2,Yes,1
T1363,C13573,2024-01-15,2024-01-16,Billing,Low,2,Yes,41
T1364,C13367,2024-03-05,2024-03-05,Billing,Medium,5,Yes,4
T1365,C11654,2024-05-13,2024-05-13,Billing,Medium,2,Yes,10
T1366,C14018,2024-04-30,2024-04-30,Network,Medium,5,Yes,1
T1367,C14857,2024-09-07,2024-09-07,Network,Low,5,Yes,11
T1368,C11564,2024-12-21,2024-12-22,Network,Low,2,Yes,26
T1369,C11419,2024-05-29,2024-05-31,Network,Low,2,Yes,50
T1370,C11563,2024-06-20,2024-06-21,Network,Medium,5,No,26
T1371,C13331,2024-08-30,2024-08-30,Technical,Low,4,Yes,12
T1372,C12602,2024-07-02,2024-07-02,Billing,Low,3,Yes,7
T1373,C11792,2024-06-11,2024-06-11,Account,Low,3,No,5
T1374,C13897,2024-07-06,2024-07-06,Billing,Low,4,Yes,11
T1375,C14392,2024-10-13,2024-10-13,Billing,Critical,5,Yes,4
T1376,C13449,2024-08-27,2024-08-27,Billing,High,5,Yes,15
T1377,C11292,2024-07-29,2024-07-29,Network,High,5,No,1
T1378,C14204,2024-03-17,2024-03-17,Network,High,4,Yes,3
T1379,C10891,2024-08-16,2024-08-17,Technical,Medium,4,Yes,25
T1380,C11236,2024-12-28,2024-12-29,Billing,Critical,3,Yes,24
T1381,C10244,2024-07-27,2024-07-27,Network,Low,4,Yes,3
T1382,C12649,2024-08-08,2024-08-08,Network,Critical,1,Yes,18
T1383,C14665,2024-11-02,2024-11-03,Account,Low,4,Yes,44
T1384,C11600,2024-09-08,2024-09-08,Technical,High,5,Yes,6
T1385,C13124,2024-04-30,2024-05-01,Network,Low,5,Yes,33
T1386,C13499,2024-12-08,2024-12-09,Billing,Low,5,Yes,25
T1387,C12030,2024-12-26,2024-12-26,Account,High,1,Yes,1
T1388,C11113,2024-07-02,2024-07-04,Technical,Medium,1,Yes,62
T1389,C13246,2024-07-30,2024-07-31,Network,Low,1,Yes,25
T1390,C14147,2024-07-27,2024-07-27,Billing,High,5,Yes,3
T1391,C11518,2024-09-09,2024-09-09,Network,Medium,3,Yes,2
T1392,C12201,2024-01-29,2024-01-29,Network,Critical,5,No,17
T1393,C10535,2024-08-17,2024-08-17,Billing,High,4,Yes,19
T1394,C14621,2024-08-27,2024-08-27,Billing,Low,4,Yes,8
T1395,C13972,2024-03-13,2024-03-13,Billing,Medium,4,Yes,2
T1396,C13818,2024-07-27,2024-07-27,Account,Medium,4,Yes,9
T1397,C11136,2024-03-01,2024-03-01,Network,Medium,5,Yes,3
T1398,C10972,2024-04-21,2024-04-21,Billing,Low,4,Yes,5
T1399,C13549,2024-04-04,2024-04-04,Account,Medium,5,Yes,17
T1400,C13486,2024-01-02,2024-01-02,Technical,Medium,2,Yes,15
T1401,C10886,2024-05-01,2024-05-01,Network,Low,5,Yes,19
T1402,C12035,2024-11-22,2024-11-23,Billing,Medium,3,Yes,37
T1403,C12739,2024-12-11,2024-12-11,Technical,Low,5,Yes,15
T1404,C11725,2024-07-29,2024-07-30,Billing,High,3,No,36
T1405,C14803,2024-08-05,2024-08-05,Account,Medium,4,Yes,7
T1406,C13936,2024-04-07,2024-04-07,Network,High,5,Yes,6
T1407,C11897,2024-01-22,2024-01-22,Technical,Critical,1,Yes,2
T1408,C12689,2024-08-13,2024-08-13,Network,Low,3,Yes,9
T1409,C11656,2024-11-25,2024-11-25,Billing,Low,1,Yes,4
T1410,C12156,2024-01-04,2024-01-04,Billing,Low,4,No,11
T1411,C11210,2024-03-29,2024-03-29,Billing,Medium,3,Yes,10
T1412,C10887,2024-03-02,2024-03-04,Network,Low,1,Yes,55
T1413,C14650,2024-05-06,2024-05-06,Billing,High,3,Yes,5
T1414,C10505,2024-01-08,2024-01-08,Billing,Low,2,Yes,1
T1415,C10971,2024-01-07,2024-01-08,Network,Medium,2,Yes,38
T1416,C11812,2024-08-11,2024-08-11,Technical,Low,3,Yes,23
T1417,C13789,2024-05-17,2024-05-17,Billing,Low,5,Yes,14
T1418,C13665,2024-07-19,2024-07-19,Network,Low,1,Yes,22
T1419,C10870,2024-11-16,2024-11-16,Network,Medium,5,No,1
T1420,C10839,2024-10-02,2024-10-02,Network,Low,3,Yes,11
T1421,C12252,2024-01-27,2024-01-28,Technical,Critical,4,Yes,28
T1422,C13757,2024-04-23,2024-04-23,Billing,Low,5,Yes,6
T1423,C12106,2024-10-01,2024-10-02,Account,High,4,Yes,30
T1424,C12860,2024-07-05,2024-07-05,Network,High,5,Yes,17
T1425,C10347,2024-05-22,2024-05-22,Network,High,4,Yes,7
T1426,C13164,2024-02-15,2024-02-16,Technical,High,5,No,29
T1427,C11770,2024-06-23,2024-06-23,Technical,Medium,4,No,18
T1428,C14840,2024-09-06,2024-09-06,Technical,Critical,3,Yes,4
T1429,C12163,2024-11-16,2024-11-16,Network,Medium,4,Yes,1
T1430,C10877,2024-10-12,2024-10-12,Network,Medium,2,Yes,14
T1431,C10808,2024-09-12,2024-09-13,Network,Medium,1,No,44
T1432,C11370,2024-11-12,2024-11-12,Billing,Low,2,No,20
T1433,C12264,2024-01-22,2024-01-22,Network,Medium,4,Yes,7
T1434,C12372,2024-03-23,2024-03-23,Technical,High,3,Yes,13
T1435,C14984,2024-04-07,2024-04-07,Technical,Low,1,Yes,1
T1436,C13662,2024-07-25,2024-07-26,Network,Low,3,Yes,36
T1437,C14180,2024-07-05,2024-07-05,Account,High,4,Yes,3
T1438,C14977,2024-06-10,2024-06-11,Billing,Critical,2,Yes,25
T1439,C10252,2024-01-10,2024-01-10,Network,High,2,No,8
T1440,C10095,2024-07-26,2024-07-26,Billing,Medium,2,Yes,5
T1441,C10215,2024-08-01,2024-08-02,Billing,Medium,4,Yes,25
T1442,C12989,2024-06-22,2024-06-22,Billing,Low,5,Yes,1
T1443,C12563,2024-01-11,2024-01-11,Network,High,3,Yes,10
T1444,C10210,2024-11-05,2024-11-07,Technical,High,2,Yes,57
T1445,C14170,2024-01-30,2024-01-31,Technical,Critical,5,Yes,28
T1446,C12676,2024-05-07,2024-05-08,Technical,High,3,Yes,37
T1447,C14412,2024-12-15,2024-12-15,Technical,High,4,No,8
T1448,C14716,2024-03-05,2024-03-08,Account,High,4,Yes,74
T1449,C13565,2024-11-29,2024-11-29,Billing,Medium,3,Yes,10
T1450,C12867,2024-08-10,2024-08-10,Technical,High,4,Yes,3
T1451,C13958,2024-09-27,2024-09-27,Billing,High,1,Yes,2
T1452,C11895,2024-11-30,2024-11-30,Network,Critical,1,Yes,8
T1453,C14775,2024-03-14,2024-03-14,Account,Low,4,Yes,9
T1454,C13694,2024-02-03,2024-02-03,Technical,Medium,5,Yes,5
T1455,C14097,2024-10-25,2024-10-25,Billing,Medium,4,Yes,3
T1456,C14185,2024-09-02,2024-09-03,Account,Medium,2,Yes,44
T1457,C13892,2024-11-25,2024-11-27,Network,Medium,5,Yes,48
T1458,C13633,2024-05-31,2024-05-31,Network,High,3,Yes,8
T1459,C13082,2024-02-08,2024-02-08,Account,Low,1,Yes,5
T1460,C14828,2024-03-08,2024-03-10,Billing,Low,5,Yes,52
T1461,C11277,2024-08-26,2024-08-26,Billing,Medium,3,Yes,16
T1462,C13112,2024-04-16,2024-04-16,Network,Low,5,Yes,6
T1463,C14419,2024-06-17,2024-06-20,Technical,Low,4,Yes,92
T1464,C13108,2024-09-26,2024-10-01,Account,High,4,Yes,139
T1465,C14451,2024-01-02,2024-01-02,Account,Medium,4,Yes,12
T1466,C13472,2024-01-07,2024-01-08,Account,High,5,Yes,46
T1467,C10498,2024-12-28,2024-12-29,Billing,Medium,4,Yes,34
T1468,C14613,2024-02-23,2024-02-25,Network,High,2,Yes,53
T1469,C14873,2024-07-15,2024-07-15,Billing,High,3,Yes,11
T1470,C13042,2024-02-18,2024-02-18,Network,High,4,Yes,16
T1471,C12561,2024-10-02,2024-10-03,Billing,Medium,5,Yes,26
T1472,C10375,2024-07-12,2024-07-13,Technical,Low,3,Yes,26
T1473,C14106,2024-07-21,2024-07-21,Billing,Medium,3,Yes,5
T1474,C12730,2024-02-02,2024-02-02,Network,Critical,3,Yes,20
T1475,C12218,2024-03-28,2024-03-28,Technical,Low,3,Yes,8
T1476,C10695,2024-01-31,2024-01-31,Billing,Low,5,Yes,7
T1477,C10156,2024-11-19,2024-11-19,Network,Low,3,Yes,18
T1478,C11650,2024-05-08,2024-05-09,Network,Low,1,Yes,37
T1479,C11938,2024-06-06,2024-06-08,Technical,High,2,Yes,65
T1480,C12495,2024-07-19,2024-07-20,Billing,Low,4,Yes,28
T1481,C13562,2024-06-04,2024-06-05,Billing,Medium,3,Yes,33
T1482,C10588,2024-06-11,2024-06-11,Account,Low,4,Yes,6
T1483,C14843,2024-12-04,2024-12-04,Technical,Low,2,Yes,23
T1484,C13530,2024-10-07,2024-10-07,Billing,Low,3,No,1
T1485,C13881,2024-05-04,2024-05-04,Network,High,2,Yes,7
T1486,C14968,2024-02-21,2024-02-21,Technical,Medium,2,Yes,5
T1487,C11860,2024-04-17,2024-04-17,Technical,Low,4,Yes,6
T1488,C12748,2024-08-27,2024-08-28,Network,Medium,2,Yes,28
T1489,C12659,2024-10-06,2024-10-06,Technical,Critical,5,Yes,16
T1490,C10487,2024-12-22,2024-12-24,Technical,Low,4,Yes,57
T1491,C12940,2024-12-14,2024-12-14,Technical,Medium,5,No,23
T1492,C14696,2024-05-25,2024-05-27,Billing,Low,4,Yes,59
T1493,C12107,2024-10-28,2024-10-28,Account,High,4,Yes,22
T1494,C10628,2024-05-26,2024-05-26,Account,High,4,Yes,16
T1495,C14085,2024-11-18,2024-11-18,Network,Medium,5,Yes,6
T1496,C10950,2024-11-25,2024-11-27,Network,Low,4,Yes,53
T1497,C13917,2024-01-15,2024-01-15,Technical,Medium,5,Yes,1
T1498,C14747,2024-03-26,2024-03-28,Account,Low,4,Yes,62
T1499,C14199,2024-07-06,2024-07-07,Network,Low,5,Yes,36
T1500,C12733,2024-04-21,2024-04-21,Account,Medium,3,No,16
T1501,C13467,2024-12-06,2024-12-07,Billing,Low,4,Yes,27
T1502,C12392,2024-07-03,2024-07-03,Network,Low,4,Yes,12
T1503,C12028,2024-03-07,2024-03-07,Billing,Critical,4,No,2
T1504,C12882,2024-07-30,2024-07-30,Account,High,5,Yes,6
T1505,C10841,2024-07-15,2024-07-17,Account,Medium,4,No,62
T1506,C11583,2024-11-07,2024-11-07,Network,Medium,3,Yes,7
T1507,C14304,2024-10-08,2024-10-09,Network,Medium,5,Yes,24
T1508,C10318,2024-08-08,2024-08-09,Network,Low,4,No,45
T1509,C13768,2024-07-12,2024-07-12,Technical,Low,4,Yes,1
T1510,C13002,2024-08-06,2024-08-07,Billing,Medium,5,Yes,37
T1511,C11266,2024-05-07,2024-05-07,Technical,Critical,2,Yes,2
T1512,C12426,2024-06-19,2024-06-20,Billing,Low,2,Yes,40
T1513,C13026,2024-03-28,2024-03-28,Network,High,4,Yes,23
T1514,C11381,2024-10-18,2024-10-18,Account,High,2,Yes,1
T1515,C12005,2024-10-03,2024-10-03,Billing,Low,4,Yes,1
T1516,C10544,2024-11-02,2024-11-02,Billing,Low,2,Yes,9
T1517,C13744,2024-01-23,2024-01-23,Account,Medium,2,Yes,13
T1518,C12922,2024-09-08,2024-09-09,Network,Medium,3,Yes,33
T1519,C10911,2024-07-27,2024-07-27,Network,Low,2,Yes,8
T1520,C11162,2024-01-27,2024-01-27,Network,Medium,4,Yes,1
T1521,C13488,2024-01-13,2024-01-13,Billing,Medium,1,Yes,17
T1522,C11655,2024-09-29,2024-09-29,Billing,Low,5,Yes,2
T1523,C11292,2024-03-16,2024-03-18,Technical,Medium,2,Yes,50
T1524,C14075,2024-07-27,2024-07-27,Technical,Critical,5,Yes,2
T1525,C14354,2024-03-07,2024-03-09,Account,Low,4,Yes,71
T1526,C14105,2024-01-05,2024-01-05,Technical,Critical,5,Yes,12
T1527,C12210,2024-12-01,2024-12-01,Account,High,4,Yes,2
T1528,C11890,2024-02-27,2024-02-28,Account,High,3,No,26
T1529,C14807,2024-10-19,2024-10-19,Technical,Medium,2,Yes,6
T1530,C13604,2024-07-03,2024-07-03,Billing,Low,3,Yes,3
T1531,C10012,2024-01-09,2024-01-10,Billing,High,3,Yes,29
T1532,C10771,2024-11-19,2024-11-20,Billing,Critical,3,Yes,24
T1533,C13748,2024-12-18,2024-12-18,Billing,Medium,3,Yes,1
T1534,C12447,2024-10-11,2024-10-11,Billing,Medium,2,Yes,9
T1535,C10831,2024-09-05,2024-09-06,Technical,Low,5,Yes,26
T1536,C13699,2024-01-09,2024-01-09,Network,High,5,No,11
T1537,C12300,2024-09-06,2024-09-06,Billing,High,3,Yes,18
T1538,C11958,2024-05-14,2024-05-14,Network,Medium,1,Yes,5
T1539,C12546,2024-06-23,2024-06-23,Network,Medium,4,Yes,1
T1540,C10853,2024-11-04,2024-11-04,Technical,High,3,Yes,11
T1541,C10461,2024-12-25,2024-12-25,Network,High,2,No,9
T1542,C10269,2024-04-15,2024-04-15,Network,Low,1,Yes,3
T1543,C12748,2024-02-27,2024-02-27,Billing,Low,5,No,5
T1544,C13831,2024-11-25,2024-11-25,Billing,High,5,Yes,2
T1545,C13198,2024-05-17,2024-05-17,Network,Low,5,Yes,20
T1546,C14315,2024-06-14,2024-06-14,Billing,Low,4,Yes,19
T1547,C10908,2024-10-07,2024-10-07,Technical,High,3,Yes,18
T1548,C11407,2024-02-23,2024-02-23,Billing,Medium,1,No,8
T1549,C13323,2024-04-16,2024-04-16,Account,Medium,5,Yes,16
T1550,C13849,2024-02-01,2024-02-01,Network,Medium,4,Yes,5
T1551,C14924,2024-12-05,2024-12-05,Technical,Low,2,Yes,3
T1552,C10548,2024-09-19,2024-09-19,Account,Medium,4,No,20
T1553,C14407,2024-08-17,2024-08-17,Network,Medium,2,Yes,16
T1554,C10870,2024-07-11,2024-07-11,Billing,Low,4,No,15
T1555,C11537,2024-06-29,2024-06-29,Billing,Medium,3,Yes,21
T1556,C13453,2024-10-22,2024-10-25,Account,High,5,Yes,78
T1557,C13513,2024-06-10,2024-06-11,Network,Low,5,Yes,33
T1558,C13583,2024-02-08,2024-02-08,Billing,Medium,3,Yes,13
T1559,C14280,2024-03-09,2024-03-09,Network,Medium,3,Yes,1
T1560,C12546,2024-02-13,2024-02-13,Technical,Low,3,No,8
T1561,C13962,2024-01-20,2024-01-20,Network,Medium,4,Yes,2
T1562,C12158,2024-12-24,2024-12-24,Network,High,2,Yes,6
T1563,C11811,2024-08-31,2024-09-01,Account,Medium,5,Yes,40
T1564,C11577,2024-12-28,2024-12-28,Technical,High,5,Yes,12
T1565,C11775,2024-09-06,2024-09-06,Network,Low,4,Yes,5
T1566,C10011,2024-08-21,2024-08-21,Network,High,5,No,19
T1567,C10104,2024-05-10,2024-05-10,Account,Low,5,No,3
T1568,C11928,2024-01-12,2024-01-12,Network,Critical,3,Yes,1
T1569,C13777,2024-12-24,2024-12-24,Billing,Low,3,Yes,4
T1570,C12182,2024-12-27,2024-12-27,Network,High,2,Yes,16
T1571,C10126,2024-04-07,2024-04-07,Account,Low,1,Yes,1
T1572,C10872,2024-03-11,2024-03-13,Technical,High,2,Yes,49
T1573,C13532,2024-08-18,2024-08-18,Billing,High,5,No,5
T1574,C12630,2024-06-25,2024-06-25,Technical,Low,4,Yes,9
T1575,C10998,2024-02-07,2024-02-08,Network,Low,4,Yes,31
T1576,C13711,2024-04-22,2024-04-23,Account,Low,5,Yes,44
T1577,C14016,2024-07-26,2024-07-26,Billing,Low,4,Yes,1
T1578,C13517,2024-06-25,2024-06-25,Network,Low,1,Yes,18
T1579,C13081,2024-07-10,2024-07-10,Network,Medium,4,Yes,4
T1580,C13512,2024-11-30,2024-11-30,Network,Low,1,Yes,10
T1581,C10452,2024-03-23,2024-03-23,Network,Medium,4,Yes,1
T1582,C12155,2024-04-24,2024-04-26,Billing,Low,5,No,61
T1583,C13057,2024-10-10,2024-10-10,Network,High,2,Yes,4
T1584,C12547,2024-05-22,2024-05-23,Technical,Medium,2,Yes,41
T1585,C10422,2024-11-06,2024-11-06,Network,High,3,Yes,10
T1586,C12937,2024-03-03,2024-03-05,Network,Low,1,Yes,70
T1587,C10657,2024-11-19,2024-11-19,Technical,Medium,5,Yes,3
T1588,C14603,2024-08-26,2024-08-26,Network,Low,3,Yes,19
T1589,C11304,2024-10-10,2024-10-10,Network,Medium,3,No,1
T1590,C12513,2024-06-19,2024-06-19,Billing,High,5,Yes,15
T1591,C11594,2024-05-01,2024-05-01,Technical,High,3,No,4
T1592,C12033,2024-04-27,2024-04-28,Billing,Medium,1,Yes,44
T1593,C11256,2024-06-05,2024-06-08,Network,Low,5,Yes,77
T1594,C14429,2024-03-14,2024-03-14,Network,Critical,3,Yes,2
T1595,C11153,2024-09-14,2024-09-16,Network,Medium,1,Yes,56
T1596,C14779,2024-11-18,2024-11-18,Billing,Medium,5,Yes,10
T1597,C10351,2024-02-16,2024-02-16,Account,Low,2,Yes,2
T1598,C14851,2024-04-19,2024-04-19,Technical,High,2,Yes,7
T1599,C13596,2024-11-29,2024-11-29,Network,Medium,5,Yes,1
T1600,C13735,2024-05-31,2024-05-31,Technical,Medium,3,No,13
T1601,C13936,2024-12-10,2024-12-10,Network,High,4,Yes,1
T1602,C10816,2024-05-19,2024-05-19,Network,High,5,Yes,4
T1603,C10361,2024-08-14,2024-08-14,Account,Low,1,Yes,21
T1604,C10426,2024-12-21,2024-12-21,Account,Medium,5,Yes,15
T1605,C14637,2024-12-18,2024-12-19,Network,Low,3,Yes,47
T1606,C14143,2024-12-09,2024-12-09,Billing,High,4,Yes,9
T1607,C14628,2024-07-18,2024-07-18,Network,Medium,3,Yes,5
T1608,C13034,2024-12-17,2024-12-17,Network,Low,3,Yes,5
T1609,C14371,2024-12-10,2024-12-10,Network,Low,1,Yes,2
T1610,C10462,2024-09-25,2024-09-25,Technical,Low,1,Yes,16
T1611,C13486,2024-11-11,2024-11-11,Account,Medium,3,Yes,4
T1612,C13122,2024-04-02,2024-04-04,Technical,High,5,No,70
T1613,C10011,2024-08-25,2024-08-25,Billing,Medium,4,No,7
T1614,C13446,2024-07-11,2024-07-11,Account,Low,4,Yes,16
T1615,C14662,2024-04-30,2024-05-02,Technical,High,3,Yes,54
T1616,C12492,2024-09-12,2024-09-12,Network,Medium,1,Yes,18
T1617,C12228,2024-09-28,2024-09-28,Network,Low,3,Yes,6
T1618,C13049,2024-05-05,2024-05-05,Technical,High,2,Yes,23
T1619,C10960,2024-12-30,2024-12-30,Technical,Medium,5,Yes,8
T1620,C10630,2024-10-05,2024-10-05,Technical,Medium,5,No,5
T1621,C10278,2024-06-10,2024-06-10,Network,High,1,Yes,18
T1622,C14507,2024-05-12,2024-05-13,Network,Low,5,Yes,46
T1623,C10046,2024-10-12,2024-10-13,Network,Medium,4,No,38
T1624,C12506,2024-06-15,2024-06-16,Technical,Low,3,Yes,28
T1625,C11730,2024-10-30,2024-10-30,Network,Low,1,Yes,4
T1626,C10758,2024-11-07,2024-11-07,Technical,High,1,Yes,13
T1627,C10715,2024-10-13,2024-10-13,Network,Medium,4,Yes,16
T1628,C12083,2024-08-03,2024-08-03,Billing,High,4,Yes,5
T1629,C12170,2024-10-20,2024-10-20,Technical,High,5,Yes,2
T1630,C14172,2024-08-04,2024-08-04,Billing,Low,5,Yes,2
T1631,C12628,2024-11-04,2024-11-04,Billing,High,4,Yes,19
T1632,C11169,2024-09-01,2024-09-02,Technical,Low,5,Yes,35
T1633,C13490,2024-05-17,2024-05-17,Technical,High,3,Yes,4
T1634,C12391,2024-08-23,2024-08-23,Network,Low,1,Yes,20
T1635,C10689,2024-09-05,2024-09-05,Account,Low,3,Yes,2
T1636,C10198,2024-09-17,2024-09-17,Account,High,5,Yes,17
T1637,C13364,2024-05-23,2024-05-23,Billing,Low,3,Yes,16
T1638,C10205,2024-03-22,2024-03-22,Network,High,1,Yes,6
T1639,C11480,2024-09-24,2024-09-24,Technical,Low,4,Yes,1
T1640,C13750,2024-10-27,2024-10-27,Technical,Low,4,Yes,5
T1641,C13000,2024-08-19,2024-08-20,Billing,Medium,3,Yes,26
T1642,C13045,2024-02-11,2024-02-11,Account,Medium,3,Yes,13
T1643,C11646,2024-08-10,2024-08-12,Billing,Low,3,Yes,60
T1644,C14365,2024-01-29,2024-01-29,Network,Medium,4,No,17
T1645,C12262,2024-10-09,2024-10-09,Technical,Low,2,Yes,13
T1646,C12292,2024-04-20,2024-04-20,Billing,Medium,4,Yes,20
T1647,C13283,2024-01-06,2024-01-07,Technical,Medium,1,Yes,37
T1648,C10256,2024-04-12,2024-04-13,Billing,High,2,No,35
T1649,C10079,2024-06-20,2024-06-20,Network,Medium,5,Yes,16
T1650,C14701,2024-07-02,2024-07-02,Technical,Low,1,Yes,21
T1651,C11968,2024-08-26,2024-08-28,Network,High,5,No,55
T1652,C11938,2024-02-20,2024-02-22,Technical,Low,1,Yes,68
T1653,C10962,2024-04-03,2024-04-03,Technical,Medium,4,Yes,18
T1654,C10949,2024-10-20,2024-10-21,Account,Low,2,Yes,38
T1655,C11767,2024-09-01,2024-09-01,Network,Medium,2,Yes,18
T1656,C11656,2024-10-19,2024-10-19,Network,Medium,5,No,18
T1657,C12556,2024-07-05,2024-07-05,Billing,Medium,1,Yes,1
T1658,C11767,2024-09-09,2024-09-09,Billing,High,5,Yes,18
T1659,C12859,2024-08-29,2024-08-30,Billing,Medium,2,Yes,39
T1660,C14260,2024-09-30,2024-09-30,Network,Low,2,Yes,21
T1661,C10446,2024-07-11,2024-07-11,Billing,Medium,4,Yes,8
T1662,C11247,2024-07-07,2024-07-07,Technical,Medium,1,Yes,3
T1663,C10886,2024-09-09,2024-09-10,Billing,Medium,2,Yes,30
T1664,C10555,2024-03-16,2024-03-16,Network,Medium,2,No,17
T1665,C12924,2024-01-13,2024-01-14,Billing,Critical,3,Yes,34
T1666,C12804,2024-05-04,2024-05-04,Technical,Medium,3,Yes,2
T1667,C11678,2024-01-01,2024-01-01,Network,Low,5,Yes,11
T1668,C14890,2024-05-07,2024-05-07,Technical,Critical,2,Yes,22
T1669,C11039,2024-10-21,2024-10-21,Network,Low,2,Yes,9
T1670,C13732,2024-11-18,2024-11-18,Billing,Medium,3,Yes,9
T1671,C12723,2024-01-14,2024-01-16,Technical,Low,1,Yes,53
T1672,C13328,2024-05-10,2024-05-11,Network,Low,2,No,35
T1673,C13875,2024-08-13,2024-08-13,Network,Medium,1,Yes,1
T1674,C11228,2024-08-24,2024-08-24,Billing,Medium,3,Yes,1
T1675,C12603,2024-12-30,2024-12-31,Account,Medium,3,Yes,30
T1676,C14532,2024-09-09,2024-09-11,Network,Low,1,Yes,49
T1677,C11357,2024-08-09,2024-08-10,Technical,Low,3,Yes,45
T1678,C10979,2024-12-04,2024-12-04,Account,Low,1,Yes,2
T1679,C14622,2024-11-10,2024-11-10,Technical,Medium,3,Yes,20
T1680,C10913,2024-06-20,2024-06-20,Billing,Low,3,Yes,2
T1681,C10948,2024-01-01,2024-01-04,Network,High,1,Yes,84
T1682,C12177,2024-08-23,2024-08-23,Network,Medium,5,Yes,11
T1683,C12827,2024-08-28,2024-08-31,Billing,Medium,3,No,75
T1684,C10696,2024-03-24,2024-03-25,Billing,Medium,5,Yes,32
T1685,C14568,2024-11-30,2024-11-30,Billing,Medium,5,No,11
T1686,C10453,2024-03-24,2024-03-27,Billing,Medium,3,Yes,93
T1687,C12149,2024-11-27,2024-11-27,Network,Low,5,Yes,8
T1688,C14701,2024-09-15,2024-09-15,Account,Medium,3,Yes,7
T1689,C14433,2024-07-30,2024-07-30,Technical,Critical,1,Yes,18
T1690,C12046,2024-08-10,2024-08-10,Network,Low,2,Yes,2
T1691,C11294,2024-04-28,2024-04-29,Network,Critical,2,Yes,24
T1692,C11555,2024-02-20,2024-02-20,Account,Medium,2,Yes,3
T1693,C11859,2024-05-04,2024-05-04,Network,Medium,3,Yes,1
T1694,C11001,2024-10-17,2024-10-17,Network,Low,1,Yes,8
T1695,C11686,2024-04-08,2024-04-08,Account,Medium,5,Yes,5
T1696,C10086,2024-10-26,2024-10-26,Network,Medium,5,Yes,1
T1697,C11042,2024-09-15,2024-09-15,Account,Medium,2,Yes,5
T1698,C12747,2024-11-11,2024-11-12,Billing,Low,1,Yes,35
T1699,C10370,2024-08-09,2024-08-10,Technical,Low,4,No,24
T1700,C14242,2024-10-29,2024-10-29,Billing,High,4,Yes,14
T1701,C13438,2024-10-12,2024-10-12,Network,Critical,5,Yes,13
T1702,C10914,2024-04-22,2024-04-22,Billing,High,5,Yes,11
T1703,C13196,2024-01-12,2024-01-12,Network,Low,3,Yes,1
T1704,C10935,2024-12-22,2024-12-24,Account,High,4,No,48
T1705,C10663,2024-01-15,2024-01-15,Billing,Medium,5,Yes,17
T1706,C14902,2024-04-29,2024-04-29,Account,Medium,1,Yes,7
T1707,C12641,2024-02-05,2024-02-06,Network,Low,4,Yes,31
T1708,C14749,2024-04-18,2024-04-18,Account,Low,5,Yes,14
T1709,C13908,2024-04-04,2024-04-05,Network,Low,4,Yes,30
T1710,C12209,2024-07-30,2024-07-30,Network,High,2,Yes,4
T1711,C13016,2024-08-01,2024-08-01,Billing,Critical,5,No,6
T1712,C10934,2024-01-30,2024-01-31,Technical,Low,5,Yes,30
T1713,C14907,2024-04-14,2024-04-14,Billing,High,2,No,11
T1714,C12153,2024-05-03,2024-05-03,Account,High,4,Yes,5
T1715,C14706,2024-07-16,2024-07-16,Billing,Medium,2,Yes,3
T1716,C14638,2024-11-16,2024-11-16,Network,High,2,Yes,12
T1717,C13862,2024-03-22,2024-03-22,Technical,Low,5,Yes,10
T1718,C13896,2024-06-06,2024-06-06,Technical,Low,1,No,2
T1719,C14180,2024-02-08,2024-02-08,Network,Low,4,Yes,12
T1720,C11359,2024-09-21,2024-09-21,Billing,Low,4,Yes,1
T1721,C13214,2024-04-15,2024-04-16,Billing,Medium,1,Yes,30
T1722,C12547,2024-10-07,2024-10-08,Technical,High,3,Yes,41
T1723,C12361,2024-02-23,2024-02-24,Network,Medium,2,Yes,41
T1724,C14209,2024-10-25,2024-10-27,Network,High,4,No,67
T1725,C12698,2024-11-16,2024-11-17,Technical,Low,4,Yes,25
T1726,C12379,2024-09-25,2024-09-25,Network,Low,1,Yes,23
T1727,C13753,2024-02-09,2024-02-10,Technical,High,5,Yes,25
T1728,C12820,2024-07-11,2024-07-13,Technical,Low,5,Yes,54
T1729,C14494,2024-09-24,2024-09-24,Network,Low,4,Yes,18
T1730,C14230,2024-08-08,2024-08-08,Network,Low,2,Yes,7
T1731,C14259,2024-10-04,2024-10-04,Account,Medium,3,Yes,19
T1732,C13535,2024-04-13,2024-04-13,Billing,High,3,Yes,11
T1733,C14577,2024-02-03,2024-02-04,Technical,Medium,5,Yes,30
T1734,C14101,2024-03-17,2024-03-17,Billing,High,3,Yes,7
T1735,C10288,2024-08-11,2024-08-11,Network,High,4,Yes,1
T1736,C14309,2024-05-07,2024-05-08,Technical,High,3,Yes,26
T1737,C10656,2024-06-25,2024-06-25,Network,Medium,4,Yes,22
T1738,C14432,2024-07-24,2024-07-24,Technical,Low,1,Yes,3
T1739,C13034,2024-01-30,2024-01-30,Billing,Medium,2,Yes,9
T1740,C10536,2024-12-25,2024-12-25,Network,Low,4,Yes,16
T1741,C12837,2024-07-16,2024-07-16,Billing,Low,2,Yes,22
T1742,C11451,2024-05-27,2024-05-28,Network,High,3,No,25
T1743,C12081,2024-02-15,2024-02-15,Network,Low,3,Yes,4
T1744,C12812,2024-01-23,2024-01-25,Billing,Critical,2,Yes,48
T1745,C13273,2024-11-13,2024-11-14,Technical,Medium,2,Yes,29
T1746,C12183,2024-07-09,2024-07-12,Billing,Low,5,Yes,79
T1747,C14766,2024-08-30,2024-08-31,Account,Critical,5,Yes,45
T1748,C11145,2024-11-16,2024-11-17,Billing,Low,4,Yes,24
T1749,C12835,2024-11-06,2024-11-06,Technical,Low,5,No,11
T1750,C14567,2024-02-27,2024-02-27,Technical,Medium,3,Yes,1
T1751,C12988,2024-06-13,2024-06-14,Billing,Low,2,Yes,46
T1752,C10710,2024-06-01,2024-06-02,Network,Medium,1,Yes,32
T1753,C13839,2024-05-27,2024-05-27,Billing,Medium,3,Yes,22
T1754,C14108,2024-03-15,2024-03-15,Billing,Low,3,Yes,10
T1755,C10612,2024-12-29,2024-12-29,Technical,Low,5,No,4
T1756,C11156,2024-06-10,2024-06-10,Technical,High,3,Yes,5
T1757,C12541,2024-03-05,2024-03-05,Billing,Medium,3,Yes,1
T1758,C13936,2024-08-27,2024-08-27,Technical,Low,3,Yes,16
T1759,C11361,2024-03-27,2024-03-28,Network,Low,3,Yes,35
T1760,C13397,2024-07-04,2024-07-04,Billing,Low,1,Yes,9
T1761,C10926,2024-09-20,2024-09-20,Billing,Medium,3,Yes,3
T1762,C13042,2024-07-16,2024-07-16,Network,High,2,Yes,7
T1763,C12580,2024-06-15,2024-06-16,Technical,Medium,2,Yes,29
T1764,C10024,2024-08-16,2024-08-17,Network,High,2,Yes,38
T1765,C10315,2024-05-04,2024-05-04,Technical,Medium,1,Yes,19
T1766,C12136,2024-03-10,2024-03-10,Network,Low,3,Yes,7
T1767,C10950,2024-11-16,2024-11-16,Network,Medium,4,Yes,8
T1768,C14536,2024-04-03,2024-04-03,Technical,Medium,4,Yes,2
T1769,C14603,2024-02-18,2024-02-19,Network,Low,3,Yes,25
T1770,C14281,2024-09-27,2024-09-27,Billing,Low,5,No,20
T1771,C13141,2024-02-23,2024-02-23,Technical,Medium,4,Yes,15
T1772,C11797,2024-06-22,2024-06-22,Network,Medium,5,No,12
T1773,C10670,2024-09-14,2024-09-14,Technical,Medium,2,Yes,1
T1774,C12691,2024-10-12,2024-10-12,Billing,Medium,3,No,13
T1775,C13232,2024-01-15,2024-01-15,Network,Medium,3,Yes,14
T1776,C14910,2024-03-07,2024-03-13,Network,Medium,4,No,146
T1777,C10086,2024-05-26,2024-05-26,Billing,High,4,Yes,16
T1778,C12984,2024-12-21,2024-12-21,Billing,Low,2,Yes,4
T1779,C14662,2024-01-28,2024-01-28,Network,Critical,3,Yes,2
T1780,C12380,2024-09-30,2024-09-30,Billing,High,2,Yes,20
T1781,C13597,2024-02-04,2024-02-04,Network,High,4,Yes,16
T1782,C14992,2024-05-04,2024-05-04,Billing,Low,1,Yes,10
T1783,C14815,2024-07-11,2024-07-11,Network,High,2,Yes,11
T1784,C13853,2024-08-21,2024-08-21,Account,High,2,Yes,7
T1785,C14523,2024-06-20,2024-06-20,Technical,Medium,2,Yes,7
T1786,C10214,2024-03-06,2024-03-06,Network,High,4,Yes,19
T1787,C13851,2024-07-12,2024-07-13,Technical,Low,4,Yes,28
T1788,C14644,2024-09-13,2024-09-13,Network,Medium,4,No,4
T1789,C13671,2024-03-08,2024-03-10,Network,Low,2,Yes,63
T1790,C10428,2024-11-26,2024-11-27,Technical,Low,5,Yes,32
T1791,C12324,2024-04-01,2024-04-02,Network,Low,4,Yes,32
T1792,C10133,2024-06-30,2024-06-30,Technical,Medium,3,Yes,3
T1793,C11613,2024-07-15,2024-07-15,Technical,Medium,1,No,15
T1794,C12792,2024-10-04,2024-10-04,Account,Low,4,Yes,21
T1795,C13242,2024-04-19,2024-04-19,Technical,Medium,1,Yes,11
T1796,C11718,2024-12-01,2024-12-01,Network,Medium,2,Yes,19
T1797,C14949,2024-11-10,2024-11-10,Technical,Low,3,Yes,1
T1798,C11114,2024-03-19,2024-03-19,Network,Low,4,Yes,20
T1799,C14137,2024-05-27,2024-05-27,Network,Low,4,Yes,10
T1800,C13413,2024-01-13,2024-01-14,Billing,Low,4,Yes,42
T1801,C10619,2024-03-22,2024-03-22,Network,Medium,3,Yes,14
T1802,C14501,2024-02-06,2024-02-06,Network,Critical,3,Yes,20
T1803,C11082,2024-07-18,2024-07-18,Account,Low,1,Yes,10
T1804,C13880,2024-08-30,2024-08-30,Technical,Low,2,Yes,6
T1805,C11181,2024-03-12,2024-03-12,Network,Low,2,Yes,22
T1806,C11917,2024-04-26,2024-04-26,Billing,High,5,Yes,17
T1807,C12307,2024-06-01,2024-06-01,Technical,Medium,4,Yes,14
T1808,C12989,2024-05-01,2024-05-01,Technical,High,3,Yes,12
T1809,C13221,2024-10-10,2024-10-11,Account,Low,1,No,25
T1810,C14557,2024-11-20,2024-11-20,Network,Medium,4,Yes,1
T1811,C14872,2024-10-20,2024-10-20,Account,Medium,2,Yes,13
T1812,C12655,2024-09-20,2024-09-20,Network,Low,1,Yes,14
T1813,C11035,2024-05-31,2024-05-31,Technical,High,3,No,14
T1814,C12879,2024-03-29,2024-03-30,Network,Medium,4,Yes,43
T1815,C10441,2024-07-02,2024-07-02,Network,High,2,Yes,8
T1816,C13282,2024-06-15,2024-06-17,Billing,Medium,4,Yes,54
T1817,C12023,2024-06-03,2024-06-03,Billing,Medium,2,Yes,1
T1818,C14467,2024-05-24,2024-05-24,Billing,Low,3,Yes,5
T1819,C12290,2024-09-07,2024-09-07,Billing,Medium,3,Yes,14
T1820,C11184,2024-07-04,2024-07-04,Billing,High,5,Yes,15
T1821,C14282,2024-06-18,2024-06-19,Network,Critical,1,Yes,34
T1822,C11761,2024-07-15,2024-07-15,Network,Medium,4,No,15
T1823,C12106,2024-03-27,2024-03-28,Network,Low,3,Yes,35
T1824,C11012,2024-02-19,2024-02-19,Network,Low,5,Yes,3
T1825,C13341,2024-10-01,2024-10-01,Technical,Medium,3,No,21
T1826,C10908,2024-12-08,2024-12-08,Technical,Medium,2,Yes,8
T1827,C11967,2024-05-02,2024-05-02,Technical,Medium,4,Yes,1
T1828,C13080,2024-07-14,2024-07-14,Billing,Medium,3,Yes,19
T1829,C13402,2024-02-05,2024-02-05,Billing,High,5,Yes,2
T1830,C14854,2024-06-20,2024-06-21,Network,High,3,Yes,25
T1831,C13847,2024-07-26,2024-07-26,Network,Medium,4,Yes,21
T1832,C12522,2024-07-10,2024-07-10,Technical,Low,1,Yes,20
T1833,C11790,2024-04-26,2024-04-26,Network,Low,5,Yes,15
T1834,C14960,2024-07-12,2024-07-12,Billing,Low,3,Yes,22
T1835,C12673,2024-10-14,2024-10-15,Network,Critical,4,Yes,28
T1836,C10738,2024-02-04,2024-02-04,Account,Low,4,Yes,8
T1837,C11448,2024-04-24,2024-04-24,Network,High,1,Yes,2
T1838,C14589,2024-06-15,2024-06-15,Network,Medium,4,Yes,9
T1839,C14089,2024-02-02,2024-02-02,Network,Medium,5,Yes,10
T1840,C14828,2024-08-27,2024-08-27,Technical,Medium,1,Yes,8
T1841,C14956,2024-05-02,2024-05-02,Account,Low,1,Yes,19
T1842,C10367,2024-03-08,2024-03-10,Account,High,5,Yes,51
T1843,C13506,2024-11-30,2024-11-30,Network,Low,3,No,3
T1844,C12816,2024-03-01,2024-03-01,Technical,Medium,1,Yes,9
T1845,C13204,2024-11-05,2024-11-05,Account,High,2,Yes,8
T1846,C12911,2024-06-12,2024-06-14,Billing,Low,2,Yes,57
T1847,C10380,2024-11-07,2024-11-07,Network,Medium,4,Yes,2
T1848,C13515,2024-07-12,2024-07-12,Billing,Low,4,Yes,23
T1849,C13597,2024-01-08,2024-01-08,Network,Low,4,Yes,9
T1850,C11730,2024-09-20,2024-09-20,Technical,Medium,3,Yes,10
T1851,C10946,2024-09-12,2024-09-12,Network,Medium,5,Yes,1
T1852,C14039,2024-05-03,2024-05-03,Account,Low,1,Yes,8
T1853,C14401,2024-11-16,2024-11-16,Billing,Low,5,Yes,18
T1854,C12152,2024-08-16,2024-08-16,Technical,Medium,4,Yes,2
T1855,C11716,2024-06-29,2024-06-30,Network,Medium,3,Yes,31
T1856,C12388,2024-10-11,2024-10-11,Network,Critical,1,Yes,9
T1857,C14059,2024-05-12,2024-05-12,Network,Low,3,Yes,2
T1858,C14348,2024-12-11,2024-12-11,Account,Low,2,Yes,4
T1859,C11585,2024-12-07,2024-12-07,Technical,Medium,3,Yes,12
T1860,C14539,2024-02-29,2024-03-03,Technical,Low,4,Yes,81
T1861,C10746,2024-04-20,2024-04-23,Network,Low,4,Yes,88
T1862,C11498,2024-10-25,2024-10-25,Billing,Low,3,Yes,11
T1863,C13018,2024-03-09,2024-03-09,Network,High,1,Yes,20
T1864,C14876,2024-07-22,2024-07-24,Account,Medium,3,Yes,49
T1865,C13270,2024-02-18,2024-02-19,Network,Medium,3,Yes,39
T1866,C14414,2024-11-22,2024-11-22,Billing,Low,1,Yes,9
T1867,C11985,2024-03-05,2024-03-05,Billing,Medium,4,Yes,11
T1868,C14775,2024-08-05,2024-08-06,Network,Low,2,No,40
T1869,C11638,2024-05-14,2024-05-18,Network,Low,4,Yes,105
T1870,C13447,2024-04-13,2024-04-14,Billing,Medium,4,Yes,42
T1871,C13698,2024-05-06,2024-05-06,Billing,Medium,4,No,12
T1872,C10976,2024-10-28,2024-10-29,Technical,Medium,5,Yes,38
T1873,C11406,2024-12-30,2024-12-31,Technical,Low,2,No,30
T1874,C13907,2024-02-14,2024-02-14,Account,High,2,No,15
T1875,C11740,2024-06-26,2024-06-26,Technical,Critical,3,Yes,11
T1876,C10638,2024-03-07,2024-03-08,Network,High,4,Yes,27
T1877,C10380,2024-04-12,2024-04-12,Billing,Critical,5,Yes,2
T1878,C10781,2024-11-05,2024-11-05,Billing,High,2,Yes,23
T1879,C12568,2024-10-08,2024-10-09,Network,High,2,Yes,30
T1880,C13298,2024-12-26,2024-12-26,Billing,High,1,Yes,17
T1881,C14479,2024-05-29,2024-05-29,Billing,High,1,Yes,17
T1882,C10808,2024-09-15,2024-09-16,Network,High,2,Yes,38
T1883,C13763,2024-03-31,2024-03-31,Billing,Medium,2,Yes,1
T1884,C11479,2024-10-15,2024-10-15,Network,Low,2,Yes,8
T1885,C12849,2024-04-11,2024-04-11,Billing,Low,3,Yes,4
T1886,C14494,2024-09-12,2024-09-13,Network,Critical,4,No,26
T1887,C10506,2024-04-19,2024-04-19,Billing,Low,3,No,16
T1888,C12374,2024-08-16,2024-08-16,Billing,Medium,3,Yes,19
T1889,C12501,2024-10-18,2024-10-18,Billing,Medium,5,Yes,1
T1890,C14643,2024-02-16,2024-02-16,Technical,Low,3,Yes,13
T1891,C13710,2024-02-28,2024-02-28,Billing,Low,5,Yes,5
T1892,C11622,2024-04-16,2024-04-16,Technical,High,2,Yes,1
T1893,C13945,2024-09-09,2024-09-09,Network,Medium,5,Yes,3
T1894,C14469,2024-08-07,2024-08-09,Account,Low,2,Yes,58
T1895,C10563,2024-02-20,2024-02-20,Network,Medium,3,Yes,14
T1896,C13089,2024-06-15,2024-06-16,Account,Low,5,Yes,31
T1897,C11890,2024-11-25,2024-11-27,Network,Low,4,Yes,60
T1898,C13269,2024-12-16,2024-12-17,Network,Critical,5,Yes,24
T1899,C12817,2024-11-26,2024-11-26,Network,High,4,Yes,8
T1900,C13565,2024-08-30,2024-08-30,Billing,Low,4,Yes,7
T1901,C10180,2024-06-24,2024-06-24,Account,High,1,Yes,12
T1902,C12518,2024-07-02,2024-07-02,Billing,High,2,No,7
T1903,C12474,2024-07-01,2024-07-03,Billing,Low,3,Yes,65
T1904,C11903,2024-12-21,2024-12-21,Billing,Low,3,Yes,16
T1905,C14382,2024-11-04,2024-11-05,Network,Critical,5,Yes,25
T1906,C12033,2024-08-29,2024-08-30,Billing,Low,1,Yes,24
T1907,C10655,2024-09-12,2024-09-12,Network,Medium,4,Yes,15
T1908,C11515,2024-06-25,2024-06-26,Account,Low,4,Yes,39
T1909,C12762,2024-03-26,2024-03-27,Account,Low,4,Yes,27
T1910,C11875,2024-03-20,2024-03-20,Billing,High,3,Yes,6
T1911,C13585,2024-11-12,2024-11-12,Billing,Low,3,Yes,10
T1912,C10890,2024-07-02,2024-07-05,Network,Medium,2,Yes,76
T1913,C12103,2024-08-12,2024-08-12,Billing,Low,4,Yes,4
T1914,C11107,2024-05-21,2024-05-22,Technical,Low,2,No,42
T1915,C13902,2024-07-22,2024-07-22,Technical,Medium,5,Yes,1
T1916,C10104,2024-05-16,2024-05-18,Network,High,1,Yes,67
T1917,C12895,2024-03-25,2024-03-26,Network,High,2,Yes,29
T1918,C10357,2024-10-30,2024-10-30,Technical,High,1,Yes,2
T1919,C10937,2024-05-17,2024-05-17,Billing,Medium,3,Yes,15
T1920,C14497,2024-07-29,2024-07-30,Technical,High,3,Yes,24
T1921,C13159,2024-03-20,2024-03-20,Network,High,1,Yes,9
T1922,C11729,2024-02-15,2024-02-15,Network,High,4,Yes,1
T1923,C10867,2024-06-19,2024-06-19,Network,Low,2,Yes,12
T1924,C14998,2024-08-26,2024-08-28,Technical,Low,3,Yes,70
T1925,C10029,2024-08-23,2024-08-23,Account,Low,2,Yes,11
T1926,C13830,2024-07-28,2024-07-28,Network,High,3,Yes,4
T1927,C11161,2024-05-15,2024-05-17,Network,Low,1,Yes,61
T1928,C13268,2024-08-17,2024-08-17,Network,Critical,4,Yes,22
T1929,C13606,2024-12-16,2024-12-17,Network,Critical,4,Yes,44
T1930,C12828,2024-01-31,2024-01-31,Account,Medium,4,Yes,14
T1931,C14597,2024-10-03,2024-10-03,Technical,Low,5,No,16
T1932,C13771,2024-02-08,2024-02-08,Network,Medium,5,Yes,3
T1933,C10778,2024-08-11,2024-08-11,Network,High,5,Yes,22
T1934,C14205,2024-10-03,2024-10-03,Technical,High,2,Yes,14
T1935,C10656,2024-07-05,2024-07-05,Account,Medium,3,Yes,3
T1936,C10799,2024-01-07,2024-01-09,Network,Medium,5,Yes,48
T1937,C12276,2024-11-13,2024-11-13,Billing,Critical,4,Yes,2
T1938,C11738,2024-08-31,2024-09-02,Technical,Medium,4,Yes,66
T1939,C12241,2024-07-06,2024-07-06,Billing,Low,1,Yes,7
T1940,C10010,2024-06-15,2024-06-16,Technical,Medium,1,Yes,28
T1941,C10437,2024-10-19,2024-10-19,Network,Medium,2,Yes,3
T1942,C12607,2024-12-13,2024-12-14,Billing,Low,2,Yes,31
T1943,C12101,2024-02-10,2024-02-10,Technical,Low,3,Yes,7
T1944,C12732,2024-04-20,2024-04-20,Billing,Low,4,Yes,10
T1945,C10935,2024-03-04,2024-03-04,Network,Medium,5,Yes,8
T1946,C13440,2024-09-30,2024-09-30,Technical,Medium,4,Yes,22
T1947,C11724,2024-10-08,2024-10-08,Technical,Low,1,Yes,8
T1948,C14865,2024-05-17,2024-05-17,Billing,Medium,3,Yes,23
T1949,C12455,2024-09-13,2024-09-15,Network,Low,1,Yes,59
T1950,C13525,2024-09-04,2024-09-05,Billing,Critical,5,Yes,37
T1951,C11834,2024-11-20,2024-11-21,Billing,High,3,Yes,45
T1952,C14784,2024-07-05,2024-07-06,Account,Critical,3,Yes,40
T1953,C11856,2024-11-25,2024-11-25,Network,Medium,4,Yes,13
T1954,C11457,2024-02-16,2024-02-16,Network,Medium,2,Yes,19
T1955,C14938,2024-05-17,2024-05-17,Network,Low,4,Yes,15
T1956,C12597,2024-03-10,2024-03-10,Technical,High,2,No,1
T1957,C13456,2024-05-29,2024-05-29,Billing,Low,3,Yes,6
T1958,C13660,2024-04-04,2024-04-04,Billing,Medium,3,Yes,2
T1959,C11000,2024-09-15,2024-09-16,Network,Low,4,Yes,27
T1960,C11464,2024-05-15,2024-05-15,Network,High,3,Yes,5
T1961,C10164,2024-06-11,2024-06-12,Billing,Medium,4,Yes,24
T1962,C11836,2024-01-16,2024-01-16,Network,Medium,4,Yes,1
T1963,C12139,2024-01-07,2024-01-07,Account,High,5,Yes,2
T1964,C14589,2024-09-22,2024-09-22,Technical,Medium,2,No,13
T1965,C12410,2024-07-14,2024-07-14,Technical,Low,5,No,10
T1966,C14336,2024-04-04,2024-04-04,Account,Medium,5,Yes,3
T1967,C11339,2024-06-18,2024-06-20,Billing,Medium,2,Yes,70
T1968,C14420,2024-05-16,2024-05-16,Billing,Medium,2,Yes,7
T1969,C11183,2024-11-30,2024-11-30,Account,High,3,No,3
T1970,C14716,2024-01-01,2024-01-01,Network,Medium,1,Yes,4
T1971,C14169,2024-04-24,2024-04-25,Network,Medium,3,Yes,35
T1972,C13748,2024-07-04,2024-07-05,Network,Low,3,No,38
T1973,C11123,2024-02-19,2024-02-20,Billing,Low,1,Yes,24
T1974,C10276,2024-05-20,2024-05-21,Account,High,1,Yes,34
T1975,C12813,2024-06-21,2024-06-21,Technical,Low,5,Yes,12
T1976,C10622,2024-01-20,2024-01-20,Technical,Medium,5,Yes,4
T1977,C11490,2024-06-28,2024-06-29,Billing,Low,3,Yes,29
T1978,C12351,2024-03-31,2024-03-31,Billing,Medium,3,Yes,10
T1979,C12973,2024-05-31,2024-05-31,Network,Low,2,Yes,1
T1980,C14409,2024-07-23,2024-07-23,Billing,Low,5,Yes,8
T1981,C10534,2024-03-02,2024-03-03,Technical,Medium,5,Yes,39
T1982,C11614,2024-03-23,2024-03-24,Account,High,4,Yes,31
T1983,C11577,2024-11-07,2024-11-08,Account,High,3,Yes,29
T1984,C11991,2024-06-18,2024-06-18,Technical,Medium,5,Yes,7
T1985,C12622,2024-10-21,2024-10-21,Billing,Medium,4,Yes,9
T1986,C14482,2024-02-26,2024-02-26,Network,Low,3,Yes,6
T1987,C11783,2024-11-19,2024-11-19,Billing,High,4,Yes,20
T1988,C12028,2024-01-26,2024-01-26,Billing,Medium,3,Yes,8
T1989,C10998,2024-05-20,2024-05-21,Network,Critical,3,Yes,43
T1990,C13253,2024-11-04,2024-11-05,Technical,High,3,Yes,24
T1991,C13299,2024-01-06,2024-01-06,Technical,Critical,4,Yes,1
T1992,C14152,2024-07-14,2024-07-14,Technical,High,2,Yes,8
T1993,C12506,2024-02-26,2024-02-26,Network,Critical,5,Yes,1
T1994,C12379,2024-07-18,2024-07-18,Account,Medium,5,Yes,9
T1995,C14380,2024-04-09,2024-04-10,Network,Low,3,Yes,39
T1996,C12660,2024-01-30,2024-01-30,Billing,Low,3,Yes,19
T1997,C13998,2024-12-16,2024-12-17,Network,Low,3,Yes,26
T1998,C12194,2024-07-29,2024-07-30,Network,Medium,4,No,33
T1999,C11506,2024-03-15,2024-03-15,Account,Medium,1,Yes,7
T2000,C11784,2024-06-08,2024-06-08,Account,Medium,4,Yes,5
T2001,C13979,2024-02-20,2024-02-20,Billing,Low,2,Yes,5
T2002,C12293,2024-07-17,2024-07-19,Billing,Low,5,No,49
T2003,C14164,2024-09-06,2024-09-06,Network,Medium,3,Yes,1
T2004,C13575,2024-11-08,2024-11-08,Technical,Low,1,Yes,1
T2005,C10541,2024-12-19,2024-12-22,Account,High,2,Yes,76
T2006,C11241,2024-08-15,2024-08-18,Billing,Critical,1,Yes,74
T2007,C12614,2024-07-23,2024-07-24,Network,Medium,4,No,30
T2008,C10543,2024-11-23,2024-11-23,Billing,Medium,2,Yes,12
T2009,C12397,2024-12-19,2024-12-19,Billing,Critical,4,Yes,2
T2010,C13910,2024-07-21,2024-07-22,Account,Medium,5,Yes,29
T2011,C11009,2024-05-31,2024-06-01,Network,High,3,Yes,29
T2012,C11281,2024-07-01,2024-07-01,Billing,Critical,3,Yes,8
T2013,C14701,2024-01-31,2024-01-31,Network,Low,3,Yes,2
T2014,C10203,2024-07-08,2024-07-08,Billing,Medium,4,Yes,8
T2015,C14431,2024-06-22,2024-06-22,Network,Medium,4,Yes,19
T2016,C13561,2024-09-17,2024-09-17,Network,Medium,5,No,7
T2017,C10336,2024-08-28,2024-08-30,Technical,Low,2,Yes,48
T2018,C11964,2024-06-13,2024-06-15,Network,Medium,3,Yes,49
T2019,C12132,2024-02-20,2024-02-21,Network,Critical,1,No,24
T2020,C13851,2024-09-18,2024-09-18,Account,Medium,1,Yes,3
T2021,C11934,2024-11-30,2024-11-30,Billing,Low,5,Yes,13
T2022,C12427,2024-06-22,2024-06-22,Billing,Low,2,Yes,4
T2023,C11084,2024-05-04,2024-05-04,Network,High,2,Yes,1
T2024,C12075,2024-11-30,2024-12-01,Network,Low,3,Yes,33
T2025,C14688,2024-12-30,2024-12-30,Network,High,2,Yes,19
T2026,C12567,2024-02-29,2024-02-29,Billing,High,1,Yes,8
T2027,C14339,2024-11-27,2024-11-27,Billing,Low,3,Yes,1
T2028,C13729,2024-03-15,2024-03-15,Network,Low,5,Yes,9
T2029,C13315,2024-06-15,2024-06-15,Network,Low,3,Yes,11
T2030,C14029,2024-08-11,2024-08-12,Billing,Medium,3,Yes,39
T2031,C12052,2024-05-27,2024-05-27,Technical,High,1,Yes,4
T2032,C10858,2024-02-02,2024-02-02,Billing,Low,2,Yes,8
T2033,C13739,2024-08-09,2024-08-10,Billing,Medium,4,Yes,26
T2034,C10458,2024-11-27,2024-11-27,Billing,Medium,5,Yes,17
T2035,C12377,2024-09-19,2024-09-19,Network,High,2,Yes,2
T2036,C13083,2024-06-15,2024-06-17,Technical,Critical,5,No,65
T2037,C13862,2024-01-18,2024-01-18,Network,Low,1,Yes,4
T2038,C13129,2024-07-18,2024-07-18,Network,Medium,5,Yes,18
T2039,C10069,2024-05-22,2024-05-24,Network,High,2,Yes,56
T2040,C10933,2024-10-11,2024-10-11,Account,High,2,Yes,14
T2041,C13434,2024-07-07,2024-07-07,Billing,High,4,Yes,3
T2042,C14152,2024-04-27,2024-04-27,Network,Medium,2,Yes,20
T2043,C14002,2024-03-22,2024-03-22,Network,High,2,Yes,4
T2044,C13577,2024-05-20,2024-05-21,Billing,High,1,No,28
T2045,C12060,2024-07-28,2024-07-29,Network,High,5,Yes,29
T2046,C14781,2024-09-20,2024-09-20,Billing,High,1,No,12
T2047,C14771,2024-11-06,2024-11-06,Network,High,5,No,2
T2048,C13346,2024-12-30,2024-12-30,Billing,Low,4,Yes,10
T2049,C13864,2024-07-24,2024-07-24,Network,Medium,4,Yes,1
T2050,C10524,2024-03-23,2024-03-24,Network,Critical,4,Yes,44
T2051,C11008,2024-03-06,2024-03-06,Network,Low,4,Yes,8
T2052,C12116,2024-10-16,2024-10-17,Account,Medium,5,No,26
T2053,C14316,2024-05-20,2024-05-21,Network,Low,5,Yes,27
T2054,C14300,2024-06-01,2024-06-02,Technical,Low,3,Yes,28
T2055,C11062,2024-02-25,2024-02-25,Network,Low,5,Yes,23
T2056,C14177,2024-04-11,2024-04-11,Network,Low,4,No,3
T2057,C12618,2024-09-11,2024-09-11,Technical,High,5,Yes,5
T2058,C11953,2024-01-10,2024-01-10,Network,Low,4,Yes,23
T2059,C11914,2024-10-21,2024-10-21,Technical,High,1,Yes,18
T2060,C10120,2024-01-18,2024-01-20,Network,Low,5,Yes,65
T2061,C10015,2024-07-09,2024-07-09,Technical,Medium,1,Yes,4
T2062,C11900,2024-02-03,2024-02-03,Network,Medium,5,Yes,7
T2063,C12424,2024-10-14,2024-10-14,Network,Low,1,Yes,2
T2064,C14020,2024-06-10,2024-06-13,Technical,Medium,5,Yes,78
T2065,C13135,2024-01-29,2024-01-30,Network,High,1,Yes,40
T2066,C13985,2024-12-11,2024-12-11,Account,Low,2,Yes,5
T2067,C11976,2024-08-08,2024-08-11,Billing,Low,4,Yes,89
T2068,C14517,2024-02-26,2024-02-27,Network,Medium,2,No,25
T2069,C10978,2024-06-08,2024-06-08,Network,Low,1,Yes,23
T2070,C13980,2024-11-13,2024-11-17,Billing,Medium,4,Yes,106
T2071,C10504,2024-07-23,2024-07-23,Technical,Medium,4,No,10
T2072,C13893,2024-01-02,2024-01-04,Billing,Low,3,No,49
T2073,C12358,2024-05-29,2024-05-30,Network,High,3,Yes,33
T2074,C10654,2024-12-29,2024-12-30,Billing,Low,5,Yes,33
T2075,C14463,2024-01-15,2024-01-15,Network,Critical,2,Yes,21
T2076,C12306,2024-11-04,2024-11-04,Network,Medium,3,Yes,3
T2077,C14700,2024-03-07,2024-03-07,Technical,Critical,3,Yes,3
T2078,C13065,2024-03-03,2024-03-03,Billing,Low,1,Yes,3
T2079,C11186,2024-05-16,2024-05-18,Billing,Low,4,Yes,55
T2080,C14800,2024-10-17,2024-10-17,Account,Medium,1,No,23
T2081,C11584,2024-12-16,2024-12-16,Billing,Low,4,Yes,18
T2082,C11119,2024-03-11,2024-03-11,Technical,Medium,5,Yes,1
T2083,C10747,2024-06-12,2024-06-12,Technical,Low,3,Yes,1
T2084,C10750,2024-07-10,2024-07-10,Network,Critical,5,Yes,14
T2085,C12418,2024-01-20,2024-01-20,Billing,Medium,5,Yes,4
T2086,C11958,2024-12-26,2024-12-26,Network,High,4,Yes,3
T2087,C10877,2024-06-20,2024-06-20,Network,Low,2,Yes,1
T2088,C13124,2024-04-03,2024-04-03,Network,Medium,3,Yes,15
T2089,C14602,2024-12-28,2024-12-28,Network,Medium,5,Yes,21
T2090,C13228,2024-01-14,2024-01-15,Technical,Low,3,Yes,24
T2091,C13676,2024-08-11,2024-08-11,Billing,Low,4,Yes,8
T2092,C10344,2024-10-28,2024-10-28,Account,High,3,Yes,9
T2093,C10753,2024-10-30,2024-10-30,Billing,Low,1,Yes,12
T2094,C11516,2024-08-04,2024-08-04,Network,Medium,4,Yes,2
T2095,C14218,2024-12-21,2024-12-21,Network,Medium,3,No,1
T2096,C13754,2024-05-28,2024-05-29,Billing,Low,3,No,32
T2097,C10812,2024-12-30,2025-01-01,Billing,Medium,5,Yes,71
T2098,C13418,2024-03-13,2024-03-13,Network,High,2,Yes,21
T2099,C10455,2024-03-15,2024-03-15,Network,Medium,5,Yes,21
T2100,C13460,2024-01-11,2024-01-11,Network,Low,3,No,4
T2101,C10775,2024-07-31,2024-08-01,Network,Critical,5,Yes,37
T2102,C13406,2024-02-29,2024-02-29,Billing,Medium,5,Yes,15
T2103,C12805,2024-03-14,2024-03-16,Network,Low,5,Yes,71
T2104,C13045,2024-01-13,2024-01-14,Billing,Medium,5,Yes,46
T2105,C10314,2024-08-22,2024-08-22,Network,Critical,4,Yes,7
T2106,C10753,2024-06-23,2024-06-23,Network,Critical,5,Yes,18
T2107,C14415,2024-06-08,2024-06-08,Billing,Low,2,Yes,9
T2108,C11490,2024-03-20,2024-03-20,Network,Low,5,Yes,2
T2109,C12487,2024-04-11,2024-04-11,Technical,Medium,3,Yes,1
T2110,C13775,2024-08-07,2024-08-08,Account,Critical,5,Yes,45
T2111,C11026,2024-10-14,2024-10-14,Network,Low,1,Yes,3
T2112,C10127,2024-08-22,2024-08-22,Billing,Medium,4,Yes,5
T2113,C10688,2024-03-04,2024-03-06,Billing,Low,3,Yes,64
T2114,C12808,2024-12-20,2024-12-20,Network,Low,3,Yes,21
T2115,C10683,2024-04-13,2024-04-15,Account,Low,4,Yes,57
T2116,C14215,2024-03-28,2024-03-28,Network,Medium,4,No,12
T2117,C12100,2024-05-28,2024-05-29,Account,Medium,5,No,30
T2118,C14614,2024-01-14,2024-01-17,Billing,Critical,2,Yes,84
T2119,C12427,2024-02-24,2024-02-24,Technical,Medium,4,Yes,1
T2120,C11687,2024-02-24,2024-02-25,Network,Low,3,Yes,39
T2121,C10745,2024-01-09,2024-01-09,Billing,Medium,3,Yes,19
T2122,C13884,2024-05-02,2024-05-02,Technical,High,3,Yes,5
T2123,C12500,2024-09-23,2024-09-23,Technical,Low,2,No,1
T2124,C14910,2024-09-05,2024-09-06,Technical,Medium,2,Yes,30
T2125,C12578,2024-04-29,2024-04-30,Network,Low,2,Yes,35
T2126,C13278,2024-07-18,2024-07-18,Billing,Medium,4,Yes,9
T2127,C14093,2024-01-10,2024-01-10,Billing,Low,2,Yes,20
T2128,C13905,2024-10-10,2024-10-10,Network,Low,5,Yes,1
T2129,C10171,2024-11-13,2024-11-14,Billing,Medium,3,Yes,38
T2130,C14349,2024-01-28,2024-01-28,Billing,Medium,4,Yes,21
T2131,C12736,2024-06-16,2024-06-17,Network,Medium,3,Yes,31
T2132,C12051,2024-07-14,2024-07-15,Network,High,5,Yes,27
T2133,C12800,2024-06-20,2024-06-20,Network,Critical,1,Yes,6
T2134,C13063,2024-10-09,2024-10-09,Technical,High,3,No,7
T2135,C12717,2024-10-03,2024-10-04,Network,Low,3,Yes,39
T2136,C10332,2024-05-29,2024-06-01,Network,Low,2,Yes,78
T2137,C11046,2024-06-24,2024-06-24,Billing,Low,1,Yes,5
T2138,C10961,2024-05-24,2024-05-27,Network,Medium,3,Yes,84
T2139,C14903,2024-04-29,2024-04-30,Network,Low,4,Yes,33
T2140,C11181,2024-12-22,2024-12-22,Account,Medium,2,Yes,1
T2141,C14070,2024-06-02,2024-06-02,Account,Low,1,Yes,10
T2142,C12435,2024-10-22,2024-10-22,Technical,Low,5,Yes,4
T2143,C13720,2024-04-29,2024-05-01,Technical,High,2,Yes,59
T2144,C14149,2024-12-07,2024-12-07,Billing,Medium,5,Yes,11
T2145,C14933,2024-06-04,2024-06-04,Technical,Medium,2,Yes,4
T2146,C10957,2024-08-29,2024-08-29,Network,High,1,Yes,2
T2147,C14892,2024-06-22,2024-06-22,Network,High,3,Yes,16
T2148,C11137,2024-05-01,2024-05-01,Network,Critical,1,Yes,4
T2149,C10480,2024-07-08,2024-07-09,Account,High,5,Yes,25
T2150,C10951,2024-03-30,2024-03-30,Technical,Medium,2,Yes,14
T2151,C11312,2024-09-04,2024-09-04,Network,High,2,No,18
T2152,C10695,2024-07-13,2024-07-17,Billing,Medium,2,Yes,106
T2153,C12818,2024-12-07,2024-12-07,Technical,Low,5,No,1
T2154,C10702,2024-07-08,2024-07-09,Billing,Medium,4,Yes,30
T2155,C10598,2024-03-02,2024-03-03,Network,Medium,2,No,29
T2156,C13752,2024-03-28,2024-03-28,Network,Medium,1,No,6
T2157,C13260,2024-07-15,2024-07-15,Billing,Medium,4,Yes,13
T2158,C11195,2024-11-20,2024-11-20,Billing,Low,2,Yes,2
T2159,C11565,2024-04-26,2024-04-26,Network,Low,3,Yes,12
T2160,C14547,2024-12-23,2024-12-23,Technical,Low,4,Yes,4
T2161,C13416,2024-08-21,2024-08-22,Network,Low,5,Yes,43
T2162,C13477,2024-04-20,2024-04-20,Billing,Low,3,Yes,12
T2163,C10935,2024-07-21,2024-07-21,Network,High,2,Yes,21
T2164,C12369,2024-01-21,2024-01-21,Technical,Medium,2,Yes,19
T2165,C14678,2024-01-05,2024-01-06,Network,High,3,No,33
T2166,C14569,2024-07-31,2024-07-31,Technical,High,5,Yes,1
T2167,C10723,2024-12-05,2024-12-07,Billing,Low,4,Yes,56
T2168,C14405,2024-04-10,2024-04-11,Account,Medium,4,Yes,31
T2169,C13339,2024-08-01,2024-08-07,Account,Medium,1,Yes,148
T2170,C10844,2024-01-22,2024-01-22,Billing,Medium,4,Yes,3
T2171,C13533,2024-03-19,2024-03-19,Technical,High,4,Yes,1
T2172,C11434,2024-09-06,2024-09-07,Account,Low,5,Yes,26
T2173,C14028,2024-08-03,2024-08-03,Billing,Low,4,Yes,14
T2174,C10494,2024-06-07,2024-06-07,Billing,Low,4,Yes,3
T2175,C10841,2024-03-18,2024-03-18,Technical,Medium,2,Yes,12
T2176,C12276,2024-09-23,2024-09-25,Billing,Medium,1,No,49
T2177,C13729,2024-06-03,2024-06-03,Account,High,2,Yes,2
T2178,C14334,2024-01-22,2024-01-22,Network,High,1,Yes,2
T2179,C12870,2024-03-12,2024-03-12,Billing,Low,3,Yes,5
T2180,C10373,2024-12-20,2024-12-20,Billing,Low,4,Yes,1
T2181,C14085,2024-01-30,2024-01-30,Network,High,1,Yes,1
T2182,C11126,2024-01-29,2024-01-29,Network,Medium,4,Yes,16
T2183,C11909,2024-04-21,2024-04-21,Network,Critical,5,Yes,1
T2184,C12115,2024-07-07,2024-07-07,Network,Low,1,Yes,12
T2185,C12543,2024-07-22,2024-07-22,Technical,Critical,3,Yes,11
T2186,C14998,2024-04-15,2024-04-16,Account,Medium,4,Yes,26
T2187,C11713,2024-07-23,2024-07-23,Technical,Low,3,Yes,21
T2188,C13643,2024-08-28,2024-08-28,Technical,High,2,Yes,3
T2189,C11273,2024-07-27,2024-07-27,Technical,Low,2,Yes,8
T2190,C10652,2024-02-02,2024-02-02,Network,High,4,Yes,10
T2191,C14874,2024-04-05,2024-04-05,Billing,Medium,3,Yes,14
T2192,C12500,2024-04-05,2024-04-06,Billing,Critical,4,No,24
T2193,C14112,2024-01-11,2024-01-12,Technical,Low,1,Yes,31
T2194,C11659,2024-11-02,2024-11-02,Billing,Low,4,Yes,3
T2195,C11866,2024-07-13,2024-07-13,Network,Critical,1,Yes,6
T2196,C12401,2024-06-28,2024-06-28,Technical,Medium,3,Yes,1
T2197,C10600,2024-09-16,2024-09-16,Billing,Medium,4,Yes,14
T2198,C11014,2024-04-06,2024-04-06,Account,Medium,4,Yes,18
T2199,C13681,2024-02-29,2024-03-01,Network,Low,3,Yes,47
T2200,C12374,2024-08-02,2024-08-02,Account,Low,2,Yes,2
T2201,C11858,2024-09-11,2024-09-11,Technical,High,3,No,14
T2202,C14315,2024-04-26,2024-04-26,Network,Medium,5,Yes,1
T2203,C14223,2024-01-12,2024-01-12,Account,High,3,Yes,2
T2204,C10629,2024-10-28,2024-10-28,Technical,Medium,5,Yes,7
T2205,C14873,2024-04-01,2024-04-01,Technical,Low,4,Yes,1
T2206,C11663,2024-04-17,2024-04-17,Network,Medium,5,Yes,7
T2207,C13953,2024-07-07,2024-07-07,Billing,Medium,1,Yes,8
T2208,C13450,2024-09-13,2024-09-13,Technical,Medium,5,Yes,8
T2209,C14660,2024-06-19,2024-06-20,Billing,Medium,1,No,24
T2210,C11202,2024-07-26,2024-07-27,Network,High,3,Yes,43
T2211,C10306,2024-04-22,2024-04-22,Account,Low,1,Yes,15
T2212,C10272,2024-10-26,2024-10-27,Network,High,5,No,43
T2213,C11744,2024-10-30,2024-10-31,Network,Low,5,Yes,35
T2214,C12219,2024-01-29,2024-01-29,Billing,Medium,3,Yes,16
T2215,C11408,2024-11-08,2024-11-08,Technical,High,4,Yes,6
T2216,C13010,2024-01-13,2024-01-13,Billing,Medium,4,Yes,11
T2217,C12099,2024-07-27,2024-07-29,Technical,High,3,Yes,63
T2218,C13952,2024-07-11,2024-07-12,Network,Low,5,Yes,34
T2219,C13628,2024-03-16,2024-03-16,Billing,Low,3,Yes,9
T2220,C10050,2024-10-14,2024-10-14,Network,Low,3,No,1
T2221,C10876,2024-01-03,2024-01-03,Network,High,4,Yes,6
T2222,C10034,2024-08-27,2024-08-27,Network,Critical,3,No,20
T2223,C13879,2024-02-12,2024-02-12,Billing,Low,5,Yes,15
T2224,C11417,2024-07-01,2024-07-01,Network,Low,4,Yes,13
T2225,C12683,2024-02-25,2024-02-25,Account,Critical,1,Yes,5
T2226,C13886,2024-07-10,2024-07-10,Billing,Critical,1,Yes,1
T2227,C13788,2024-02-10,2024-02-10,Network,Low,4,Yes,18
T2228,C12851,2024-02-02,2024-02-02,Network,High,2,Yes,2
T2229,C11649,2024-03-21,2024-03-21,Billing,Medium,3,Yes,23
T2230,C11999,2024-03-22,2024-03-22,Network,Medium,1,Yes,19
T2231,C13221,2024-10-26,2024-10-26,Technical,Low,3,Yes,16
T2232,C12883,2024-08-19,2024-08-24,Billing,High,1,Yes,124
T2233,C13230,2024-06-12,2024-06-12,Network,High,5,Yes,16
T2234,C11369,2024-08-27,2024-08-27,Billing,Low,5,Yes,6
T2235,C14535,2024-06-17,2024-06-17,Billing,High,2,Yes,1
T2236,C10424,2024-10-04,2024-10-04,Network,High,5,Yes,1
T2237,C10963,2024-11-13,2024-11-13,Network,High,2,Yes,18
T2238,C11944,2024-02-21,2024-02-21,Network,Critical,2,Yes,21
T2239,C14372,2024-10-29,2024-11-01,Technical,Low,2,Yes,78
T2240,C14721,2024-10-28,2024-10-28,Billing,Critical,2,Yes,1
T2241,C11889,2024-12-08,2024-12-09,Network,High,3,Yes,26
T2242,C10327,2024-10-02,2024-10-04,Network,Low,3,No,48
T2243,C14666,2024-11-24,2024-11-25,Network,High,5,Yes,45
T2244,C10024,2024-12-19,2024-12-19,Account,Medium,2,Yes,2
T2245,C13095,2024-06-16,2024-06-17,Network,Critical,3,Yes,39
T2246,C14702,2024-10-23,2024-10-23,Network,Low,5,Yes,21
T2247,C13115,2024-06-08,2024-06-08,Network,Medium,2,Yes,3
T2248,C14353,2024-04-28,2024-04-28,Technical,Medium,1,Yes,4
T2249,C14082,2024-08-09,2024-08-09,Billing,Medium,5,No,7
T2250,C14760,2024-06-07,2024-06-07,Account,High,3,No,7
T2251,C13495,2024-06-05,2024-06-06,Technical,Low,3,Yes,38
T2252,C13716,2024-02-21,2024-02-22,Technical,High,5,No,25
T2253,C10786,2024-11-06,2024-11-06,Technical,Medium,3,Yes,9
T2254,C12722,2024-08-11,2024-08-13,Network,Medium,3,Yes,55
T2255,C11553,2024-11-03,2024-11-03,Billing,Medium,3,No,13
T2256,C11388,2024-12-15,2024-12-15,Technical,High,5,Yes,1
T2257,C10923,2024-04-22,2024-04-22,Billing,Medium,3,Yes,9
T2258,C11178,2024-08-08,2024-08-08,Technical,High,5,Yes,1
T2259,C10740,2024-01-23,2024-01-23,Network,High,5,Yes,4
T2260,C10488,2024-12-29,2024-12-31,Billing,Critical,4,Yes,48
T2261,C12823,2024-05-22,2024-05-25,Billing,Low,2,Yes,85
T2262,C11166,2024-07-14,2024-07-14,Account,High,2,Yes,7
T2263,C10023,2024-01-17,2024-01-18,Network,Low,2,Yes,26
T2264,C13606,2024-08-07,2024-08-08,Billing,Medium,4,Yes,27
T2265,C11943,2024-06-13,2024-06-16,Network,Medium,2,No,73
T2266,C14405,2024-03-02,2024-03-05,Network,Medium,5,Yes,94
T2267,C14901,2024-12-12,2024-12-12,Technical,Low,1,Yes,12
T2268,C12497,2024-04-05,2024-04-05,Network,Low,2,Yes,15
T2269,C10719,2024-02-10,2024-02-10,Network,High,5,Yes,17
T2270,C11955,2024-06-08,2024-06-08,Technical,Low,4,Yes,1
T2271,C12108,2024-10-06,2024-10-07,Network,Low,4,No,41
T2272,C11193,2024-02-17,2024-02-17,Technical,Medium,2,Yes,10
T2273,C10647,2024-08-13,2024-08-13,Technical,Low,4,Yes,1
T2274,C11852,2024-05-25,2024-05-25,Network,Medium,4,Yes,2
T2275,C12571,2024-05-30,2024-05-30,Technical,Low,3,Yes,1
T2276,C14639,2024-01-24,2024-01-24,Account,Low,1,Yes,10
T2277,C14163,2024-09-26,2024-09-26,Technical,Low,4,Yes,3
T2278,C12222,2024-05-09,2024-05-10,Network,Low,1,Yes,30
T2279,C12764,2024-04-12,2024-04-12,Technical,Medium,2,Yes,7
T2280,C14558,2024-10-27,2024-10-29,Technical,Low,4,No,61
T2281,C12829,2024-11-28,2024-11-28,Technical,High,5,No,4
T2282,C13024,2024-09-19,2024-09-19,Account,Low,2,Yes,22
T2283,C14705,2024-07-25,2024-07-25,Billing,High,4,Yes,18
T2284,C14019,2024-08-23,2024-08-23,Network,High,5,Yes,18
T2285,C12962,2024-11-23,2024-11-23,Account,Medium,3,Yes,1
T2286,C14114,2024-01-17,2024-01-18,Technical,High,5,Yes,29
T2287,C11258,2024-08-26,2024-08-26,Billing,Low,5,Yes,8
T2288,C10771,2024-01-02,2024-01-03,Billing,High,3,Yes,27
T2289,C12971,2024-09-20,2024-09-20,Technical,Critical,2,Yes,10
T2290,C13597,2024-01-25,2024-01-25,Billing,Medium,4,Yes,9
T2291,C11086,2024-04-03,2024-04-03,Network,Critical,5,Yes,1
T2292,C14274,2024-02-14,2024-02-14,Billing,High,1,Yes,1
T2293,C10141,2024-02-17,2024-02-17,Technical,High,1,Yes,1
T2294,C11303,2024-02-03,2024-02-03,Technical,Medium,4,Yes,13
T2295,C14696,2024-05-01,2024-05-01,Network,Low,4,Yes,1
T2296,C12098,2024-07-30,2024-07-31,Billing,High,5,No,38
T2297,C11901,2024-01-09,2024-01-10,Account,Medium,4,No,44
T2298,C10614,2024-03-25,2024-03-25,Network,Low,1,Yes,8
T2299,C14022,2024-09-18,2024-09-18,Network,Medium,2,Yes,15
T2300,C10587,2024-06-29,2024-06-30,Network,Low,3,Yes,28
T2301,C14628,2024-10-16,2024-10-16,Billing,Critical,2,Yes,17
T2302,C13193,2024-02-19,2024-02-19,Account,Low,2,Yes,23
T2303,C10591,2024-01-22,2024-01-22,Network,Medium,1,No,16
T2304,C11431,2024-02-06,2024-02-07,Network,High,2,Yes,26
T2305,C11337,2024-08-14,2024-08-15,Network,High,4,Yes,35
T2306,C10413,2024-08-14,2024-08-14,Network,High,5,Yes,2
T2307,C10850,2024-02-25,2024-02-25,Network,Low,3,Yes,4
T2308,C13501,2024-12-14,2024-12-16,Network,Low,1,Yes,53
T2309,C13293,2024-02-17,2024-02-17,Account,Medium,1,Yes,12
T2310,C12273,2024-10-03,2024-10-03,Billing,Medium,2,Yes,2
T2311,C10054,2024-11-16,2024-11-16,Account,Low,3,Yes,2
T2312,C12127,2024-08-08,2024-08-08,Network,Medium,4,Yes,1
T2313,C10790,2024-01-20,2024-01-20,Network,High,5,Yes,21
T2314,C11977,2024-02-01,2024-02-01,Technical,Low,4,Yes,1
T2315,C14527,2024-04-03,2024-04-03,Account,Low,3,Yes,7
T2316,C11717,2024-09-21,2024-09-21,Network,Low,4,Yes,5
T2317,C12940,2024-08-14,2024-08-14,Billing,Low,2,Yes,21
T2318,C10764,2024-09-10,2024-09-11,Billing,Critical,1,Yes,26
T2319,C13789,2024-09-01,2024-09-02,Network,High,5,Yes,34
T2320,C13322,2024-10-01,2024-10-01,Billing,Low,3,Yes,16
T2321,C14260,2024-06-22,2024-06-23,Technical,Medium,3,Yes,24
T2322,C10325,2024-08-31,2024-09-03,Technical,Medium,3,Yes,78
T2323,C10028,2024-03-22,2024-03-22,Billing,Critical,4,Yes,4
T2324,C12218,2024-03-08,2024-03-08,Technical,Low,1,Yes,12
T2325,C14031,2024-01-10,2024-01-10,Technical,Medium,1,Yes,1
T2326,C14678,2024-07-11,2024-07-11,Network,High,3,No,1
T2327,C10834,2024-01-09,2024-01-09,Network,High,4,Yes,11
T2328,C13819,2024-07-08,2024-07-09,Billing,Low,3,Yes,32
T2329,C13326,2024-11-16,2024-11-16,Network,Critical,2,Yes,5
T2330,C13042,2024-07-08,2024-07-09,Billing,Low,5,Yes,34
T2331,C11678,2024-04-04,2024-04-04,Account,Medium,4,Yes,7
T2332,C13721,2024-11-01,2024-11-01,Network,Medium,5,Yes,2
T2333,C11202,2024-12-06,2024-12-06,Account,High,3,Yes,17
T2334,C11435,2024-06-14,2024-06-14,Network,Medium,3,Yes,23
T2335,C11505,2024-01-07,2024-01-07,Network,Low,5,Yes,1
T2336,C11641,2024-10-04,2024-10-04,Billing,Critical,3,No,18
T2337,C12947,2024-06-04,2024-06-04,Network,High,4,No,6
T2338,C10220,2024-02-16,2024-02-16,Billing,High,3,No,2
T2339,C10627,2024-05-06,2024-05-07,Network,High,2,Yes,41
T2340,C11562,2024-10-27,2024-10-27,Technical,Medium,2,Yes,19
T2341,C14498,2024-05-08,2024-05-08,Billing,Medium,4,Yes,12
T2342,C11788,2024-12-15,2024-12-15,Network,Medium,3,Yes,6
T2343,C12542,2024-06-01,2024-06-01,Billing,High,3,Yes,5
T2344,C13875,2024-06-30,2024-07-01,Technical,Medium,2,Yes,24
T2345,C11791,2024-08-25,2024-08-25,Account,Low,3,Yes,4
T2346,C12755,2024-02-07,2024-02-09,Network,Low,5,Yes,53
T2347,C10311,2024-10-12,2024-10-12,Network,Critical,1,Yes,23
T2348,C14988,2024-05-08,2024-05-08,Network,Medium,4,Yes,3
T2349,C11357,2024-12-08,2024-12-09,Billing,Medium,5,Yes,36
T2350,C11916,2024-02-24,2024-02-24,Billing,Medium,2,Yes,3
T2351,C14975,2024-10-21,2024-10-21,Technical,Medium,1,Yes,3
T2352,C13984,2024-11-27,2024-11-27,Technical,Low,1,Yes,3
T2353,C12469,2024-09-10,2024-09-10,Billing,High,3,Yes,5
T2354,C11645,2024-10-08,2024-10-08,Network,Medium,4,Yes,1
T2355,C13548,2024-12-19,2024-12-19,Network,Medium,1,Yes,22
T2356,C11551,2024-11-05,2024-11-06,Billing,High,5,No,46
T2357,C11261,2024-12-17,2024-12-17,Network,Medium,5,Yes,21
T2358,C12997,2024-11-17,2024-11-17,Account,Medium,3,Yes,11
T2359,C10109,2024-07-11,2024-07-12,Technical,Medium,5,No,31
T2360,C12294,2024-01-11,2024-01-11,Billing,High,1,Yes,15
T2361,C11317,2024-02-13,2024-02-13,Account,Low,3,Yes,3
T2362,C11842,2024-09-08,2024-09-12,Technical,Low,2,No,106
T2363,C13075,2024-12-12,2024-12-12,Technical,Low,5,Yes,16
T2364,C11941,2024-12-12,2024-12-12,Network,High,2,Yes,9
T2365,C13671,2024-10-20,2024-10-20,Network,High,3,Yes,6
T2366,C13711,2024-04-22,2024-04-25,Network,Low,3,Yes,75
T2367,C14712,2024-12-11,2024-12-11,Billing,Medium,1,Yes,20
T2368,C11330,2024-01-17,2024-01-18,Billing,Medium,1,Yes,39
T2369,C14751,2024-05-12,2024-05-12,Network,Low,3,No,7
T2370,C12843,2024-05-02,2024-05-02,Technical,Critical,4,Yes,23
T2371,C10178,2024-09-26,2024-09-26,Technical,Medium,4,Yes,10
T2372,C13325,2024-01-29,2024-01-31,Network,Medium,3,Yes,66
T2373,C10877,2024-01-20,2024-01-21,Network,Low,4,Yes,28
T2374,C10543,2024-11-14,2024-11-14,Network,High,2,No,1
T2375,C14733,2024-12-03,2024-12-03,Network,Medium,4,Yes,1
T2376,C11213,2024-10-26,2024-10-26,Billing,Medium,3,Yes,2
T2377,C14594,2024-02-05,2024-02-07,Account,Medium,3,Yes,67
T2378,C11184,2024-10-11,2024-10-11,Billing,Medium,4,Yes,4
T2379,C13996,2024-07-18,2024-07-18,Network,Medium,5,Yes,20
T2380,C14564,2024-06-24,2024-06-24,Network,Medium,4,No,6
T2381,C13245,2024-08-14,2024-08-17,Billing,Low,3,Yes,78
T2382,C13853,2024-01-09,2024-01-09,Billing,High,4,No,5
T2383,C12048,2024-11-17,2024-11-17,Account,Medium,1,Yes,8
T2384,C12101,2024-08-13,2024-08-13,Network,High,3,No,10
T2385,C12828,2024-03-15,2024-03-15,Billing,Medium,5,Yes,16
T2386,C11576,2024-03-27,2024-03-28,Technical,Low,1,Yes,26
T2387,C13236,2024-11-15,2024-11-15,Account,Medium,1,No,10
T2388,C13560,2024-09-08,2024-09-08,Billing,Medium,3,No,15
T2389,C10413,2024-12-22,2024-12-22,Technical,Medium,2,Yes,20
T2390,C12687,2024-05-10,2024-05-10,Network,High,5,Yes,10
T2391,C10594,2024-07-09,2024-07-09,Billing,Low,4,Yes,5
T2392,C13944,2024-02-05,2024-02-05,Network,Low,2,Yes,11
T2393,C11565,2024-02-20,2024-02-20,Network,High,4,Yes,21
T2394,C13548,2024-08-25,2024-08-26,Network,Low,5,Yes,44
T2395,C14441,2024-07-03,2024-07-04,Network,Medium,3,Yes,30
T2396,C10901,2024-10-28,2024-10-28,Network,Medium,5,Yes,2
T2397,C14764,2024-10-03,2024-10-03,Network,Low,4,Yes,3
T2398,C13896,2024-11-06,2024-11-06,Billing,High,5,Yes,3
T2399,C14217,2024-01-19,2024-01-19,Network,Medium,2,Yes,20
T2400,C10668,2024-07-27,2024-07-27,Billing,Low,5,Yes,16
T2401,C13373,2024-05-19,2024-05-20,Billing,Low,5,Yes,43
T2402,C14162,2024-11-10,2024-11-10,Network,High,1,Yes,1
T2403,C14271,2024-03-07,2024-03-07,Network,Medium,1,Yes,15
T2404,C10694,2024-11-29,2024-11-29,Technical,Low,2,Yes,12
T2405,C14399,2024-12-25,2024-12-26,Network,Medium,4,Yes,40
T2406,C12909,2024-02-27,2024-02-28,Billing,Low,1,Yes,28
T2407,C11250,2024-07-21,2024-07-21,Account,Medium,5,Yes,17
T2408,C13156,2024-02-19,2024-02-19,Billing,Medium,3,Yes,15
T2409,C10802,2024-05-08,2024-05-08,Billing,Low,5,Yes,1
T2410,C12342,2024-08-09,2024-08-09,Technical,Medium,5,Yes,17
T2411,C10799,2024-10-20,2024-10-23,Billing,High,5,Yes,80
T2412,C14394,2024-12-13,2024-12-14,Network,Low,2,Yes,44
T2413,C13277,2024-04-16,2024-04-17,Network,Critical,4,Yes,25
T2414,C13132,2024-01-05,2024-01-05,Technical,Low,5,Yes,21
T2415,C13221,2024-11-06,2024-11-06,Technical,High,5,Yes,3
T2416,C13378,2024-06-02,2024-06-02,Technical,Critical,4,No,1
T2417,C13661,2024-10-02,2024-10-02,Billing,Low,3,No,3
T2418,C14207,2024-10-22,2024-10-22,Network,Low,5,Yes,11
T2419,C12915,2024-05-27,2024-05-28,Billing,Low,4,No,37
T2420,C10764,2024-05-09,2024-05-10,Account,High,3,Yes,33
T2421,C12288,2024-07-15,2024-07-15,Account,Medium,2,Yes,16
T2422,C12029,2024-04-19,2024-04-19,Technical,Low,3,Yes,5
T2423,C11773,2024-12-18,2024-12-18,Account,Low,4,Yes,8
T2424,C11931,2024-08-25,2024-08-27,Billing,Medium,3,Yes,58
T2425,C14828,2024-05-19,2024-05-20,Billing,Medium,3,Yes,27
T2426,C13857,2024-07-26,2024-07-26,Billing,Low,1,Yes,14
T2427,C10182,2024-01-05,2024-01-05,Technical,Medium,3,Yes,1
T2428,C11701,2024-08-09,2024-08-09,Network,Medium,5,Yes,6
T2429,C12992,2024-04-26,2024-04-27,Billing,Low,2,Yes,28
T2430,C11365,2024-01-17,2024-01-18,Network,Medium,3,Yes,24
T2431,C10514,2024-12-30,2024-12-30,Technical,Low,4,Yes,3
T2432,C13355,2024-03-09,2024-03-09,Billing,High,1,No,6
T2433,C14468,2024-11-20,2024-11-21,Network,High,3,Yes,35
T2434,C14944,2024-05-07,2024-05-08,Network,Low,4,Yes,35
T2435,C10267,2024-05-04,2024-05-04,Network,High,4,Yes,1
T2436,C12583,2024-02-05,2024-02-05,Account,Low,3,Yes,3
T2437,C11556,2024-10-08,2024-10-08,Network,High,3,Yes,6
T2438,C11979,2024-10-05,2024-10-05,Network,High,5,No,2
T2439,C11243,2024-04-29,2024-04-30,Network,Critical,3,Yes,47
T2440,C14172,2024-07-24,2024-07-25,Network,Critical,3,Yes,24
T2441,C11448,2024-06-11,2024-06-11,Account,High,3,Yes,21
T2442,C10726,2024-05-29,2024-05-29,Network,Medium,4,Yes,6
T2443,C12158,2024-03-29,2024-03-29,Technical,Low,2,Yes,13
T2444,C12890,2024-01-19,2024-01-19,Billing,Medium,4,Yes,9
T2445,C12228,2024-03-05,2024-03-05,Technical,Medium,3,Yes,3
T2446,C10781,2024-06-20,2024-06-22,Billing,Critical,5,Yes,58
T2447,C12405,2024-09-17,2024-09-17,Network,Critical,1,Yes,20
T2448,C14457,2024-09-23,2024-09-23,Billing,Low,5,Yes,21
T2449,C12964,2024-10-03,2024-10-04,Billing,Medium,4,Yes,28
T2450,C10282,2024-11-30,2024-11-30,Network,Low,4,Yes,5
T2451,C12836,2024-09-10,2024-09-10,Technical,Medium,4,Yes,7
T2452,C14318,2024-03-11,2024-03-12,Account,High,1,No,28
T2453,C10045,2024-09-11,2024-09-11,Network,Medium,4,Yes,15
T2454,C10147,2024-01-30,2024-01-30,Account,Low,5,Yes,14
T2455,C13303,2024-07-07,2024-07-07,Network,Low,2,Yes,19
T2456,C10973,2024-06-04,2024-06-04,Network,Medium,5,Yes,1
T2457,C12466,2024-03-07,2024-03-07,Billing,Low,5,Yes,10
T2458,C13652,2024-10-21,2024-10-22,Network,Low,1,Yes,24
T2459,C11710,2024-01-01,2024-01-03,Network,Medium,3,No,51
T2460,C14041,2024-01-07,2024-01-08,Network,High,3,Yes,24
T2461,C13997,2024-06-07,2024-06-07,Network,Low,5,Yes,6
T2462,C10456,2024-06-24,2024-06-24,Network,Critical,1,Yes,1
T2463,C11799,2024-09-17,2024-09-17,Network,Medium,4,No,9
T2464,C13557,2024-12-17,2024-12-17,Billing,Medium,4,Yes,23
T2465,C10558,2024-01-14,2024-01-14,Billing,Medium,3,Yes,9
T2466,C11343,2024-01-03,2024-01-05,Network,Low,2,Yes,69
T2467,C14443,2024-05-08,2024-05-09,Account,Low,3,Yes,47
T2468,C12810,2024-07-06,2024-07-06,Network,Low,4,Yes,6
T2469,C14333,2024-11-20,2024-11-20,Network,Low,4,Yes,7
T2470,C12869,2024-01-15,2024-01-15,Billing,Low,2,Yes,5
T2471,C14732,2024-12-10,2024-12-10,Network,Low,4,No,22
T2472,C14116,2024-05-30,2024-05-30,Network,Low,2,Yes,4
T2473,C14472,2024-03-30,2024-03-30,Billing,Medium,2,No,1
T2474,C10161,2024-08-05,2024-08-06,Network,High,1,Yes,41
T2475,C14431,2024-12-08,2024-12-10,Billing,Medium,5,No,49
T2476,C13250,2024-01-22,2024-01-22,Billing,Low,4,Yes,4
T2477,C14622,2024-10-26,2024-10-26,Billing,High,2,Yes,7
T2478,C12136,2024-06-16,2024-06-16,Billing,Low,5,Yes,14
T2479,C12023,2024-03-04,2024-03-05,Network,Medium,3,Yes,31
T2480,C10118,2024-02-05,2024-02-07,Network,Low,3,Yes,53
T2481,C13867,2024-05-04,2024-05-04,Network,High,3,Yes,9
T2482,C10259,2024-11-18,2024-11-18,Technical,High,2,Yes,17
T2483,C11867,2024-10-06,2024-10-06,Billing,Medium,5,Yes,3
T2484,C13063,2024-05-17,2024-05-17,Network,High,3,Yes,16
T2485,C13182,2024-12-25,2024-12-25,Network,High,5,Yes,2
T2486,C13453,2024-11-19,2024-11-19,Technical,High,1,Yes,22
T2487,C11393,2024-06-13,2024-06-14,Account,Medium,4,Yes,27
T2488,C14664,2024-08-15,2024-08-15,Network,Low,2,Yes,3
T2489,C11580,2024-03-04,2024-03-04,Network,High,2,Yes,1
T2490,C14138,2024-12-14,2024-12-14,Technical,Medium,3,Yes,7
T2491,C14675,2024-04-08,2024-04-08,Technical,High,4,Yes,16
T2492,C11062,2024-12-19,2024-12-19,Network,Low,5,Yes,4
T2493,C14212,2024-10-12,2024-10-13,Billing,Medium,2,Yes,41
T2494,C12023,2024-11-26,2024-11-26,Account,Low,4,Yes,14
T2495,C14686,2024-08-25,2024-08-25,Technical,Medium,4,Yes,16
T2496,C13853,2024-01-16,2024-01-16,Network,High,4,Yes,15
T2497,C10231,2024-08-30,2024-08-30,Account,Critical,3,Yes,10
T2498,C10318,2024-05-06,2024-05-06,Account,Medium,5,Yes,4
T2499,C11226,2024-11-06,2024-11-08,Technical,High,4,Yes,64
T2500,C11519,2024-05-31,2024-06-01,Billing,Low,4,Yes,34
T2501,C14479,2024-01-16,2024-01-16,Technical,Low,5,No,10
T2502,C12827,2024-07-19,2024-07-21,Network,Medium,3,Yes,52
T2503,C10125,2024-11-21,2024-11-21,Billing,Medium,4,No,12
T2504,C12725,2024-09-29,2024-09-29,Billing,Low,5,Yes,1
T2505,C11927,2024-02-08,2024-02-09,Technical,High,5,No,35
T2506,C10764,2024-04-04,2024-04-04,Network,Medium,5,No,8
T2507,C14047,2024-01-28,2024-01-28,Network,Low,4,Yes,3
T2508,C13977,2024-02-06,2024-02-06,Technical,Medium,3,No,18
T2509,C13752,2024-05-12,2024-05-12,Technical,Medium,4,Yes,15
T2510,C13264,2024-02-09,2024-02-09,Network,High,5,Yes,9
T2511,C11535,2024-12-29,2024-12-29,Technical,Medium,4,Yes,4
T2512,C10419,2024-02-04,2024-02-04,Billing,Medium,3,Yes,3
T2513,C11503,2024-11-18,2024-11-18,Network,Medium,3,Yes,2
T2514,C10857,2024-07-28,2024-07-28,Account,Medium,5,No,14
T2515,C10170,2024-03-17,2024-03-17,Network,Medium,3,Yes,17
T2516,C12725,2024-05-20,2024-05-20,Network,Critical,2,Yes,1
T2517,C12880,2024-04-13,2024-04-14,Technical,Low,4,Yes,26
T2518,C10445,2024-04-25,2024-04-25,Network,Low,3,Yes,17
T2519,C10904,2024-10-04,2024-10-04,Technical,Medium,3,Yes,11
T2520,C14906,2024-10-30,2024-10-31,Technical,Low,4,Yes,30
T2521,C14411,2024-07-10,2024-07-11,Technical,Medium,5,No,24
T2522,C14954,2024-12-30,2024-12-31,Billing,High,5,Yes,31
T2523,C12985,2024-01-07,2024-01-07,Technical,Critical,4,Yes,13
T2524,C11208,2024-12-18,2024-12-18,Network,Medium,4,No,13
T2525,C11781,2024-12-06,2024-12-06,Account,Medium,5,Yes,1
T2526,C11524,2024-01-08,2024-01-08,Billing,Critical,4,No,2
T2527,C10307,2024-05-31,2024-06-01,Technical,Low,2,Yes,25
T2528,C11119,2024-11-25,2024-11-25,Billing,Medium,4,No,14
T2529,C12080,2024-01-08,2024-01-08,Account,Low,4,No,17
T2530,C10148,2024-05-05,2024-05-07,Billing,Low,1,Yes,63
T2531,C13003,2024-09-15,2024-09-15,Network,Critical,2,Yes,20
T2532,C10824,2024-10-06,2024-10-06,Network,Low,2,Yes,23
T2533,C12742,2024-01-20,2024-01-20,Technical,Medium,2,Yes,1
T2534,C14436,2024-07-20,2024-07-20,Account,High,2,Yes,4
T2535,C10917,2024-05-04,2024-05-05,Technical,High,5,Yes,27
T2536,C13490,2024-02-28,2024-02-28,Account,High,5,Yes,1
T2537,C14959,2024-05-18,2024-05-22,Billing,Medium,3,No,101
T2538,C12360,2024-06-14,2024-06-15,Billing,Medium,3,Yes,36
T2539,C12220,2024-04-23,2024-04-23,Network,Low,3,Yes,17
T2540,C12227,2024-06-01,2024-06-01,Network,Medium,2,Yes,6
T2541,C11797,2024-09-16,2024-09-16,Network,Low,3,Yes,10
T2542,C10058,2024-03-20,2024-03-20,Network,High,4,Yes,5
T2543,C11510,2024-07-08,2024-07-08,Account,Low,3,Yes,1
T2544,C14926,2024-05-03,2024-05-03,Technical,Critical,5,Yes,6
T2545,C11456,2024-11-19,2024-11-19,Technical,Medium,2,Yes,14
T2546,C11217,2024-05-11,2024-05-11,Account,Low,3,Yes,1
T2547,C11806,2024-05-24,2024-05-25,Account,Medium,3,Yes,29
T2548,C14605,2024-03-06,2024-03-06,Technical,Medium,1,Yes,2
T2549,C12520,2024-07-19,2024-07-19,Technical,High,4,Yes,1
T2550,C12993,2024-06-10,2024-06-10,Billing,High,4,No,1
T2551,C13048,2024-09-01,2024-09-02,Technical,Low,4,Yes,35
T2552,C11915,2024-07-27,2024-07-27,Billing,High,4,Yes,4
T2553,C11615,2024-05-15,2024-05-15,Billing,Medium,3,Yes,8
T2554,C12318,2024-02-13,2024-02-13,Network,Low,1,Yes,20
T2555,C12138,2024-11-13,2024-11-13,Billing,Low,5,Yes,2
T2556,C12339,2024-12-10,2024-12-10,Account,Medium,2,Yes,11
T2557,C13187,2024-08-30,2024-08-30,Billing,Low,5,Yes,10
T2558,C10729,2024-05-24,2024-05-26,Technical,High,5,Yes,59
T2559,C13579,2024-02-22,2024-02-23,Billing,Medium,3,Yes,24
T2560,C14405,2024-10-14,2024-10-14,Technical,Low,4,Yes,1
T2561,C13999,2024-08-12,2024-08-13,Technical,Medium,5,Yes,36
T2562,C12599,2024-02-13,2024-02-13,Billing,High,5,Yes,21
T2563,C13771,2024-06-15,2024-06-15,Network,High,2,Yes,6
T2564,C10365,2024-01-10,2024-01-10,Network,Medium,5,Yes,18
T2565,C12197,2024-06-26,2024-06-26,Technical,Low,2,Yes,2
T2566,C11979,2024-03-11,2024-03-12,Technical,High,4,Yes,30
T2567,C14731,2024-02-16,2024-02-17,Billing,High,4,Yes,47
T2568,C10016,2024-02-23,2024-02-23,Technical,Low,2,Yes,15
T2569,C14726,2024-10-26,2024-10-28,Account,Medium,1,Yes,65
T2570,C10642,2024-02-22,2024-02-22,Network,High,4,Yes,18
T2571,C13121,2024-10-23,2024-10-23,Billing,High,5,Yes,3
T2572,C11429,2024-09-15,2024-09-17,Network,Low,3,Yes,61
T2573,C10499,2024-02-21,2024-02-21,Network,Medium,4,No,12
T2574,C11521,2024-06-21,2024-06-21,Network,Low,3,Yes,8
T2575,C11285,2024-07-09,2024-07-09,Network,Low,2,Yes,8
T2576,C10657,2024-01-30,2024-01-30,Billing,Low,1,Yes,15
T2577,C14934,2024-04-22,2024-04-23,Network,Low,3,Yes,32
T2578,C14552,2024-07-26,2024-07-26,Network,Medium,2,Yes,2
T2579,C12746,2024-07-01,2024-07-02,Billing,High,5,No,33
T2580,C10879,2024-01-03,2024-01-04,Billing,Low,4,Yes,27
T2581,C12057,2024-05-28,2024-05-28,Network,High,1,Yes,3
T2582,C12390,2024-12-12,2024-12-13,Billing,Medium,2,Yes,37
T2583,C14830,2024-05-04,2024-05-04,Technical,Medium,4,Yes,8
T2584,C13937,2024-01-22,2024-01-22,Network,Medium,5,Yes,4
T2585,C10690,2024-01-20,2024-01-20,Account,Low,4,Yes,8
T2586,C10138,2024-02-13,2024-02-14,Network,Medium,1,Yes,27
T2587,C11141,2024-04-16,2024-04-16,Billing,Low,1,Yes,9
T2588,C12117,2024-04-02,2024-04-02,Technical,High,3,Yes,20
T2589,C10160,2024-02-13,2024-02-15,Billing,Medium,5,No,63
T2590,C11402,2024-10-28,2024-10-28,Technical,High,2,No,17
T2591,C14252,2024-07-18,2024-07-19,Network,Critical,4,No,29
T2592,C10533,2024-10-20,2024-10-20,Network,Medium,1,Yes,17
T2593,C13355,2024-11-06,2024-11-07,Billing,High,5,Yes,31
T2594,C14084,2024-05-27,2024-05-27,Billing,Critical,4,Yes,6
T2595,C13547,2024-07-17,2024-07-18,Account,Medium,2,Yes,35
T2596,C10183,2024-07-03,2024-07-03,Network,Medium,4,Yes,1
T2597,C13505,2024-11-22,2024-11-22,Billing,Medium,3,Yes,12
T2598,C11692,2024-02-05,2024-02-05,Technical,Low,3,Yes,7
T2599,C11141,2024-02-10,2024-02-10,Account,Low,5,Yes,5
T2600,C14154,2024-03-07,2024-03-07,Billing,Critical,1,Yes,20
T2601,C13864,2024-04-03,2024-04-03,Network,Low,5,Yes,9
T2602,C10009,2024-05-22,2024-05-23,Network,High,5,Yes,38
T2603,C10299,2024-03-16,2024-03-16,Billing,Medium,2,Yes,7
T2604,C11379,2024-01-31,2024-02-02,Technical,Low,4,Yes,65
T2605,C11565,2024-03-20,2024-03-20,Network,High,3,No,13
T2606,C13775,2024-12-14,2024-12-15,Billing,Low,5,Yes,46
T2607,C12854,2024-04-04,2024-04-04,Billing,Medium,5,Yes,18
T2608,C14588,2024-02-06,2024-02-06,Technical,Medium,5,Yes,6
T2609,C12925,2024-11-02,2024-11-02,Billing,Medium,4,Yes,17
T2610,C11705,2024-12-26,2024-12-26,Billing,Low,3,Yes,19
T2611,C12625,2024-07-17,2024-07-17,Account,Low,4,No,21
T2612,C10056,2024-03-02,2024-03-02,Technical,Low,1,No,12
T2613,C11865,2024-07-10,2024-07-11,Billing,Medium,1,Yes,33
T2614,C10110,2024-01-03,2024-01-03,Account,Critical,4,Yes,4
T2615,C10316,2024-02-04,2024-02-04,Account,Medium,4,Yes,11
T2616,C10403,2024-05-24,2024-05-26,Technical,Low,1,Yes,54
T2617,C14611,2024-06-07,2024-06-07,Network,Low,1,Yes,6
T2618,C11472,2024-12-14,2024-12-15,Technical,Low,2,No,38
T2619,C11864,2024-02-10,2024-02-10,Billing,High,4,No,6
T2620,C13171,2024-02-21,2024-02-21,Network,Low,5,No,2
T2621,C14941,2024-02-28,2024-02-28,Billing,Medium,4,No,7
T2622,C14341,2024-03-29,2024-03-29,Technical,Low,3,Yes,4
T2623,C12612,2024-02-04,2024-02-04,Network,Low,1,Yes,4
T2624,C12497,2024-07-13,2024-07-13,Technical,High,4,Yes,7
T2625,C11795,2024-03-12,2024-03-12,Network,Medium,4,Yes,21
T2626,C12441,2024-12-26,2024-12-26,Network,Low,5,Yes,4
T2627,C12648,2024-01-25,2024-01-25,Network,High,1,Yes,2
T2628,C12222,2024-02-11,2024-02-13,Network,High,3,No,65
T2629,C11793,2024-04-07,2024-04-07,Technical,Medium,3,Yes,6
T2630,C13302,2024-06-12,2024-06-12,Technical,High,4,Yes,19
T2631,C14491,2024-07-07,2024-07-08,Network,High,3,Yes,29
T2632,C14370,2024-01-11,2024-01-13,Billing,Medium,2,Yes,63
T2633,C12119,2024-01-01,2024-01-01,Network,High,5,Yes,13
T2634,C14779,2024-10-30,2024-11-02,Technical,Medium,2,Yes,75
T2635,C11498,2024-11-13,2024-11-13,Network,Medium,3,Yes,1
T2636,C12739,2024-08-23,2024-08-23,Network,Low,1,Yes,4
T2637,C13097,2024-03-15,2024-03-15,Network,Critical,1,Yes,7
T2638,C12789,2024-03-16,2024-03-17,Network,High,5,No,37
T2639,C14073,2024-03-07,2024-03-07,Billing,High,3,Yes,1
T2640,C10813,2024-03-05,2024-03-06,Technical,Low,4,Yes,33
T2641,C10962,2024-08-08,2024-08-08,Billing,Low,5,Yes,9
T2642,C14234,2024-10-11,2024-10-11,Billing,Medium,2,No,1
T2643,C10284,2024-05-21,2024-05-22,Account,Medium,4,Yes,40
T2644,C10259,2024-10-31,2024-10-31,Account,Medium,3,Yes,1
T2645,C12227,2024-07-16,2024-07-17,Account,High,2,Yes,47
T2646,C12999,2024-03-24,2024-03-24,Network,High,4,Yes,9
T2647,C11057,2024-01-25,2024-01-25,Network,Medium,3,Yes,12
T2648,C10057,2024-12-05,2024-12-05,Network,High,3,Yes,22
T2649,C11518,2024-04-08,2024-04-10,Network,Medium,4,Yes,61
T2650,C14819,2024-04-09,2024-04-10,Technical,Medium,5,Yes,39
T2651,C11871,2024-11-11,2024-11-11,Network,High,3,No,3
T2652,C10903,2024-07-14,2024-07-14,Network,Medium,4,No,5
T2653,C12663,2024-01-25,2024-01-28,Network,Low,1,Yes,86
T2654,C14844,2024-08-15,2024-08-15,Technical,High,3,Yes,10
T2655,C10121,2024-04-26,2024-04-26,Billing,Low,3,Yes,5
T2656,C14569,2024-11-11,2024-11-11,Technical,Low,4,No,14
T2657,C13359,2024-04-07,2024-04-07,Account,Critical,5,No,1
T2658,C14739,2024-10-21,2024-10-22,Technical,Medium,5,Yes,42
T2659,C14415,2024-04-15,2024-04-15,Account,Medium,2,Yes,3
T2660,C11991,2024-02-16,2024-02-16,Network,Low,3,Yes,9
T2661,C11894,2024-09-25,2024-09-25,Billing,Medium,1,Yes,2
T2662,C14889,2024-10-18,2024-10-18,Account,High,3,Yes,10
T2663,C14509,2024-01-23,2024-01-24,Technical,Medium,5,Yes,32
T2664,C14114,2024-02-02,2024-02-02,Network,Critical,5,Yes,4
T2665,C11114,2024-05-10,2024-05-11,Technical,Medium,4,Yes,32
T2666,C10226,2024-01-13,2024-01-13,Network,Low,3,Yes,22
T2667,C10527,2024-02-08,2024-02-08,Billing,High,3,Yes,5
T2668,C12106,2024-02-22,2024-02-23,Account,Medium,3,Yes,43
T2669,C11084,2024-12-09,2024-12-10,Billing,Low,5,Yes,34
T2670,C11165,2024-08-09,2024-08-09,Billing,Medium,3,No,16
T2671,C12970,2024-11-03,2024-11-03,Technical,High,5,Yes,5
T2672,C11928,2024-01-26,2024-01-26,Network,Low,1,Yes,8
T2673,C14087,2024-04-16,2024-04-16,Network,Low,4,Yes,17
T2674,C11910,2024-06-09,2024-06-09,Account,High,2,No,8
T2675,C12188,2024-09-19,2024-09-19,Network,Critical,5,No,1
T2676,C14699,2024-01-22,2024-01-24,Account,Low,4,Yes,51
T2677,C12978,2024-04-06,2024-04-07,Network,Low,1,Yes,26
T2678,C14511,2024-03-12,2024-03-12,Account,Medium,5,Yes,3
T2679,C11901,2024-10-23,2024-10-24,Billing,High,2,Yes,33
T2680,C14647,2024-01-23,2024-01-23,Network,Medium,3,Yes,13
T2681,C10136,2024-06-03,2024-06-03,Account,High,4,Yes,1
T2682,C14264,2024-12-17,2024-12-18,Account,Medium,2,Yes,24
T2683,C12798,2024-02-02,2024-02-02,Billing,High,3,No,22
T2684,C13847,2024-11-02,2024-11-02,Technical,Medium,2,Yes,1
T2685,C13819,2024-08-13,2024-08-13,Network,Low,3,Yes,1
T2686,C13646,2024-11-15,2024-11-16,Billing,Medium,1,Yes,46
T2687,C12197,2024-02-16,2024-02-16,Network,Low,1,Yes,1
T2688,C13218,2024-10-20,2024-10-20,Technical,Low,1,Yes,1
T2689,C14336,2024-02-05,2024-02-05,Network,High,3,Yes,10
T2690,C12746,2024-06-11,2024-06-11,Billing,Medium,3,Yes,20
T2691,C14610,2024-08-05,2024-08-05,Account,Low,5,No,5
T2692,C10711,2024-12-17,2024-12-17,Billing,Low,1,No,5
T2693,C13878,2024-01-03,2024-01-03,Billing,Medium,1,Yes,4
T2694,C13587,2024-08-19,2024-08-19,Account,Low,5,Yes,12
T2695,C10307,2024-07-10,2024-07-10,Technical,Low,3,Yes,10
T2696,C14029,2024-09-14,2024-09-16,Technical,High,1,Yes,56
T2697,C13405,2024-05-31,2024-05-31,Account,Low,2,No,12
T2698,C13041,2024-11-18,2024-11-18,Network,Low,3,Yes,7
T2699,C10006,2024-06-25,2024-06-25,Billing,Medium,4,Yes,10
T2700,C12375,2024-06-07,2024-06-08,Network,Medium,3,No,41
T2701,C13994,2024-11-23,2024-11-23,Technical,Medium,4,Yes,2
T2702,C10476,2024-07-12,2024-07-13,Billing,Medium,3,No,41
T2703,C11980,2024-01-12,2024-01-12,Account,Critical,5,Yes,14
T2704,C14418,2024-10-14,2024-10-14,Account,Medium,3,Yes,15
T2705,C12962,2024-11-09,2024-11-10,Network,Critical,2,No,26
T2706,C10933,2024-08-22,2024-08-22,Technical,Low,5,Yes,4
T2707,C14182,2024-06-27,2024-06-27,Billing,Medium,4,Yes,11
T2708,C12798,2024-10-13,2024-10-13,Billing,Medium,5,No,2
T2709,C12882,2024-10-26,2024-10-28,Network,High,1,Yes,60
T2710,C13501,2024-06-29,2024-06-29,Billing,Medium,3,Yes,11
T2711,C11623,2024-07-24,2024-07-24,Billing,High,3,Yes,16
T2712,C13468,2024-07-15,2024-07-15,Billing,Low,3,Yes,5
T2713,C11343,2024-07-19,2024-07-19,Billing,Medium,2,Yes,7
T2714,C11667,2024-06-04,2024-06-04,Network,Low,1,Yes,2
T2715,C10916,2024-01-13,2024-01-13,Network,Medium,4,Yes,9
T2716,C14644,2024-09-07,2024-09-07,Account,High,2,No,3
T2717,C13575,2024-11-05,2024-11-09,Account,Medium,5,Yes,111
T2718,C14881,2024-07-04,2024-07-05,Technical,High,1,Yes,27
T2719,C14290,2024-03-18,2024-03-18,Billing,High,3,Yes,6
T2720,C13822,2024-04-02,2024-04-03,Account,Low,4,Yes,28
T2721,C10736,2024-07-08,2024-07-08,Technical,Medium,3,Yes,21
T2722,C13343,2024-12-18,2024-12-18,Account,Low,2,Yes,6
T2723,C13720,2024-05-21,2024-05-26,Technical,High,4,Yes,130
T2724,C12208,2024-10-18,2024-10-18,Billing,Low,2,Yes,16
T2725,C13366,2024-09-30,2024-10-01,Account,Critical,2,Yes,36
T2726,C14979,2024-11-28,2024-11-28,Network,Medium,3,Yes,15
T2727,C12442,2024-08-14,2024-08-14,Billing,Medium,2,No,4
T2728,C12497,2024-04-08,2024-04-08,Technical,Low,2,Yes,13
T2729,C10276,2024-11-26,2024-11-27,Technical,Medium,3,Yes,28
T2730,C11036,2024-09-04,2024-09-04,Network,Low,1,Yes,11
T2731,C13595,2024-08-01,2024-08-01,Billing,Low,1,Yes,13
T2732,C12944,2024-11-12,2024-11-12,Account,Medium,3,No,1
T2733,C12453,2024-05-03,2024-05-03,Technical,Low,3,Yes,3
T2734,C10457,2024-08-09,2024-08-09,Billing,High,3,Yes,8
T2735,C10754,2024-05-17,2024-05-17,Billing,Low,1,Yes,2
T2736,C12741,2024-11-10,2024-11-11,Network,Low,3,Yes,26
T2737,C14342,2024-06-13,2024-06-13,Technical,Critical,4,Yes,7
T2738,C13994,2024-08-31,2024-08-31,Network,High,4,Yes,18
T2739,C13919,2024-12-15,2024-12-15,Technical,Low,2,Yes,2
T2740,C12243,2024-05-11,2024-05-11,Network,High,3,Yes,6
T2741,C14194,2024-12-21,2024-12-21,Network,High,5,No,2
T2742,C10113,2024-06-25,2024-06-25,Network,Medium,1,Yes,12
T2743,C14837,2024-06-15,2024-06-15,Network,Medium,4,No,6
T2744,C11017,2024-08-05,2024-08-05,Network,Low,2,Yes,14
T2745,C14660,2024-01-08,2024-01-08,Network,Low,2,Yes,11
T2746,C14650,2024-07-15,2024-07-16,Billing,Medium,5,Yes,35
T2747,C10746,2024-07-14,2024-07-15,Network,Critical,1,Yes,38
T2748,C11787,2024-07-23,2024-07-23,Billing,High,5,Yes,3
T2749,C14794,2024-02-23,2024-02-25,Network,Low,2,Yes,53
T2750,C11481,2024-02-21,2024-02-21,Network,High,3,Yes,21
T2751,C11944,2024-12-22,2024-12-22,Network,Low,5,Yes,16
T2752,C10425,2024-02-23,2024-02-24,Technical,Medium,5,Yes,32
T2753,C10512,2024-06-14,2024-06-15,Network,Low,1,Yes,30
T2754,C13596,2024-11-18,2024-11-18,Billing,Medium,4,No,5
T2755,C10393,2024-01-07,2024-01-08,Billing,Medium,3,Yes,27
T2756,C10201,2024-05-13,2024-05-13,Billing,High,4,Yes,21
T2757,C13242,2024-07-06,2024-07-06,Technical,Low,5,Yes,7
T2758,C14035,2024-03-06,2024-03-07,Network,Low,3,Yes,25
T2759,C14563,2024-08-12,2024-08-12,Billing,High,5,Yes,10
T2760,C14838,2024-01-13,2024-01-14,Billing,Medium,1,Yes,28
T2761,C12933,2024-04-30,2024-04-30,Billing,Medium,2,Yes,1
T2762,C10715,2024-11-25,2024-11-25,Billing,High,5,Yes,7
T2763,C14115,2024-01-04,2024-01-04,Billing,Critical,5,Yes,11
T2764,C10790,2024-07-23,2024-07-23,Technical,Medium,1,Yes,19
T2765,C14046,2024-09-17,2024-09-17,Account,Medium,2,Yes,5
T2766,C14778,2024-10-06,2024-10-07,Network,Low,1,No,28
T2767,C11724,2024-03-03,2024-03-03,Technical,Low,5,Yes,10
T2768,C14723,2024-11-24,2024-11-24,Billing,Low,3,Yes,13
T2769,C10281,2024-11-27,2024-11-27,Network,High,3,Yes,14
T2770,C14257,2024-06-18,2024-06-18,Billing,Low,3,Yes,18
T2771,C12038,2024-05-29,2024-05-29,Network,Medium,4,Yes,3
T2772,C13627,2024-11-06,2024-11-07,Technical,High,2,Yes,27
T2773,C10060,2024-10-30,2024-11-01,Network,Low,4,No,58
T2774,C13929,2024-01-14,2024-01-14,Billing,High,3,Yes,14
T2775,C10475,2024-03-08,2024-03-10,Network,Medium,4,Yes,63
T2776,C14378,2024-08-02,2024-08-02,Network,Medium,2,No,1
T2777,C14024,2024-11-05,2024-11-06,Technical,Medium,2,Yes,42
T2778,C10534,2024-10-15,2024-10-16,Network,Low,3,Yes,32
T2779,C14454,2024-09-23,2024-09-23,Billing,Low,5,Yes,11
T2780,C11385,2024-10-08,2024-10-08,Network,Medium,5,No,8
T2781,C12059,2024-05-01,2024-05-01,Network,Critical,4,Yes,1
T2782,C12946,2024-04-09,2024-04-09,Network,Critical,3,Yes,6
T2783,C12676,2024-03-28,2024-03-28,Billing,Low,3,Yes,23
T2784,C11583,2024-07-28,2024-07-28,Billing,Low,4,Yes,21
T2785,C13780,2024-06-03,2024-06-03,Network,High,5,Yes,11
T2786,C10526,2024-02-28,2024-02-28,Network,Low,5,No,11
T2787,C13564,2024-04-22,2024-04-22,Billing,Low,4,Yes,6
T2788,C13286,2024-01-20,2024-01-20,Billing,High,4,Yes,6
T2789,C12190,2024-12-20,2024-12-20,Account,Medium,2,Yes,14
T2790,C11527,2024-04-20,2024-04-20,Network,Low,2,Yes,8
T2791,C11197,2024-05-04,2024-05-06,Billing,Medium,5,Yes,51
T2792,C10393,2024-12-27,2024-12-28,Account,High,2,Yes,36
T2793,C14456,2024-01-26,2024-01-27,Account,Medium,4,Yes,38
T2794,C13469,2024-02-19,2024-02-23,Billing,Medium,3,Yes,96
T2795,C14310,2024-12-07,2024-12-08,Network,Low,5,Yes,24
T2796,C11521,2024-07-20,2024-07-21,Billing,Medium,4,Yes,47
T2797,C14935,2024-11-25,2024-11-25,Technical,Medium,4,Yes,8
T2798,C12730,2024-04-24,2024-04-24,Billing,Medium,2,Yes,1
T2799,C13487,2024-12-09,2024-12-09,Network,Medium,5,Yes,8
T2800,C10607,2024-03-19,2024-03-19,Technical,Low,2,Yes,14
T2801,C10535,2024-08-16,2024-08-16,Technical,Medium,5,Yes,8
T2802,C11694,2024-05-06,2024-05-06,Account,Medium,3,No,5
T2803,C10244,2024-01-07,2024-01-08,Technical,Low,4,No,27
T2804,C10081,2024-04-24,2024-04-25,Network,Low,5,Yes,26
T2805,C13057,2024-09-13,2024-09-13,Billing,Low,1,Yes,11
T2806,C12953,2024-08-05,2024-08-05,Billing,Medium,3,Yes,6
T2807,C10661,2024-04-09,2024-04-09,Billing,Low,2,Yes,2
T2808,C12187,2024-10-22,2024-10-22,Billing,Medium,3,Yes,3
T2809,C10845,2024-08-20,2024-08-20,Network,Medium,2,Yes,8
T2810,C11302,2024-03-11,2024-03-12,Billing,High,1,No,39
T2811,C13281,2024-07-10,2024-07-15,Network,Medium,5,Yes,131
T2812,C11740,2024-01-25,2024-01-26,Network,High,4,Yes,24
T2813,C11481,2024-05-24,2024-05-26,Billing,Medium,4,Yes,55
T2814,C12278,2024-05-18,2024-05-18,Billing,Medium,2,No,3
T2815,C10427,2024-10-03,2024-10-03,Account,High,2,Yes,1
T2816,C10084,2024-04-24,2024-04-25,Technical,Medium,4,Yes,40
T2817,C11014,2024-12-27,2024-12-27,Network,High,3,No,15
T2818,C11597,2024-03-20,2024-03-20,Billing,Medium,1,Yes,5
T2819,C10654,2024-07-19,2024-07-19,Network,Low,1,Yes,1
T2820,C14074,2024-09-02,2024-09-03,Billing,Critical,2,Yes,26
T2821,C13184,2024-06-18,2024-06-19,Network,Low,2,Yes,32
T2822,C13618,2024-05-20,2024-05-21,Network,Low,4,No,38
T2823,C10395,2024-08-11,2024-08-11,Network,High,2,Yes,12
T2824,C11015,2024-05-29,2024-05-30,Billing,High,4,Yes,32
T2825,C10525,2024-11-11,2024-11-12,Technical,Low,5,Yes,26
T2826,C11350,2024-12-10,2024-12-10,Billing,High,1,Yes,13
T2827,C10199,2024-08-20,2024-08-20,Billing,Low,4,No,8
T2828,C13389,2024-04-29,2024-04-29,Network,Low,5,Yes,8
T2829,C14720,2024-11-25,2024-11-25,Network,Low,4,Yes,8
T2830,C14619,2024-10-29,2024-10-29,Billing,Low,4,Yes,10
T2831,C11529,2024-01-30,2024-01-30,Network,High,2,Yes,7
T2832,C10600,2024-04-16,2024-04-16,Technical,Low,2,Yes,18
T2833,C12496,2024-12-25,2024-12-25,Account,High,4,Yes,9
T2834,C12064,2024-06-24,2024-06-25,Billing,Low,5,Yes,26
T2835,C11319,2024-03-26,2024-03-26,Account,High,5,Yes,20
T2836,C11252,2024-09-23,2024-09-24,Network,Low,3,Yes,24
T2837,C13732,2024-06-23,2024-06-23,Technical,Low,4,Yes,4
T2838,C12927,2024-04-21,2024-04-22,Billing,High,3,Yes,27
T2839,C11146,2024-06-02,2024-06-03,Network,Low,4,Yes,43
T2840,C11145,2024-08-04,2024-08-07,Account,Critical,3,Yes,74
T2841,C14571,2024-01-21,2024-01-23,Billing,Low,3,Yes,50
T2842,C12668,2024-01-08,2024-01-08,Billing,Critical,3,Yes,10
T2843,C11583,2024-01-31,2024-01-31,Network,Medium,4,Yes,15
T2844,C14458,2024-12-20,2024-12-23,Account,Medium,3,Yes,84
T2845,C13459,2024-06-21,2024-06-21,Billing,High,4,Yes,8
T2846,C13335,2024-11-25,2024-11-27,Billing,Medium,5,Yes,48
T2847,C12136,2024-05-19,2024-05-20,Network,Low,2,Yes,41
T2848,C12337,2024-05-28,2024-05-28,Network,Low,4,Yes,3
T2849,C11822,2024-11-08,2024-11-08,Network,High,1,Yes,1
T2850,C11901,2024-09-01,2024-09-01,Network,Critical,3,Yes,6
T2851,C14871,2024-04-24,2024-04-24,Account,Medium,1,Yes,1
T2852,C12174,2024-11-01,2024-11-03,Network,Medium,3,No,49
T2853,C10947,2024-04-13,2024-04-13,Network,Critical,4,Yes,22
T2854,C13254,2024-07-13,2024-07-13,Network,Low,1,Yes,3
T2855,C10448,2024-05-18,2024-05-18,Network,Low,1,Yes,16
T2856,C12593,2024-06-30,2024-06-30,Network,Low,3,Yes,6
T2857,C14486,2024-08-10,2024-08-10,Network,Critical,1,Yes,22
T2858,C11912,2024-03-29,2024-03-29,Network,Low,3,Yes,7
T2859,C11963,2024-10-16,2024-10-16,Billing,High,4,Yes,18
T2860,C11243,2024-09-23,2024-09-26,Network,Critical,2,Yes,84
T2861,C12544,2024-07-31,2024-07-31,Technical,High,1,No,18
T2862,C14562,2024-11-11,2024-11-12,Billing,Low,3,Yes,24
T2863,C12956,2024-10-13,2024-10-13,Account,Low,3,Yes,13
T2864,C13322,2024-04-17,2024-04-17,Billing,High,1,Yes,2
T2865,C10842,2024-09-24,2024-09-24,Network,Low,1,Yes,7
T2866,C14789,2024-08-08,2024-08-08,Technical,Low,2,Yes,1
T2867,C12337,2024-05-14,2024-05-14,Network,Medium,4,Yes,10
T2868,C14400,2024-10-30,2024-10-30,Network,Medium,2,No,4
T2869,C12077,2024-08-02,2024-08-02,Billing,Low,2,Yes,9
T2870,C12501,2024-10-23,2024-10-23,Technical,Low,2,Yes,2
T2871,C11181,2024-01-09,2024-01-09,Billing,Low,1,Yes,6
T2872,C10105,2024-02-11,2024-02-11,Billing,Low,5,Yes,5
T2873,C10990,2024-03-24,2024-03-26,Account,Medium,5,No,59
T2874,C14721,2024-03-09,2024-03-09,Network,Low,5,Yes,1
T2875,C11790,2024-07-22,2024-07-22,Network,Low,4,Yes,1
T2876,C13706,2024-10-04,2024-10-05,Billing,Low,4,Yes,39
T2877,C10126,2024-04-27,2024-04-27,Technical,Medium,4,Yes,22
T2878,C10057,2024-09-08,2024-09-08,Billing,High,3,Yes,5
T2879,C11990,2024-03-20,2024-03-20,Network,Low,3,Yes,22
T2880,C14612,2024-07-25,2024-07-26,Billing,Critical,4,Yes,34
T2881,C11562,2024-12-09,2024-12-09,Network,Low,5,Yes,2
T2882,C14794,2024-05-05,2024-05-05,Billing,High,5,No,1
T2883,C11895,2024-11-27,2024-11-27,Network,Medium,2,Yes,22
T2884,C12253,2024-01-26,2024-01-26,Network,Low,4,Yes,10
T2885,C11455,2024-02-06,2024-02-07,Network,High,1,No,44
T2886,C14895,2024-03-20,2024-03-21,Account,High,4,Yes,41
T2887,C11195,2024-10-19,2024-10-19,Technical,Low,4,No,14
T2888,C14705,2024-09-12,2024-09-14,Technical,Low,5,Yes,48
T2889,C14238,2024-03-15,2024-03-15,Network,Medium,3,Yes,2
T2890,C14001,2024-06-07,2024-06-07,Account,Medium,2,Yes,21
T2891,C13096,2024-08-25,2024-08-25,Account,Critical,3,Yes,13
T2892,C11876,2024-05-17,2024-05-17,Network,Medium,5,No,18
T2893,C12631,2024-09-10,2024-09-11,Network,Medium,1,Yes,32
T2894,C11960,2024-02-05,2024-02-05,Billing,Low,4,Yes,1
T2895,C12682,2024-11-18,2024-11-18,Account,Low,1,Yes,23
T2896,C12353,2024-05-08,2024-05-08,Billing,Medium,5,Yes,19
T2897,C14540,2024-07-08,2024-07-08,Network,Low,2,Yes,21
T2898,C12725,2024-07-28,2024-07-28,Network,High,5,Yes,3
T2899,C11224,2024-09-28,2024-09-28,Network,Low,4,Yes,9
T2900,C14554,2024-09-07,2024-09-07,Network,Low,1,Yes,5
T2901,C14393,2024-07-20,2024-07-20,Technical,Low,5,Yes,7
T2902,C12154,2024-10-07,2024-10-07,Billing,Low,4,Yes,10
T2903,C11013,2024-02-24,2024-02-24,Billing,Low,3,Yes,6
T2904,C10241,2024-02-03,2024-02-04,Billing,Medium,2,Yes,39
T2905,C12302,2024-04-20,2024-04-20,Network,Low,2,Yes,2
T2906,C14241,2024-07-13,2024-07-13,Technical,High,4,Yes,7
T2907,C12240,2024-09-26,2024-09-26,Network,Low,1,Yes,11
T2908,C12157,2024-11-25,2024-11-26,Billing,High,4,Yes,25
T2909,C13080,2024-06-30,2024-06-30,Account,Low,1,No,7
T2910,C10882,2024-05-11,2024-05-11,Technical,Low,2,Yes,9
T2911,C10848,2024-11-10,2024-11-10,Technical,Medium,3,Yes,1
T2912,C13602,2024-07-04,2024-07-04,Billing,Medium,4,Yes,7
T2913,C11517,2024-01-17,2024-01-17,Network,Medium,3,Yes,7
T2914,C11743,2024-03-04,2024-03-05,Account,High,1,Yes,30
T2915,C11393,2024-12-19,2024-12-19,Billing,Low,1,No,3
T2916,C13125,2024-07-31,2024-08-01,Network,High,2,Yes,29
T2917,C13833,2024-12-29,2024-12-29,Billing,High,3,Yes,2
T2918,C10992,2024-09-22,2024-09-22,Network,Low,3,Yes,11
T2919,C10699,2024-09-04,2024-09-06,Technical,High,5,Yes,48
T2920,C11504,2024-03-17,2024-03-17,Account,Medium,2,Yes,1
T2921,C14732,2024-02-24,2024-02-25,Technical,Medium,2,Yes,37
T2922,C13120,2024-01-17,2024-01-17,Billing,High,4,Yes,5
T2923,C10283,2024-07-23,2024-07-25,Technical,High,2,Yes,64
T2924,C10467,2024-04-03,2024-04-04,Technical,High,5,Yes,28
T2925,C14099,2024-08-31,2024-09-02,Billing,Medium,2,Yes,48
T2926,C10068,2024-11-02,2024-11-03,Account,Medium,4,No,29
T2927,C13196,2024-04-13,2024-04-14,Billing,Critical,3,Yes,39
T2928,C12486,2024-07-28,2024-07-28,Account,Medium,5,Yes,13
T2929,C12093,2024-11-06,2024-11-09,Network,High,2,Yes,83
T2930,C12602,2024-08-17,2024-08-17,Technical,Medium,3,Yes,14
T2931,C10555,2024-09-17,2024-09-17,Billing,Low,3,Yes,20
T2932,C12669,2024-11-17,2024-11-17,Account,Critical,4,Yes,13
T2933,C14079,2024-05-23,2024-05-23,Network,Medium,3,Yes,3
T2934,C10394,2024-06-06,2024-06-06,Network,High,4,Yes,14
T2935,C12417,2024-04-12,2024-04-13,Network,High,2,No,45
T2936,C12977,2024-06-10,2024-06-11,Technical,Medium,5,Yes,35
T2937,C10002,2024-08-25,2024-08-25,Network,Medium,5,Yes,10
T2938,C11138,2024-06-16,2024-06-16,Technical,Critical,4,Yes,10
T2939,C12374,2024-10-01,2024-10-04,Network,Critical,1,Yes,77
T2940,C10485,2024-12-29,2024-12-29,Technical,High,5,Yes,14
T2941,C13106,2024-01-25,2024-01-26,Account,Low,1,Yes,36
T2942,C13067,2024-12-14,2024-12-14,Network,Low,3,Yes,9
T2943,C13352,2024-07-09,2024-07-09,Network,Medium,3,Yes,1
T2944,C13608,2024-08-24,2024-08-24,Technical,High,4,Yes,22
T2945,C12810,2024-10-25,2024-10-25,Billing,Low,3,Yes,20
T2946,C12946,2024-06-20,2024-06-20,Technical,Medium,1,Yes,1
T2947,C12171,2024-01-22,2024-01-22,Network,Low,5,Yes,15
T2948,C13037,2024-01-14,2024-01-16,Account,High,3,Yes,58
T2949,C13188,2024-03-20,2024-03-20,Technical,Medium,2,Yes,12
T2950,C12618,2024-03-23,2024-03-24,Network,Critical,5,Yes,30
T2951,C10051,2024-02-01,2024-02-01,Billing,Medium,4,Yes,12
T2952,C14121,2024-05-20,2024-05-20,Billing,Low,4,Yes,4
T2953,C14131,2024-08-12,2024-08-12,Network,High,4,Yes,2
T2954,C14493,2024-12-18,2024-12-18,Billing,Low,2,Yes,16
T2955,C11601,2024-10-12,2024-10-12,Billing,Critical,4,No,1
T2956,C10400,2024-12-22,2024-12-23,Technical,Medium,4,Yes,35
T2957,C14922,2024-11-12,2024-11-14,Network,Medium,1,Yes,53
T2958,C10911,2024-11-05,2024-11-05,Network,Low,5,Yes,14
T2959,C14405,2024-10-21,2024-10-21,Billing,Medium,4,Yes,6
T2960,C11238,2024-02-14,2024-02-15,Technical,High,4,Yes,36
T2961,C13270,2024-04-22,2024-04-22,Network,Medium,1,Yes,2
T2962,C12070,2024-07-24,2024-07-25,Network,Medium,1,Yes,40
T2963,C12748,2024-11-09,2024-11-10,Billing,High,2,Yes,34
T2964,C14133,2024-02-02,2024-02-02,Technical,High,3,Yes,17
T2965,C14454,2024-09-02,2024-09-02,Technical,Low,2,Yes,4
T2966,C12932,2024-05-06,2024-05-07,Network,Critical,4,Yes,28
T2967,C11435,2024-12-10,2024-12-11,Billing,Critical,2,Yes,28
T2968,C14205,2024-07-20,2024-07-21,Network,High,5,Yes,28
T2969,C10169,2024-10-19,2024-10-20,Account,Low,5,Yes,38
T2970,C14074,2024-08-03,2024-08-03,Billing,Low,5,Yes,5
T2971,C12571,2024-05-05,2024-05-06,Technical,Critical,1,Yes,43
T2972,C11515,2024-05-06,2024-05-06,Technical,Medium,5,Yes,21
T2973,C13710,2024-04-11,2024-04-11,Technical,Low,4,Yes,14
T2974,C12637,2024-07-10,2024-07-10,Billing,Low,4,Yes,15
T2975,C14875,2024-09-22,2024-09-22,Billing,Medium,5,Yes,12
T2976,C12966,2024-12-19,2024-12-19,Technical,Medium,4,Yes,1
T2977,C12709,2024-09-20,2024-09-20,Technical,High,2,Yes,1
T2978,C13628,2024-09-06,2024-09-06,Network,High,4,Yes,18
T2979,C10397,2024-05-24,2024-05-25,Network,Medium,3,No,24
T2980,C14025,2024-12-18,2024-12-18,Billing,Low,1,Yes,13
T2981,C12112,2024-08-29,2024-08-29,Account,Medium,3,Yes,2
T2982,C10260,2024-12-20,2024-12-23,Network,Low,3,Yes,75
T2983,C13539,2024-05-26,2024-05-27,Network,Medium,5,Yes,29
T2984,C11519,2024-05-14,2024-05-15,Billing,High,5,Yes,29
T2985,C10194,2024-02-13,2024-02-14,Account,Medium,2,Yes,32
T2986,C11013,2024-01-18,2024-01-18,Billing,Medium,5,Yes,23
T2987,C14241,2024-03-22,2024-03-22,Network,Medium,5,Yes,3
T2988,C13707,2024-07-18,2024-07-19,Account,Critical,2,Yes,44
T2989,C14515,2024-11-21,2024-11-22,Billing,Low,5,Yes,36
T2990,C10506,2024-05-21,2024-05-22,Billing,Medium,4,Yes,47
T2991,C10411,2024-11-27,2024-11-27,Network,Medium,4,Yes,13
T2992,C11105,2024-03-03,2024-03-03,Account,Medium,1,No,2
T2993,C13446,2024-03-22,2024-03-23,Network,Medium,2,Yes,26
T2994,C14307,2024-10-06,2024-10-08,Billing,Critical,5,Yes,48
T2995,C14243,2024-09-25,2024-09-25,Account,Low,4,Yes,1
T2996,C13511,2024-07-02,2024-07-02,Network,High,1,Yes,8
T2997,C10236,2024-09-05,2024-09-05,Network,Low,3,Yes,7
T2998,C14901,2024-01-10,2024-01-11,Network,Low,4,Yes,44
T2999,C10790,2024-07-20,2024-07-23,Billing,Medium,4,Yes,77
T3000,C11095,2024-09-26,2024-09-26,Network,Low,2,Yes,3
T3001,C13597,2024-12-08,2024-12-08,Technical,Low,2,No,14
T3002,C14049,2024-11-30,2024-12-01,Billing,Medium,3,Yes,28
T3003,C10641,2024-06-04,2024-06-04,Network,Critical,4,Yes,1
T3004,C14011,2024-08-09,2024-08-09,Network,High,3,Yes,7
T3005,C12592,2024-12-29,2024-12-29,Account,Medium,4,Yes,16
T3006,C14070,2024-05-08,2024-05-09,Billing,Low,3,Yes,27
T3007,C10692,2024-05-08,2024-05-09,Network,Low,2,Yes,31
T3008,C13227,2024-12-05,2024-12-05,Network,Low,4,Yes,5
T3009,C10807,2024-03-25,2024-03-25,Network,Critical,4,Yes,1
T3010,C13104,2024-04-14,2024-04-15,Account,Medium,3,Yes,46
T3011,C11174,2024-06-30,2024-06-30,Technical,Medium,2,Yes,10
T3012,C11608,2024-06-21,2024-06-21,Billing,Medium,2,Yes,16
T3013,C11778,2024-04-21,2024-04-21,Account,Medium,4,Yes,1
T3014,C13911,2024-05-24,2024-05-26,Billing,Critical,4,Yes,49
T3015,C13184,2024-07-24,2024-07-24,Network,Low,3,Yes,15
T3016,C14764,2024-05-04,2024-05-04,Technical,High,1,Yes,17
T3017,C14413,2024-09-17,2024-09-17,Network,Medium,1,Yes,8
T3018,C13254,2024-03-18,2024-03-18,Billing,Low,5,Yes,8
T3019,C14866,2024-12-27,2024-12-28,Network,Low,5,Yes,40
T3020,C12973,2024-04-25,2024-04-25,Network,Critical,2,Yes,10
T3021,C10808,2024-11-13,2024-11-16,Account,Medium,3,Yes,84
T3022,C12198,2024-07-19,2024-07-19,Network,Low,5,Yes,2
T3023,C10737,2024-01-20,2024-01-20,Billing,Critical,3,Yes,12
T3024,C12443,2024-09-06,2024-09-07,Account,Medium,2,No,31
T3025,C13338,2024-04-12,2024-04-13,Billing,Medium,2,Yes,27
T3026,C10883,2024-09-16,2024-09-17,Network,High,4,Yes,44
T3027,C10294,2024-01-18,2024-01-18,Network,High,2,Yes,5
T3028,C12996,2024-03-20,2024-03-20,Technical,Low,3,No,6
T3029,C12645,2024-03-19,2024-03-19,Technical,Medium,5,Yes,3
T3030,C11485,2024-10-07,2024-10-07,Network,Medium,1,Yes,5
T3031,C10819,2024-04-28,2024-04-28,Billing,High,4,No,16
T3032,C12295,2024-01-15,2024-01-15,Billing,High,3,Yes,20
T3033,C11272,2024-04-17,2024-04-17,Network,Low,2,Yes,8
T3034,C13817,2024-03-15,2024-03-15,Network,Critical,4,Yes,13
T3035,C10638,2024-07-19,2024-07-19,Billing,Medium,3,Yes,1
T3036,C14743,2024-03-25,2024-03-25,Billing,Low,2,Yes,12
T3037,C12235,2024-06-07,2024-06-09,Network,Low,2,Yes,65
T3038,C12320,2024-11-23,2024-11-23,Technical,Medium,4,No,4
T3039,C10714,2024-08-25,2024-08-28,Network,Medium,1,Yes,75
T3040,C13564,2024-07-05,2024-07-05,Account,Low,2,Yes,2
T3041,C11471,2024-11-19,2024-11-19,Network,Medium,3,Yes,5
T3042,C12546,2024-01-22,2024-01-22,Billing,Medium,4,Yes,14
T3043,C13020,2024-07-15,2024-07-15,Technical,Low,4,No,14
T3044,C11456,2024-11-15,2024-11-15,Network,High,2,Yes,1
T3045,C10504,2024-12-25,2024-12-25,Billing,Medium,2,Yes,10
T3046,C14491,2024-12-19,2024-12-19,Billing,Medium,2,Yes,9
T3047,C13283,2024-10-31,2024-10-31,Billing,High,2,Yes,4
T3048,C13743,2024-11-07,2024-11-08,Account,Low,4,Yes,27
T3049,C13626,2024-06-13,2024-06-13,Technical,High,2,Yes,12
T3050,C14249,2024-11-23,2024-11-23,Billing,Low,4,Yes,9
T3051,C12547,2024-05-15,2024-05-15,Network,Medium,2,Yes,8
T3052,C10036,2024-12-24,2024-12-25,Billing,Medium,4,Yes,31
T3053,C10507,2024-05-23,2024-05-23,Billing,Low,3,Yes,19
T3054,C13497,2024-05-03,2024-05-03,Network,High,1,Yes,12
T3055,C10161,2024-12-01,2024-12-01,Network,Low,4,Yes,1
T3056,C13478,2024-07-23,2024-07-23,Network,High,5,Yes,5
T3057,C11164,2024-03-22,2024-03-23,Technical,Critical,2,Yes,38
T3058,C13615,2024-01-20,2024-01-20,Network,Medium,3,Yes,5
T3059,C10677,2024-08-03,2024-08-04,Network,Medium,4,Yes,32
T3060,C14577,2024-08-21,2024-08-22,Technical,Medium,4,Yes,42
T3061,C10657,2024-10-03,2024-10-03,Account,Critical,2,No,12
T3062,C11643,2024-06-27,2024-06-27,Network,Medium,4,Yes,3
T3063,C14333,2024-02-07,2024-02-08,Billing,Medium,2,Yes,32
T3064,C12237,2024-07-08,2024-07-08,Technical,Critical,4,Yes,9
T3065,C11344,2024-03-21,2024-03-21,Technical,Low,5,Yes,5
T3066,C10710,2024-08-19,2024-08-20,Network,Medium,2,Yes,27
T3067,C14696,2024-11-02,2024-11-02,Billing,Low,2,Yes,23
T3068,C10212,2024-02-05,2024-02-05,Billing,Low,1,No,4
T3069,C12179,2024-01-23,2024-01-23,Billing,Medium,1,Yes,22
T3070,C14754,2024-04-09,2024-04-09,Billing,Medium,3,Yes,7
T3071,C10068,2024-01-03,2024-01-04,Network,Medium,5,Yes,34
T3072,C13186,2024-02-01,2024-02-02,Technical,Low,2,Yes,41
T3073,C11265,2024-05-10,2024-05-12,Network,Critical,1,Yes,71
T3074,C11042,2024-07-29,2024-07-30,Network,High,2,Yes,37
T3075,C13298,2024-01-26,2024-01-28,Billing,Medium,4,Yes,71
T3076,C10779,2024-08-27,2024-08-27,Account,Low,5,Yes,4
T3077,C11059,2024-09-01,2024-09-01,Account,Medium,2,Yes,2
T3078,C14212,2024-12-10,2024-12-10,Technical,Low,4,Yes,10
T3079,C11318,2024-07-22,2024-07-22,Technical,Medium,2,Yes,2
T3080,C12495,2024-02-02,2024-02-02,Technical,Low,5,Yes,8
T3081,C10819,2024-02-19,2024-02-19,Network,High,2,Yes,3
T3082,C10764,2024-10-30,2024-10-30,Technical,High,3,Yes,9
T3083,C10150,2024-04-07,2024-04-10,Technical,Medium,2,Yes,81
T3084,C11868,2024-07-10,2024-07-10,Billing,High,2,Yes,8
T3085,C13845,2024-01-27,2024-01-27,Network,Medium,4,Yes,6
T3086,C10536,2024-06-07,2024-06-07,Technical,Low,4,Yes,8
T3087,C10938,2024-11-28,2024-11-28,Account,Low,1,Yes,8
T3088,C10373,2024-11-29,2024-11-29,Account,Critical,3,No,5
T3089,C12254,2024-11-17,2024-11-17,Billing,Critical,5,Yes,6
T3090,C11010,2024-08-21,2024-08-21,Network,Medium,5,Yes,2
T3091,C12487,2024-08-19,2024-08-20,Technical,Low,3,Yes,27
T3092,C12194,2024-11-02,2024-11-03,Technical,Low,1,Yes,28
T3093,C14184,2024-12-10,2024-12-10,Technical,High,2,Yes,19
T3094,C10140,2024-04-30,2024-04-30,Network,High,5,Yes,17
T3095,C10770,2024-01-02,2024-01-02,Billing,Low,3,Yes,16
T3096,C14373,2024-03-29,2024-03-29,Billing,Low,2,Yes,17
T3097,C12661,2024-12-05,2024-12-05,Network,High,3,Yes,12
T3098,C10297,2024-09-14,2024-09-15,Technical,Low,5,No,35
T3099,C13099,2024-07-17,2024-07-18,Account,Low,2,Yes,30
T3100,C12020,2024-02-29,2024-02-29,Technical,Low,3,Yes,12
T3101,C12670,2024-10-15,2024-10-15,Network,Low,5,No,23
T3102,C11063,2024-03-12,2024-03-12,Technical,Low,4,Yes,10
T3103,C13957,2024-08-15,2024-08-15,Network,High,1,Yes,1
T3104,C14202,2024-05-11,2024-05-11,Billing,High,4,Yes,4
T3105,C10302,2024-09-26,2024-09-28,Network,Medium,4,Yes,48
T3106,C13069,2024-10-05,2024-10-05,Network,Low,3,Yes,4
T3107,C11043,2024-03-16,2024-03-16,Network,Low,3,Yes,13
T3108,C14002,2024-01-22,2024-01-22,Network,High,4,Yes,13
T3109,C13128,2024-01-11,2024-01-14,Network,High,3,Yes,72
T3110,C14942,2024-01-14,2024-01-15,Network,Low,3,No,35
T3111,C12792,2024-04-24,2024-04-24,Billing,Medium,4,No,1
T3112,C14114,2024-02-11,2024-02-11,Network,Medium,3,Yes,13
T3113,C14151,2024-06-05,2024-06-06,Network,Medium,4,Yes,39
T3114,C10260,2024-04-05,2024-04-05,Technical,High,4,Yes,12
T3115,C14033,2024-06-23,2024-06-24,Network,Medium,4,Yes,35
T3116,C12358,2024-02-19,2024-02-19,Billing,High,2,Yes,5
T3117,C13293,2024-10-13,2024-10-13,Technical,Low,3,Yes,6
T3118,C14251,2024-04-16,2024-04-17,Network,Low,5,Yes,24
T3119,C14965,2024-08-03,2024-08-03,Network,Low,3,No,20
T3120,C11947,2024-07-28,2024-07-28,Network,Low,1,Yes,1
T3121,C12664,2024-08-31,2024-08-31,Billing,Low,4,Yes,1
T3122,C10264,2024-09-08,2024-09-09,Billing,High,4,Yes,37
T3123,C14100,2024-01-06,2024-01-08,Network,Low,3,Yes,63
T3124,C10674,2024-01-09,2024-01-12,Technical,Low,5,Yes,84
T3125,C13192,2024-05-01,2024-05-01,Technical,Critical,5,Yes,7
T3126,C12309,2024-12-14,2024-12-14,Billing,High,2,Yes,1
T3127,C11820,2024-07-28,2024-07-29,Account,Medium,2,Yes,40
T3128,C13424,2024-04-01,2024-04-01,Account,Medium,3,Yes,11
T3129,C13858,2024-06-13,2024-06-15,Network,Medium,3,Yes,58
T3130,C12047,2024-03-30,2024-04-01,Technical,Medium,1,No,48
T3131,C12985,2024-08-06,2024-08-06,Network,Medium,2,Yes,12
T3132,C10131,2024-10-02,2024-10-03,Network,Low,5,Yes,25
T3133,C10826,2024-05-19,2024-05-19,Billing,Low,1,Yes,1
T3134,C10249,2024-07-28,2024-07-29,Technical,Low,4,Yes,33
T3135,C10554,2024-09-11,2024-09-11,Billing,Low,5,No,12
T3136,C12716,2024-10-30,2024-10-30,Network,Medium,2,Yes,1
T3137,C10175,2024-04-12,2024-04-12,Billing,Medium,5,Yes,23
T3138,C13248,2024-05-11,2024-05-13,Network,High,2,Yes,63
T3139,C11372,2024-11-17,2024-11-18,Account,Low,1,Yes,26
T3140,C13451,2024-10-16,2024-10-16,Account,Low,3,Yes,1
T3141,C12930,2024-11-26,2024-11-26,Network,Critical,4,Yes,5
T3142,C13967,2024-02-25,2024-02-25,Technical,Medium,3,Yes,2
T3143,C10547,2024-01-29,2024-01-29,Billing,Medium,5,Yes,9
T3144,C10698,2024-02-20,2024-02-20,Technical,Medium,2,Yes,3
T3145,C14990,2024-05-07,2024-05-09,Network,Low,3,Yes,59
T3146,C10117,2024-08-21,2024-08-24,Network,Low,4,Yes,90
T3147,C11994,2024-06-01,2024-06-01,Technical,Low,1,No,6
T3148,C14103,2024-03-18,2024-03-18,Network,High,1,Yes,15
T3149,C12578,2024-10-13,2024-10-13,Technical,Medium,2,Yes,3
T3150,C13859,2024-03-28,2024-03-29,Network,Medium,3,Yes,40
T3151,C13063,2024-06-02,2024-06-03,Billing,Low,5,Yes,27
T3152,C12360,2024-04-25,2024-04-26,Network,High,1,Yes,24
T3153,C10542,2024-07-20,2024-07-21,Technical,Low,5,Yes,25
T3154,C12155,2024-12-08,2024-12-08,Account,Critical,2,No,3
T3155,C12618,2024-01-01,2024-01-01,Network,High,1,No,7
T3156,C13419,2024-10-28,2024-10-28,Billing,Medium,5,Yes,8
T3157,C10493,2024-03-16,2024-03-16,Technical,High,3,Yes,22
T3158,C13836,2024-12-10,2024-12-10,Technical,Low,4,No,2
T3159,C12989,2024-08-06,2024-08-06,Network,Medium,3,Yes,4
T3160,C14928,2024-12-12,2024-12-12,Billing,Medium,3,Yes,1
T3161,C11853,2024-11-23,2024-11-23,Account,Low,4,No,1
T3162,C13442,2024-10-05,2024-10-05,Billing,High,4,Yes,9
T3163,C12962,2024-02-12,2024-02-12,Network,Medium,4,Yes,9
T3164,C11414,2024-09-19,2024-09-20,Network,Low,2,Yes,30
T3165,C12284,2024-01-20,2024-01-20,Technical,Low,4,Yes,15
T3166,C13925,2024-03-04,2024-03-05,Network,Critical,4,No,33
T3167,C10632,2024-01-07,2024-01-08,Account,Medium,5,Yes,35
T3168,C14208,2024-05-25,2024-05-25,Account,Low,2,Yes,19
T3169,C14214,2024-05-31,2024-05-31,Network,Medium,2,Yes,4
T3170,C11690,2024-10-11,2024-10-11,Network,Medium,5,Yes,7
T3171,C10964,2024-01-25,2024-01-25,Network,Low,5,Yes,8
T3172,C13108,2024-01-01,2024-01-01,Network,Low,5,No,22
T3173,C11748,2024-04-16,2024-04-16,Technical,Medium,2,Yes,14
T3174,C12768,2024-06-11,2024-06-12,Billing,High,4,Yes,32
T3175,C14937,2024-05-05,2024-05-06,Network,Medium,4,Yes,27
T3176,C10758,2024-03-24,2024-03-24,Billing,Medium,1,Yes,10
T3177,C11340,2024-06-04,2024-06-04,Billing,Low,5,Yes,1
T3178,C13541,2024-01-11,2024-01-11,Network,High,3,Yes,5
T3179,C12763,2024-10-30,2024-11-01,Technical,High,2,No,61
T3180,C13206,2024-10-09,2024-10-09,Network,Medium,3,Yes,14
T3181,C13700,2024-08-12,2024-08-12,Network,Medium,3,Yes,20
T3182,C12164,2024-05-18,2024-05-19,Billing,Medium,5,Yes,24
T3183,C11096,2024-05-17,2024-05-18,Network,Low,3,Yes,28
T3184,C14633,2024-08-14,2024-08-14,Network,Medium,2,Yes,1
T3185,C13116,2024-12-13,2024-12-13,Technical,Low,3,No,8
T3186,C11123,2024-09-09,2024-09-09,Billing,High,5,Yes,13
T3187,C13872,2024-09-15,2024-09-15,Network,Low,2,Yes,1
T3188,C13976,2024-11-22,2024-11-22,Account,Medium,1,No,4
T3189,C10634,2024-01-03,2024-01-03,Technical,Low,2,Yes,8
T3190,C10951,2024-04-06,2024-04-06,Network,Medium,2,Yes,6
T3191,C13187,2024-12-23,2024-12-23,Network,High,5,Yes,2
T3192,C13239,2024-05-31,2024-06-01,Technical,Low,4,Yes,36
T3193,C14983,2024-03-09,2024-03-09,Network,Medium,5,Yes,8
T3194,C11641,2024-06-26,2024-06-27,Billing,High,1,Yes,24
T3195,C12110,2024-08-30,2024-08-30,Network,Medium,3,Yes,4
T3196,C11049,2024-01-24,2024-01-24,Technical,Low,2,Yes,8
T3197,C14440,2024-10-24,2024-10-25,Billing,Low,5,No,34
T3198,C13926,2024-11-21,2024-11-21,Network,Medium,4,Yes,9
T3199,C10458,2024-12-03,2024-12-03,Network,Low,4,Yes,14
T3200,C10634,2024-07-17,2024-07-17,Network,Low,1,Yes,7
T3201,C14701,2024-01-09,2024-01-10,Technical,Critical,4,Yes,42
T3202,C11571,2024-08-24,2024-08-24,Billing,Critical,4,Yes,6
T3203,C12595,2024-02-06,2024-02-06,Network,Low,5,No,14
T3204,C13488,2024-04-14,2024-04-14,Account,Medium,5,No,12
T3205,C12565,2024-08-15,2024-08-15,Account,High,4,Yes,9
T3206,C12688,2024-06-28,2024-06-28,Network,Low,3,Yes,1
T3207,C12371,2024-07-16,2024-07-16,Technical,High,3,Yes,8
T3208,C10460,2024-07-13,2024-07-13,Technical,Low,5,Yes,8
T3209,C11946,2024-01-18,2024-01-18,Network,High,5,Yes,17
T3210,C13466,2024-05-14,2024-05-14,Network,Critical,5,Yes,11
T3211,C13651,2024-10-25,2024-10-25,Billing,High,5,Yes,4
T3212,C12342,2024-07-24,2024-07-25,Billing,High,5,Yes,34
T3213,C12162,2024-06-28,2024-06-29,Billing,Medium,3,Yes,39
T3214,C14074,2024-06-22,2024-06-22,Network,High,2,Yes,7
T3215,C13266,2024-05-31,2024-05-31,Billing,Low,2,Yes,11
T3216,C12205,2024-03-28,2024-03-29,Account,Medium,4,Yes,41
T3217,C14918,2024-08-13,2024-08-16,Network,Low,4,No,82
T3218,C14820,2024-07-21,2024-07-21,Billing,High,3,Yes,10
T3219,C10015,2024-05-21,2024-05-21,Technical,Medium,5,Yes,6
T3220,C13614,2024-01-25,2024-01-25,Network,Medium,1,Yes,1
T3221,C11335,2024-05-03,2024-05-03,Account,Low,2,No,3
T3222,C11625,2024-02-15,2024-02-15,Account,Medium,4,Yes,3
T3223,C10244,2024-07-23,2024-07-23,Network,High,3,No,17
T3224,C14824,2024-03-19,2024-03-19,Network,High,1,Yes,6
T3225,C13308,2024-09-14,2024-09-16,Billing,Critical,3,Yes,66
T3226,C10550,2024-05-09,2024-05-11,Network,Medium,5,Yes,58
T3227,C11784,2024-07-07,2024-07-07,Network,Low,4,Yes,9
T3228,C11348,2024-12-28,2024-12-28,Network,Medium,5,Yes,10
T3229,C11176,2024-06-18,2024-06-19,Technical,Low,1,Yes,25
T3230,C11092,2024-10-28,2024-10-29,Network,Low,5,No,27
T3231,C10925,2024-08-19,2024-08-20,Billing,Critical,3,No,31
T3232,C13722,2024-09-20,2024-09-20,Billing,Low,1,Yes,12
T3233,C12649,2024-07-28,2024-07-28,Account,Low,1,Yes,10
T3234,C10038,2024-05-24,2024-05-26,Technical,Critical,3,Yes,64
T3235,C10920,2024-06-06,2024-06-06,Network,Low,2,Yes,1
T3236,C11211,2024-05-17,2024-05-17,Network,High,2,Yes,20
T3237,C13809,2024-01-01,2024-01-01,Billing,High,4,Yes,8
T3238,C10235,2024-10-07,2024-10-07,Billing,Medium,3,Yes,4
T3239,C13271,2024-01-19,2024-01-19,Account,Medium,5,Yes,18
T3240,C14982,2024-08-25,2024-08-25,Technical,Medium,3,Yes,7
T3241,C11222,2024-01-14,2024-01-14,Network,High,4,Yes,1
T3242,C14617,2024-11-02,2024-11-02,Billing,Low,4,Yes,12
T3243,C10522,2024-06-23,2024-06-23,Billing,Low,5,Yes,5
T3244,C14879,2024-06-26,2024-06-26,Billing,High,5,Yes,16
T3245,C14139,2024-01-14,2024-01-14,Technical,Low,2,Yes,13
T3246,C13144,2024-08-24,2024-08-25,Billing,High,4,Yes,34
T3247,C11454,2024-08-20,2024-08-20,Billing,Low,1,Yes,2
T3248,C10766,2024-01-25,2024-01-25,Account,High,5,Yes,1
T3249,C11641,2024-01-18,2024-01-18,Billing,Low,1,Yes,6
T3250,C13017,2024-08-20,2024-08-20,Billing,Low,4,Yes,6
T3251,C13730,2024-10-19,2024-10-20,Account,High,2,Yes,25
T3252,C11836,2024-12-16,2024-12-16,Network,High,2,Yes,1
T3253,C12018,2024-02-27,2024-02-27,Network,Medium,5,Yes,9
T3254,C10013,2024-02-04,2024-02-05,Technical,High,5,Yes,41
T3255,C14005,2024-02-28,2024-03-02,Technical,Medium,1,Yes,77
T3256,C11159,2024-07-02,2024-07-02,Technical,Low,1,Yes,17
T3257,C12202,2024-02-17,2024-02-17,Billing,Medium,2,Yes,15
T3258,C12316,2024-10-10,2024-10-11,Network,High,4,Yes,32
T3259,C12579,2024-07-02,2024-07-02,Network,Medium,3,No,6
T3260,C11472,2024-10-06,2024-10-06,Billing,High,5,Yes,11
T3261,C12369,2024-06-23,2024-06-24,Technical,Low,1,Yes,33
T3262,C12966,2024-03-05,2024-03-05,Network,Low,4,Yes,3
T3263,C10430,2024-11-03,2024-11-03,Network,Medium,1,Yes,16
T3264,C14047,2024-10-11,2024-10-11,Billing,Low,4,Yes,21
T3265,C13214,2024-08-14,2024-08-14,Network,Low,4,No,14
T3266,C13083,2024-03-08,2024-03-08,Network,Low,3,No,9
T3267,C11052,2024-09-03,2024-09-03,Network,High,5,Yes,19
T3268,C12156,2024-09-01,2024-09-01,Network,Low,4,Yes,13
T3269,C10805,2024-02-13,2024-02-14,Network,Medium,5,Yes,25
T3270,C14771,2024-09-27,2024-09-27,Network,Medium,4,Yes,1
T3271,C12582,2024-08-14,2024-08-14,Billing,Medium,5,Yes,12
T3272,C14205,2024-05-10,2024-05-11,Technical,Critical,1,Yes,25
T3273,C14089,2024-07-08,2024-07-08,Account,High,5,Yes,1
T3274,C14760,2024-05-27,2024-05-27,Account,Critical,4,Yes,14
T3275,C14562,2024-06-26,2024-06-26,Network,Critical,3,Yes,6
T3276,C12279,2024-12-16,2024-12-16,Account,Low,3,Yes,7
T3277,C13028,2024-06-17,2024-06-20,Network,Low,5,Yes,92
T3278,C14422,2024-02-03,2024-02-03,Technical,Low,2,No,23
T3279,C13949,2024-05-20,2024-05-22,Billing,Medium,3,Yes,50
T3280,C10987,2024-03-30,2024-03-31,Network,Medium,5,Yes,31
T3281,C12259,2024-10-10,2024-10-10,Billing,Medium,5,Yes,10
T3282,C12926,2024-06-21,2024-06-21,Network,Critical,4,Yes,1
T3283,C11540,2024-07-05,2024-07-05,Billing,Critical,1,Yes,22
T3284,C12612,2024-05-16,2024-05-16,Network,Medium,4,Yes,12
T3285,C14199,2024-10-19,2024-10-19,Network,Medium,3,Yes,6
T3286,C10772,2024-10-20,2024-10-20,Network,Medium,2,No,21
T3287,C12245,2024-01-08,2024-01-08,Network,Low,1,Yes,8
T3288,C12380,2024-10-16,2024-10-16,Billing,Low,1,Yes,14
T3289,C12384,2024-11-04,2024-11-04,Billing,Medium,3,Yes,13
T3290,C12637,2024-03-18,2024-03-18,Technical,Medium,5,Yes,15
T3291,C13097,2024-02-24,2024-02-24,Network,High,3,Yes,15
T3292,C13410,2024-12-07,2024-12-09,Network,Medium,5,Yes,51
T3293,C13968,2024-10-26,2024-10-26,Network,Medium,5,Yes,1
T3294,C11685,2024-09-14,2024-09-14,Network,Critical,4,Yes,14
T3295,C10451,2024-09-28,2024-09-28,Billing,Medium,1,Yes,6
T3296,C12705,2024-04-20,2024-04-21,Network,Medium,2,Yes,35
T3297,C14327,2024-07-17,2024-07-17,Billing,Low,1,Yes,2
T3298,C10693,2024-05-04,2024-05-04,Account,Critical,2,Yes,2
T3299,C12765,2024-05-24,2024-05-24,Technical,Low,3,Yes,8
T3300,C14568,2024-11-03,2024-11-05,Network,High,2,Yes,49
T3301,C13709,2024-07-23,2024-07-23,Network,Low,3,Yes,2
T3302,C13124,2024-10-21,2024-10-21,Network,Medium,4,Yes,7
T3303,C11986,2024-04-04,2024-04-04,Network,High,5,No,3
T3304,C13164,2024-07-15,2024-07-15,Technical,Low,5,Yes,11
T3305,C12860,2024-04-14,2024-04-14,Network,Medium,2,Yes,1
T3306,C10927,2024-06-26,2024-06-26,Technical,Low,2,Yes,7
T3307,C13137,2024-05-24,2024-05-25,Technical,Low,5,Yes,25
T3308,C12216,2024-06-21,2024-06-23,Account,Critical,5,No,55
T3309,C13760,2024-05-16,2024-05-16,Billing,Medium,4,No,19
T3310,C11015,2024-05-21,2024-05-23,Technical,Low,2,Yes,65
T3311,C14915,2024-07-04,2024-07-04,Technical,Low,2,Yes,2
T3312,C11951,2024-12-23,2024-12-23,Billing,Medium,2,Yes,9
T3313,C14958,2024-09-30,2024-09-30,Billing,Low,2,Yes,12
T3314,C10784,2024-11-30,2024-11-30,Account,Low,2,Yes,20
T3315,C12013,2024-06-16,2024-06-16,Technical,Critical,1,Yes,18
T3316,C10158,2024-08-24,2024-08-24,Billing,Low,3,Yes,3
T3317,C14909,2024-07-26,2024-07-26,Network,Critical,3,Yes,6
T3318,C11959,2024-10-03,2024-10-03,Technical,Low,3,Yes,16
T3319,C10155,2024-07-15,2024-07-15,Network,Critical,4,Yes,1
T3320,C12419,2024-06-13,2024-06-13,Network,Low,3,Yes,1
T3321,C10729,2024-05-17,2024-05-17,Technical,Low,5,No,8
T3322,C11154,2024-06-04,2024-06-04,Billing,Low,4,No,20
T3323,C10602,2024-05-24,2024-05-26,Billing,High,2,Yes,60
T3324,C10830,2024-12-02,2024-12-02,Technical,Critical,3,No,13
T3325,C14815,2024-11-21,2024-11-22,Billing,Low,4,Yes,27
T3326,C13065,2024-12-20,2024-12-22,Technical,Critical,3,Yes,68
T3327,C11805,2024-08-08,2024-08-08,Technical,Medium,1,No,4
T3328,C11511,2024-05-30,2024-05-30,Technical,Medium,4,Yes,9
T3329,C12397,2024-12-16,2024-12-16,Technical,High,4,Yes,1
T3330,C13659,2024-09-11,2024-09-11,Billing,High,3,Yes,2
T3331,C14333,2024-10-28,2024-10-29,Technical,High,2,Yes,30
T3332,C10618,2024-12-26,2024-12-27,Account,Medium,3,Yes,41
T3333,C12816,2024-09-24,2024-09-24,Network,Medium,5,Yes,3
T3334,C14320,2024-10-25,2024-10-25,Technical,Low,4,Yes,1
T3335,C13405,2024-02-21,2024-02-22,Account,Low,4,Yes,44
T3336,C10827,2024-09-29,2024-09-29,Technical,Low,5,Yes,9
T3337,C11092,2024-03-07,2024-03-07,Technical,Low,1,Yes,1
T3338,C11232,2024-03-01,2024-03-01,Network,High,2,Yes,8
T3339,C14200,2024-03-30,2024-03-31,Network,Low,3,No,45
T3340,C13829,2024-12-16,2024-12-22,Network,High,4,Yes,154
T3341,C12713,2024-05-09,2024-05-09,Technical,Medium,3,Yes,6
T3342,C13597,2024-06-07,2024-06-08,Technical,Low,5,Yes,33
T3343,C14601,2024-10-15,2024-10-15,Technical,Medium,3,Yes,18
T3344,C12039,2024-04-19,2024-04-19,Billing,Low,4,Yes,22
T3345,C13923,2024-01-17,2024-01-18,Network,High,1,Yes,25
T3346,C10405,2024-01-29,2024-01-29,Network,High,3,Yes,17
T3347,C13891,2024-03-31,2024-04-01,Technical,Low,2,No,43
T3348,C13808,2024-07-28,2024-07-28,Account,High,3,Yes,7
T3349,C14478,2024-10-28,2024-10-28,Network,Low,3,Yes,21
T3350,C12850,2024-08-31,2024-09-03,Network,Medium,2,Yes,84
T3351,C14477,2024-11-06,2024-11-06,Billing,Medium,4,No,1
T3352,C14493,2024-02-19,2024-02-20,Network,Low,5,Yes,26
T3353,C10241,2024-10-30,2024-10-30,Network,High,3,Yes,20
T3354,C14897,2024-04-20,2024-04-20,Account,Low,3,Yes,10
T3355,C12694,2024-01-23,2024-01-23,Network,Low,3,Yes,13
T3356,C11993,2024-06-11,2024-06-11,Network,Low,4,Yes,1
T3357,C10690,2024-07-03,2024-07-03,Network,High,5,No,5
T3358,C11632,2024-08-12,2024-08-12,Network,Medium,4,Yes,6
T3359,C12300,2024-01-17,2024-01-17,Technical,Low,4,Yes,2
T3360,C14948,2024-04-17,2024-04-17,Account,Low,3,Yes,4
T3361,C13626,2024-07-31,2024-08-03,Technical,Low,1,Yes,79
T3362,C13080,2024-05-18,2024-05-18,Network,High,4,Yes,19
T3363,C10953,2024-08-14,2024-08-15,Billing,Low,4,Yes,34
T3364,C11414,2024-10-03,2024-10-04,Technical,High,5,Yes,37
T3365,C12148,2024-09-28,2024-09-29,Network,High,1,Yes,39
T3366,C13992,2024-08-19,2024-08-19,Network,Medium,5,Yes,13
T3367,C10159,2024-05-04,2024-05-04,Billing,High,5,No,7
T3368,C12915,2024-10-13,2024-10-13,Account,Medium,4,Yes,15
T3369,C10866,2024-04-29,2024-04-29,Billing,Low,4,Yes,9
T3370,C14695,2024-09-08,2024-09-08,Network,Low,1,Yes,16
T3371,C13219,2024-08-23,2024-08-23,Billing,Low,2,Yes,1
T3372,C13606,2024-06-21,2024-06-22,Billing,Medium,2,No,29
T3373,C14893,2024-05-30,2024-05-30,Network,High,3,Yes,5
T3374,C11720,2024-03-18,2024-03-19,Technical,Low,2,Yes,30
T3375,C11394,2024-07-30,2024-07-30,Network,Low,5,Yes,6
T3376,C11845,2024-11-05,2024-11-05,Account,Low,3,Yes,19
T3377,C14826,2024-03-15,2024-03-15,Technical,Medium,1,No,7
T3378,C12723,2024-02-25,2024-02-25,Technical,High,5,No,12
T3379,C11609,2024-03-26,2024-03-26,Billing,Low,1,Yes,17
T3380,C13744,2024-04-27,2024-04-30,Billing,Medium,4,No,82
T3381,C10563,2024-08-05,2024-08-05,Technical,Low,2,Yes,1
T3382,C13185,2024-07-23,2024-07-23,Network,Medium,3,Yes,5
T3383,C13063,2024-02-03,2024-02-03,Billing,High,3,Yes,2
T3384,C12292,2024-12-29,2024-12-29,Technical,Critical,1,Yes,3
T3385,C14347,2024-07-21,2024-07-23,Network,Low,4,Yes,65
T3386,C10587,2024-02-08,2024-02-08,Network,Low,3,No,1
T3387,C11811,2024-10-29,2024-10-29,Technical,Low,4,Yes,21
T3388,C12326,2024-05-12,2024-05-13,Technical,High,4,Yes,26
T3389,C13798,2024-06-11,2024-06-12,Account,High,3,Yes,46
T3390,C12854,2024-05-28,2024-05-28,Network,Medium,3,Yes,4
T3391,C14065,2024-12-21,2024-12-22,Network,Medium,3,Yes,29
T3392,C11098,2024-10-20,2024-10-21,Technical,Medium,2,Yes,27
T3393,C12452,2024-01-28,2024-01-29,Network,Low,3,Yes,30
T3394,C12011,2024-12-07,2024-12-07,Account,Critical,5,Yes,19
T3395,C14809,2024-12-19,2024-12-19,Billing,Low,2,Yes,7
T3396,C13686,2024-03-16,2024-03-17,Billing,Medium,4,Yes,32
T3397,C13328,2024-12-19,2024-12-19,Account,Medium,3,Yes,1
T3398,C12774,2024-10-24,2024-10-24,Network,Critical,5,Yes,4
T3399,C11608,2024-01-06,2024-01-06,Technical,High,2,Yes,8
T3400,C10747,2024-09-29,2024-10-02,Technical,Low,4,Yes,73
T3401,C10903,2024-08-16,2024-08-18,Network,Medium,5,No,48
T3402,C12344,2024-01-28,2024-01-28,Network,Low,3,Yes,8
T3403,C13434,2024-05-27,2024-05-27,Technical,High,5,Yes,16
T3404,C14197,2024-07-08,2024-07-08,Billing,Low,1,Yes,2
T3405,C11524,2024-07-26,2024-07-26,Network,Medium,2,Yes,7
T3406,C12913,2024-01-31,2024-01-31,Network,Low,4,Yes,1
T3407,C11889,2024-01-03,2024-01-03,Technical,Low,4,Yes,9
T3408,C10471,2024-04-06,2024-04-06,Network,High,4,No,1
T3409,C10635,2024-11-18,2024-11-18,Technical,Critical,4,Yes,14
T3410,C13880,2024-06-22,2024-06-22,Network,Low,1,Yes,11
T3411,C10980,2024-06-30,2024-06-30,Billing,Medium,3,Yes,2
T3412,C12524,2024-02-17,2024-02-19,Technical,Medium,1,Yes,58
T3413,C11907,2024-06-25,2024-06-28,Network,High,2,Yes,78
T3414,C11311,2024-09-09,2024-09-10,Network,High,4,Yes,46
T3415,C11857,2024-12-21,2024-12-21,Network,High,5,Yes,14
T3416,C12751,2024-11-24,2024-11-25,Network,Critical,5,Yes,37
T3417,C14608,2024-06-06,2024-06-06,Account,Medium,3,Yes,17
T3418,C11146,2024-09-14,2024-09-14,Technical,Medium,5,Yes,3
T3419,C14964,2024-01-14,2024-01-15,Billing,Medium,4,Yes,36
T3420,C11115,2024-05-05,2024-05-09,Account,Low,5,Yes,112
T3421,C12701,2024-07-18,2024-07-18,Network,Low,3,No,3
T3422,C14427,2024-12-14,2024-12-16,Network,Medium,1,Yes,62
T3423,C12011,2024-04-21,2024-04-21,Network,Medium,4,Yes,17
T3424,C12680,2024-08-14,2024-08-14,Network,Medium,2,Yes,6
T3425,C11075,2024-10-31,2024-10-31,Technical,Medium,2,Yes,1
T3426,C14324,2024-06-25,2024-06-26,Network,Low,4,Yes,26
T3427,C13285,2024-06-19,2024-06-19,Technical,Medium,1,Yes,9
T3428,C13002,2024-12-06,2024-12-06,Technical,High,3,Yes,3
T3429,C11808,2024-11-18,2024-11-18,Network,Critical,3,Yes,2
T3430,C12732,2024-05-25,2024-05-25,Technical,Medium,3,Yes,18
T3431,C12984,2024-05-20,2024-05-21,Billing,Low,3,Yes,42
T3432,C13880,2024-05-16,2024-05-16,Network,Medium,4,No,1
T3433,C13819,2024-05-19,2024-05-20,Network,Medium,3,Yes,26
T3434,C11365,2024-04-01,2024-04-01,Technical,Medium,4,Yes,10
T3435,C11432,2024-02-18,2024-02-19,Technical,Medium,4,Yes,25
T3436,C14468,2024-01-31,2024-02-01,Billing,Medium,2,Yes,31
T3437,C10680,2024-04-08,2024-04-08,Account,High,4,No,1
T3438,C11914,2024-06-07,2024-06-07,Account,Low,2,Yes,6
T3439,C14189,2024-06-17,2024-06-18,Network,High,3,Yes,36
T3440,C10435,2024-09-09,2024-09-10,Technical,Medium,1,Yes,30
T3441,C10615,2024-10-31,2024-10-31,Network,Medium,5,Yes,8
T3442,C13083,2024-08-06,2024-08-06,Technical,Low,4,No,6
T3443,C11710,2024-10-30,2024-11-02,Network,Critical,2,Yes,87
T3444,C10452,2024-10-23,2024-10-23,Network,Low,4,No,13
T3445,C14853,2024-09-22,2024-09-22,Account,Low,3,Yes,15
T3446,C11033,2024-12-29,2024-12-29,Billing,Low,4,Yes,6
T3447,C13459,2024-01-27,2024-01-28,Account,High,2,Yes,31
T3448,C13658,2024-11-11,2024-11-13,Network,Medium,2,Yes,53
T3449,C13804,2024-06-09,2024-06-10,Billing,Medium,5,Yes,28
T3450,C11000,2024-06-06,2024-06-06,Billing,High,4,Yes,23
T3451,C12946,2024-07-08,2024-07-08,Network,High,5,Yes,12
T3452,C10197,2024-03-27,2024-03-30,Billing,Low,2,Yes,91
T3453,C12248,2024-10-30,2024-10-30,Network,Low,5,Yes,8
T3454,C11069,2024-09-05,2024-09-06,Network,High,4,No,35
T3455,C14673,2024-11-26,2024-11-28,Technical,Low,1,Yes,68
T3456,C14485,2024-11-23,2024-11-24,Billing,Critical,2,Yes,34
T3457,C10280,2024-06-21,2024-06-22,Network,Medium,4,Yes,34
T3458,C14921,2024-06-29,2024-06-30,Billing,Medium,1,No,27
T3459,C13381,2024-06-07,2024-06-07,Network,Low,3,No,13
T3460,C13749,2024-04-28,2024-04-28,Billing,Medium,1,Yes,11
T3461,C10718,2024-03-08,2024-03-08,Network,Medium,3,Yes,16
T3462,C13333,2024-05-09,2024-05-09,Billing,High,2,Yes,1
T3463,C11986,2024-03-04,2024-03-04,Billing,Low,1,Yes,4
T3464,C14133,2024-04-28,2024-04-28,Billing,Medium,1,Yes,7
T3465,C11295,2024-07-31,2024-07-31,Network,Medium,3,Yes,4
T3466,C10991,2024-03-11,2024-03-13,Account,Medium,5,Yes,61
T3467,C14697,2024-03-14,2024-03-14,Technical,Low,5,Yes,6
T3468,C11782,2024-10-09,2024-10-12,Billing,High,5,Yes,95
T3469,C11784,2024-10-09,2024-10-09,Network,Low,4,Yes,16
T3470,C13051,2024-05-30,2024-05-30,Network,Medium,5,Yes,1
T3471,C10632,2024-10-30,2024-10-31,Billing,Critical,5,Yes,30
T3472,C12680,2024-07-13,2024-07-15,Network,Low,4,Yes,55
T3473,C12918,2024-05-17,2024-05-17,Technical,Medium,4,Yes,10
T3474,C14948,2024-12-06,2024-12-06,Billing,Low,3,Yes,3
T3475,C13451,2024-03-30,2024-03-30,Network,Medium,2,Yes,12
T3476,C14761,2024-02-04,2024-02-04,Network,Low,2,Yes,1
T3477,C12924,2024-02-10,2024-02-10,Technical,High,5,Yes,2
T3478,C14557,2024-04-11,2024-04-11,Billing,Low,5,Yes,3
T3479,C10076,2024-10-09,2024-10-11,Billing,Low,2,Yes,51
T3480,C12478,2024-02-18,2024-02-20,Network,Low,1,Yes,59
T3481,C13290,2024-05-14,2024-05-15,Technical,Medium,2,No,25
T3482,C12955,2024-10-15,2024-10-16,Billing,Medium,4,Yes,44
T3483,C14871,2024-04-22,2024-04-22,Billing,Low,4,Yes,1
T3484,C14080,2024-10-21,2024-10-21,Network,Low,5,No,1
T3485,C14426,2024-08-23,2024-08-23,Network,Medium,5,No,4
T3486,C13835,2024-11-23,2024-11-23,Billing,Low,1,Yes,4
T3487,C12436,2024-03-09,2024-03-09,Account,Medium,2,Yes,6
T3488,C11005,2024-07-05,2024-07-05,Technical,Low,4,Yes,7
T3489,C13048,2024-10-29,2024-11-04,Account,Medium,4,Yes,145
T3490,C12756,2024-04-19,2024-04-19,Network,Low,5,Yes,16
T3491,C12538,2024-06-03,2024-06-03,Account,High,5,Yes,21
T3492,C10738,2024-10-27,2024-10-27,Billing,High,1,Yes,6
T3493,C12329,2024-04-27,2024-04-27,Technical,Medium,3,Yes,13
T3494,C13469,2024-09-06,2024-09-08,Technical,Low,4,Yes,53
T3495,C14398,2024-03-07,2024-03-07,Technical,High,2,No,1
T3496,C11510,2024-05-22,2024-05-23,Technical,Medium,3,Yes,37
T3497,C13579,2024-04-09,2024-04-10,Network,High,3,No,29
T3498,C14719,2024-03-06,2024-03-06,Network,High,4,No,8
T3499,C13399,2024-04-14,2024-04-14,Network,Medium,4,Yes,7
T3500,C11468,2024-02-05,2024-02-05,Network,Low,4,No,4
T3501,C12821,2024-12-03,2024-12-03,Billing,Medium,3,Yes,14
T3502,C13121,2024-06-10,2024-06-10,Technical,High,4,No,10
T3503,C11029,2024-01-12,2024-01-14,Billing,High,3,Yes,66
T3504,C10994,2024-04-26,2024-04-26,Billing,Low,2,Yes,2
T3505,C14366,2024-05-06,2024-05-06,Billing,Critical,3,No,21
T3506,C13390,2024-05-26,2024-05-26,Network,Critical,5,Yes,4
T3507,C13216,2024-12-22,2024-12-23,Network,Medium,5,Yes,24
T3508,C14324,2024-09-17,2024-09-18,Technical,Medium,1,Yes,25
T3509,C11481,2024-12-24,2024-12-24,Network,Medium,3,Yes,14
T3510,C10441,2024-08-24,2024-08-24,Technical,High,3,Yes,15
T3511,C11685,2024-03-02,2024-03-02,Network,Medium,4,Yes,22
T3512,C13907,2024-11-18,2024-11-18,Account,Low,3,Yes,14
T3513,C13400,2024-04-05,2024-04-05,Technical,Low,2,Yes,11
T3514,C10901,2024-06-05,2024-06-05,Technical,High,4,Yes,9
T3515,C10258,2024-01-07,2024-01-07,Technical,Low,1,Yes,2
T3516,C12829,2024-09-28,2024-09-28,Account,Low,4,Yes,16
T3517,C11793,2024-06-20,2024-06-20,Account,High,3,Yes,12
T3518,C10824,2024-03-16,2024-03-18,Network,Medium,1,Yes,54
T3519,C13799,2024-07-20,2024-07-21,Network,Low,3,Yes,25
T3520,C10837,2024-03-14,2024-03-14,Billing,Medium,4,Yes,1
T3521,C13948,2024-11-02,2024-11-03,Billing,Low,5,Yes,33
T3522,C13959,2024-03-11,2024-03-11,Billing,High,5,Yes,15
T3523,C12017,2024-01-11,2024-01-11,Billing,Critical,4,Yes,9
T3524,C14259,2024-05-09,2024-05-10,Billing,Low,2,Yes,34
T3525,C10350,2024-02-15,2024-02-15,Billing,Medium,4,Yes,12
T3526,C12534,2024-05-07,2024-05-07,Network,Low,4,No,2
T3527,C14667,2024-06-14,2024-06-14,Technical,Critical,3,Yes,2
T3528,C11119,2024-07-10,2024-07-11,Network,Medium,1,Yes,36
T3529,C14860,2024-03-25,2024-03-26,Network,Medium,2,Yes,43
T3530,C10210,2024-03-14,2024-03-14,Network,High,4,Yes,4
T3531,C11126,2024-08-16,2024-08-16,Billing,High,2,Yes,22
T3532,C11943,2024-02-26,2024-02-26,Billing,Low,2,Yes,3
T3533,C12740,2024-09-10,2024-09-12,Technical,Medium,5,Yes,55
T3534,C10950,2024-11-16,2024-11-16,Billing,Medium,2,No,22
T3535,C10250,2024-10-06,2024-10-06,Network,Low,3,Yes,7
T3536,C14516,2024-04-24,2024-04-27,Billing,Medium,5,Yes,83
T3537,C10211,2024-01-13,2024-01-13,Network,Medium,1,Yes,15
T3538,C14976,2024-10-31,2024-11-02,Technical,Medium,3,Yes,49
T3539,C13147,2024-08-26,2024-08-26,Technical,Medium,1,No,7
T3540,C11094,2024-11-21,2024-11-21,Technical,High,5,Yes,12
T3541,C11274,2024-05-03,2024-05-03,Technical,Low,1,Yes,3
T3542,C12850,2024-05-14,2024-05-14,Account,Medium,2,Yes,8
T3543,C12759,2024-01-17,2024-01-18,Account,Low,2,No,29
T3544,C10529,2024-11-27,2024-11-27,Account,Low,3,Yes,6
T3545,C11302,2024-08-13,2024-08-13,Network,Low,5,Yes,3
T3546,C11258,2024-08-31,2024-09-01,Network,Medium,2,Yes,31
T3547,C10640,2024-08-04,2024-08-04,Network,Low,4,Yes,3
T3548,C11329,2024-02-05,2024-02-05,Technical,High,5,Yes,8
T3549,C11336,2024-08-04,2024-08-04,Network,Low,1,Yes,2
T3550,C10363,2024-11-07,2024-11-07,Network,Medium,5,Yes,3
T3551,C14244,2024-12-26,2024-12-27,Technical,Low,4,Yes,28
T3552,C10288,2024-01-09,2024-01-10,Billing,Low,4,Yes,31
T3553,C14827,2024-09-29,2024-09-29,Network,Low,3,Yes,3
T3554,C14733,2024-03-15,2024-03-15,Billing,Medium,2,Yes,14
T3555,C11684,2024-05-27,2024-05-28,Billing,Low,3,No,30
T3556,C14156,2024-07-12,2024-07-12,Network,Low,2,Yes,17
T3557,C13494,2024-07-26,2024-07-26,Network,Medium,3,Yes,5
T3558,C14757,2024-04-17,2024-04-17,Billing,Low,4,No,1
T3559,C11941,2024-07-06,2024-07-06,Network,High,5,Yes,13
T3560,C14944,2024-02-12,2024-02-12,Technical,Low,3,Yes,5
T3561,C10751,2024-04-06,2024-04-06,Account,Low,5,Yes,18
T3562,C12275,2024-04-06,2024-04-06,Billing,Medium,3,Yes,1
T3563,C11141,2024-12-27,2024-12-28,Network,Low,3,Yes,32
T3564,C11626,2024-03-18,2024-03-19,Network,Critical,4,Yes,25
T3565,C12331,2024-08-24,2024-08-24,Network,Low,5,Yes,8
T3566,C13137,2024-01-28,2024-01-28,Billing,High,4,No,11
T3567,C10875,2024-11-23,2024-11-23,Account,Medium,2,Yes,4
T3568,C10460,2024-04-08,2024-04-08,Account,High,4,Yes,15
T3569,C11120,2024-06-25,2024-06-25,Technical,Low,1,Yes,4
T3570,C11556,2024-02-07,2024-02-07,Network,Medium,2,Yes,20
T3571,C10843,2024-06-29,2024-07-01,Network,Critical,5,No,60
T3572,C13732,2024-10-31,2024-11-01,Network,High,5,Yes,32
T3573,C13806,2024-05-27,2024-05-28,Technical,Medium,2,Yes,25
T3574,C10988,2024-05-27,2024-05-28,Billing,Medium,5,Yes,40
T3575,C12407,2024-04-20,2024-04-22,Network,Medium,4,Yes,49
T3576,C14386,2024-04-29,2024-04-29,Network,Medium,4,Yes,7
T3577,C11778,2024-05-26,2024-05-27,Billing,Low,5,Yes,30
T3578,C14830,2024-03-16,2024-03-16,Network,Medium,3,No,12
T3579,C10146,2024-12-18,2024-12-19,Billing,High,4,No,24
T3580,C13296,2024-01-05,2024-01-05,Billing,Low,3,Yes,4
T3581,C11968,2024-04-05,2024-04-05,Network,Medium,2,Yes,4
T3582,C14513,2024-01-29,2024-01-30,Network,Medium,2,Yes,37
T3583,C10949,2024-06-26,2024-06-26,Technical,Medium,5,Yes,7
T3584,C10984,2024-06-07,2024-06-09,Network,Low,1,Yes,53
T3585,C14277,2024-11-20,2024-11-21,Billing,Medium,3,Yes,26
T3586,C12140,2024-04-06,2024-04-06,Billing,Medium,1,Yes,1
T3587,C11784,2024-09-06,2024-09-06,Billing,High,5,Yes,6
T3588,C11251,2024-11-19,2024-11-21,Network,Medium,4,No,57
T3589,C12995,2024-08-21,2024-08-21,Account,Critical,4,Yes,3
T3590,C14838,2024-08-11,2024-08-11,Network,Low,5,Yes,1
T3591,C12482,2024-06-16,2024-06-18,Technical,High,3,Yes,51
T3592,C13526,2024-10-30,2024-10-31,Billing,Low,4,Yes,37
T3593,C12175,2024-05-26,2024-05-26,Billing,Low,3,Yes,19
T3594,C13304,2024-08-13,2024-08-13,Technical,Medium,5,No,16
T3595,C14166,2024-05-02,2024-05-02,Technical,High,4,No,1
T3596,C12472,2024-08-22,2024-08-22,Network,Critical,3,Yes,16
T3597,C14067,2024-12-10,2024-12-10,Billing,Low,5,Yes,1
T3598,C10334,2024-01-25,2024-01-25,Technical,Medium,3,Yes,1
T3599,C12564,2024-04-01,2024-04-01,Technical,Medium,2,No,1
T3600,C12759,2024-06-26,2024-06-26,Network,Low,5,Yes,14
T3601,C10591,2024-02-14,2024-02-14,Billing,Low,3,Yes,1
T3602,C13529,2024-03-17,2024-03-17,Network,Low,1,Yes,2
T3603,C11677,2024-08-24,2024-08-24,Network,Critical,3,Yes,11
T3604,C10720,2024-02-26,2024-02-29,Network,Medium,1,Yes,95
T3605,C11987,2024-10-20,2024-10-20,Technical,Medium,4,Yes,16
T3606,C14840,2024-02-23,2024-02-23,Technical,Medium,2,Yes,5
T3607,C14309,2024-05-16,2024-05-16,Network,Low,5,Yes,23
T3608,C14394,2024-07-31,2024-08-03,Billing,High,4,Yes,80
T3609,C11110,2024-12-16,2024-12-16,Technical,Low,3,Yes,1
T3610,C10489,2024-12-15,2024-12-18,Network,Medium,4,Yes,80
T3611,C13051,2024-10-22,2024-10-22,Technical,Low,2,Yes,7
T3612,C12546,2024-10-10,2024-10-10,Network,Low,5,Yes,11
T3613,C13200,2024-01-03,2024-01-05,Network,Medium,2,Yes,56
T3614,C13743,2024-07-28,2024-07-29,Technical,High,3,Yes,25
T3615,C11243,2024-12-07,2024-12-08,Technical,Low,4,Yes,24
T3616,C10021,2024-01-06,2024-01-06,Network,Medium,2,Yes,20
T3617,C10063,2024-08-14,2024-08-15,Billing,Low,4,Yes,41
T3618,C14267,2024-02-10,2024-02-10,Network,Low,3,Yes,21
T3619,C14234,2024-11-09,2024-11-09,Technical,Medium,3,Yes,22
T3620,C13174,2024-05-05,2024-05-05,Account,High,5,Yes,22
T3621,C12807,2024-05-09,2024-05-09,Network,Medium,2,Yes,2
T3622,C12343,2024-11-02,2024-11-02,Billing,Medium,4,Yes,11
T3623,C12612,2024-02-26,2024-02-26,Billing,Medium,4,Yes,1
T3624,C14251,2024-06-21,2024-06-21,Network,High,1,Yes,3
T3625,C12288,2024-07-09,2024-07-09,Network,Medium,1,No,10
T3626,C14944,2024-10-18,2024-10-18,Network,High,5,Yes,23
T3627,C14800,2024-08-25,2024-08-25,Technical,Low,3,Yes,8
T3628,C11519,2024-04-14,2024-04-15,Network,Medium,3,Yes,26
T3629,C13351,2024-02-28,2024-02-28,Technical,Low,2,Yes,18
T3630,C13845,2024-05-20,2024-05-20,Billing,Low,1,No,3
T3631,C14396,2024-01-19,2024-01-19,Billing,Low,4,Yes,10
T3632,C12793,2024-10-16,2024-10-17,Account,Low,3,Yes,24
T3633,C14916,2024-02-24,2024-02-24,Network,Low,5,Yes,9
T3634,C10174,2024-05-17,2024-05-20,Technical,Medium,4,Yes,93
T3635,C12955,2024-12-21,2024-12-21,Network,Low,5,Yes,13
T3636,C14506,2024-10-04,2024-10-04,Billing,Low,4,Yes,6
T3637,C12240,2024-04-03,2024-04-03,Network,Medium,4,Yes,1
T3638,C13723,2024-04-04,2024-04-04,Billing,High,5,Yes,9
T3639,C14247,2024-07-05,2024-07-06,Account,Low,1,Yes,35
T3640,C10695,2024-08-17,2024-08-17,Network,Low,4,Yes,2
T3641,C11687,2024-10-16,2024-10-16,Technical,Low,4,Yes,1
T3642,C14410,2024-01-16,2024-01-16,Technical,Low,2,No,2
T3643,C10147,2024-06-25,2024-06-25,Account,Low,5,Yes,1
T3644,C12112,2024-11-20,2024-11-20,Network,High,3,No,1
T3645,C12595,2024-04-27,2024-04-27,Billing,High,4,Yes,12
T3646,C13887,2024-02-17,2024-02-17,Account,High,1,Yes,10
T3647,C10623,2024-10-14,2024-10-14,Account,High,2,No,11
T3648,C11148,2024-11-07,2024-11-07,Billing,High,1,Yes,2
T3649,C14485,2024-01-27,2024-01-27,Account,High,3,Yes,5
T3650,C12211,2024-03-01,2024-03-01,Billing,Critical,5,Yes,12
T3651,C14117,2024-03-22,2024-03-23,Technical,Medium,4,No,29
T3652,C11395,2024-05-09,2024-05-09,Network,Medium,5,Yes,6
T3653,C11457,2024-10-18,2024-10-18,Network,Medium,4,Yes,10
T3654,C13401,2024-02-04,2024-02-05,Network,Medium,4,Yes,47
T3655,C14011,2024-01-11,2024-01-11,Network,Medium,2,Yes,16
T3656,C14820,2024-08-15,2024-08-15,Network,Medium,3,Yes,3
T3657,C11892,2024-09-15,2024-09-16,Network,Low,4,No,31
T3658,C14797,2024-05-21,2024-05-21,Account,Low,1,No,1
T3659,C14604,2024-02-29,2024-02-29,Technical,High,4,Yes,21
T3660,C12727,2024-05-29,2024-05-30,Billing,Medium,5,No,43
T3661,C11692,2024-01-03,2024-01-03,Network,Critical,4,Yes,1
T3662,C12755,2024-09-24,2024-09-24,Network,Medium,5,Yes,16
T3663,C13583,2024-12-27,2024-12-29,Account,Low,1,Yes,54
T3664,C12018,2024-02-20,2024-02-20,Account,Low,4,Yes,17
T3665,C11760,2024-04-09,2024-04-09,Billing,High,4,Yes,2
T3666,C10429,2024-12-16,2024-12-17,Network,High,4,Yes,27
T3667,C14650,2024-09-23,2024-09-23,Technical,Medium,5,Yes,17
T3668,C13758,2024-03-15,2024-03-15,Billing,Low,1,Yes,4
T3669,C13335,2024-10-22,2024-10-24,Technical,Low,3,Yes,60
T3670,C13527,2024-05-26,2024-05-26,Network,Low,3,Yes,4
T3671,C13043,2024-01-03,2024-01-03,Network,Low,1,Yes,13
T3672,C11731,2024-10-26,2024-10-26,Billing,Critical,2,Yes,4
T3673,C12650,2024-07-28,2024-07-28,Billing,High,5,Yes,4
T3674,C13853,2024-04-28,2024-04-29,Billing,Low,1,Yes,35
T3675,C12734,2024-05-01,2024-05-01,Technical,Medium,4,Yes,8
T3676,C12874,2024-12-07,2024-12-07,Network,High,2,Yes,7
T3677,C11344,2024-04-22,2024-04-22,Billing,Medium,5,Yes,18
T3678,C12099,2024-04-01,2024-04-01,Network,Low,1,Yes,5
T3679,C11920,2024-01-28,2024-01-29,Billing,High,4,Yes,30
T3680,C14944,2024-09-12,2024-09-12,Billing,Low,1,No,6
T3681,C14284,2024-03-31,2024-03-31,Account,Low,5,Yes,3
T3682,C13337,2024-05-13,2024-05-13,Billing,High,5,Yes,7
T3683,C11889,2024-06-07,2024-06-07,Account,Medium,4,Yes,14
T3684,C14082,2024-07-01,2024-07-01,Technical,Medium,4,Yes,11
T3685,C11521,2024-04-06,2024-04-06,Billing,Medium,5,Yes,6
T3686,C14506,2024-01-14,2024-01-14,Network,Medium,1,Yes,1
T3687,C13161,2024-07-15,2024-07-15,Billing,Low,4,Yes,22
T3688,C10097,2024-01-13,2024-01-14,Network,High,2,Yes,33
T3689,C12318,2024-08-24,2024-08-24,Network,Medium,4,Yes,15
T3690,C14668,2024-09-08,2024-09-09,Network,High,5,Yes,31
T3691,C10283,2024-09-01,2024-09-02,Technical,Medium,2,Yes,27
T3692,C13534,2024-04-17,2024-04-17,Billing,Medium,1,Yes,12
T3693,C12555,2024-08-29,2024-08-29,Network,Medium,1,Yes,9
T3694,C14762,2024-09-12,2024-09-12,Technical,Low,2,Yes,20
T3695,C12809,2024-06-23,2024-06-23,Technical,Medium,2,Yes,9
T3696,C11280,2024-01-07,2024-01-07,Billing,Low,4,Yes,7
T3697,C13818,2024-09-15,2024-09-16,Network,High,3,Yes,26
T3698,C14002,2024-06-13,2024-06-13,Technical,Low,5,Yes,19
T3699,C14885,2024-10-21,2024-10-21,Network,High,5,Yes,1
T3700,C10005,2024-08-21,2024-08-22,Network,High,2,Yes,39
T3701,C12566,2024-11-09,2024-11-10,Technical,Low,2,Yes,45
T3702,C14393,2024-10-26,2024-10-27,Technical,Low,2,Yes,29
T3703,C11815,2024-10-04,2024-10-04,Billing,Medium,4,Yes,10
T3704,C11372,2024-05-07,2024-05-09,Technical,High,5,Yes,54
T3705,C11691,2024-01-14,2024-01-14,Network,High,5,Yes,2
T3706,C10750,2024-12-06,2024-12-07,Account,High,5,Yes,24
T3707,C12236,2024-08-11,2024-08-11,Billing,Critical,4,Yes,22
T3708,C13237,2024-08-10,2024-08-10,Network,Medium,4,Yes,11
T3709,C11817,2024-04-03,2024-04-03,Network,Medium,3,Yes,20
T3710,C11651,2024-08-17,2024-08-17,Billing,Low,2,Yes,17
T3711,C11184,2024-09-17,2024-09-17,Technical,High,1,Yes,11
T3712,C11267,2024-11-17,2024-11-17,Billing,High,4,Yes,6
T3713,C14897,2024-01-17,2024-01-17,Billing,High,5,Yes,22
T3714,C12062,2024-09-19,2024-09-19,Network,Medium,4,Yes,7
T3715,C10153,2024-07-26,2024-07-27,Network,High,2,Yes,31
T3716,C10248,2024-01-05,2024-01-05,Technical,Critical,5,Yes,3
T3717,C14538,2024-08-02,2024-08-02,Billing,Medium,1,Yes,6
T3718,C10919,2024-11-07,2024-11-07,Billing,Medium,4,Yes,13
T3719,C14004,2024-10-16,2024-10-16,Network,Medium,5,Yes,5
T3720,C13897,2024-09-22,2024-09-22,Account,Low,4,Yes,14
T3721,C12157,2024-10-17,2024-10-19,Billing,Low,4,Yes,53
T3722,C11749,2024-07-12,2024-07-12,Network,High,4,No,5
T3723,C12377,2024-11-17,2024-11-18,Billing,Low,3,Yes,36
T3724,C14150,2024-04-09,2024-04-09,Network,High,2,Yes,1
T3725,C14626,2024-03-21,2024-03-21,Technical,Medium,5,Yes,1
T3726,C13991,2024-03-29,2024-03-29,Billing,High,1,Yes,5
T3727,C14912,2024-08-17,2024-08-17,Account,Critical,2,Yes,14
T3728,C10059,2024-12-29,2024-12-29,Billing,Low,2,Yes,1
T3729,C14450,2024-02-20,2024-02-20,Network,Low,2,Yes,18
T3730,C11525,2024-09-18,2024-09-18,Account,Low,4,Yes,8
T3731,C13226,2024-01-08,2024-01-09,Technical,High,1,Yes,27
T3732,C11731,2024-03-01,2024-03-01,Network,Medium,5,No,2
T3733,C12123,2024-05-25,2024-05-25,Technical,Medium,4,Yes,2
T3734,C12549,2024-12-13,2024-12-14,Network,Medium,2,Yes,47
T3735,C11568,2024-09-02,2024-09-03,Account,Medium,2,Yes,44
T3736,C11641,2024-02-07,2024-02-07,Billing,High,5,Yes,12
T3737,C14258,2024-09-11,2024-09-11,Billing,High,1,Yes,12
T3738,C12196,2024-12-29,2024-12-30,Network,Medium,3,Yes,31
T3739,C10055,2024-01-28,2024-01-28,Network,Low,4,No,20
T3740,C14425,2024-03-23,2024-03-25,Account,Critical,4,Yes,66
T3741,C12154,2024-06-07,2024-06-09,Billing,Low,4,Yes,54
T3742,C11341,2024-12-07,2024-12-08,Billing,Medium,4,Yes,28
T3743,C11560,2024-08-09,2024-08-09,Technical,Medium,5,Yes,14
T3744,C12110,2024-02-11,2024-02-11,Billing,High,5,No,2
T3745,C14177,2024-05-12,2024-05-12,Account,Medium,4,Yes,2
T3746,C11001,2024-04-20,2024-04-20,Billing,Low,5,Yes,17
T3747,C13612,2024-11-14,2024-11-14,Network,High,3,Yes,15
T3748,C12191,2024-12-13,2024-12-15,Network,High,5,Yes,57
T3749,C12397,2024-04-17,2024-04-17,Network,Low,5,No,1
T3750,C11333,2024-05-16,2024-05-19,Network,Medium,2,Yes,85
T3751,C13968,2024-09-23,2024-09-23,Account,Low,4,Yes,5
T3752,C10260,2024-11-06,2024-11-06,Account,Low,2,Yes,19
T3753,C10086,2024-03-03,2024-03-05,Billing,Medium,1,Yes,66
T3754,C14401,2024-05-02,2024-05-02,Network,Low,5,Yes,13
T3755,C12915,2024-03-21,2024-03-21,Network,Low,3,Yes,10
T3756,C12577,2024-08-14,2024-08-14,Network,Medium,4,No,4
T3757,C10850,2024-03-28,2024-03-29,Billing,Low,4,Yes,45
T3758,C12636,2024-09-19,2024-09-20,Technical,High,5,Yes,24
T3759,C12748,2024-08-24,2024-08-25,Network,High,2,No,46
T3760,C12759,2024-10-31,2024-11-02,Network,Critical,2,Yes,48
T3761,C11143,2024-07-07,2024-07-08,Network,Medium,4,No,25
T3762,C10486,2024-02-24,2024-02-24,Network,Medium,3,Yes,7
T3763,C11397,2024-03-19,2024-03-24,Network,Low,4,Yes,138
T3764,C11286,2024-01-29,2024-01-29,Technical,Low,2,Yes,3
T3765,C14226,2024-08-21,2024-08-21,Account,Medium,5,Yes,10
T3766,C10239,2024-07-11,2024-07-11,Network,Low,3,Yes,4
T3767,C13113,2024-01-15,2024-01-18,Network,Critical,5,Yes,92
T3768,C14976,2024-02-15,2024-02-16,Technical,High,2,No,25
T3769,C11338,2024-03-05,2024-03-05,Network,Medium,3,Yes,18
T3770,C13606,2024-07-03,2024-07-04,Technical,High,4,Yes,28
T3771,C12885,2024-09-23,2024-09-23,Technical,Medium,4,Yes,15
T3772,C12391,2024-09-09,2024-09-09,Billing,Medium,2,Yes,3
T3773,C10721,2024-01-23,2024-01-23,Network,Medium,2,Yes,5
T3774,C10758,2024-02-04,2024-02-04,Billing,Medium,4,Yes,10
T3775,C14251,2024-03-31,2024-03-31,Account,Medium,1,Yes,15
T3776,C10006,2024-02-22,2024-02-24,Technical,Low,5,Yes,71
T3777,C13927,2024-11-09,2024-11-09,Network,Medium,4,No,3
T3778,C12987,2024-05-26,2024-05-26,Billing,High,5,Yes,6
T3779,C10048,2024-10-29,2024-10-29,Account,Medium,2,Yes,3
T3780,C14719,2024-05-04,2024-05-04,Technical,Medium,1,Yes,15
T3781,C12552,2024-08-22,2024-08-22,Account,Medium,2,Yes,3
T3782,C13384,2024-10-03,2024-10-03,Billing,Low,1,Yes,6
T3783,C11302,2024-10-16,2024-10-16,Technical,Medium,3,Yes,6
T3784,C10236,2024-09-30,2024-09-30,Network,Medium,3,No,1
T3785,C12195,2024-08-30,2024-08-30,Network,Low,4,Yes,16
T3786,C12610,2024-08-17,2024-08-17,Billing,Low,5,Yes,1
T3787,C12042,2024-04-11,2024-04-11,Network,Medium,2,Yes,17
T3788,C14519,2024-02-07,2024-02-07,Network,High,5,No,18
T3789,C14245,2024-11-02,2024-11-02,Network,Low,5,Yes,9
T3790,C14205,2024-09-28,2024-09-28,Billing,Critical,5,No,11
T3791,C13325,2024-07-17,2024-07-18,Billing,Medium,4,Yes,34
T3792,C11408,2024-12-29,2024-12-30,Account,Medium,1,Yes,31
T3793,C12424,2024-04-25,2024-04-25,Technical,High,2,Yes,3
T3794,C14114,2024-02-04,2024-02-04,Technical,Medium,5,Yes,22
T3795,C11094,2024-01-17,2024-01-18,Technical,High,3,Yes,36
T3796,C13007,2024-07-30,2024-07-30,Billing,Medium,2,Yes,9
T3797,C13245,2024-03-14,2024-03-15,Technical,Critical,2,Yes,24
T3798,C12874,2024-09-20,2024-09-21,Network,Medium,5,No,25
T3799,C12585,2024-09-10,2024-09-13,Billing,Medium,4,No,95
T3800,C10328,2024-11-17,2024-11-17,Technical,Low,3,Yes,5
T3801,C14420,2024-08-17,2024-08-19,Technical,Medium,3,No,49
T3802,C14452,2024-07-08,2024-07-10,Account,Low,4,Yes,51
T3803,C12465,2024-01-11,2024-01-14,Network,High,4,Yes,73
T3804,C11389,2024-07-16,2024-07-17,Technical,High,5,Yes,27
T3805,C12751,2024-08-15,2024-08-17,Billing,Medium,3,Yes,57
T3806,C11650,2024-12-23,2024-12-23,Billing,Low,4,No,1
T3807,C11170,2024-08-08,2024-08-09,Billing,Low,1,Yes,41
T3808,C14118,2024-05-02,2024-05-02,Billing,Low,2,Yes,4
T3809,C13287,2024-09-18,2024-09-18,Technical,Medium,3,Yes,2
T3810,C13428,2024-05-18,2024-05-18,Billing,High,2,No,21
T3811,C12557,2024-07-27,2024-07-27,Network,Low,5,Yes,6
T3812,C13707,2024-11-20,2024-11-20,Account,Low,3,No,8
T3813,C10525,2024-06-07,2024-06-08,Account,Medium,4,Yes,33
T3814,C14624,2024-12-12,2024-12-13,Technical,High,4,Yes,26
T3815,C11536,2024-01-24,2024-01-25,Billing,Medium,5,No,33
T3816,C11550,2024-08-03,2024-08-03,Billing,Medium,1,Yes,3
T3817,C10416,2024-04-10,2024-04-10,Account,Medium,4,Yes,10
T3818,C13665,2024-03-25,2024-03-27,Technical,Low,1,Yes,71
T3819,C10048,2024-09-27,2024-09-27,Technical,Medium,3,Yes,5
T3820,C10910,2024-10-30,2024-10-30,Account,Critical,1,Yes,1
T3821,C11466,2024-11-12,2024-11-12,Network,Low,1,Yes,17
T3822,C13452,2024-11-16,2024-11-17,Technical,High,4,Yes,41
T3823,C11800,2024-02-24,2024-02-25,Network,High,1,Yes,38
T3824,C12800,2024-01-28,2024-01-29,Billing,Medium,3,No,45
T3825,C11767,2024-02-21,2024-02-23,Account,Low,4,Yes,52
T3826,C14162,2024-06-22,2024-06-22,Technical,Low,3,Yes,6
T3827,C12736,2024-04-21,2024-04-25,Network,High,2,Yes,106
T3828,C13818,2024-05-15,2024-05-15,Billing,High,5,Yes,6
T3829,C11252,2024-06-30,2024-07-01,Technical,Low,2,No,30
T3830,C10447,2024-03-14,2024-03-14,Technical,Medium,5,Yes,8
T3831,C13286,2024-10-25,2024-10-25,Account,Medium,3,Yes,11
T3832,C12941,2024-07-10,2024-07-10,Billing,Medium,1,No,18
T3833,C11188,2024-08-25,2024-08-25,Technical,Medium,5,Yes,12
T3834,C12391,2024-11-02,2024-11-02,Network,Medium,1,No,10
T3835,C10111,2024-03-06,2024-03-07,Network,Medium,4,Yes,26
T3836,C14099,2024-03-01,2024-03-01,Account,Medium,4,No,5
T3837,C13565,2024-09-25,2024-09-25,Billing,Low,2,Yes,22
T3838,C12128,2024-02-06,2024-02-06,Technical,Medium,3,Yes,17
T3839,C10341,2024-06-04,2024-06-04,Account,Critical,1,Yes,11
T3840,C13517,2024-10-01,2024-10-01,Technical,Low,3,Yes,9
T3841,C13420,2024-08-19,2024-08-19,Network,Low,1,No,2
T3842,C11023,2024-12-03,2024-12-03,Account,Low,3,No,21
T3843,C14872,2024-09-25,2024-09-26,Network,High,3,Yes,29
T3844,C12610,2024-04-20,2024-04-20,Network,High,1,Yes,8
T3845,C10687,2024-11-24,2024-11-24,Network,Low,5,Yes,4
T3846,C10814,2024-04-15,2024-04-15,Technical,Medium,1,Yes,1
T3847,C13483,2024-01-23,2024-01-23,Account,Low,4,Yes,1
T3848,C14212,2024-06-01,2024-06-03,Billing,Medium,3,Yes,49
T3849,C13636,2024-02-16,2024-02-17,Billing,High,1,Yes,35
T3850,C10725,2024-05-17,2024-05-17,Billing,Critical,2,No,2
T3851,C10727,2024-07-28,2024-07-28,Account,Medium,5,Yes,9
T3852,C14764,2024-07-09,2024-07-12,Billing,Low,2,Yes,85
T3853,C12813,2024-09-21,2024-09-21,Billing,High,3,Yes,5
T3854,C14753,2024-06-07,2024-06-07,Account,High,4,Yes,5
T3855,C11157,2024-12-10,2024-12-10,Network,High,3,Yes,18
T3856,C10213,2024-05-19,2024-05-19,Billing,Low,5,Yes,17
T3857,C11933,2024-07-16,2024-07-16,Network,Low,3,Yes,1
T3858,C11937,2024-09-14,2024-09-15,Network,Medium,5,Yes,31
T3859,C10756,2024-06-23,2024-06-23,Account,Medium,5,Yes,10
T3860,C12252,2024-07-30,2024-07-30,Technical,Low,5,No,2
T3861,C12951,2024-02-24,2024-02-24,Network,High,3,Yes,6
T3862,C11975,2024-08-14,2024-08-16,Network,Low,5,Yes,63
T3863,C14810,2024-04-15,2024-04-17,Network,High,5,Yes,48
T3864,C11820,2024-02-29,2024-03-03,Billing,Low,5,Yes,95
T3865,C14327,2024-03-20,2024-03-20,Technical,Critical,3,Yes,10
T3866,C10965,2024-01-11,2024-01-11,Account,Medium,4,Yes,16
T3867,C14482,2024-12-29,2024-12-29,Network,Low,1,Yes,9
T3868,C12650,2024-08-15,2024-08-15,Network,Medium,3,Yes,14
T3869,C10720,2024-07-18,2024-07-19,Network,Low,5,Yes,31
T3870,C12430,2024-07-08,2024-07-08,Network,Low,3,Yes,12
T3871,C14611,2024-01-01,2024-01-01,Technical,Critical,4,Yes,18
T3872,C12450,2024-08-20,2024-08-20,Billing,Medium,4,Yes,16
T3873,C11565,2024-11-10,2024-11-10,Billing,Medium,2,Yes,13
T3874,C14208,2024-04-08,2024-04-08,Account,Low,2,Yes,4
T3875,C13080,2024-11-04,2024-11-04,Network,High,2,Yes,18
T3876,C13395,2024-02-28,2024-02-28,Network,Medium,3,Yes,20
T3877,C11355,2024-01-19,2024-01-19,Technical,Medium,1,No,8
T3878,C12043,2024-12-10,2024-12-10,Billing,Medium,3,No,3
T3879,C11072,2024-11-28,2024-11-29,Billing,Low,4,Yes,32
T3880,C12206,2024-09-27,2024-09-30,Network,High,5,Yes,89
T3881,C11766,2024-12-06,2024-12-06,Technical,Low,1,Yes,2
T3882,C11829,2024-08-05,2024-08-05,Technical,Low,2,Yes,7
T3883,C14419,2024-10-29,2024-10-29,Technical,Low,4,Yes,4
T3884,C11755,2024-03-16,2024-03-16,Technical,Medium,2,Yes,1
T3885,C12500,2024-12-26,2024-12-26,Billing,High,4,Yes,8
T3886,C14254,2024-01-25,2024-01-26,Technical,Critical,4,Yes,29
T3887,C14117,2024-04-18,2024-04-18,Billing,Low,5,Yes,7
T3888,C11567,2024-06-08,2024-06-08,Network,High,1,Yes,10
T3889,C12220,2024-10-26,2024-10-27,Billing,High,4,Yes,31
T3890,C11982,2024-05-31,2024-05-31,Network,Low,1,Yes,2
T3891,C14093,2024-06-18,2024-06-18,Billing,High,5,Yes,11
T3892,C13917,2024-08-05,2024-08-05,Technical,Medium,5,No,17
T3893,C10046,2024-01-10,2024-01-10,Network,Low,2,No,15
T3894,C10262,2024-07-14,2024-07-14,Billing,Low,5,No,1
T3895,C14826,2024-04-22,2024-04-22,Technical,Low,5,Yes,6
T3896,C11679,2024-12-01,2024-12-01,Network,Medium,3,Yes,10
T3897,C12463,2024-03-22,2024-03-22,Network,Low,1,Yes,16
T3898,C14713,2024-06-20,2024-06-21,Account,High,5,Yes,35
T3899,C11182,2024-09-03,2024-09-03,Technical,High,5,No,1
T3900,C13818,2024-03-09,2024-03-09,Technical,High,5,Yes,3
T3901,C14823,2024-07-02,2024-07-03,Billing,Low,5,Yes,34
T3902,C13068,2024-03-15,2024-03-15,Billing,Medium,5,Yes,6
T3903,C14296,2024-09-22,2024-09-22,Network,Low,2,No,1
T3904,C10774,2024-05-13,2024-05-13,Technical,Medium,1,Yes,16
T3905,C14862,2024-02-12,2024-02-12,Billing,High,4,No,23
T3906,C12041,2024-08-05,2024-08-05,Network,Low,4,Yes,1
T3907,C12410,2024-12-19,2024-12-19,Billing,Low,4,Yes,5
T3908,C14897,2024-09-21,2024-09-21,Technical,Low,2,No,19
T3909,C14032,2024-06-02,2024-06-02,Billing,Medium,2,Yes,8
T3910,C10111,2024-08-17,2024-08-17,Technical,High,1,Yes,6
T3911,C11321,2024-05-27,2024-05-27,Billing,Low,4,Yes,11
T3912,C11583,2024-07-03,2024-07-03,Network,Medium,3,Yes,10
T3913,C11115,2024-08-22,2024-08-22,Billing,High,4,No,18
T3914,C11270,2024-10-21,2024-10-21,Technical,Medium,5,Yes,1
T3915,C13774,2024-04-04,2024-04-04,Billing,Low,5,Yes,4
T3916,C14723,2024-06-25,2024-06-25,Technical,High,1,No,2
T3917,C12277,2024-04-18,2024-04-18,Network,Medium,4,Yes,9
T3918,C13361,2024-06-03,2024-06-03,Billing,Low,4,Yes,1
T3919,C14410,2024-10-15,2024-10-15,Billing,Low,4,Yes,1
T3920,C10708,2024-01-10,2024-01-10,Billing,Medium,2,Yes,10
T3921,C13817,2024-01-25,2024-01-28,Account,Medium,3,Yes,80
T3922,C14686,2024-04-03,2024-04-03,Billing,Low,5,Yes,9
T3923,C11743,2024-02-26,2024-02-26,Billing,Medium,1,No,11
T3924,C11581,2024-07-27,2024-07-28,Billing,Low,4,Yes,40
T3925,C11136,2024-11-08,2024-11-08,Billing,Low,3,Yes,1
T3926,C14911,2024-07-31,2024-07-31,Billing,Medium,5,Yes,13
T3927,C12876,2024-07-13,2024-07-13,Network,Medium,3,Yes,12
T3928,C13702,2024-06-21,2024-06-21,Billing,Medium,3,Yes,9
T3929,C14886,2024-01-01,2024-01-01,Technical,High,4,Yes,23
T3930,C10824,2024-10-20,2024-10-21,Network,Low,2,Yes,37
T3931,C14179,2024-09-22,2024-09-23,Technical,Medium,2,Yes,36
T3932,C14222,2024-01-17,2024-01-18,Billing,High,3,Yes,28
T3933,C13114,2024-07-22,2024-07-22,Billing,Low,2,Yes,8
T3934,C11048,2024-07-08,2024-07-09,Billing,Medium,2,Yes,25
T3935,C10059,2024-01-08,2024-01-11,Network,Medium,3,No,74
T3936,C13596,2024-11-12,2024-11-12,Network,Low,4,Yes,9
T3937,C11988,2024-11-02,2024-11-02,Technical,Low,2,Yes,4
T3938,C14049,2024-11-15,2024-11-15,Network,Medium,4,Yes,1
T3939,C10818,2024-07-06,2024-07-06,Account,Medium,4,Yes,13
T3940,C10335,2024-06-28,2024-06-28,Technical,Low,4,Yes,14
T3941,C13472,2024-12-15,2024-12-16,Account,High,3,Yes,40
T3942,C11014,2024-06-27,2024-06-28,Account,Critical,3,Yes,26
T3943,C13404,2024-04-10,2024-04-12,Technical,Medium,2,Yes,62
T3944,C13268,2024-09-29,2024-09-29,Network,Low,5,No,3
T3945,C10752,2024-01-29,2024-01-29,Billing,High,3,Yes,13
T3946,C13179,2024-11-07,2024-11-07,Network,Low,5,Yes,8
T3947,C14476,2024-08-11,2024-08-11,Network,Low,3,Yes,3
T3948,C13964,2024-08-11,2024-08-11,Technical,Critical,2,Yes,4
T3949,C11430,2024-02-29,2024-02-29,Billing,Low,1,No,1
T3950,C14709,2024-04-16,2024-04-16,Technical,Low,4,Yes,1
T3951,C12337,2024-01-10,2024-01-11,Billing,High,2,Yes,25
T3952,C12256,2024-11-28,2024-11-28,Technical,Low,1,Yes,21
T3953,C13974,2024-02-26,2024-02-27,Account,Critical,2,Yes,24
T3954,C14851,2024-07-16,2024-07-16,Network,Low,4,No,3
T3955,C12043,2024-05-02,2024-05-02,Account,Low,1,Yes,13
T3956,C12617,2024-05-10,2024-05-10,Billing,Low,5,Yes,23
T3957,C10604,2024-06-03,2024-06-07,Technical,Low,4,Yes,96
T3958,C10819,2024-11-18,2024-11-18,Account,Medium,3,Yes,16
T3959,C13147,2024-10-13,2024-10-13,Billing,Low,1,Yes,20
T3960,C14148,2024-11-26,2024-11-26,Billing,High,2,Yes,17
T3961,C11550,2024-12-05,2024-12-05,Account,High,4,No,22
T3962,C14770,2024-09-18,2024-09-18,Account,Medium,1,Yes,13
T3963,C10273,2024-10-06,2024-10-06,Network,Medium,4,Yes,5
T3964,C10509,2024-06-10,2024-06-10,Network,Low,3,Yes,6
T3965,C14757,2024-01-07,2024-01-08,Billing,Medium,3,No,36
T3966,C13111,2024-05-27,2024-05-27,Network,Low,2,Yes,21
T3967,C12889,2024-08-11,2024-08-11,Technical,High,3,Yes,1
T3968,C13022,2024-05-05,2024-05-05,Network,Critical,3,Yes,4
T3969,C12333,2024-09-10,2024-09-11,Technical,Critical,3,Yes,43
T3970,C13138,2024-02-05,2024-02-05,Account,Low,2,Yes,13
T3971,C14947,2024-06-26,2024-06-27,Technical,Medium,5,Yes,40
T3972,C13421,2024-01-01,2024-01-01,Account,Low,1,Yes,13
T3973,C14493,2024-05-06,2024-05-07,Billing,Medium,2,Yes,41
T3974,C12365,2024-09-01,2024-09-01,Billing,Medium,3,Yes,15
T3975,C13647,2024-04-22,2024-04-22,Network,Medium,3,Yes,14
T3976,C13961,2024-07-03,2024-07-04,Network,High,2,Yes,31
T3977,C11289,2024-10-24,2024-10-24,Billing,Medium,1,Yes,14
T3978,C12306,2024-07-26,2024-07-27,Account,Medium,1,Yes,30
T3979,C13909,2024-06-07,2024-06-08,Technical,Low,4,Yes,28
T3980,C10084,2024-09-19,2024-09-19,Network,High,4,No,1
T3981,C11601,2024-07-21,2024-07-22,Network,Medium,3,Yes,31
T3982,C10922,2024-03-25,2024-03-25,Billing,Low,3,Yes,14
T3983,C13259,2024-05-21,2024-05-21,Billing,Medium,3,No,15
T3984,C11635,2024-02-06,2024-02-07,Network,Medium,5,No,29
T3985,C13947,2024-05-02,2024-05-02,Account,Medium,2,Yes,3
T3986,C10464,2024-07-28,2024-07-29,Technical,Low,2,Yes,38
T3987,C13474,2024-10-24,2024-10-26,Network,Low,3,Yes,52
T3988,C12868,2024-08-20,2024-08-20,Technical,Medium,3,Yes,3
T3989,C13679,2024-10-03,2024-10-03,Network,Low,3,Yes,10
T3990,C12602,2024-07-21,2024-07-21,Technical,Low,3,Yes,19
T3991,C13846,2024-07-11,2024-07-14,Technical,Medium,3,Yes,84
T3992,C12756,2024-01-08,2024-01-08,Billing,Medium,5,Yes,7
T3993,C11096,2024-03-10,2024-03-10,Billing,High,5,Yes,12
T3994,C14092,2024-12-27,2024-12-27,Technical,Medium,4,Yes,8
T3995,C13377,2024-01-22,2024-01-22,Network,Medium,3,Yes,22
T3996,C11510,2024-07-03,2024-07-03,Technical,High,2,Yes,1
T3997,C12481,2024-04-24,2024-04-25,Technical,Medium,2,Yes,33
T3998,C12370,2024-02-18,2024-02-18,Technical,High,5,Yes,10
T3999,C14360,2024-01-27,2024-01-28,Network,Low,3,No,31
T4000,C11004,2024-09-19,2024-09-19,Account,High,4,Yes,17
T4001,C13551,2024-01-23,2024-01-25,Network,Low,1,Yes,62
T4002,C11493,2024-11-08,2024-11-08,Billing,High,2,Yes,8
T4003,C14308,2024-10-27,2024-10-27,Account,Medium,3,No,4
T4004,C13914,2024-03-01,2024-03-01,Billing,Low,3,No,1
T4005,C11259,2024-01-15,2024-01-16,Network,Low,4,Yes,33
T4006,C14801,2024-08-08,2024-08-08,Network,Medium,4,Yes,10
T4007,C13537,2024-01-04,2024-01-05,Network,High,4,No,36
T4008,C14697,2024-11-06,2024-11-06,Network,Medium,5,Yes,8
T4009,C11660,2024-12-11,2024-12-11,Billing,Medium,4,Yes,4
T4010,C10573,2024-04-06,2024-04-06,Network,Low,2,Yes,3
T4011,C12495,2024-04-04,2024-04-04,Account,Medium,2,Yes,2
T4012,C13899,2024-04-03,2024-04-03,Account,Medium,5,Yes,2
T4013,C14814,2024-11-10,2024-11-10,Billing,High,4,Yes,12
T4014,C12334,2024-07-31,2024-08-02,Network,Medium,4,No,55
T4015,C11312,2024-06-18,2024-06-18,Account,Low,2,Yes,14
T4016,C14878,2024-08-01,2024-08-01,Network,Low,3,Yes,13
T4017,C14787,2024-08-10,2024-08-10,Network,Low,2,Yes,6
T4018,C10292,2024-05-24,2024-05-24,Network,Low,3,No,15
T4019,C12643,2024-05-19,2024-05-19,Billing,Low,5,Yes,8
T4020,C12858,2024-10-16,2024-10-16,Network,Medium,2,Yes,17
T4021,C12470,2024-04-12,2024-04-13,Network,Low,5,Yes,39
T4022,C12318,2024-05-31,2024-05-31,Account,Medium,5,Yes,1
T4023,C11029,2024-02-29,2024-03-02,Billing,Medium,2,Yes,51
T4024,C12525,2024-11-28,2024-11-28,Billing,Low,2,Yes,21
T4025,C10077,2024-02-29,2024-02-29,Network,Critical,2,Yes,4
T4026,C13430,2024-12-29,2024-12-29,Network,Low,4,Yes,7
T4027,C14343,2024-05-24,2024-05-24,Billing,Medium,5,Yes,6
T4028,C10403,2024-11-28,2024-11-28,Network,Critical,1,Yes,13
T4029,C14168,2024-07-17,2024-07-18,Billing,Low,2,Yes,24
T4030,C14979,2024-05-10,2024-05-10,Technical,High,4,Yes,14
T4031,C11833,2024-08-15,2024-08-15,Billing,Medium,4,Yes,9
T4032,C13003,2024-03-15,2024-03-15,Technical,Medium,5,Yes,6
T4033,C14396,2024-01-18,2024-01-18,Technical,Medium,3,Yes,16
T4034,C10677,2024-12-11,2024-12-11,Technical,Medium,4,Yes,1
T4035,C14801,2024-09-27,2024-09-27,Billing,Low,2,No,16
T4036,C11306,2024-04-18,2024-04-18,Billing,High,4,Yes,8
T4037,C12046,2024-08-15,2024-08-15,Network,High,2,No,5
T4038,C14721,2024-12-19,2024-12-20,Technical,Low,4,Yes,43
T4039,C11995,2024-05-08,2024-05-08,Technical,Low,3,Yes,8
T4040,C12890,2024-02-08,2024-02-08,Network,Medium,2,Yes,5
T4041,C11567,2024-11-18,2024-11-18,Network,Low,3,No,21
T4042,C14308,2024-05-23,2024-05-23,Billing,Medium,1,Yes,13
T4043,C11733,2024-01-25,2024-01-25,Account,Low,4,Yes,3
T4044,C12918,2024-12-07,2024-12-07,Network,Medium,1,No,10
T4045,C10028,2024-12-03,2024-12-03,Account,High,4,No,8
T4046,C11141,2024-06-23,2024-06-26,Network,Critical,4,Yes,82
T4047,C13266,2024-01-03,2024-01-03,Billing,Medium,4,Yes,5
T4048,C11274,2024-06-29,2024-06-29,Technical,Low,1,Yes,2
T4049,C12262,2024-03-16,2024-03-16,Billing,Medium,3,Yes,5
T4050,C14566,2024-01-08,2024-01-08,Technical,Medium,3,Yes,21
T4051,C10530,2024-11-21,2024-11-21,Network,Low,5,Yes,20
T4052,C10732,2024-04-04,2024-04-05,Account,Low,4,Yes,29
T4053,C10001,2024-07-21,2024-07-23,Technical,Low,2,Yes,70
T4054,C10442,2024-02-28,2024-02-28,Billing,High,2,Yes,1
T4055,C10173,2024-07-21,2024-07-21,Account,Medium,3,Yes,5
T4056,C13190,2024-07-09,2024-07-09,Network,Low,1,No,1
T4057,C12712,2024-02-13,2024-02-13,Billing,Medium,5,Yes,16
T4058,C12022,2024-06-29,2024-06-30,Billing,Low,5,Yes,46
T4059,C10414,2024-07-28,2024-07-28,Technical,Medium,3,Yes,6
T4060,C13853,2024-05-19,2024-05-19,Technical,Low,3,Yes,6
T4061,C11987,2024-06-02,2024-06-02,Billing,Medium,2,Yes,15
T4062,C13407,2024-05-16,2024-05-17,Network,High,5,Yes,47
T4063,C10778,2024-05-02,2024-05-02,Technical,High,3,Yes,16
T4064,C14536,2024-07-26,2024-07-26,Network,Low,5,No,6
T4065,C13457,2024-03-25,2024-03-25,Billing,Medium,3,Yes,1
T4066,C11837,2024-10-13,2024-10-13,Technical,Medium,5,Yes,23
T4067,C12982,2024-02-03,2024-02-04,Network,High,4,Yes,40
T4068,C11215,2024-04-16,2024-04-16,Network,Medium,4,Yes,23
T4069,C13261,2024-10-06,2024-10-06,Account,Low,5,Yes,3
T4070,C10923,2024-10-12,2024-10-12,Billing,Low,4,Yes,13
T4071,C12321,2024-03-28,2024-03-28,Account,High,5,No,20
T4072,C10141,2024-04-05,2024-04-05,Account,Low,3,Yes,19
T4073,C11866,2024-02-06,2024-02-06,Technical,High,5,Yes,3
T4074,C12996,2024-10-19,2024-10-19,Billing,Low,2,Yes,1
T4075,C14286,2024-07-21,2024-07-21,Network,Medium,5,No,1
T4076,C13227,2024-05-17,2024-05-17,Network,High,2,Yes,14
T4077,C12098,2024-04-17,2024-04-17,Billing,Low,3,Yes,5
T4078,C10703,2024-10-15,2024-10-16,Technical,Low,3,Yes,26
T4079,C13622,2024-08-20,2024-08-20,Account,Critical,4,Yes,14
T4080,C12875,2024-09-06,2024-09-08,Network,Medium,2,Yes,60
T4081,C14171,2024-09-21,2024-09-22,Account,Low,4,Yes,45
T4082,C14287,2024-02-18,2024-02-18,Account,High,1,Yes,5
T4083,C12514,2024-11-20,2024-11-21,Account,Critical,4,Yes,38
T4084,C13924,2024-12-10,2024-12-10,Billing,Low,4,Yes,5
T4085,C11889,2024-11-29,2024-11-29,Billing,Medium,2,Yes,2
T4086,C11569,2024-07-17,2024-07-17,Technical,Medium,2,No,8
T4087,C11509,2024-07-02,2024-07-02,Technical,High,4,Yes,22
T4088,C14882,2024-11-27,2024-11-27,Network,Medium,1,Yes,7
T4089,C14946,2024-03-17,2024-03-17,Billing,Medium,3,Yes,18
T4090,C10787,2024-12-11,2024-12-13,Billing,Critical,1,Yes,70
T4091,C14232,2024-08-23,2024-08-23,Account,Low,2,Yes,6
T4092,C10102,2024-02-11,2024-02-13,Billing,Low,5,Yes,56
T4093,C10895,2024-10-07,2024-10-07,Billing,High,1,Yes,17
T4094,C10459,2024-03-18,2024-03-19,Billing,High,2,No,24
T4095,C12150,2024-05-25,2024-05-25,Network,Low,5,Yes,1
T4096,C14228,2024-08-12,2024-08-12,Billing,High,5,Yes,3
T4097,C12790,2024-05-09,2024-05-09,Technical,Medium,1,Yes,20
T4098,C14201,2024-03-20,2024-03-20,Technical,Low,4,Yes,15
T4099,C12904,2024-02-26,2024-02-26,Technical,Critical,1,Yes,1
T4100,C12757,2024-06-01,2024-06-01,Billing,Low,3,Yes,1
T4101,C11763,2024-04-18,2024-04-18,Technical,Medium,2,Yes,8
T4102,C14671,2024-03-17,2024-03-17,Network,High,3,Yes,2
T4103,C13714,2024-03-20,2024-03-20,Network,Low,5,Yes,2
T4104,C11565,2024-04-20,2024-04-20,Network,High,2,No,1
T4105,C12169,2024-10-10,2024-10-10,Account,Medium,3,Yes,3
T4106,C12345,2024-07-30,2024-07-30,Account,High,1,Yes,1
T4107,C13461,2024-05-14,2024-05-14,Billing,High,2,Yes,8
T4108,C11494,2024-06-19,2024-06-22,Network,Medium,5,Yes,87
T4109,C14047,2024-12-25,2024-12-25,Technical,Medium,5,Yes,2
T4110,C13020,2024-12-27,2024-12-27,Account,Medium,5,Yes,5
T4111,C12529,2024-04-17,2024-04-17,Technical,Low,4,Yes,3
T4112,C12014,2024-10-11,2024-10-11,Network,Critical,3,Yes,3
T4113,C14203,2024-06-01,2024-06-01,Network,High,3,Yes,11
T4114,C12099,2024-08-31,2024-08-31,Network,Low,1,Yes,17
T4115,C12560,2024-11-17,2024-11-17,Network,High,5,Yes,14
T4116,C10035,2024-01-30,2024-01-30,Network,Medium,5,Yes,10
T4117,C10898,2024-05-29,2024-05-29,Account,Medium,3,Yes,1
T4118,C14742,2024-11-08,2024-11-08,Technical,Low,4,Yes,6
T4119,C10403,2024-09-01,2024-09-01,Billing,Low,1,Yes,14
T4120,C14527,2024-03-04,2024-03-04,Billing,Low,3,Yes,5
T4121,C10919,2024-09-23,2024-09-23,Network,Low,1,Yes,10
T4122,C10105,2024-09-03,2024-09-03,Account,Critical,2,Yes,3
T4123,C10992,2024-01-23,2024-01-24,Account,High,1,Yes,46
T4124,C14891,2024-01-23,2024-01-23,Network,High,2,No,7
T4125,C13558,2024-02-04,2024-02-04,Account,Critical,4,Yes,5
T4126,C13484,2024-05-06,2024-05-06,Network,Medium,1,Yes,22
T4127,C13530,2024-08-01,2024-08-01,Network,Low,3,Yes,3
T4128,C10985,2024-10-11,2024-10-12,Network,Low,5,Yes,37
T4129,C11283,2024-10-17,2024-10-17,Technical,Low,2,No,11
T4130,C12565,2024-09-19,2024-09-19,Network,High,1,Yes,12
T4131,C12408,2024-07-31,2024-07-31,Billing,Critical,3,No,21
T4132,C10295,2024-04-13,2024-04-16,Network,Critical,4,Yes,93
T4133,C12401,2024-07-12,2024-07-12,Billing,Low,2,Yes,20
T4134,C11807,2024-11-01,2024-11-01,Billing,High,2,Yes,13
T4135,C10518,2024-10-17,2024-10-17,Technical,Medium,3,Yes,15
T4136,C14117,2024-11-17,2024-11-17,Network,Critical,4,Yes,22
T4137,C12396,2024-09-11,2024-09-11,Network,Critical,4,Yes,6
T4138,C14739,2024-07-17,2024-07-18,Technical,High,3,Yes,31
T4139,C13433,2024-01-08,2024-01-08,Network,Medium,5,Yes,6
T4140,C12127,2024-12-19,2024-12-19,Billing,Low,2,Yes,1
T4141,C10265,2024-06-24,2024-06-24,Billing,Low,4,Yes,6
T4142,C14498,2024-10-04,2024-10-04,Network,Low,4,Yes,5
T4143,C14474,2024-08-06,2024-08-06,Network,Low,4,Yes,2
T4144,C12914,2024-06-12,2024-06-12,Billing,Low,3,Yes,13
T4145,C12019,2024-08-05,2024-08-06,Network,Medium,3,Yes,27
T4146,C14122,2024-02-13,2024-02-14,Account,Low,5,Yes,29
T4147,C12583,2024-04-16,2024-04-17,Network,Medium,4,Yes,40
T4148,C13165,2024-02-23,2024-02-23,Account,Medium,5,Yes,1
T4149,C11327,2024-04-22,2024-04-25,Network,Critical,5,Yes,85
T4150,C14732,2024-05-24,2024-05-24,Billing,Medium,4,Yes,23
T4151,C10625,2024-12-20,2024-12-20,Account,Medium,2,Yes,11
T4152,C10550,2024-07-04,2024-07-04,Network,Low,3,Yes,5
T4153,C12892,2024-04-26,2024-04-26,Account,High,2,Yes,5
T4154,C13371,2024-02-13,2024-02-13,Billing,Low,4,Yes,9
T4155,C13854,2024-08-21,2024-08-21,Technical,Medium,4,Yes,5
T4156,C11504,2024-04-15,2024-04-16,Billing,Low,4,Yes,25
T4157,C10261,2024-02-25,2024-02-27,Network,Medium,3,Yes,56
T4158,C10918,2024-01-15,2024-01-20,Network,Low,4,No,138
T4159,C13558,2024-02-15,2024-02-15,Account,Medium,1,No,17
T4160,C12555,2024-05-25,2024-05-27,Network,Low,5,Yes,62
T4161,C14381,2024-08-06,2024-08-06,Billing,High,5,Yes,7
T4162,C13176,2024-10-29,2024-10-29,Account,Medium,1,Yes,2
T4163,C14705,2024-08-23,2024-08-23,Technical,Medium,4,Yes,18
T4164,C11962,2024-11-09,2024-11-11,Account,Medium,5,Yes,61
T4165,C14200,2024-06-13,2024-06-13,Technical,Medium,2,Yes,8
T4166,C12403,2024-10-08,2024-10-08,Network,Low,3,Yes,19
T4167,C10108,2024-12-27,2024-12-27,Account,Medium,2,Yes,7
T4168,C11874,2024-03-22,2024-03-22,Network,High,5,Yes,6
T4169,C14126,2024-02-27,2024-02-27,Network,Low,2,No,17
T4170,C14188,2024-12-06,2024-12-06,Technical,Low,3,No,17
T4171,C12325,2024-02-20,2024-02-20,Network,Low,5,Yes,6
T4172,C14526,2024-08-06,2024-08-06,Network,Medium,1,Yes,23
T4173,C14843,2024-05-10,2024-05-10,Technical,Medium,2,Yes,15
T4174,C11598,2024-01-25,2024-01-25,Technical,Medium,5,Yes,5
T4175,C14887,2024-07-02,2024-07-03,Billing,High,5,Yes,38
T4176,C14699,2024-08-07,2024-08-09,Account,Low,1,No,68
T4177,C14712,2024-05-05,2024-05-05,Network,Low,4,Yes,21
T4178,C14626,2024-08-31,2024-08-31,Technical,Low,2,Yes,23
T4179,C12613,2024-10-16,2024-10-16,Billing,Low,4,Yes,5
T4180,C11524,2024-07-15,2024-07-15,Network,Low,2,Yes,7
T4181,C12500,2024-03-27,2024-03-28,Account,Medium,2,Yes,28
T4182,C10341,2024-06-04,2024-06-05,Network,Critical,5,Yes,24
T4183,C10020,2024-01-29,2024-01-29,Network,Medium,2,Yes,2
T4184,C14410,2024-03-01,2024-03-01,Network,High,4,Yes,13
T4185,C10215,2024-06-24,2024-06-24,Network,Low,4,No,1
T4186,C10091,2024-05-17,2024-05-17,Network,Medium,4,Yes,5
T4187,C10992,2024-01-17,2024-01-17,Network,Medium,5,Yes,2
T4188,C13944,2024-08-12,2024-08-12,Technical,Low,5,No,7
T4189,C13257,2024-06-16,2024-06-16,Network,Medium,2,Yes,1
T4190,C12185,2024-04-10,2024-04-10,Network,High,3,Yes,8
T4191,C10465,2024-02-06,2024-02-06,Technical,Medium,2,Yes,11
T4192,C13633,2024-12-06,2024-12-07,Technical,High,3,Yes,31
T4193,C10089,2024-05-16,2024-05-18,Technical,Critical,3,Yes,70
T4194,C13107,2024-01-01,2024-01-01,Network,Low,3,Yes,15
T4195,C10851,2024-12-01,2024-12-02,Technical,Medium,5,Yes,31
T4196,C12882,2024-12-11,2024-12-11,Account,Medium,3,Yes,1
T4197,C10409,2024-11-26,2024-11-26,Network,Low,2,Yes,17
T4198,C12293,2024-01-11,2024-01-11,Network,Low,4,Yes,1
T4199,C12448,2024-11-06,2024-11-06,Billing,Medium,5,Yes,1
T4200,C11432,2024-01-21,2024-01-22,Network,High,3,Yes,35
T4201,C14269,2024-09-07,2024-09-07,Network,Low,5,Yes,7
T4202,C12485,2024-07-13,2024-07-13,Account,Critical,4,Yes,4
T4203,C13137,2024-05-21,2024-05-22,Network,Low,2,Yes,31
T4204,C10087,2024-02-01,2024-02-02,Billing,Low,2,Yes,24
T4205,C14614,2024-02-28,2024-03-01,Network,Medium,5,Yes,57
T4206,C11599,2024-09-16,2024-09-16,Billing,Medium,4,Yes,7
T4207,C14063,2024-01-19,2024-01-20,Billing,Low,4,Yes,31
T4208,C11798,2024-04-28,2024-04-29,Network,High,4,Yes,24
T4209,C13778,2024-10-27,2024-10-29,Network,High,2,Yes,52
T4210,C12414,2024-03-12,2024-03-12,Billing,High,1,No,9
T4211,C13551,2024-11-16,2024-11-16,Technical,Medium,4,Yes,7
T4212,C12964,2024-10-18,2024-10-20,Account,Medium,4,Yes,69
T4213,C11770,2024-10-12,2024-10-12,Network,Low,3,Yes,4
T4214,C12653,2024-03-04,2024-03-07,Network,Medium,2,Yes,92
T4215,C13895,2024-06-02,2024-06-02,Network,Low,2,Yes,18
T4216,C12741,2024-03-16,2024-03-16,Technical,Low,5,Yes,18
T4217,C10810,2024-05-29,2024-05-29,Network,Low,5,No,12
T4218,C13790,2024-01-11,2024-01-12,Billing,High,4,Yes,35
T4219,C12307,2024-08-26,2024-08-26,Network,Medium,4,Yes,21
T4220,C14952,2024-11-06,2024-11-06,Network,High,2,Yes,6
T4221,C14395,2024-08-27,2024-08-28,Network,Medium,4,Yes,33
T4222,C13248,2024-12-13,2024-12-14,Network,High,4,Yes,34
T4223,C12367,2024-02-17,2024-02-17,Network,High,2,Yes,20
T4224,C12847,2024-03-11,2024-03-11,Network,Low,1,Yes,1
T4225,C10618,2024-08-22,2024-08-22,Technical,Medium,4,No,3
T4226,C10873,2024-10-15,2024-10-15,Network,Low,4,No,1
T4227,C14349,2024-11-07,2024-11-08,Account,High,3,Yes,33
T4228,C10351,2024-05-29,2024-05-29,Account,Low,1,Yes,16
T4229,C11620,2024-10-15,2024-10-15,Network,Medium,4,Yes,1
T4230,C14341,2024-02-21,2024-02-22,Technical,High,4,Yes,43
T4231,C14059,2024-03-29,2024-03-30,Billing,Medium,4,Yes,40
T4232,C14569,2024-08-10,2024-08-10,Billing,Low,3,Yes,22
T4233,C14875,2024-10-26,2024-10-27,Network,Low,1,Yes,45
T4234,C14724,2024-12-10,2024-12-11,Network,Low,5,Yes,26
T4235,C14723,2024-12-03,2024-12-03,Technical,Low,1,Yes,6
T4236,C12662,2024-10-24,2024-10-24,Technical,Low,2,Yes,1
T4237,C13698,2024-11-19,2024-11-20,Technical,High,5,No,26
T4238,C10491,2024-11-06,2024-11-06,Technical,High,4,Yes,2
T4239,C12696,2024-07-24,2024-07-24,Technical,High,4,Yes,1
T4240,C11993,2024-07-02,2024-07-02,Network,Medium,5,Yes,4
T4241,C10077,2024-09-18,2024-09-18,Account,Low,2,Yes,1
T4242,C14182,2024-08-04,2024-08-04,Technical,Low,1,Yes,4
T4243,C12073,2024-04-07,2024-04-07,Billing,Critical,3,Yes,8
T4244,C12470,2024-12-01,2024-12-01,Network,High,4,Yes,6
T4245,C14526,2024-03-03,2024-03-03,Account,Low,3,Yes,16
T4246,C12448,2024-02-17,2024-02-17,Billing,Low,4,Yes,17
T4247,C12970,2024-06-26,2024-06-26,Network,Low,4,No,12
T4248,C13067,2024-03-13,2024-03-13,Network,Medium,2,Yes,2
T4249,C13750,2024-05-30,2024-06-02,Billing,Low,4,Yes,80
T4250,C11702,2024-04-11,2024-04-12,Account,Medium,3,Yes,24
T4251,C11864,2024-07-18,2024-07-18,Network,Critical,5,Yes,18
T4252,C13812,2024-04-30,2024-05-01,Billing,Medium,3,No,24
T4253,C12350,2024-10-05,2024-10-05,Network,Critical,4,No,9
T4254,C12591,2024-11-29,2024-11-29,Technical,Medium,3,Yes,7
T4255,C10912,2024-10-12,2024-10-12,Network,Medium,4,Yes,1
T4256,C10593,2024-06-02,2024-06-02,Network,Low,4,Yes,21
T4257,C10552,2024-11-09,2024-11-09,Technical,Medium,3,Yes,6
T4258,C13099,2024-08-25,2024-08-25,Network,Medium,5,Yes,18
T4259,C12246,2024-08-06,2024-08-06,Billing,Low,5,Yes,16
T4260,C12321,2024-04-17,2024-04-17,Network,Low,1,Yes,17
T4261,C14535,2024-10-13,2024-10-13,Billing,Medium,3,Yes,7
T4262,C14596,2024-02-13,2024-02-13,Billing,Low,4,Yes,4
T4263,C14281,2024-08-12,2024-08-12,Billing,Medium,2,Yes,22
T4264,C11895,2024-01-30,2024-01-30,Billing,High,5,Yes,23
T4265,C11354,2024-08-29,2024-09-04,Account,Medium,4,Yes,146
T4266,C12572,2024-03-18,2024-03-18,Billing,Low,4,Yes,1
T4267,C11941,2024-01-26,2024-01-26,Network,Critical,3,Yes,1
T4268,C14079,2024-08-29,2024-08-29,Billing,Low,4,Yes,14
T4269,C14849,2024-10-14,2024-10-14,Billing,Low,1,Yes,1
T4270,C12683,2024-02-03,2024-02-03,Billing,High,2,Yes,4
T4271,C14916,2024-10-11,2024-10-14,Network,High,3,Yes,80
T4272,C14826,2024-03-27,2024-03-27,Technical,High,4,No,8
T4273,C14841,2024-10-10,2024-10-10,Account,Medium,1,Yes,8
T4274,C13529,2024-05-21,2024-05-21,Network,High,5,Yes,16
T4275,C13387,2024-01-20,2024-01-20,Network,High,2,No,18
T4276,C11614,2024-12-21,2024-12-24,Account,Low,3,Yes,91
T4277,C14722,2024-11-06,2024-11-07,Network,Medium,2,Yes,33
T4278,C14031,2024-07-12,2024-07-12,Network,High,2,No,3
T4279,C12120,2024-06-22,2024-06-24,Billing,Medium,4,Yes,57
T4280,C12346,2024-11-29,2024-11-29,Billing,Low,4,Yes,8
T4281,C13034,2024-05-26,2024-05-26,Network,Low,5,No,1
T4282,C10554,2024-10-18,2024-10-18,Billing,Low,1,Yes,13
T4283,C13577,2024-02-11,2024-02-11,Network,High,1,Yes,4
T4284,C10343,2024-11-28,2024-11-28,Network,High,5,Yes,2
T4285,C10423,2024-09-05,2024-09-06,Technical,High,2,Yes,45
T4286,C12401,2024-09-05,2024-09-06,Billing,Medium,5,Yes,33
T4287,C11053,2024-03-06,2024-03-06,Billing,High,4,Yes,17
T4288,C12127,2024-06-04,2024-06-04,Account,Low,2,Yes,5
T4289,C13111,2024-08-25,2024-08-25,Billing,Medium,5,Yes,4
T4290,C10048,2024-02-15,2024-02-15,Technical,Medium,4,Yes,22
T4291,C14640,2024-04-05,2024-04-05,Account,High,1,Yes,6
T4292,C10284,2024-05-29,2024-05-29,Billing,Medium,4,Yes,21
T4293,C12264,2024-11-09,2024-11-09,Network,Low,3,Yes,9
T4294,C10950,2024-11-08,2024-11-08,Billing,Critical,5,Yes,18
T4295,C13402,2024-02-19,2024-02-19,Billing,High,5,Yes,6
T4296,C10487,2024-02-14,2024-02-14,Network,Low,1,Yes,1
T4297,C10017,2024-02-13,2024-02-14,Network,Medium,5,Yes,26
T4298,C12323,2024-11-07,2024-11-07,Billing,Medium,4,Yes,21
T4299,C14728,2024-09-24,2024-09-26,Technical,Medium,4,Yes,50
T4300,C11408,2024-10-18,2024-10-18,Technical,Critical,3,Yes,14
T4301,C13393,2024-11-28,2024-11-28,Network,High,5,Yes,6
T4302,C12120,2024-08-31,2024-08-31,Billing,Low,1,Yes,1
T4303,C12300,2024-04-28,2024-04-28,Account,Low,4,Yes,23
T4304,C10543,2024-02-07,2024-02-07,Billing,Critical,4,Yes,1
T4305,C11289,2024-11-07,2024-11-07,Network,High,2,Yes,5
T4306,C12731,2024-06-24,2024-06-25,Billing,Critical,3,Yes,42
T4307,C11161,2024-01-21,2024-01-21,Billing,Critical,4,Yes,19
T4308,C12725,2024-08-26,2024-08-27,Billing,Low,3,Yes,25
T4309,C12563,2024-08-28,2024-08-28,Network,High,5,Yes,9
T4310,C14602,2024-04-14,2024-04-14,Technical,High,5,Yes,14
T4311,C11558,2024-05-12,2024-05-12,Billing,Low,1,Yes,8
T4312,C12712,2024-03-12,2024-03-12,Billing,Medium,1,Yes,1
T4313,C10343,2024-01-14,2024-01-15,Billing,Low,4,Yes,32
T4314,C14174,2024-06-08,2024-06-08,Billing,Critical,3,No,19
T4315,C11190,2024-04-16,2024-04-17,Network,Critical,4,Yes,25
T4316,C14226,2024-05-01,2024-05-01,Billing,Low,4,Yes,11
T4317,C11402,2024-02-10,2024-02-10,Technical,Medium,2,No,1
T4318,C12021,2024-03-21,2024-03-21,Billing,Medium,2,Yes,6
T4319,C11852,2024-08-01,2024-08-01,Billing,Low,5,Yes,1
T4320,C12280,2024-09-11,2024-09-11,Account,High,5,Yes,14
T4321,C11520,2024-11-15,2024-11-15,Network,High,1,Yes,13
T4322,C11675,2024-04-28,2024-04-28,Network,Low,3,Yes,2
T4323,C14839,2024-06-06,2024-06-06,Network,Medium,3,Yes,14
T4324,C14727,2024-05-27,2024-05-27,Account,High,1,Yes,7
T4325,C11277,2024-02-28,2024-02-28,Billing,Medium,4,Yes,2
T4326,C13865,2024-01-22,2024-01-23,Network,Medium,1,Yes,28
T4327,C11061,2024-07-30,2024-07-30,Technical,Medium,2,Yes,3
T4328,C12477,2024-10-11,2024-10-13,Network,Medium,5,No,56
T4329,C14339,2024-12-08,2024-12-09,Network,Medium,5,Yes,28
T4330,C12025,2024-01-24,2024-01-24,Technical,Critical,3,Yes,9
T4331,C11307,2024-09-22,2024-09-22,Billing,Medium,2,Yes,2
T4332,C12095,2024-03-04,2024-03-04,Billing,High,5,Yes,1
T4333,C10618,2024-09-24,2024-09-25,Network,Low,4,Yes,25
T4334,C10104,2024-02-14,2024-02-17,Billing,Low,5,Yes,82
T4335,C14307,2024-02-04,2024-02-04,Billing,Low,5,Yes,13
T4336,C12572,2024-08-25,2024-08-25,Billing,Medium,1,Yes,14
T4337,C14383,2024-09-30,2024-09-30,Billing,Medium,4,Yes,19
T4338,C11545,2024-03-05,2024-03-05,Network,High,1,Yes,22
T4339,C14311,2024-12-30,2024-12-30,Billing,Medium,4,Yes,17
T4340,C11357,2024-12-07,2024-12-09,Network,Low,1,Yes,68
T4341,C12637,2024-03-31,2024-03-31,Technical,Medium,4,Yes,19
T4342,C14171,2024-05-28,2024-05-28,Billing,Medium,2,Yes,12
T4343,C14399,2024-05-01,2024-05-01,Account,Low,3,No,16
T4344,C12337,2024-01-08,2024-01-09,Network,High,2,Yes,43
T4345,C13217,2024-01-01,2024-01-01,Billing,Critical,4,Yes,12
T4346,C12265,2024-05-18,2024-05-21,Technical,Low,4,Yes,73
T4347,C14735,2024-07-17,2024-07-17,Technical,Medium,4,Yes,13
T4348,C14465,2024-07-29,2024-07-29,Network,High,1,Yes,17
T4349,C10127,2024-12-11,2024-12-11,Technical,Medium,4,Yes,5
T4350,C14624,2024-04-20,2024-04-20,Network,Low,2,Yes,6
T4351,C12342,2024-07-15,2024-07-16,Account,High,5,Yes,33
T4352,C11599,2024-02-15,2024-02-15,Billing,Medium,4,Yes,5
T4353,C13023,2024-06-24,2024-06-24,Technical,Medium,5,Yes,1
T4354,C12949,2024-02-10,2024-02-11,Network,Critical,3,No,38
T4355,C12277,2024-01-06,2024-01-08,Network,Critical,4,Yes,56
T4356,C12263,2024-06-14,2024-06-15,Network,High,3,Yes,25
T4357,C14712,2024-03-13,2024-03-15,Network,Medium,3,Yes,68
T4358,C13275,2024-07-22,2024-07-22,Network,Low,4,Yes,16
T4359,C12471,2024-07-16,2024-07-16,Billing,Low,2,No,8
T4360,C12783,2024-05-15,2024-05-15,Network,Medium,5,Yes,4
T4361,C11591,2024-09-01,2024-09-03,Billing,High,1,Yes,61
T4362,C14910,2024-08-03,2024-08-03,Billing,Low,2,Yes,11
T4363,C13867,2024-08-10,2024-08-10,Billing,Medium,3,Yes,22
T4364,C12516,2024-06-21,2024-06-21,Billing,Low,5,No,19
T4365,C12373,2024-04-22,2024-04-22,Technical,Low,4,Yes,15
T4366,C11211,2024-07-03,2024-07-04,Network,High,1,Yes,28
T4367,C13732,2024-11-10,2024-11-10,Account,Medium,5,Yes,1
T4368,C13932,2024-02-03,2024-02-04,Network,Medium,1,Yes,25
T4369,C12062,2024-01-22,2024-01-23,Billing,Medium,4,Yes,29
T4370,C12828,2024-11-08,2024-11-09,Network,Low,2,Yes,28
T4371,C14142,2024-04-15,2024-04-15,Network,Medium,3,No,14
T4372,C11336,2024-06-05,2024-06-05,Billing,Medium,1,Yes,15
T4373,C14772,2024-10-11,2024-10-13,Network,Low,5,Yes,54
T4374,C10200,2024-02-10,2024-02-10,Billing,Critical,1,Yes,1
T4375,C14700,2024-11-21,2024-11-22,Technical,Low,1,Yes,34
T4376,C10173,2024-12-20,2024-12-20,Network,Medium,4,Yes,4
T4377,C11127,2024-06-13,2024-06-13,Account,High,5,Yes,19
T4378,C12340,2024-12-30,2024-12-30,Network,High,5,Yes,1
T4379,C10563,2024-09-28,2024-09-28,Network,Low,3,Yes,4
T4380,C13624,2024-11-23,2024-11-23,Billing,Medium,1,No,6
T4381,C12250,2024-08-27,2024-08-27,Account,Medium,5,Yes,1
T4382,C11447,2024-12-05,2024-12-05,Account,Low,5,No,13
T4383,C14939,2024-11-28,2024-11-29,Network,Medium,5,No,42
T4384,C10837,2024-02-27,2024-02-27,Billing,Low,3,Yes,6
T4385,C12959,2024-04-27,2024-04-27,Technical,Low,5,Yes,22
T4386,C12486,2024-04-15,2024-04-16,Network,Low,4,Yes,38
T4387,C14266,2024-04-26,2024-04-26,Account,Medium,5,Yes,9
T4388,C14119,2024-01-13,2024-01-13,Technical,High,5,Yes,7
T4389,C11919,2024-07-01,2024-07-01,Billing,Medium,2,Yes,21
T4390,C11195,2024-08-09,2024-08-09,Technical,Low,2,Yes,16
T4391,C11743,2024-01-12,2024-01-12,Account,Low,1,Yes,8
T4392,C11008,2024-08-08,2024-08-08,Technical,Medium,4,Yes,19
T4393,C10327,2024-12-30,2024-12-30,Technical,High,3,Yes,11
T4394,C10411,2024-10-28,2024-10-28,Network,Low,2,Yes,18
T4395,C10353,2024-04-01,2024-04-01,Network,High,3,Yes,19
T4396,C12833,2024-06-08,2024-06-08,Technical,Low,3,Yes,15
T4397,C14968,2024-04-24,2024-04-25,Network,Medium,1,Yes,39
T4398,C10077,2024-08-07,2024-08-08,Technical,Medium,4,Yes,25
T4399,C14136,2024-03-16,2024-03-16,Billing,High,3,No,19
T4400,C10184,2024-07-17,2024-07-17,Billing,Low,4,Yes,1
T4401,C10814,2024-06-22,2024-06-22,Billing,High,2,Yes,2
T4402,C11746,2024-07-05,2024-07-05,Billing,High,4,No,1
T4403,C12663,2024-01-28,2024-02-01,Technical,Medium,3,No,96
T4404,C10540,2024-03-15,2024-03-15,Network,Low,3,Yes,17
T4405,C14811,2024-01-17,2024-01-17,Network,High,5,Yes,7
T4406,C12658,2024-10-14,2024-10-14,Technical,Medium,2,Yes,14
T4407,C13811,2024-08-04,2024-08-04,Network,Low,4,Yes,1
T4408,C12546,2024-05-15,2024-05-15,Network,Low,2,Yes,17
T4409,C10057,2024-04-24,2024-04-24,Billing,Medium,1,Yes,17
T4410,C14185,2024-09-12,2024-09-14,Network,Medium,4,Yes,68
T4411,C10803,2024-05-13,2024-05-13,Account,High,3,Yes,5
T4412,C14564,2024-04-05,2024-04-07,Billing,Medium,4,No,54
T4413,C12501,2024-07-22,2024-07-22,Technical,Medium,3,Yes,9
T4414,C12131,2024-04-21,2024-04-24,Network,Low,4,Yes,72
T4415,C11367,2024-06-15,2024-06-15,Account,High,5,Yes,9
T4416,C14294,2024-05-01,2024-05-02,Billing,Medium,3,No,33
T4417,C11943,2024-10-15,2024-10-16,Technical,Medium,5,No,31
T4418,C12485,2024-05-13,2024-05-13,Technical,Low,1,Yes,6
T4419,C13405,2024-10-17,2024-10-18,Billing,Low,1,Yes,29
T4420,C14914,2024-08-02,2024-08-02,Network,Critical,4,Yes,16
T4421,C13652,2024-04-13,2024-04-13,Account,High,5,Yes,15
T4422,C10222,2024-06-13,2024-06-14,Network,Low,5,Yes,27
T4423,C12144,2024-10-21,2024-10-23,Account,Low,5,Yes,56
T4424,C10440,2024-11-09,2024-11-09,Billing,Critical,5,Yes,9
T4425,C10525,2024-01-29,2024-01-29,Network,High,2,Yes,13
T4426,C13852,2024-07-24,2024-07-25,Network,Medium,1,Yes,32
T4427,C11760,2024-01-31,2024-01-31,Network,Low,3,Yes,16
T4428,C14939,2024-10-23,2024-10-24,Account,Medium,5,Yes,47
T4429,C13178,2024-09-25,2024-09-25,Technical,Medium,2,Yes,21
T4430,C13866,2024-08-28,2024-08-29,Billing,High,5,Yes,27
T4431,C14427,2024-03-15,2024-03-16,Network,Low,4,Yes,27
T4432,C10855,2024-04-26,2024-04-27,Billing,High,3,Yes,29
T4433,C14494,2024-06-15,2024-06-15,Network,Low,3,Yes,7
T4434,C11763,2024-12-18,2024-12-18,Network,Medium,2,Yes,1
T4435,C12624,2024-03-11,2024-03-11,Technical,Medium,4,Yes,17
T4436,C13149,2024-06-29,2024-06-29,Technical,High,3,No,11
T4437,C11039,2024-08-30,2024-08-30,Network,Medium,4,Yes,16
T4438,C12131,2024-05-06,2024-05-06,Network,Medium,5,Yes,8
T4439,C14887,2024-05-14,2024-05-14,Technical,High,2,Yes,17
T4440,C14183,2024-07-22,2024-07-22,Network,High,5,Yes,4
T4441,C10416,2024-10-21,2024-10-21,Billing,Low,5,Yes,19
T4442,C14601,2024-10-09,2024-10-09,Billing,Medium,3,Yes,6
T4443,C12065,2024-01-09,2024-01-09,Network,Medium,5,Yes,1
T4444,C13580,2024-12-15,2024-12-16,Billing,Low,3,Yes,28
T4445,C11718,2024-09-04,2024-09-06,Account,High,5,Yes,58
T4446,C10972,2024-08-09,2024-08-09,Billing,Low,4,No,7
T4447,C13733,2024-02-27,2024-02-27,Network,High,3,Yes,15
T4448,C12608,2024-09-03,2024-09-04,Network,Low,3,Yes,26
T4449,C10399,2024-01-19,2024-01-19,Technical,Medium,1,Yes,8
T4450,C12838,2024-02-02,2024-02-02,Network,High,5,Yes,19
T4451,C11898,2024-07-23,2024-07-23,Technical,Low,5,Yes,18
T4452,C14333,2024-12-16,2024-12-18,Billing,Medium,4,Yes,51
T4453,C10472,2024-10-09,2024-10-09,Account,Critical,5,No,4
T4454,C10795,2024-04-10,2024-04-11,Account,High,4,Yes,38
T4455,C12247,2024-05-03,2024-05-04,Billing,Medium,2,No,29
T4456,C12712,2024-01-29,2024-02-01,Network,Medium,4,Yes,73
T4457,C14487,2024-08-24,2024-08-24,Technical,Critical,2,Yes,6
T4458,C14823,2024-04-19,2024-04-20,Billing,Medium,2,Yes,46
T4459,C14007,2024-11-09,2024-11-09,Network,Medium,4,Yes,1
T4460,C11083,2024-06-28,2024-06-28,Billing,Medium,1,No,12
T4461,C12300,2024-07-18,2024-07-18,Account,Medium,1,Yes,13
T4462,C10038,2024-05-01,2024-05-01,Network,Low,3,Yes,1
T4463,C14749,2024-05-28,2024-05-28,Technical,Medium,1,No,14
T4464,C14537,2024-01-16,2024-01-16,Technical,Critical,3,Yes,8
T4465,C10354,2024-09-16,2024-09-17,Account,Low,4,Yes,34
T4466,C13008,2024-04-01,2024-04-02,Account,Low,1,Yes,27
T4467,C13850,2024-04-17,2024-04-17,Technical,Medium,4,Yes,1
T4468,C13985,2024-11-21,2024-11-21,Network,Low,3,Yes,7
T4469,C12339,2024-03-16,2024-03-16,Technical,High,1,Yes,10
T4470,C13109,2024-03-26,2024-03-26,Technical,Low,4,Yes,20
T4471,C13143,2024-09-06,2024-09-06,Billing,Medium,5,Yes,6
T4472,C14969,2024-06-14,2024-06-14,Billing,Low,3,Yes,2
T4473,C12648,2024-05-13,2024-05-13,Billing,High,4,Yes,5
T4474,C14344,2024-03-17,2024-03-17,Network,High,5,Yes,8
T4475,C13915,2024-01-30,2024-01-31,Technical,High,3,Yes,38
T4476,C10224,2024-11-18,2024-11-18,Technical,Medium,2,No,6
T4477,C13164,2024-11-18,2024-11-18,Billing,Medium,2,Yes,3
T4478,C12172,2024-10-11,2024-10-11,Billing,Low,1,Yes,8
T4479,C13369,2024-11-01,2024-11-03,Account,Low,3,Yes,52
T4480,C14688,2024-05-16,2024-05-16,Billing,Low,4,Yes,9
T4481,C11809,2024-05-25,2024-05-25,Account,High,2,Yes,3
T4482,C10578,2024-09-14,2024-09-14,Account,Low,1,Yes,6
T4483,C14581,2024-03-25,2024-03-26,Network,Low,5,No,38
T4484,C10875,2024-12-20,2024-12-21,Account,Critical,5,Yes,31
T4485,C10979,2024-06-15,2024-06-15,Account,Medium,3,Yes,6
T4486,C11934,2024-04-02,2024-04-02,Network,Low,1,Yes,9
T4487,C14117,2024-10-07,2024-10-07,Billing,Low,2,Yes,19
T4488,C13588,2024-09-23,2024-09-23,Network,Low,5,Yes,7
T4489,C10346,2024-05-06,2024-05-06,Account,Low,1,Yes,3
T4490,C10973,2024-11-23,2024-11-23,Network,High,5,Yes,6
T4491,C11107,2024-01-22,2024-01-26,Network,Critical,3,No,99
T4492,C11857,2024-11-27,2024-11-27,Billing,Medium,4,No,15
T4493,C14084,2024-01-28,2024-01-28,Network,Critical,4,Yes,2
T4494,C14335,2024-07-09,2024-07-09,Network,Medium,1,Yes,1
T4495,C10108,2024-12-09,2024-12-10,Technical,Medium,5,Yes,32
T4496,C12765,2024-04-08,2024-04-08,Technical,Medium,4,Yes,4
T4497,C14532,2024-09-11,2024-09-12,Billing,High,5,Yes,30
T4498,C12894,2024-07-01,2024-07-01,Network,Low,4,Yes,17
T4499,C14929,2024-03-20,2024-03-21,Technical,Medium,3,Yes,43
T4500,C11363,2024-02-21,2024-02-23,Network,Low,2,No,49
T4501,C14135,2024-04-11,2024-04-12,Billing,Low,3,Yes,45
T4502,C11945,2024-02-11,2024-02-12,Technical,Low,3,No,39
T4503,C11096,2024-11-06,2024-11-06,Billing,Low,1,Yes,16
T4504,C13379,2024-12-19,2024-12-19,Technical,Low,2,Yes,18
T4505,C12711,2024-01-14,2024-01-18,Network,Critical,2,Yes,113
T4506,C13571,2024-11-16,2024-11-16,Network,Medium,5,Yes,8
T4507,C13527,2024-01-26,2024-01-26,Billing,High,2,Yes,2
T4508,C11992,2024-05-19,2024-05-19,Network,High,2,Yes,4
T4509,C14983,2024-11-14,2024-11-14,Technical,Low,1,Yes,12
T4510,C11857,2024-10-22,2024-10-22,Account,Low,4,Yes,2
T4511,C11294,2024-05-06,2024-05-08,Network,Medium,3,Yes,60
T4512,C14923,2024-08-16,2024-08-16,Network,Medium,4,Yes,6
T4513,C11037,2024-10-11,2024-10-11,Network,Medium,1,Yes,20
T4514,C11443,2024-06-17,2024-06-18,Technical,Critical,1,Yes,31
T4515,C13404,2024-05-23,2024-05-25,Technical,High,5,Yes,57
T4516,C11347,2024-01-31,2024-02-01,Technical,Critical,5,Yes,41
T4517,C12346,2024-10-18,2024-10-18,Network,Low,4,Yes,1
T4518,C11586,2024-01-24,2024-01-24,Network,Medium,5,Yes,1
T4519,C11158,2024-03-17,2024-03-19,Network,Medium,1,Yes,52
T4520,C10272,2024-12-30,2025-01-01,Network,Medium,4,Yes,49
T4521,C13542,2024-01-04,2024-01-04,Network,Critical,3,Yes,8
T4522,C14938,2024-10-06,2024-10-08,Network,High,1,No,69
T4523,C12526,2024-06-18,2024-06-18,Technical,Medium,4,Yes,9
T4524,C10503,2024-12-08,2024-12-09,Technical,High,2,No,43
T4525,C10674,2024-07-04,2024-07-04,Network,High,3,Yes,17
T4526,C10419,2024-05-12,2024-05-12,Account,High,4,Yes,21
T4527,C10521,2024-05-06,2024-05-06,Billing,Low,2,Yes,7
T4528,C13348,2024-02-03,2024-02-03,Network,Low,4,Yes,10
T4529,C13992,2024-08-30,2024-08-30,Network,Medium,3,Yes,18
T4530,C14646,2024-07-09,2024-07-15,Billing,Critical,4,Yes,157
T4531,C13045,2024-03-23,2024-03-24,Network,Low,3,Yes,25
T4532,C13736,2024-12-25,2024-12-28,Technical,Low,4,No,80
T4533,C11188,2024-04-09,2024-04-09,Network,High,4,No,11
T4534,C12824,2024-09-24,2024-09-27,Network,Low,4,Yes,88
T4535,C12568,2024-07-22,2024-07-22,Technical,Low,2,Yes,3
T4536,C12260,2024-08-17,2024-08-17,Network,Low,4,Yes,1
T4537,C14467,2024-10-06,2024-10-06,Billing,Medium,5,Yes,11
T4538,C11787,2024-09-14,2024-09-14,Billing,Medium,2,No,10
T4539,C14529,2024-12-11,2024-12-11,Billing,Medium,5,Yes,1
T4540,C12989,2024-04-20,2024-04-20,Network,Low,1,Yes,1
T4541,C12294,2024-05-03,2024-05-03,Network,Critical,3,No,1
T4542,C12424,2024-02-07,2024-02-07,Network,Medium,5,Yes,23
T4543,C11546,2024-01-02,2024-01-02,Technical,High,4,Yes,16
T4544,C14708,2024-09-06,2024-09-07,Network,Low,2,Yes,29
T4545,C14517,2024-05-09,2024-05-09,Account,Medium,3,Yes,21
T4546,C13256,2024-06-27,2024-06-27,Account,Medium,5,Yes,5
T4547,C13102,2024-10-01,2024-10-01,Network,Medium,1,Yes,13
T4548,C11898,2024-10-23,2024-10-24,Network,Low,3,Yes,33
T4549,C12701,2024-10-27,2024-10-27,Network,Medium,3,Yes,17
T4550,C13173,2024-11-04,2024-11-07,Billing,Low,2,No,85
T4551,C11273,2024-10-07,2024-10-07,Network,High,3,No,15
T4552,C13966,2024-09-29,2024-09-29,Account,Medium,1,Yes,23
T4553,C14600,2024-09-10,2024-09-10,Network,Low,1,Yes,1
T4554,C13448,2024-04-30,2024-04-30,Network,Medium,1,Yes,20
T4555,C12139,2024-01-04,2024-01-04,Network,Medium,4,Yes,3
T4556,C14212,2024-08-29,2024-08-29,Network,High,4,No,1
T4557,C14670,2024-02-16,2024-02-16,Network,High,3,Yes,21
T4558,C13035,2024-03-18,2024-03-18,Billing,Low,4,Yes,1
T4559,C13898,2024-08-29,2024-08-29,Technical,Medium,4,No,1
T4560,C14674,2024-04-14,2024-04-14,Account,Medium,3,Yes,23
T4561,C10603,2024-09-13,2024-09-13,Account,Medium,4,Yes,12
T4562,C14442,2024-01-10,2024-01-10,Billing,High,2,Yes,12
T4563,C13843,2024-05-18,2024-05-18,Billing,Medium,5,Yes,10
T4564,C12545,2024-04-18,2024-04-18,Technical,High,4,Yes,19
T4565,C13483,2024-09-14,2024-09-14,Network,Medium,3,Yes,7
T4566,C14159,2024-09-27,2024-09-27,Network,Medium,4,Yes,5
T4567,C11195,2024-11-26,2024-11-26,Billing,Medium,4,Yes,18
T4568,C14433,2024-02-05,2024-02-05,Network,Medium,3,Yes,1
T4569,C10393,2024-02-01,2024-02-01,Network,High,5,Yes,22
T4570,C11778,2024-12-06,2024-12-06,Network,Medium,1,Yes,7
T4571,C10879,2024-07-04,2024-07-04,Network,Medium,3,Yes,3
T4572,C14083,2024-05-19,2024-05-19,Account,Low,2,Yes,16
T4573,C12951,2024-05-04,2024-05-04,Network,Low,4,Yes,16
T4574,C12562,2024-04-17,2024-04-17,Billing,High,3,Yes,8
T4575,C12776,2024-11-21,2024-11-21,Network,Medium,1,Yes,1
T4576,C14925,2024-01-14,2024-01-14,Technical,Low,1,No,9
T4577,C13297,2024-11-20,2024-11-21,Technical,High,3,No,37
T4578,C12389,2024-10-21,2024-10-21,Network,Low,4,Yes,7
T4579,C13685,2024-02-13,2024-02-13,Network,High,5,Yes,14
T4580,C12838,2024-05-05,2024-05-05,Technical,Low,4,No,6
T4581,C13416,2024-09-05,2024-09-05,Billing,Medium,5,Yes,8
T4582,C10763,2024-10-01,2024-10-01,Network,Low,4,Yes,3
T4583,C11907,2024-03-27,2024-03-27,Network,Medium,2,Yes,14
T4584,C11881,2024-03-10,2024-03-10,Network,Low,1,Yes,16
T4585,C14812,2024-10-06,2024-10-07,Technical,High,3,Yes,29
T4586,C11217,2024-12-08,2024-12-08,Network,Low,4,Yes,5
T4587,C13542,2024-11-08,2024-11-08,Billing,Low,3,Yes,16
T4588,C12486,2024-04-18,2024-04-18,Technical,High,2,Yes,5
T4589,C13808,2024-05-27,2024-05-27,Billing,Medium,5,Yes,4
T4590,C13444,2024-10-03,2024-10-04,Network,Medium,4,Yes,40
T4591,C13733,2024-10-10,2024-10-10,Billing,Medium,5,Yes,6
T4592,C11099,2024-02-23,2024-02-23,Technical,Low,4,Yes,3
T4593,C12162,2024-10-06,2024-10-06,Network,Medium,1,Yes,6
T4594,C10327,2024-09-30,2024-09-30,Network,High,2,Yes,21
T4595,C13640,2024-04-06,2024-04-06,Billing,Medium,3,No,2
T4596,C12458,2024-07-26,2024-07-31,Network,Low,5,Yes,137
T4597,C11858,2024-09-22,2024-09-22,Account,High,5,No,7
T4598,C14731,2024-12-26,2024-12-27,Network,High,4,Yes,26
T4599,C14467,2024-10-27,2024-10-27,Account,Medium,5,No,20
T4600,C14711,2024-03-10,2024-03-10,Billing,Medium,3,Yes,6
T4601,C13735,2024-05-09,2024-05-09,Network,Medium,4,Yes,18
T4602,C12120,2024-01-19,2024-01-19,Technical,Low,2,No,17
T4603,C14386,2024-03-28,2024-03-29,Billing,Medium,5,Yes,35
T4604,C10006,2024-09-08,2024-09-09,Network,High,5,Yes,25
T4605,C14395,2024-01-17,2024-01-17,Network,Medium,3,Yes,10
T4606,C10522,2024-11-10,2024-11-11,Technical,Low,3,Yes,46
T4607,C10946,2024-07-20,2024-07-21,Technical,Medium,3,No,30
T4608,C11860,2024-04-25,2024-04-25,Network,Low,1,Yes,4
T4609,C14415,2024-06-15,2024-06-15,Network,High,4,No,1
T4610,C13269,2024-10-11,2024-10-12,Billing,Medium,3,Yes,42
T4611,C10823,2024-10-29,2024-10-29,Billing,Low,1,Yes,8
T4612,C13301,2024-09-19,2024-09-21,Billing,Low,3,Yes,56
T4613,C10656,2024-11-09,2024-11-12,Technical,High,4,Yes,87
T4614,C12786,2024-01-19,2024-01-19,Technical,Low,3,Yes,1
T4615,C14125,2024-03-11,2024-03-11,Technical,Medium,5,Yes,4
T4616,C14286,2024-01-29,2024-01-29,Billing,Low,3,Yes,14
T4617,C10436,2024-11-03,2024-11-04,Technical,Low,2,Yes,30
T4618,C11316,2024-12-01,2024-12-01,Network,Low,4,No,7
T4619,C10029,2024-11-30,2024-11-30,Account,Low,5,Yes,2
T4620,C12380,2024-12-03,2024-12-03,Network,Critical,2,Yes,3
T4621,C10494,2024-09-20,2024-09-20,Network,Low,2,Yes,14
T4622,C12798,2024-11-06,2024-11-07,Billing,High,3,Yes,31
T4623,C10414,2024-11-11,2024-11-11,Account,High,3,Yes,2
T4624,C10941,2024-09-05,2024-09-05,Billing,Critical,3,Yes,12
T4625,C14453,2024-02-20,2024-02-20,Billing,High,5,Yes,5
T4626,C11636,2024-11-22,2024-11-22,Network,High,1,Yes,4
T4627,C13097,2024-07-12,2024-07-13,Network,Critical,3,Yes,36
T4628,C14865,2024-08-06,2024-08-08,Technical,Medium,3,Yes,63
T4629,C11588,2024-02-14,2024-02-15,Technical,Low,2,Yes,28
T4630,C10315,2024-06-03,2024-06-03,Technical,High,1,No,4
T4631,C14829,2024-05-20,2024-05-21,Technical,Medium,5,No,41
T4632,C13096,2024-02-15,2024-02-17,Billing,Critical,2,Yes,68
T4633,C12056,2024-04-11,2024-04-11,Network,Low,1,Yes,12
T4634,C12110,2024-06-15,2024-06-15,Network,High,4,Yes,1
T4635,C13403,2024-09-03,2024-09-04,Account,Low,5,Yes,41
T4636,C14459,2024-11-29,2024-11-29,Billing,Low,5,Yes,10
T4637,C14818,2024-08-30,2024-08-30,Network,Medium,4,Yes,1
T4638,C11027,2024-03-29,2024-03-29,Network,Medium,5,Yes,3
T4639,C12821,2024-02-29,2024-03-03,Billing,Medium,3,No,81
T4640,C13396,2024-01-12,2024-01-12,Billing,Medium,3,Yes,6
T4641,C12904,2024-12-11,2024-12-11,Billing,High,2,No,5
T4642,C12509,2024-04-22,2024-04-24,Billing,Low,4,Yes,51
T4643,C12523,2024-07-03,2024-07-03,Account,High,5,Yes,6
T4644,C11311,2024-07-16,2024-07-17,Network,High,4,Yes,34
T4645,C14216,2024-03-20,2024-03-20,Technical,Medium,3,Yes,1
T4646,C11236,2024-02-12,2024-02-13,Billing,High,3,Yes,26
T4647,C10823,2024-02-19,2024-02-21,Network,Low,1,Yes,53
T4648,C14463,2024-02-07,2024-02-07,Network,Medium,3,No,21
T4649,C10970,2024-10-01,2024-10-01,Network,Medium,2,No,19
T4650,C10863,2024-04-12,2024-04-12,Network,Low,4,Yes,6
T4651,C11753,2024-10-20,2024-10-21,Technical,High,5,Yes,26
T4652,C13545,2024-09-15,2024-09-15,Network,Low,5,Yes,12
T4653,C12365,2024-02-10,2024-02-10,Billing,High,4,Yes,22
T4654,C10704,2024-06-08,2024-06-09,Network,High,1,Yes,44
T4655,C11650,2024-09-30,2024-09-30,Technical,Medium,2,Yes,3
T4656,C10530,2024-07-31,2024-08-02,Network,High,4,No,53
T4657,C14531,2024-10-27,2024-10-28,Account,Medium,4,No,27
T4658,C10714,2024-10-02,2024-10-02,Technical,Low,3,No,3
T4659,C11717,2024-08-15,2024-08-15,Network,Critical,4,Yes,6
T4660,C11940,2024-05-27,2024-05-28,Network,Low,3,Yes,32
T4661,C10302,2024-06-22,2024-06-22,Billing,Low,4,Yes,5
T4662,C11197,2024-02-27,2024-02-27,Network,High,5,Yes,12
T4663,C11284,2024-08-13,2024-08-13,Network,Low,3,No,7
T4664,C11660,2024-04-05,2024-04-06,Account,Medium,3,No,35
T4665,C14002,2024-05-23,2024-05-23,Account,Low,2,Yes,9
T4666,C12779,2024-06-24,2024-06-27,Account,Low,5,Yes,77
T4667,C11661,2024-04-14,2024-04-14,Technical,Low,1,Yes,15
T4668,C12081,2024-04-28,2024-04-28,Network,Medium,5,Yes,1
T4669,C12904,2024-06-11,2024-06-11,Account,Low,4,Yes,1
T4670,C13443,2024-04-12,2024-04-12,Technical,Medium,2,Yes,21
T4671,C11006,2024-01-04,2024-01-04,Technical,Medium,4,Yes,5
T4672,C13840,2024-05-21,2024-05-24,Technical,Medium,4,Yes,85
T4673,C10008,2024-09-14,2024-09-16,Network,Low,2,Yes,54
T4674,C10561,2024-07-29,2024-07-31,Billing,Low,2,No,58
T4675,C11032,2024-12-04,2024-12-06,Account,High,3,Yes,65
T4676,C12242,2024-03-28,2024-03-29,Technical,Low,2,Yes,39
T4677,C11456,2024-01-27,2024-01-27,Billing,Medium,4,Yes,8
T4678,C14106,2024-07-15,2024-07-17,Technical,Low,4,Yes,53
T4679,C12356,2024-02-29,2024-02-29,Technical,Low,5,Yes,2
T4680,C13541,2024-09-04,2024-09-04,Network,Critical,5,Yes,8
T4681,C12427,2024-11-16,2024-11-16,Billing,Medium,4,Yes,1
T4682,C12886,2024-05-28,2024-05-28,Network,Medium,3,Yes,8
T4683,C11803,2024-10-17,2024-10-18,Billing,Low,1,Yes,33
T4684,C12905,2024-04-12,2024-04-13,Billing,High,3,Yes,33
T4685,C11748,2024-11-29,2024-11-29,Billing,Medium,4,Yes,6
T4686,C11310,2024-03-20,2024-03-20,Network,Low,4,Yes,6
T4687,C10725,2024-04-20,2024-04-20,Network,Low,4,Yes,7
T4688,C12285,2024-06-22,2024-06-23,Billing,Medium,3,Yes,28
T4689,C13765,2024-02-27,2024-02-28,Billing,High,3,No,42
T4690,C10216,2024-10-07,2024-10-07,Technical,Critical,2,Yes,2
T4691,C13501,2024-05-26,2024-05-26,Billing,High,4,Yes,1
T4692,C12595,2024-02-23,2024-02-23,Billing,Critical,1,Yes,18
T4693,C13137,2024-04-11,2024-04-11,Account,High,3,Yes,6
T4694,C12993,2024-01-21,2024-01-21,Account,Medium,3,Yes,2
T4695,C11990,2024-07-03,2024-07-03,Account,Low,1,Yes,9
T4696,C11710,2024-04-07,2024-04-07,Account,Medium,2,Yes,8
T4697,C12023,2024-02-02,2024-02-03,Network,Medium,2,Yes,26
T4698,C10345,2024-06-22,2024-06-22,Billing,High,2,No,5
T4699,C14768,2024-08-15,2024-08-15,Billing,High,4,Yes,6
T4700,C14193,2024-12-29,2024-12-29,Network,Medium,2,Yes,11
T4701,C14178,2024-09-30,2024-10-01,Technical,Low,3,Yes,37
T4702,C13806,2024-12-15,2024-12-15,Technical,Low,3,Yes,3
T4703,C12890,2024-04-27,2024-04-27,Billing,Medium,3,No,8
T4704,C10980,2024-12-13,2024-12-13,Network,Low,2,No,11
T4705,C12268,2024-04-18,2024-04-18,Technical,Critical,4,Yes,5
T4706,C11178,2024-06-25,2024-06-25,Billing,Low,3,No,9
T4707,C14469,2024-11-20,2024-11-20,Network,Critical,4,Yes,1
T4708,C11015,2024-11-07,2024-11-07,Technical,High,4,Yes,2
T4709,C12014,2024-04-14,2024-04-14,Account,Medium,5,Yes,13
T4710,C10277,2024-09-07,2024-09-08,Billing,Medium,5,Yes,38
T4711,C13594,2024-01-11,2024-01-11,Network,High,5,Yes,6
T4712,C14870,2024-03-03,2024-03-03,Billing,Medium,2,Yes,9
T4713,C13505,2024-01-12,2024-01-13,Billing,Medium,3,Yes,24
T4714,C12107,2024-09-22,2024-09-22,Billing,High,3,Yes,2
T4715,C12811,2024-01-19,2024-01-19,Billing,Medium,3,No,1
T4716,C11207,2024-06-25,2024-06-25,Network,High,1,Yes,6
T4717,C13356,2024-07-29,2024-07-29,Technical,Medium,4,Yes,7
T4718,C13356,2024-10-22,2024-10-22,Technical,Medium,2,Yes,1
T4719,C14996,2024-04-05,2024-04-07,Technical,Low,5,Yes,65
T4720,C14175,2024-04-09,2024-04-09,Billing,High,2,Yes,2
T4721,C11448,2024-09-16,2024-09-16,Billing,High,5,Yes,12
T4722,C14876,2024-08-30,2024-08-30,Technical,Low,4,Yes,21
T4723,C12014,2024-04-16,2024-04-16,Billing,Medium,3,Yes,16
T4724,C11878,2024-10-02,2024-10-02,Account,Medium,1,Yes,5
T4725,C12114,2024-07-05,2024-07-08,Technical,Medium,4,No,72
T4726,C14110,2024-01-17,2024-01-18,Billing,Low,2,Yes,30
T4727,C14277,2024-03-15,2024-03-15,Network,Low,3,Yes,1
T4728,C13362,2024-05-28,2024-05-28,Billing,High,5,Yes,21
T4729,C11896,2024-10-05,2024-10-05,Network,Medium,3,No,13
T4730,C12183,2024-10-02,2024-10-02,Technical,Low,3,Yes,5
T4731,C14422,2024-01-30,2024-01-30,Account,Low,1,Yes,14
T4732,C14081,2024-10-22,2024-10-22,Network,Low,3,Yes,12
T4733,C12908,2024-07-28,2024-07-28,Network,High,2,Yes,19
T4734,C14657,2024-10-29,2024-10-30,Network,Medium,5,Yes,34
T4735,C11239,2024-03-02,2024-03-02,Network,Medium,4,Yes,2
T4736,C10971,2024-04-15,2024-04-15,Network,Low,3,Yes,15
T4737,C11359,2024-08-13,2024-08-16,Network,Low,2,No,76
T4738,C12321,2024-04-05,2024-04-06,Network,Medium,2,Yes,42
T4739,C10244,2024-08-16,2024-08-16,Network,Critical,2,Yes,4
T4740,C12282,2024-01-27,2024-01-27,Account,Low,4,Yes,5
T4741,C14833,2024-05-31,2024-05-31,Account,High,4,Yes,4
T4742,C10568,2024-09-28,2024-09-30,Technical,Low,4,Yes,55
T4743,C14897,2024-12-13,2024-12-13,Billing,Medium,1,No,12
T4744,C10898,2024-12-01,2024-12-01,Technical,Medium,4,No,13
T4745,C10941,2024-03-15,2024-03-15,Account,High,2,No,22
T4746,C12574,2024-02-15,2024-02-16,Network,High,1,No,24
T4747,C12489,2024-09-20,2024-09-20,Technical,Low,4,Yes,11
T4748,C12620,2024-04-20,2024-04-20,Network,High,3,Yes,9
T4749,C13711,2024-09-04,2024-09-04,Billing,Low,5,Yes,11
T4750,C12787,2024-06-09,2024-06-10,Account,Medium,2,Yes,46
T4751,C11917,2024-02-16,2024-02-16,Network,Low,5,Yes,17
T4752,C11790,2024-09-24,2024-09-24,Network,Low,4,Yes,16
T4753,C12885,2024-09-30,2024-10-02,Billing,Low,5,Yes,57
T4754,C13973,2024-09-15,2024-09-15,Technical,Medium,4,Yes,17
T4755,C11247,2024-09-22,2024-09-22,Technical,Medium,3,Yes,18
T4756,C13796,2024-12-25,2024-12-25,Account,Low,5,Yes,6
T4757,C12578,2024-08-06,2024-08-06,Network,Medium,4,Yes,10
T4758,C14988,2024-04-28,2024-04-30,Network,Medium,3,Yes,55
T4759,C14384,2024-01-18,2024-01-18,Account,Low,1,No,1
T4760,C11829,2024-04-21,2024-04-21,Billing,Low,3,No,19
T4761,C12569,2024-10-07,2024-10-13,Technical,Medium,1,No,155
T4762,C11158,2024-08-22,2024-08-24,Account,Medium,2,Yes,55
T4763,C10614,2024-07-29,2024-07-29,Technical,Low,1,Yes,19
T4764,C13678,2024-11-18,2024-11-18,Network,Medium,4,Yes,18
T4765,C10607,2024-03-25,2024-03-25,Account,Low,4,Yes,11
T4766,C12877,2024-11-03,2024-11-05,Billing,Low,4,Yes,69
T4767,C10435,2024-01-14,2024-01-14,Technical,High,1,No,21
T4768,C14810,2024-11-26,2024-11-26,Account,Low,2,No,20
T4769,C14066,2024-02-17,2024-02-18,Technical,Medium,4,Yes,45
T4770,C14708,2024-01-10,2024-01-10,Technical,Low,2,Yes,7
T4771,C12331,2024-08-29,2024-08-29,Network,Low,2,Yes,9
T4772,C10481,2024-08-06,2024-08-06,Billing,Medium,3,Yes,13
T4773,C10037,2024-02-10,2024-02-10,Technical,Medium,2,Yes,3
T4774,C13723,2024-07-07,2024-07-08,Billing,High,2,Yes,31
T4775,C12641,2024-08-12,2024-08-13,Technical,Medium,4,No,25
T4776,C12639,2024-05-31,2024-05-31,Network,Critical,4,Yes,7
T4777,C14192,2024-01-11,2024-01-14,Technical,Medium,1,Yes,78
T4778,C12395,2024-04-15,2024-04-15,Network,Low,5,Yes,11
T4779,C11001,2024-11-28,2024-11-28,Network,Critical,2,Yes,18
T4780,C13172,2024-10-05,2024-10-05,Network,Low,2,Yes,1
T4781,C10995,2024-06-15,2024-06-15,Account,Medium,4,Yes,2
T4782,C13211,2024-07-06,2024-07-06,Network,Low,5,Yes,18
T4783,C13901,2024-07-14,2024-07-14,Network,Medium,1,Yes,7
T4784,C14789,2024-05-04,2024-05-05,Technical,Medium,3,Yes,25
T4785,C10958,2024-08-08,2024-08-08,Network,Medium,4,Yes,10
T4786,C14240,2024-07-11,2024-07-11,Network,Medium,3,Yes,14
T4787,C14859,2024-10-09,2024-10-09,Account,High,3,Yes,11
T4788,C10674,2024-02-22,2024-02-22,Network,Low,1,Yes,21
T4789,C13819,2024-03-17,2024-03-18,Technical,High,2,Yes,45
T4790,C10035,2024-10-23,2024-10-23,Account,Medium,1,Yes,4
T4791,C10825,2024-05-24,2024-05-24,Billing,Critical,1,Yes,23
T4792,C13188,2024-07-09,2024-07-12,Billing,Medium,5,Yes,78
T4793,C11088,2024-10-26,2024-10-26,Technical,Medium,3,Yes,1
T4794,C10320,2024-04-01,2024-04-01,Technical,Medium,5,No,6
T4795,C10079,2024-07-04,2024-07-04,Account,High,1,Yes,18
T4796,C10214,2024-07-16,2024-07-17,Technical,Medium,1,Yes,25
T4797,C14323,2024-04-09,2024-04-09,Network,Medium,5,No,3
T4798,C12559,2024-05-25,2024-05-25,Billing,Low,3,Yes,5
T4799,C14343,2024-04-09,2024-04-09,Billing,High,4,Yes,17
T4800,C10625,2024-05-06,2024-05-07,Billing,Low,4,Yes,30
T4801,C12901,2024-12-25,2024-12-25,Network,Medium,5,Yes,15
T4802,C10875,2024-04-08,2024-04-08,Network,Low,3,No,13
T4803,C14633,2024-10-17,2024-10-18,Network,Low,2,Yes,26
T4804,C14132,2024-03-06,2024-03-06,Technical,High,4,Yes,9
T4805,C12112,2024-11-29,2024-11-30,Network,Medium,3,Yes,24
T4806,C11282,2024-06-11,2024-06-11,Network,Medium,5,No,12
T4807,C10973,2024-07-31,2024-07-31,Network,Low,2,Yes,14
T4808,C12782,2024-04-12,2024-04-12,Network,Low,2,Yes,12
T4809,C10727,2024-03-08,2024-03-09,Account,High,5,Yes,42
T4810,C13893,2024-11-07,2024-11-08,Billing,Low,5,Yes,37
T4811,C12961,2024-10-04,2024-10-04,Billing,Medium,2,Yes,11
T4812,C10523,2024-05-23,2024-05-23,Network,Medium,5,Yes,6
T4813,C14152,2024-11-13,2024-11-13,Network,Medium,4,Yes,9
T4814,C14355,2024-05-17,2024-05-17,Network,Low,5,Yes,16
T4815,C12870,2024-09-11,2024-09-13,Network,Medium,5,Yes,63
T4816,C11582,2024-10-12,2024-10-13,Network,Low,1,No,25
T4817,C14641,2024-04-28,2024-04-29,Network,Medium,3,No,38
T4818,C12288,2024-12-26,2024-12-26,Technical,Medium,5,Yes,19
T4819,C11057,2024-02-15,2024-02-15,Billing,Low,1,Yes,5
T4820,C13745,2024-10-04,2024-10-05,Billing,Medium,2,No,36
T4821,C11978,2024-10-13,2024-10-16,Network,Medium,4,Yes,91
T4822,C12205,2024-01-21,2024-01-23,Technical,Low,4,Yes,64
T4823,C13467,2024-01-02,2024-01-02,Network,Medium,4,Yes,1
T4824,C12254,2024-07-13,2024-07-13,Network,High,4,Yes,2
T4825,C10126,2024-03-10,2024-03-11,Network,Medium,3,Yes,34
T4826,C12713,2024-02-14,2024-02-14,Billing,Low,2,Yes,12
T4827,C12422,2024-12-02,2024-12-02,Technical,Low,5,Yes,14
T4828,C11842,2024-01-03,2024-01-04,Billing,Medium,3,Yes,33
T4829,C13909,2024-02-15,2024-02-15,Network,Low,2,No,5
T4830,C10233,2024-08-30,2024-08-31,Technical,Medium,1,Yes,39
T4831,C11890,2024-06-03,2024-06-03,Technical,Medium,5,Yes,11
T4832,C13794,2024-10-02,2024-10-02,Network,High,3,Yes,5
T4833,C12229,2024-11-17,2024-11-17,Account,High,3,Yes,5
T4834,C14176,2024-09-29,2024-09-29,Account,Low,5,Yes,19
T4835,C13275,2024-10-17,2024-10-17,Network,Low,3,Yes,13
T4836,C11087,2024-01-12,2024-01-13,Network,Low,5,Yes,24
T4837,C11767,2024-02-29,2024-02-29,Technical,Medium,3,Yes,15
T4838,C14518,2024-12-02,2024-12-02,Account,High,3,Yes,19
T4839,C12569,2024-06-12,2024-06-13,Technical,Low,5,Yes,31
T4840,C12202,2024-11-05,2024-11-05,Network,Medium,3,Yes,8
T4841,C10710,2024-06-29,2024-06-30,Billing,Critical,5,Yes,24
T4842,C14524,2024-10-13,2024-10-13,Technical,Medium,1,Yes,1
T4843,C13892,2024-05-28,2024-05-28,Account,Low,3,Yes,20
T4844,C13586,2024-11-17,2024-11-18,Network,High,4,Yes,39
T4845,C13848,2024-04-04,2024-04-05,Billing,Critical,2,Yes,26
T4846,C12732,2024-02-17,2024-02-17,Billing,High,5,Yes,18
T4847,C14412,2024-04-28,2024-04-28,Network,Medium,3,Yes,2
T4848,C10363,2024-04-17,2024-04-17,Network,High,2,Yes,15
T4849,C12559,2024-07-02,2024-07-02,Technical,High,4,Yes,11
T4850,C14508,2024-07-23,2024-07-23,Network,Low,4,Yes,15
T4851,C13756,2024-10-13,2024-10-13,Network,Medium,1,Yes,7
T4852,C11850,2024-01-26,2024-01-26,Billing,High,4,Yes,10
T4853,C13160,2024-02-17,2024-02-17,Network,Critical,2,Yes,3
T4854,C14420,2024-07-22,2024-07-22,Technical,Critical,3,Yes,12
T4855,C13677,2024-12-15,2024-12-16,Billing,Medium,4,Yes,26
T4856,C11367,2024-08-04,2024-08-04,Network,Medium,4,Yes,5
T4857,C14079,2024-04-29,2024-04-29,Billing,Low,3,Yes,10
T4858,C13025,2024-11-14,2024-11-15,Account,High,4,Yes,40
T4859,C11992,2024-05-16,2024-05-16,Billing,Low,4,Yes,4
T4860,C11063,2024-10-09,2024-10-09,Network,High,1,Yes,2
T4861,C10875,2024-04-28,2024-04-28,Network,High,2,Yes,1
T4862,C12698,2024-07-18,2024-07-19,Network,High,1,Yes,37
T4863,C13742,2024-06-06,2024-06-06,Network,High,3,Yes,4
T4864,C14467,2024-09-14,2024-09-15,Technical,High,4,Yes,35
T4865,C12067,2024-07-20,2024-07-21,Billing,Medium,5,Yes,30
T4866,C13549,2024-02-07,2024-02-07,Network,Low,4,Yes,4
T4867,C12818,2024-04-11,2024-04-11,Technical,Low,2,No,7
T4868,C12422,2024-01-22,2024-01-22,Account,High,2,Yes,12
T4869,C14101,2024-04-14,2024-04-14,Technical,Critical,3,Yes,2
T4870,C11087,2024-01-04,2024-01-04,Network,Medium,2,Yes,18
T4871,C14629,2024-10-31,2024-10-31,Billing,Medium,5,Yes,5
T4872,C14046,2024-04-07,2024-04-07,Technical,Low,5,Yes,10
T4873,C13791,2024-08-30,2024-08-30,Network,Low,3,Yes,4
T4874,C14479,2024-12-21,2024-12-21,Technical,Low,4,Yes,8
T4875,C14645,2024-11-19,2024-11-19,Network,Medium,4,Yes,8
T4876,C12161,2024-10-11,2024-10-13,Account,Medium,3,Yes,53
T4877,C12072,2024-09-23,2024-09-23,Network,Low,1,No,3
T4878,C13718,2024-01-23,2024-01-25,Network,Medium,3,Yes,63
T4879,C10029,2024-10-22,2024-10-22,Billing,High,4,No,5
T4880,C11168,2024-12-22,2024-12-22,Billing,Medium,3,Yes,5
T4881,C10201,2024-06-14,2024-06-15,Technical,Low,1,Yes,25
T4882,C11662,2024-05-05,2024-05-05,Network,Medium,2,Yes,5
T4883,C10637,2024-12-14,2024-12-16,Billing,Medium,5,Yes,70
T4884,C11428,2024-11-26,2024-11-26,Billing,Medium,2,Yes,20
T4885,C14486,2024-09-23,2024-09-23,Network,Low,4,Yes,13
T4886,C14223,2024-07-24,2024-07-24,Billing,Medium,3,Yes,2
T4887,C13635,2024-03-20,2024-03-20,Network,Medium,3,No,2
T4888,C11651,2024-07-21,2024-07-21,Billing,Low,4,Yes,22
T4889,C14215,2024-09-07,2024-09-09,Billing,High,4,Yes,50
T4890,C14511,2024-08-25,2024-08-27,Billing,High,3,Yes,67
T4891,C12413,2024-11-25,2024-11-25,Technical,Low,5,Yes,8
T4892,C13264,2024-10-18,2024-10-18,Billing,Medium,4,No,2
T4893,C12563,2024-02-07,2024-02-08,Account,Low,3,Yes,38
T4894,C13628,2024-09-30,2024-10-04,Network,Low,3,Yes,104
T4895,C11634,2024-11-30,2024-12-01,Technical,Low,5,Yes,27
T4896,C14317,2024-12-27,2024-12-27,Billing,Low,4,Yes,1
T4897,C14910,2024-08-12,2024-08-13,Network,Medium,1,Yes,24
T4898,C14024,2024-04-23,2024-04-23,Billing,Medium,3,Yes,1
T4899,C14708,2024-01-30,2024-01-30,Billing,Medium,3,Yes,1
T4900,C12071,2024-09-02,2024-09-02,Account,High,3,Yes,15
T4901,C11756,2024-10-29,2024-10-29,Technical,Low,3,No,8
T4902,C10438,2024-06-14,2024-06-14,Technical,High,5,Yes,3
T4903,C13049,2024-12-05,2024-12-05,Billing,Low,3,Yes,15
T4904,C11895,2024-06-10,2024-06-12,Billing,Low,3,Yes,62
T4905,C13577,2024-12-08,2024-12-11,Technical,Medium,5,Yes,72
T4906,C12140,2024-11-23,2024-11-23,Technical,Low,1,Yes,11
T4907,C11077,2024-11-15,2024-11-15,Network,Medium,3,Yes,3
T4908,C11642,2024-05-24,2024-05-24,Account,Medium,3,Yes,7
T4909,C14231,2024-05-31,2024-05-31,Network,Low,5,Yes,6
T4910,C14748,2024-01-24,2024-01-27,Network,Medium,3,Yes,77
T4911,C12470,2024-09-27,2024-09-28,Technical,High,4,Yes,26
T4912,C13499,2024-07-19,2024-07-21,Technical,Medium,5,Yes,50
T4913,C11442,2024-10-24,2024-10-25,Billing,Low,3,Yes,46
T4914,C12362,2024-07-14,2024-07-14,Network,High,2,No,5
T4915,C12579,2024-03-16,2024-03-17,Network,Critical,3,Yes,39
T4916,C12471,2024-02-19,2024-02-19,Network,High,4,Yes,9
T4917,C11221,2024-04-09,2024-04-10,Network,High,3,Yes,36
T4918,C11216,2024-11-07,2024-11-08,Billing,Low,1,No,36
T4919,C11232,2024-09-05,2024-09-05,Network,Low,5,Yes,1
T4920,C12238,2024-11-29,2024-12-01,Billing,Low,2,Yes,49
T4921,C14514,2024-11-21,2024-11-22,Network,Low,3,No,45
T4922,C11431,2024-07-08,2024-07-08,Billing,Medium,1,Yes,2
T4923,C10954,2024-09-19,2024-09-20,Network,Medium,5,Yes,28
T4924,C11206,2024-08-16,2024-08-16,Billing,Low,2,Yes,3
T4925,C10203,2024-04-02,2024-04-02,Technical,High,2,No,13
T4926,C13508,2024-07-27,2024-07-27,Network,High,1,Yes,15
T4927,C10657,2024-11-20,2024-11-24,Network,Low,2,Yes,115
T4928,C11573,2024-04-26,2024-04-26,Network,Medium,5,Yes,17
T4929,C10629,2024-10-04,2024-10-04,Billing,Low,3,Yes,7
T4930,C14995,2024-11-19,2024-11-19,Account,Medium,2,Yes,2
T4931,C12903,2024-04-03,2024-04-03,Account,High,2,No,17
T4932,C14372,2024-12-29,2024-12-30,Technical,Low,4,No,24
T4933,C14621,2024-02-07,2024-02-07,Technical,Low,2,Yes,10
T4934,C14157,2024-12-28,2024-12-28,Billing,Low,2,Yes,3
T4935,C13565,2024-02-12,2024-02-13,Network,Critical,1,Yes,45
T4936,C11010,2024-01-27,2024-01-27,Billing,Low,5,Yes,5
T4937,C13057,2024-11-09,2024-11-09,Network,Medium,3,Yes,5
T4938,C12964,2024-03-26,2024-03-26,Network,Low,5,Yes,6
T4939,C11035,2024-06-03,2024-06-03,Network,High,3,Yes,7
T4940,C14396,2024-04-06,2024-04-06,Technical,Medium,3,Yes,18
T4941,C12840,2024-06-30,2024-06-30,Technical,Medium,2,Yes,3
T4942,C10864,2024-09-29,2024-09-29,Billing,Medium,3,Yes,14
T4943,C10090,2024-03-18,2024-03-18,Network,Medium,2,Yes,16
T4944,C10513,2024-12-01,2024-12-01,Technical,Critical,2,Yes,1
T4945,C13437,2024-03-23,2024-03-23,Network,Medium,3,No,8
T4946,C14665,2024-06-29,2024-06-29,Technical,Critical,2,Yes,7
T4947,C11988,2024-05-27,2024-05-27,Technical,Low,1,Yes,2
T4948,C13454,2024-02-26,2024-02-26,Billing,Medium,4,Yes,1
T4949,C10888,2024-04-03,2024-04-03,Technical,High,2,Yes,11
T4950,C11434,2024-05-19,2024-05-20,Network,Low,2,Yes,45
T4951,C14527,2024-10-20,2024-10-20,Technical,Low,1,Yes,2
T4952,C14422,2024-03-09,2024-03-09,Billing,Low,1,Yes,1
T4953,C10683,2024-09-02,2024-09-07,Billing,Low,4,Yes,140
T4954,C10708,2024-04-21,2024-04-23,Network,Low,4,Yes,61
T4955,C12005,2024-04-21,2024-04-21,Network,Medium,2,Yes,6
T4956,C11161,2024-05-22,2024-05-23,Billing,Critical,5,Yes,25
T4957,C12414,2024-04-16,2024-04-16,Technical,Low,3,Yes,13
T4958,C14013,2024-01-20,2024-01-20,Billing,Medium,5,No,16
T4959,C13786,2024-12-09,2024-12-09,Network,Low,4,Yes,10
T4960,C12796,2024-08-09,2024-08-11,Network,High,1,No,53
T4961,C11947,2024-05-01,2024-05-01,Network,Low,2,No,8
T4962,C12263,2024-06-19,2024-06-22,Technical,High,5,No,72
T4963,C10174,2024-12-04,2024-12-05,Network,Low,2,Yes,30
T4964,C10020,2024-01-31,2024-01-31,Account,Medium,5,No,9
T4965,C13820,2024-11-12,2024-11-12,Billing,Critical,4,Yes,13
T4966,C10775,2024-05-30,2024-05-30,Billing,Medium,4,Yes,4
T4967,C10737,2024-05-19,2024-05-19,Network,Low,3,Yes,18
T4968,C12207,2024-01-11,2024-01-11,Technical,Medium,5,Yes,9
T4969,C13377,2024-12-02,2024-12-02,Technical,Low,3,No,5
T4970,C13219,2024-02-24,2024-02-24,Billing,Low,3,No,8
T4971,C14362,2024-05-26,2024-05-28,Network,Medium,2,Yes,54
T4972,C14899,2024-08-27,2024-08-27,Network,High,1,Yes,11
T4973,C14111,2024-11-28,2024-11-28,Technical,Medium,5,Yes,1
T4974,C13834,2024-02-23,2024-02-24,Technical,High,4,Yes,29
T4975,C14647,2024-12-11,2024-12-13,Account,Medium,2,No,54
T4976,C11984,2024-09-16,2024-09-16,Technical,High,4,Yes,4
T4977,C10555,2024-11-14,2024-11-14,Technical,Low,2,Yes,12
T4978,C14563,2024-04-21,2024-04-22,Billing,Medium,5,Yes,34
T4979,C13398,2024-05-02,2024-05-03,Account,Critical,3,Yes,42
T4980,C13646,2024-11-18,2024-11-19,Technical,Medium,4,Yes,28
T4981,C14470,2024-11-18,2024-11-18,Technical,Medium,3,Yes,8
T4982,C11074,2024-01-27,2024-01-28,Network,Low,2,Yes,43
T4983,C10646,2024-01-16,2024-01-17,Network,High,4,No,28
T4984,C11193,2024-03-02,2024-03-02,Technical,Medium,2,Yes,18
T4985,C10223,2024-07-05,2024-07-06,Technical,Low,3,Yes,44
T4986,C12585,2024-01-04,2024-01-04,Network,Medium,5,Yes,13
T4987,C10314,2024-12-02,2024-12-02,Technical,High,3,No,16
T4988,C10764,2024-04-03,2024-04-06,Billing,High,2,Yes,79
T4989,C13643,2024-04-16,2024-04-16,Network,Medium,5,Yes,4
T4990,C13095,2024-10-06,2024-10-07,Billing,Low,1,Yes,38
T4991,C10633,2024-07-15,2024-07-15,Network,Medium,4,Yes,7
T4992,C14518,2024-04-11,2024-04-11,Network,Medium,3,Yes,18
T4993,C12458,2024-08-21,2024-08-21,Billing,Low,3,No,21
T4994,C11493,2024-09-17,2024-09-17,Technical,High,4,Yes,10
T4995,C12061,2024-09-08,2024-09-08,Account,Medium,2,Yes,1
T4996,C14305,2024-02-14,2024-02-14,Technical,Low,2,Yes,1
T4997,C13088,2024-02-25,2024-02-25,Billing,Low,5,Yes,3
T4998,C11817,2024-05-27,2024-05-29,Technical,Low,3,Yes,48
T4999,C10891,2024-11-18,2024-11-18,Billing,High,2,Yes,12
T5000,C12071,2024-04-08,2024-04-09,Billing,Low,4,Yes,25
T5001,C13399,2024-07-16,2024-07-16,Technical,Critical,5,Yes,22
T5002,C13642,2024-03-21,2024-03-22,Billing,High,4,Yes,37
T5003,C12049,2024-07-20,2024-07-20,Technical,Low,4,No,1
T5004,C10738,2024-06-06,2024-06-07,Account,Medium,1,Yes,32
T5005,C10034,2024-05-28,2024-05-28,Billing,Low,3,Yes,15
T5006,C12678,2024-05-23,2024-05-23,Network,Low,4,Yes,6
T5007,C14868,2024-08-22,2024-08-22,Technical,Medium,3,Yes,12
T5008,C12315,2024-10-05,2024-10-05,Technical,Critical,3,Yes,3
T5009,C13146,2024-08-03,2024-08-04,Billing,High,2,No,39
T5010,C14733,2024-07-30,2024-07-30,Network,Low,5,Yes,19
T5011,C10956,2024-11-28,2024-11-29,Network,Low,2,Yes,35
T5012,C14512,2024-05-06,2024-05-06,Network,Medium,1,Yes,17
T5013,C13973,2024-02-16,2024-02-20,Technical,Medium,4,Yes,103
T5014,C10530,2024-02-27,2024-02-28,Account,High,1,Yes,32
T5015,C10633,2024-03-01,2024-03-01,Account,Critical,5,Yes,23
T5016,C10884,2024-04-18,2024-04-18,Technical,Medium,1,Yes,9
T5017,C14765,2024-02-04,2024-02-04,Billing,High,5,Yes,13
T5018,C12878,2024-04-07,2024-04-07,Network,High,3,Yes,14
T5019,C10909,2024-11-29,2024-11-29,Technical,Medium,5,Yes,11
T5020,C14702,2024-01-09,2024-01-12,Billing,High,1,Yes,73
T5021,C10976,2024-11-05,2024-11-05,Network,High,1,Yes,1
T5022,C11234,2024-05-24,2024-05-24,Network,High,2,No,14
T5023,C14073,2024-09-15,2024-09-15,Network,Medium,5,Yes,6
T5024,C14530,2024-09-29,2024-09-30,Technical,Low,2,Yes,34
T5025,C11085,2024-02-15,2024-02-15,Technical,Low,1,Yes,4
T5026,C12864,2024-01-06,2024-01-06,Billing,Medium,5,Yes,11
T5027,C13604,2024-06-04,2024-06-05,Billing,Low,3,Yes,41
T5028,C14244,2024-07-26,2024-07-26,Network,Medium,3,Yes,1
T5029,C13285,2024-11-08,2024-11-08,Network,Low,2,Yes,17
T5030,C11836,2024-12-19,2024-12-19,Account,Medium,4,Yes,8
T5031,C12015,2024-02-04,2024-02-04,Account,Medium,3,Yes,8
T5032,C14752,2024-11-08,2024-11-08,Network,Medium,4,Yes,1
T5033,C10551,2024-03-26,2024-03-26,Technical,High,5,Yes,16
T5034,C12642,2024-06-11,2024-06-11,Billing,Critical,5,Yes,1
T5035,C10791,2024-10-31,2024-10-31,Network,Low,1,Yes,13
T5036,C10404,2024-12-24,2024-12-24,Network,High,1,Yes,16
T5037,C13551,2024-03-25,2024-03-25,Billing,Medium,1,Yes,18
T5038,C11117,2024-07-10,2024-07-10,Network,Low,3,Yes,8
T5039,C12874,2024-10-23,2024-10-25,Technical,Low,2,Yes,52
T5040,C13807,2024-01-17,2024-01-17,Network,Low,4,Yes,6
T5041,C13834,2024-12-12,2024-12-12,Billing,High,1,Yes,4
T5042,C11491,2024-01-27,2024-01-27,Billing,High,1,Yes,3
T5043,C11191,2024-03-02,2024-03-02,Network,High,4,Yes,1
T5044,C12191,2024-12-09,2024-12-09,Account,Medium,1,Yes,1
T5045,C13676,2024-10-26,2024-10-27,Billing,Low,2,Yes,34
T5046,C14280,2024-05-09,2024-05-10,Technical,Low,4,Yes,42
T5047,C10413,2024-10-22,2024-10-22,Network,Low,5,Yes,1
T5048,C13815,2024-11-29,2024-11-30,Account,Low,2,No,26
T5049,C13396,2024-04-29,2024-04-29,Technical,Low,1,No,14
T5050,C12363,2024-10-09,2024-10-09,Account,Low,4,Yes,15
T5051,C13064,2024-11-06,2024-11-07,Network,Low,4,Yes,28
T5052,C10048,2024-02-11,2024-02-11,Billing,High,4,Yes,5
T5053,C12429,2024-04-19,2024-04-19,Technical,Low,2,No,15
T5054,C13475,2024-01-21,2024-01-22,Billing,High,1,Yes,44
T5055,C10162,2024-05-03,2024-05-03,Technical,High,4,Yes,2
T5056,C12782,2024-05-01,2024-05-06,Network,Low,2,Yes,124
T5057,C14694,2024-01-15,2024-01-15,Network,Medium,3,No,1
T5058,C11366,2024-11-19,2024-11-20,Account,Medium,5,Yes,37
T5059,C12282,2024-12-27,2024-12-27,Technical,Critical,4,Yes,3
T5060,C12251,2024-08-11,2024-08-12,Technical,High,3,Yes,24
T5061,C11135,2024-02-23,2024-02-23,Billing,Low,5,Yes,9
T5062,C13061,2024-06-13,2024-06-13,Technical,Low,2,Yes,13
T5063,C11993,2024-04-03,2024-04-03,Network,High,4,Yes,1
T5064,C10959,2024-07-15,2024-07-15,Billing,Low,3,Yes,3
T5065,C14188,2024-06-23,2024-06-23,Billing,Medium,4,No,2
T5066,C11078,2024-01-27,2024-01-27,Network,Medium,2,Yes,5
T5067,C10992,2024-10-27,2024-10-29,Network,Medium,4,Yes,53
T5068,C11449,2024-01-30,2024-01-31,Technical,Low,1,Yes,27
T5069,C12224,2024-03-23,2024-03-23,Network,Critical,3,Yes,1
T5070,C13241,2024-12-21,2024-12-21,Technical,Medium,4,No,14
T5071,C12475,2024-01-04,2024-01-04,Billing,Low,2,Yes,12
T5072,C10831,2024-11-03,2024-11-03,Network,Medium,1,Yes,16
T5073,C10636,2024-11-08,2024-11-08,Billing,Critical,2,No,13
T5074,C11053,2024-07-15,2024-07-15,Network,Low,3,No,1
T5075,C12810,2024-08-23,2024-08-23,Billing,Low,1,Yes,15
T5076,C10903,2024-05-14,2024-05-14,Billing,Medium,3,No,3
T5077,C13039,2024-02-03,2024-02-03,Network,Low,4,Yes,18
T5078,C14770,2024-01-06,2024-01-06,Billing,Low,2,Yes,1
T5079,C12624,2024-10-31,2024-10-31,Network,Medium,3,Yes,6
T5080,C13007,2024-06-04,2024-06-04,Network,Medium,3,Yes,2
T5081,C14115,2024-05-24,2024-05-25,Network,Medium,4,Yes,30
T5082,C11671,2024-05-31,2024-05-31,Network,Critical,5,Yes,2
T5083,C11304,2024-02-22,2024-02-22,Network,Medium,5,Yes,1
T5084,C13889,2024-08-02,2024-08-02,Technical,Low,3,Yes,17
T5085,C13108,2024-08-01,2024-08-07,Billing,Medium,4,Yes,162
T5086,C14586,2024-03-19,2024-03-21,Network,High,4,Yes,57
T5087,C13053,2024-01-30,2024-01-30,Billing,High,4,Yes,14
T5088,C13964,2024-07-01,2024-07-03,Technical,Low,3,No,70
T5089,C13913,2024-05-14,2024-05-15,Network,Medium,3,Yes,29
T5090,C13406,2024-07-24,2024-07-24,Network,Medium,1,No,13
T5091,C11828,2024-07-21,2024-07-21,Billing,Low,5,Yes,15
T5092,C11754,2024-12-15,2024-12-16,Billing,High,5,No,28
T5093,C11964,2024-04-27,2024-04-28,Account,Medium,1,Yes,33
T5094,C12394,2024-08-04,2024-08-04,Billing,Low,1,No,5
T5095,C13524,2024-12-12,2024-12-12,Network,Low,4,Yes,2
T5096,C11682,2024-07-22,2024-07-22,Network,High,2,Yes,3
T5097,C10198,2024-07-07,2024-07-07,Network,Low,4,Yes,14
T5098,C11548,2024-05-15,2024-05-16,Billing,Medium,1,Yes,26
T5099,C12370,2024-01-27,2024-01-27,Billing,Medium,2,Yes,14
T5100,C11499,2024-01-13,2024-01-14,Network,Medium,1,Yes,43
T5101,C14615,2024-08-14,2024-08-14,Technical,Critical,2,Yes,2
T5102,C10495,2024-01-24,2024-01-24,Account,Medium,1,Yes,10
T5103,C12897,2024-09-30,2024-09-30,Technical,Medium,4,No,1
T5104,C14112,2024-02-15,2024-02-15,Network,Low,4,Yes,9
T5105,C11350,2024-02-27,2024-02-27,Billing,Critical,2,Yes,2
T5106,C13805,2024-10-22,2024-10-24,Account,Medium,1,Yes,60
T5107,C12028,2024-05-24,2024-05-26,Billing,High,3,Yes,63
T5108,C14174,2024-04-04,2024-04-04,Technical,Medium,2,Yes,5
T5109,C13207,2024-09-17,2024-09-18,Technical,Critical,3,No,42
T5110,C14304,2024-12-07,2024-12-08,Billing,High,4,Yes,41
T5111,C11287,2024-05-19,2024-05-19,Billing,Low,4,Yes,21
T5112,C14344,2024-01-07,2024-01-07,Billing,Low,4,Yes,16
T5113,C10752,2024-07-30,2024-07-30,Technical,Medium,4,Yes,12
T5114,C13918,2024-06-07,2024-06-07,Network,Low,4,Yes,4
T5115,C12812,2024-09-06,2024-09-06,Billing,Medium,4,Yes,18
T5116,C11039,2024-09-12,2024-09-12,Billing,Low,3,Yes,2
T5117,C10373,2024-03-12,2024-03-12,Technical,High,3,Yes,18
T5118,C14939,2024-12-13,2024-12-14,Network,Medium,4,Yes,37
T5119,C14669,2024-10-09,2024-10-10,Technical,Low,4,Yes,37
T5120,C14411,2024-08-20,2024-08-20,Network,Medium,5,Yes,3
T5121,C12555,2024-09-14,2024-09-14,Network,Medium,1,Yes,9
T5122,C14216,2024-04-03,2024-04-03,Billing,Medium,2,Yes,1
T5123,C14614,2024-09-18,2024-09-18,Technical,High,5,Yes,10
T5124,C13900,2024-01-09,2024-01-09,Network,High,3,Yes,1
T5125,C12961,2024-11-19,2024-11-19,Technical,High,5,No,10
T5126,C13329,2024-05-15,2024-05-16,Network,Low,1,Yes,43
T5127,C14284,2024-07-17,2024-07-17,Billing,High,2,No,15
T5128,C13502,2024-09-16,2024-09-17,Billing,High,2,Yes,30
T5129,C13439,2024-10-15,2024-10-15,Network,High,5,Yes,16
T5130,C12247,2024-05-07,2024-05-07,Account,Medium,5,Yes,10
T5131,C11084,2024-11-06,2024-11-06,Account,Medium,5,Yes,21
T5132,C11590,2024-09-20,2024-09-22,Network,High,4,No,64
T5133,C13174,2024-12-16,2024-12-17,Network,Medium,3,Yes,38
T5134,C13057,2024-01-11,2024-01-11,Network,Low,5,Yes,17
T5135,C11221,2024-03-05,2024-03-05,Billing,Low,2,Yes,2
T5136,C10774,2024-07-17,2024-07-17,Technical,Low,1,No,12
T5137,C12045,2024-04-17,2024-04-20,Billing,Medium,5,Yes,74
T5138,C10587,2024-03-14,2024-03-15,Billing,Medium,1,Yes,31
T5139,C12241,2024-06-30,2024-06-30,Technical,High,4,Yes,7
T5140,C11361,2024-08-12,2024-08-13,Technical,Medium,2,Yes,35
T5141,C10446,2024-12-08,2024-12-08,Billing,Low,2,No,9
T5142,C13562,2024-06-15,2024-06-15,Billing,Low,1,Yes,13
T5143,C12882,2024-07-27,2024-07-27,Billing,High,3,Yes,12
T5144,C13276,2024-12-17,2024-12-17,Network,Low,1,Yes,21
T5145,C13051,2024-04-12,2024-04-12,Billing,High,1,Yes,20
T5146,C12438,2024-02-25,2024-02-26,Network,Medium,4,Yes,24
T5147,C11795,2024-09-21,2024-09-21,Billing,Medium,4,Yes,1
T5148,C13516,2024-05-03,2024-05-03,Account,Low,1,No,11
T5149,C14815,2024-02-18,2024-02-19,Network,Low,4,Yes,27
T5150,C10099,2024-04-18,2024-04-18,Network,Low,4,Yes,12
T5151,C11165,2024-01-09,2024-01-09,Network,Low,4,Yes,11
T5152,C12122,2024-09-01,2024-09-01,Network,High,2,No,2
T5153,C13236,2024-01-10,2024-01-10,Network,Low,2,Yes,7
T5154,C13718,2024-08-30,2024-08-30,Billing,Low,2,Yes,9
T5155,C11907,2024-06-17,2024-06-17,Billing,Critical,2,Yes,14
T5156,C14148,2024-03-25,2024-03-25,Network,Low,5,Yes,3
T5157,C12616,2024-12-30,2024-12-30,Technical,Low,5,Yes,1
T5158,C11376,2024-02-19,2024-02-20,Network,Medium,4,Yes,26
T5159,C14802,2024-10-11,2024-10-11,Network,Low,4,Yes,15
T5160,C13491,2024-05-15,2024-05-16,Technical,Low,2,Yes,24
T5161,C12864,2024-04-25,2024-04-25,Network,Medium,4,Yes,9
T5162,C12110,2024-10-07,2024-10-07,Network,Low,4,Yes,20
T5163,C13250,2024-06-12,2024-06-13,Technical,Low,4,Yes,34
T5164,C14074,2024-09-11,2024-09-11,Technical,High,1,Yes,1
T5165,C14155,2024-09-07,2024-09-07,Network,Low,4,No,5
T5166,C14674,2024-11-07,2024-11-08,Account,Low,2,Yes,38
T5167,C12910,2024-04-18,2024-04-18,Network,Medium,5,Yes,1
T5168,C11339,2024-11-24,2024-11-24,Account,Low,4,No,6
T5169,C13728,2024-03-30,2024-03-30,Network,Medium,2,No,13
T5170,C11353,2024-03-12,2024-03-12,Network,Critical,3,Yes,15
T5171,C11614,2024-04-14,2024-04-14,Account,Low,2,Yes,7
T5172,C13751,2024-03-27,2024-03-27,Network,Low,3,Yes,11
T5173,C13538,2024-04-24,2024-04-25,Billing,Low,1,Yes,33
T5174,C12567,2024-04-14,2024-04-14,Network,Medium,5,Yes,1
T5175,C12912,2024-05-18,2024-05-18,Billing,Medium,1,Yes,3
T5176,C10509,2024-03-28,2024-03-29,Technical,Low,5,Yes,28
T5177,C11016,2024-10-14,2024-10-15,Billing,Medium,3,Yes,44
T5178,C11968,2024-12-01,2024-12-01,Network,High,3,Yes,3
T5179,C14621,2024-03-24,2024-03-24,Network,Low,2,Yes,3
T5180,C14936,2024-04-22,2024-04-22,Technical,Low,2,Yes,14
T5181,C13720,2024-02-11,2024-02-11,Network,Medium,5,Yes,1
T5182,C13134,2024-11-21,2024-11-21,Network,Critical,3,Yes,3
T5183,C14462,2024-08-15,2024-08-16,Technical,Medium,2,Yes,37
T5184,C14861,2024-11-17,2024-11-17,Billing,High,4,No,2
T5185,C12937,2024-07-07,2024-07-10,Network,High,1,Yes,82
T5186,C12331,2024-07-03,2024-07-03,Account,Medium,5,Yes,4
T5187,C12903,2024-08-14,2024-08-14,Network,Critical,3,Yes,15
T5188,C13926,2024-07-14,2024-07-16,Network,Medium,5,No,62
T5189,C10877,2024-01-14,2024-01-14,Technical,Low,3,Yes,19
T5190,C11516,2024-12-10,2024-12-11,Technical,Medium,4,No,34
T5191,C13249,2024-06-26,2024-06-26,Billing,Low,4,Yes,8
T5192,C10508,2024-07-24,2024-07-24,Billing,Medium,2,No,17
T5193,C13763,2024-11-26,2024-11-26,Network,Low,3,Yes,11
T5194,C13208,2024-07-02,2024-07-03,Technical,Medium,4,Yes,26
T5195,C12960,2024-01-29,2024-01-29,Account,Medium,2,No,1
T5196,C10926,2024-08-14,2024-08-14,Account,Medium,4,Yes,6
T5197,C10584,2024-07-17,2024-07-17,Network,Medium,5,Yes,1
T5198,C11207,2024-07-11,2024-07-11,Network,Medium,4,Yes,15
T5199,C10553,2024-05-14,2024-05-14,Technical,Medium,3,Yes,12
T5200,C14620,2024-07-18,2024-07-18,Network,Medium,4,Yes,13
T5201,C13627,2024-09-14,2024-09-14,Billing,Medium,5,Yes,14
T5202,C11115,2024-10-11,2024-10-11,Technical,Medium,4,Yes,20
T5203,C11717,2024-07-06,2024-07-07,Account,Low,5,No,42
T5204,C14522,2024-10-24,2024-10-24,Billing,High,3,Yes,11
T5205,C11889,2024-01-04,2024-01-05,Network,Low,5,Yes,43
T5206,C12524,2024-11-06,2024-11-06,Account,High,3,Yes,1
T5207,C14096,2024-07-28,2024-07-29,Network,Medium,5,No,40
T5208,C12262,2024-08-06,2024-08-06,Technical,Medium,3,Yes,11
T5209,C12122,2024-11-16,2024-11-18,Billing,Low,3,Yes,62
T5210,C12548,2024-03-24,2024-03-25,Network,Low,3,Yes,27
T5211,C10473,2024-10-11,2024-10-11,Billing,Medium,3,Yes,4
T5212,C12702,2024-06-02,2024-06-02,Billing,Low,5,Yes,10
T5213,C12902,2024-04-07,2024-04-07,Technical,Low,4,Yes,1
T5214,C10536,2024-06-03,2024-06-03,Network,Low,2,Yes,18
T5215,C14391,2024-06-23,2024-06-23,Account,Medium,1,No,8
T5216,C14993,2024-12-24,2024-12-26,Network,Medium,3,Yes,58
T5217,C13331,2024-03-18,2024-03-19,Network,Medium,4,Yes,29
T5218,C12042,2024-12-23,2024-12-23,Billing,Critical,4,Yes,14
T5219,C13943,2024-02-16,2024-02-16,Account,Low,4,Yes,22
T5220,C13905,2024-11-20,2024-11-20,Account,Critical,4,Yes,6
T5221,C13142,2024-04-24,2024-04-24,Account,Low,2,Yes,1
T5222,C12820,2024-07-05,2024-07-05,Technical,Critical,4,Yes,1
T5223,C11246,2024-11-06,2024-11-06,Network,Low,2,Yes,1
T5224,C12665,2024-03-18,2024-03-18,Network,Low,5,Yes,8
T5225,C12620,2024-04-22,2024-04-25,Network,Medium,2,Yes,93
T5226,C10786,2024-09-07,2024-09-07,Billing,Low,2,Yes,1
T5227,C10669,2024-11-12,2024-11-12,Technical,High,3,Yes,21
T5228,C12280,2024-10-07,2024-10-07,Network,Medium,2,No,14
T5229,C13633,2024-05-28,2024-05-29,Network,Medium,4,Yes,41
T5230,C10686,2024-12-04,2024-12-04,Billing,Medium,4,Yes,14
T5231,C13716,2024-12-18,2024-12-18,Account,Medium,4,Yes,14
T5232,C11529,2024-10-22,2024-10-22,Billing,Medium,3,Yes,10
T5233,C13369,2024-04-17,2024-04-18,Account,Low,5,Yes,44
T5234,C10933,2024-07-29,2024-07-29,Network,Medium,5,Yes,5
T5235,C13845,2024-12-07,2024-12-08,Network,Low,2,Yes,36
T5236,C11323,2024-12-09,2024-12-10,Network,Medium,4,No,32
T5237,C13450,2024-09-15,2024-09-15,Network,Medium,4,No,8
T5238,C10746,2024-08-14,2024-08-14,Billing,Low,3,No,21
T5239,C13494,2024-01-10,2024-01-10,Network,Medium,3,Yes,16
T5240,C12877,2024-07-31,2024-08-01,Network,Low,3,Yes,24
T5241,C14396,2024-05-14,2024-05-14,Network,Medium,4,Yes,2
T5242,C14566,2024-08-19,2024-08-22,Billing,Low,2,Yes,81
T5243,C14461,2024-12-27,2024-12-27,Technical,Low,5,No,9
T5244,C13470,2024-01-16,2024-01-16,Billing,High,1,Yes,1
T5245,C11039,2024-02-09,2024-02-09,Network,Medium,2,No,13
T5246,C12955,2024-06-03,2024-06-04,Technical,Medium,2,Yes,31
T5247,C14750,2024-09-21,2024-09-21,Network,Low,4,Yes,11
T5248,C13447,2024-04-26,2024-04-26,Network,Medium,4,Yes,8
T5249,C13266,2024-08-11,2024-08-11,Technical,Low,2,Yes,1
T5250,C10888,2024-02-13,2024-02-14,Billing,Medium,3,No,31
T5251,C11011,2024-11-17,2024-11-17,Network,Low,2,Yes,2
T5252,C13085,2024-08-09,2024-08-09,Technical,High,1,Yes,16
T5253,C13767,2024-06-13,2024-06-13,Billing,Medium,3,Yes,16
T5254,C10223,2024-07-16,2024-07-16,Billing,Critical,5,Yes,1
T5255,C10167,2024-08-26,2024-08-26,Network,Low,4,Yes,3
T5256,C14635,2024-03-03,2024-03-04,Network,Medium,4,Yes,25
T5257,C12738,2024-04-13,2024-04-14,Billing,Critical,3,Yes,40
T5258,C14185,2024-09-13,2024-09-14,Technical,Medium,2,Yes,24
T5259,C11243,2024-06-18,2024-06-18,Billing,Low,4,Yes,9
T5260,C13583,2024-07-01,2024-07-01,Billing,Medium,4,Yes,12
T5261,C11512,2024-03-15,2024-03-15,Account,Low,1,No,12
T5262,C12894,2024-11-04,2024-11-05,Account,High,4,Yes,42
T5263,C14802,2024-05-21,2024-05-22,Technical,High,4,Yes,27
T5264,C14624,2024-07-01,2024-07-02,Technical,Medium,1,No,25
T5265,C14256,2024-10-24,2024-10-24,Network,Medium,3,No,5
T5266,C13430,2024-05-11,2024-05-14,Billing,High,3,Yes,89
T5267,C12339,2024-11-12,2024-11-13,Network,Low,2,Yes,35
T5268,C14337,2024-03-18,2024-03-18,Billing,Low,4,Yes,1
T5269,C10456,2024-10-22,2024-10-22,Network,Medium,5,No,5
T5270,C14764,2024-02-24,2024-02-24,Network,Low,5,Yes,19
T5271,C12764,2024-02-23,2024-02-23,Billing,Low,3,Yes,17
T5272,C11615,2024-06-11,2024-06-11,Technical,Medium,1,Yes,11
T5273,C12042,2024-08-28,2024-08-29,Billing,Medium,2,Yes,32
T5274,C13898,2024-08-06,2024-08-06,Billing,High,4,Yes,1
T5275,C11398,2024-09-28,2024-09-28,Network,Low,1,Yes,4
T5276,C12399,2024-11-15,2024-11-15,Account,Low,3,Yes,14
T5277,C10256,2024-03-21,2024-03-21,Network,Medium,4,Yes,5
T5278,C11482,2024-06-23,2024-06-24,Billing,High,3,Yes,27
T5279,C10450,2024-05-27,2024-05-27,Account,Medium,1,Yes,13
T5280,C13868,2024-04-28,2024-04-28,Network,Critical,5,No,3
T5281,C12577,2024-12-22,2024-12-23,Technical,Medium,2,Yes,25
T5282,C11021,2024-03-11,2024-03-11,Network,Critical,3,Yes,4
T5283,C13422,2024-06-05,2024-06-06,Technical,High,1,Yes,26
T5284,C10155,2024-11-12,2024-11-15,Network,Low,5,Yes,74
T5285,C14980,2024-04-23,2024-04-23,Technical,Low,5,Yes,14
T5286,C11137,2024-08-07,2024-08-07,Technical,Low,5,Yes,18
T5287,C10051,2024-03-19,2024-03-20,Network,Low,3,Yes,32
T5288,C12632,2024-03-17,2024-03-17,Network,Medium,3,Yes,1
T5289,C11592,2024-03-27,2024-03-27,Network,Medium,4,Yes,12
T5290,C12148,2024-09-11,2024-09-11,Network,Medium,5,No,8
T5291,C11892,2024-10-17,2024-10-17,Network,Medium,4,Yes,1
T5292,C10435,2024-12-29,2024-12-31,Billing,High,3,Yes,57
T5293,C10938,2024-09-09,2024-09-09,Account,Low,2,Yes,9
T5294,C10937,2024-05-17,2024-05-17,Network,Critical,5,Yes,12
T5295,C13045,2024-11-03,2024-11-03,Billing,Medium,5,Yes,10
T5296,C14999,2024-09-05,2024-09-05,Network,Low,2,Yes,19
T5297,C14770,2024-01-31,2024-01-31,Network,Low,5,Yes,19
T5298,C10251,2024-10-27,2024-10-27,Account,Medium,2,No,18
T5299,C10225,2024-09-22,2024-09-22,Network,Medium,2,Yes,21
T5300,C11117,2024-12-19,2024-12-19,Technical,Medium,3,Yes,5
T5301,C14991,2024-06-27,2024-06-27,Network,Low,5,Yes,4
T5302,C14988,2024-04-11,2024-04-11,Network,Medium,5,Yes,11
T5303,C12789,2024-03-05,2024-03-06,Account,High,3,Yes,32
T5304,C10330,2024-06-16,2024-06-16,Billing,High,3,Yes,15
T5305,C11311,2024-10-03,2024-10-03,Account,Medium,4,Yes,1
T5306,C14584,2024-09-30,2024-10-04,Network,Medium,3,Yes,105
T5307,C12353,2024-05-16,2024-05-17,Network,Critical,1,Yes,38
T5308,C13270,2024-02-11,2024-02-11,Account,Medium,3,No,2
T5309,C12468,2024-12-20,2024-12-20,Billing,Low,5,Yes,10
T5310,C12069,2024-11-01,2024-11-02,Network,High,5,Yes,40
T5311,C14246,2024-10-26,2024-10-26,Billing,Low,2,Yes,12
T5312,C10459,2024-04-09,2024-04-09,Network,Low,5,Yes,8
T5313,C11530,2024-04-08,2024-04-08,Network,Low,4,Yes,15
T5314,C10265,2024-08-03,2024-08-03,Network,Low,1,Yes,4
T5315,C11218,2024-06-04,2024-06-07,Network,High,2,Yes,73
T5316,C11264,2024-08-29,2024-08-29,Billing,Low,3,No,2
T5317,C10240,2024-09-27,2024-09-27,Billing,Low,4,Yes,15
T5318,C13553,2024-05-17,2024-05-18,Billing,Low,3,Yes,30
T5319,C13607,2024-07-06,2024-07-06,Account,Medium,3,Yes,19
T5320,C12567,2024-06-26,2024-06-28,Network,Medium,4,Yes,66
T5321,C10666,2024-01-04,2024-01-04,Technical,Low,5,Yes,1
T5322,C11099,2024-06-21,2024-06-21,Technical,Low,4,No,7
T5323,C13060,2024-08-01,2024-08-01,Billing,Low,2,Yes,9
T5324,C12251,2024-04-02,2024-04-02,Billing,Medium,1,Yes,19
T5325,C11322,2024-08-12,2024-08-12,Network,Low,4,Yes,5
T5326,C12387,2024-01-19,2024-01-19,Technical,Critical,3,Yes,4
T5327,C10414,2024-07-08,2024-07-09,Technical,Medium,3,Yes,29
T5328,C11862,2024-03-23,2024-03-24,Network,Medium,1,Yes,40
T5329,C10526,2024-12-07,2024-12-07,Network,Low,2,Yes,13
T5330,C10947,2024-01-29,2024-01-29,Network,High,4,Yes,15
T5331,C11317,2024-07-30,2024-07-30,Billing,Critical,2,Yes,1
T5332,C14871,2024-09-03,2024-09-03,Billing,Medium,4,Yes,22
T5333,C10155,2024-02-28,2024-02-28,Network,Medium,4,Yes,1
T5334,C11176,2024-12-21,2024-12-21,Account,High,4,Yes,21
T5335,C13509,2024-05-29,2024-05-29,Account,Medium,5,Yes,8
T5336,C13551,2024-11-29,2024-11-29,Network,Critical,5,Yes,4
T5337,C11188,2024-10-06,2024-10-06,Network,Low,4,Yes,4
T5338,C11181,2024-12-04,2024-12-04,Billing,Low,3,No,4
T5339,C13662,2024-08-13,2024-08-13,Billing,Medium,4,Yes,17
T5340,C14130,2024-01-18,2024-01-18,Network,Low,3,No,3
T5341,C14885,2024-04-14,2024-04-14,Technical,Critical,4,Yes,11
T5342,C11645,2024-07-15,2024-07-16,Network,High,5,Yes,26
T5343,C12762,2024-07-17,2024-07-17,Billing,Critical,3,Yes,3
T5344,C11854,2024-05-12,2024-05-12,Network,Medium,4,Yes,7
T5345,C14971,2024-06-14,2024-06-14,Network,Critical,3,Yes,7
T5346,C13118,2024-11-27,2024-11-27,Network,High,1,No,8
T5347,C10950,2024-10-19,2024-10-19,Account,Low,4,No,4
T5348,C14716,2024-12-11,2024-12-14,Technical,High,2,Yes,88
T5349,C11573,2024-05-23,2024-05-23,Billing,Medium,5,Yes,19
T5350,C12766,2024-03-28,2024-03-28,Network,High,4,Yes,7
T5351,C11082,2024-10-27,2024-10-28,Network,Medium,5,Yes,41
T5352,C10195,2024-07-07,2024-07-09,Technical,Medium,4,Yes,48
T5353,C12026,2024-11-10,2024-11-11,Account,Medium,3,Yes,32
T5354,C12227,2024-02-10,2024-02-10,Network,Medium,4,Yes,10
T5355,C14973,2024-06-16,2024-06-16,Network,Low,5,Yes,18
T5356,C13248,2024-10-12,2024-10-12,Billing,High,3,Yes,6
T5357,C14690,2024-07-26,2024-07-26,Network,High,5,Yes,5
T5358,C12872,2024-09-01,2024-09-01,Network,Medium,4,Yes,2
T5359,C12149,2024-05-15,2024-05-15,Billing,Critical,2,Yes,13
T5360,C13583,2024-01-03,2024-01-03,Billing,Low,4,Yes,11
T5361,C14662,2024-05-26,2024-05-26,Billing,High,2,Yes,11
T5362,C14544,2024-08-29,2024-08-29,Network,Medium,2,Yes,12
T5363,C14982,2024-11-29,2024-11-29,Billing,Medium,3,Yes,10
T5364,C12688,2024-10-23,2024-10-23,Network,Critical,1,Yes,20
T5365,C14732,2024-02-16,2024-02-16,Billing,Low,2,Yes,5
T5366,C14056,2024-09-28,2024-09-28,Technical,Low,4,Yes,13
T5367,C10741,2024-06-03,2024-06-05,Network,High,4,No,64
T5368,C14375,2024-01-24,2024-01-24,Network,Low,4,Yes,17
T5369,C13479,2024-12-23,2024-12-24,Billing,High,1,Yes,29
T5370,C11071,2024-08-07,2024-08-07,Network,Medium,5,Yes,14
T5371,C14252,2024-01-26,2024-01-27,Network,High,4,Yes,24
T5372,C12559,2024-07-23,2024-07-25,Technical,Low,2,Yes,59
T5373,C12822,2024-05-17,2024-05-17,Account,Medium,4,Yes,13
T5374,C12370,2024-10-29,2024-10-29,Account,High,5,Yes,18
T5375,C14593,2024-11-09,2024-11-10,Network,Medium,3,Yes,28
T5376,C10320,2024-11-01,2024-11-01,Technical,Critical,5,Yes,2
T5377,C13891,2024-04-18,2024-04-18,Technical,Medium,3,Yes,5
T5378,C13358,2024-01-27,2024-01-27,Billing,Low,4,Yes,12
T5379,C14370,2024-05-21,2024-05-21,Network,Low,3,Yes,1
T5380,C12758,2024-11-18,2024-11-18,Billing,Low,2,Yes,20
T5381,C11197,2024-08-14,2024-08-14,Account,High,3,Yes,12
T5382,C10029,2024-07-30,2024-07-30,Network,High,3,Yes,6
T5383,C14719,2024-07-05,2024-07-05,Billing,Low,4,Yes,1
T5384,C10174,2024-12-26,2024-12-26,Network,Low,4,Yes,2
T5385,C10341,2024-07-11,2024-07-12,Technical,Critical,5,Yes,41
T5386,C14646,2024-08-28,2024-08-28,Technical,Medium,1,Yes,7
T5387,C10846,2024-10-29,2024-10-29,Billing,Low,1,Yes,13
T5388,C12427,2024-09-29,2024-09-29,Account,High,1,Yes,1
T5389,C12587,2024-08-22,2024-08-22,Network,Medium,2,Yes,1
T5390,C10421,2024-11-23,2024-11-23,Technical,High,2,Yes,1
T5391,C11456,2024-10-16,2024-10-17,Network,Low,3,Yes,30
T5392,C10526,2024-11-09,2024-11-09,Account,Low,5,Yes,21
T5393,C11902,2024-03-12,2024-03-12,Billing,Low,4,Yes,11
T5394,C12939,2024-07-13,2024-07-13,Network,High,4,No,7
T5395,C13353,2024-09-11,2024-09-11,Technical,Medium,4,Yes,14
T5396,C11536,2024-10-13,2024-10-14,Network,Critical,1,Yes,44
T5397,C10530,2024-03-27,2024-03-29,Billing,High,1,Yes,63
T5398,C13747,2024-08-18,2024-08-18,Billing,Low,2,Yes,10
T5399,C14964,2024-04-11,2024-04-12,Network,High,5,No,28
T5400,C14166,2024-06-19,2024-06-21,Account,Critical,3,Yes,50
T5401,C14633,2024-05-04,2024-05-04,Network,High,3,No,3
T5402,C12290,2024-09-21,2024-09-21,Billing,Low,2,Yes,10
T5403,C13487,2024-12-14,2024-12-14,Network,Low,4,Yes,2
T5404,C11245,2024-10-27,2024-10-27,Network,High,3,No,4
T5405,C10936,2024-11-22,2024-11-22,Billing,Medium,3,Yes,9
T5406,C11118,2024-06-05,2024-06-05,Technical,Medium,5,Yes,19
T5407,C14549,2024-02-23,2024-02-23,Network,High,5,Yes,11
T5408,C14076,2024-02-02,2024-02-02,Technical,Low,5,Yes,18
T5409,C10654,2024-04-19,2024-04-20,Account,Low,5,Yes,46
T5410,C12193,2024-11-13,2024-11-13,Technical,Critical,1,Yes,15
T5411,C12810,2024-06-08,2024-06-08,Billing,Medium,5,No,1
T5412,C13211,2024-03-16,2024-03-16,Billing,Low,4,Yes,3
T5413,C10013,2024-10-18,2024-10-18,Network,Low,4,Yes,10
T5414,C11960,2024-05-30,2024-05-31,Billing,Low,5,No,27
T5415,C12093,2024-12-08,2024-12-08,Network,Medium,2,Yes,18
T5416,C12082,2024-04-09,2024-04-09,Network,Low,1,Yes,14
T5417,C13153,2024-11-14,2024-11-14,Network,Medium,4,Yes,1
T5418,C14816,2024-11-09,2024-11-09,Network,Medium,4,Yes,22
T5419,C12490,2024-07-11,2024-07-12,Technical,High,4,Yes,26
T5420,C12570,2024-02-12,2024-02-13,Account,Medium,4,Yes,24
T5421,C11754,2024-07-17,2024-07-21,Network,Critical,3,Yes,104
T5422,C12975,2024-01-12,2024-01-12,Network,Medium,5,No,11
T5423,C11832,2024-11-19,2024-11-19,Account,High,3,Yes,10
T5424,C11176,2024-01-22,2024-01-22,Billing,Critical,3,Yes,20
T5425,C14715,2024-07-17,2024-07-19,Billing,Medium,5,Yes,50
T5426,C14948,2024-06-25,2024-06-25,Network,Medium,4,Yes,5
T5427,C10758,2024-08-11,2024-08-12,Network,Low,5,Yes,24
T5428,C14811,2024-09-14,2024-09-15,Billing,Medium,4,Yes,29
T5429,C13970,2024-09-14,2024-09-15,Network,Low,3,Yes,24
T5430,C12461,2024-10-03,2024-10-03,Billing,Low,1,Yes,7
T5431,C14115,2024-03-09,2024-03-10,Network,High,3,Yes,25
T5432,C11824,2024-02-08,2024-02-09,Technical,Critical,1,Yes,35
T5433,C13070,2024-10-16,2024-10-17,Billing,High,5,Yes,45
T5434,C10504,2024-06-03,2024-06-05,Network,Low,3,No,50
T5435,C10794,2024-10-23,2024-10-23,Technical,Medium,3,Yes,7
T5436,C14834,2024-03-14,2024-03-14,Billing,Medium,5,No,1
T5437,C13491,2024-12-08,2024-12-08,Billing,Low,3,Yes,19
T5438,C12148,2024-09-19,2024-09-19,Account,Low,5,Yes,13
T5439,C12931,2024-05-27,2024-05-27,Network,High,4,Yes,14
T5440,C10623,2024-11-09,2024-11-10,Billing,Low,5,Yes,44
T5441,C10011,2024-08-01,2024-08-01,Account,High,5,Yes,12
T5442,C14932,2024-06-08,2024-06-09,Billing,Medium,3,Yes,45
T5443,C14515,2024-12-02,2024-12-03,Billing,Medium,5,Yes,35
T5444,C10437,2024-12-25,2024-12-26,Technical,Medium,4,Yes,38
T5445,C11540,2024-03-05,2024-03-06,Network,High,3,No,41
T5446,C13620,2024-03-31,2024-03-31,Billing,Medium,3,Yes,3
T5447,C10253,2024-02-06,2024-02-06,Billing,Low,5,Yes,10
T5448,C10384,2024-05-18,2024-05-18,Network,High,3,Yes,1
T5449,C12158,2024-01-08,2024-01-08,Network,Low,5,No,6
T5450,C12296,2024-01-14,2024-01-14,Account,Low,5,Yes,1
T5451,C10988,2024-11-02,2024-11-02,Network,Low,3,No,1
T5452,C11241,2024-06-10,2024-06-12,Billing,Low,5,Yes,58
T5453,C10188,2024-02-21,2024-02-21,Technical,Low,2,Yes,6
T5454,C11774,2024-01-08,2024-01-08,Network,High,2,Yes,16
T5455,C10423,2024-03-05,2024-03-05,Technical,High,4,Yes,10
T5456,C13978,2024-09-18,2024-09-19,Billing,High,2,Yes,41
T5457,C14321,2024-01-26,2024-01-26,Account,Medium,3,Yes,1
T5458,C10427,2024-07-08,2024-07-08,Technical,Critical,4,Yes,1
T5459,C12493,2024-12-07,2024-12-07,Billing,High,2,Yes,22
T5460,C11286,2024-11-28,2024-11-29,Account,Medium,5,Yes,28
T5461,C14812,2024-07-31,2024-07-31,Technical,Low,1,Yes,2
T5462,C12819,2024-12-07,2024-12-07,Billing,Low,3,Yes,3
T5463,C13338,2024-02-08,2024-02-08,Network,Medium,2,No,2
T5464,C10367,2024-12-01,2024-12-01,Network,Low,5,Yes,5
T5465,C10258,2024-12-04,2024-12-09,Network,High,3,Yes,124
T5466,C11725,2024-07-07,2024-07-07,Network,High,1,Yes,5
T5467,C12895,2024-07-09,2024-07-09,Billing,Critical,4,Yes,2
T5468,C10342,2024-01-31,2024-01-31,Billing,High,4,Yes,2
T5469,C14759,2024-07-05,2024-07-05,Billing,Medium,5,Yes,5
T5470,C10554,2024-12-15,2024-12-16,Billing,High,2,Yes,35
T5471,C13512,2024-09-20,2024-09-20,Network,Medium,4,Yes,7
T5472,C13921,2024-01-26,2024-01-27,Billing,Low,1,Yes,40
T5473,C11034,2024-10-14,2024-10-14,Billing,Medium,1,Yes,2
T5474,C14768,2024-07-31,2024-07-31,Network,Medium,4,Yes,4
T5475,C12006,2024-01-16,2024-01-19,Billing,Medium,4,Yes,72
T5476,C10598,2024-02-10,2024-02-10,Network,High,1,Yes,18
T5477,C13379,2024-04-17,2024-04-19,Account,Medium,4,Yes,49
T5478,C14470,2024-05-23,2024-05-23,Account,Medium,5,No,4
T5479,C14066,2024-11-18,2024-11-18,Network,High,2,Yes,12
T5480,C14209,2024-04-18,2024-04-18,Billing,Low,5,Yes,18
T5481,C12790,2024-12-07,2024-12-08,Network,Medium,3,No,47
T5482,C12437,2024-10-06,2024-10-06,Account,Critical,5,Yes,5
T5483,C13115,2024-04-11,2024-04-11,Technical,Low,3,Yes,1
T5484,C11858,2024-01-23,2024-01-23,Network,Low,1,Yes,4
T5485,C11569,2024-12-15,2024-12-15,Billing,Critical,4,Yes,17
T5486,C10372,2024-12-18,2024-12-18,Account,Low,1,Yes,14
T5487,C13931,2024-01-25,2024-01-25,Billing,Medium,5,Yes,14
T5488,C12484,2024-09-24,2024-09-24,Billing,Medium,4,Yes,4
T5489,C11209,2024-10-04,2024-10-04,Account,Medium,1,Yes,15
T5490,C14943,2024-08-16,2024-08-16,Network,Critical,4,Yes,1
T5491,C12225,2024-04-03,2024-04-03,Network,High,5,Yes,1
T5492,C12083,2024-03-21,2024-03-22,Network,Low,5,Yes,35
T5493,C10593,2024-01-16,2024-01-16,Technical,Medium,2,Yes,19
T5494,C12639,2024-08-14,2024-08-14,Billing,Medium,2,Yes,11
T5495,C10219,2024-06-08,2024-06-09,Billing,Medium,3,Yes,47
T5496,C12243,2024-10-17,2024-10-17,Account,Medium,5,Yes,14
T5497,C11989,2024-02-29,2024-02-29,Network,Low,4,Yes,9
T5498,C12821,2024-08-25,2024-08-25,Technical,Low,5,Yes,18
T5499,C14834,2024-01-09,2024-01-09,Account,Low,4,Yes,22
T5500,C13328,2024-08-02,2024-08-02,Network,Medium,1,Yes,5
T5501,C12474,2024-01-22,2024-01-23,Network,Low,5,No,27
T5502,C12386,2024-02-20,2024-02-20,Account,Medium,2,Yes,2
T5503,C10327,2024-07-24,2024-07-29,Technical,Low,3,Yes,130
T5504,C13617,2024-02-22,2024-02-22,Billing,Low,5,Yes,2
T5505,C13632,2024-10-02,2024-10-03,Billing,Medium,5,No,43
T5506,C11709,2024-10-11,2024-10-12,Network,Low,3,Yes,40
T5507,C11403,2024-09-21,2024-09-21,Network,Medium,4,No,9
T5508,C10448,2024-12-06,2024-12-06,Billing,Medium,4,Yes,22
T5509,C10578,2024-07-17,2024-07-17,Technical,Low,3,Yes,22
T5510,C12047,2024-02-21,2024-02-22,Network,High,5,Yes,27
T5511,C14711,2024-02-21,2024-02-21,Billing,Medium,2,Yes,21
T5512,C10877,2024-11-23,2024-11-24,Billing,Low,1,Yes,25
T5513,C10118,2024-01-02,2024-01-02,Network,Low,3,Yes,9
T5514,C11849,2024-10-20,2024-10-20,Technical,Medium,2,Yes,11
T5515,C11758,2024-08-06,2024-08-06,Technical,Critical,4,No,9
T5516,C10401,2024-02-14,2024-02-14,Billing,Low,5,Yes,4
T5517,C14159,2024-12-18,2024-12-19,Account,Low,3,Yes,25
T5518,C14116,2024-04-19,2024-04-19,Network,Medium,4,Yes,3
T5519,C10630,2024-04-25,2024-04-27,Network,Medium,3,No,48
T5520,C12885,2024-05-25,2024-05-25,Network,High,3,Yes,16
T5521,C10045,2024-04-01,2024-04-01,Billing,Medium,4,Yes,3
T5522,C11564,2024-09-25,2024-09-25,Billing,High,3,Yes,7
T5523,C13469,2024-01-14,2024-01-14,Technical,Medium,5,Yes,21
T5524,C13367,2024-03-17,2024-03-19,Network,Medium,5,Yes,51
T5525,C13900,2024-02-24,2024-02-24,Network,Medium,4,Yes,1
T5526,C12431,2024-10-14,2024-10-14,Network,Low,1,Yes,4
T5527,C14324,2024-04-13,2024-04-13,Network,High,1,Yes,6
T5528,C11229,2024-07-10,2024-07-11,Billing,Low,4,Yes,39
T5529,C13054,2024-05-27,2024-05-27,Billing,Medium,2,Yes,2
T5530,C14109,2024-09-21,2024-09-21,Network,Low,4,Yes,14
T5531,C10204,2024-06-19,2024-06-20,Billing,Medium,3,Yes,43
T5532,C14355,2024-02-01,2024-02-03,Network,Medium,1,Yes,53
T5533,C14331,2024-05-27,2024-05-27,Technical,Medium,5,Yes,14
T5534,C12056,2024-05-29,2024-05-31,Billing,Medium,5,Yes,52
T5535,C11146,2024-11-18,2024-11-18,Account,Critical,5,No,14
T5536,C14167,2024-06-15,2024-06-16,Billing,High,2,Yes,40
T5537,C11465,2024-11-16,2024-11-16,Network,Medium,1,Yes,2
T5538,C11460,2024-06-26,2024-06-28,Network,Medium,4,Yes,65
T5539,C11393,2024-05-11,2024-05-11,Technical,High,3,Yes,4
T5540,C10862,2024-04-25,2024-04-25,Network,High,3,Yes,12
T5541,C12597,2024-11-20,2024-11-21,Network,Medium,4,Yes,41
T5542,C14915,2024-01-01,2024-01-01,Technical,High,4,Yes,15
T5543,C11533,2024-03-06,2024-03-06,Technical,Low,3,No,4
T5544,C11141,2024-02-21,2024-02-21,Network,Critical,1,Yes,23
T5545,C14124,2024-07-03,2024-07-03,Billing,Low,2,Yes,23
T5546,C13043,2024-03-30,2024-03-30,Technical,Medium,2,Yes,11
T5547,C14062,2024-11-06,2024-11-06,Billing,Medium,5,Yes,21
T5548,C14038,2024-08-29,2024-08-29,Network,Low,3,Yes,4
T5549,C12909,2024-05-12,2024-05-12,Account,Medium,4,Yes,15
T5550,C13463,2024-10-14,2024-10-14,Technical,Medium,5,Yes,1
T5551,C13040,2024-08-23,2024-08-23,Technical,Medium,3,Yes,3
T5552,C11020,2024-11-18,2024-11-18,Technical,High,5,Yes,19
T5553,C13958,2024-08-25,2024-08-25,Account,High,3,Yes,9
T5554,C14006,2024-01-09,2024-01-09,Network,Low,3,Yes,19
T5555,C13937,2024-07-27,2024-07-27,Technical,Medium,2,Yes,14
T5556,C10659,2024-10-11,2024-10-11,Account,Low,5,Yes,18
T5557,C10239,2024-12-06,2024-12-06,Network,High,5,Yes,9
T5558,C10496,2024-08-29,2024-08-29,Technical,High,4,Yes,8
T5559,C12748,2024-12-16,2024-12-16,Technical,Medium,4,Yes,17
T5560,C13664,2024-09-22,2024-09-23,Network,Medium,5,Yes,26
T5561,C10244,2024-05-03,2024-05-03,Network,Medium,2,Yes,11
T5562,C14477,2024-07-08,2024-07-09,Network,Medium,5,Yes,32
T5563,C14329,2024-03-27,2024-03-27,Network,Medium,3,Yes,9
T5564,C10374,2024-12-30,2024-12-31,Billing,Medium,2,Yes,26
T5565,C13529,2024-01-25,2024-01-25,Network,Low,5,Yes,9
T5566,C10556,2024-05-07,2024-05-07,Billing,Medium,5,Yes,6
T5567,C11643,2024-03-08,2024-03-08,Network,Medium,2,Yes,18
T5568,C12235,2024-09-20,2024-09-21,Technical,High,4,Yes,44
T5569,C11847,2024-09-18,2024-09-18,Billing,Medium,4,Yes,3
T5570,C11096,2024-07-17,2024-07-18,Account,Low,2,No,36
T5571,C12226,2024-01-17,2024-01-17,Technical,Low,3,Yes,10
T5572,C10943,2024-02-23,2024-02-23,Technical,Medium,5,Yes,8
T5573,C10259,2024-06-15,2024-06-19,Network,Low,3,Yes,104
T5574,C12116,2024-01-11,2024-01-13,Billing,Low,4,Yes,48
T5575,C14686,2024-06-17,2024-06-18,Billing,High,5,Yes,28
T5576,C11573,2024-06-06,2024-06-06,Billing,Medium,4,Yes,16
T5577,C14575,2024-07-19,2024-07-19,Network,Low,3,Yes,1
T5578,C10611,2024-06-26,2024-06-26,Billing,High,3,No,18
T5579,C10206,2024-05-18,2024-05-18,Technical,Low,4,No,9
T5580,C10020,2024-11-08,2024-11-08,Network,High,4,Yes,21
T5581,C12830,2024-03-26,2024-03-27,Account,Low,1,No,46
T5582,C14250,2024-03-09,2024-03-09,Network,High,4,No,7
T5583,C10159,2024-04-05,2024-04-05,Technical,Low,3,Yes,1
T5584,C11084,2024-02-06,2024-02-06,Network,Medium,5,Yes,4
T5585,C14160,2024-06-14,2024-06-14,Billing,Medium,2,No,15
T5586,C13368,2024-08-30,2024-08-30,Billing,Low,1,Yes,3
T5587,C11642,2024-10-15,2024-10-15,Network,Low,1,Yes,11
T5588,C10548,2024-03-12,2024-03-12,Network,High,3,Yes,11
T5589,C10109,2024-07-30,2024-07-30,Account,Low,1,Yes,12
T5590,C13179,2024-05-23,2024-05-23,Network,High,3,Yes,15
T5591,C10820,2024-07-16,2024-07-17,Account,Critical,1,Yes,33
T5592,C11595,2024-06-08,2024-06-08,Network,Medium,4,Yes,1
T5593,C14347,2024-04-22,2024-04-23,Technical,High,5,Yes,30
T5594,C12658,2024-08-28,2024-08-28,Technical,High,4,Yes,1
T5595,C12855,2024-07-03,2024-07-04,Network,Low,4,Yes,29
T5596,C11792,2024-07-14,2024-07-14,Billing,High,3,Yes,17
T5597,C14444,2024-03-03,2024-03-03,Network,Medium,3,Yes,1
T5598,C14628,2024-09-27,2024-09-27,Network,Low,5,Yes,16
T5599,C11459,2024-10-12,2024-10-12,Technical,Medium,2,Yes,6
T5600,C10154,2024-11-19,2024-11-20,Network,Low,1,No,38
T5601,C12962,2024-03-14,2024-03-14,Billing,High,2,Yes,13
T5602,C14704,2024-11-22,2024-11-22,Billing,Medium,4,Yes,10
T5603,C11762,2024-07-05,2024-07-06,Billing,High,4,Yes,25
T5604,C11041,2024-01-31,2024-01-31,Technical,Low,3,Yes,20
T5605,C10253,2024-12-08,2024-12-08,Account,Low,1,Yes,1
T5606,C10305,2024-04-22,2024-04-22,Network,Low,5,Yes,1
T5607,C12583,2024-03-19,2024-03-19,Billing,High,2,Yes,5
T5608,C11463,2024-08-10,2024-08-11,Network,High,1,Yes,27
T5609,C10119,2024-02-13,2024-02-13,Billing,Low,3,Yes,8
T5610,C13846,2024-10-28,2024-10-29,Account,High,5,Yes,25
T5611,C13372,2024-05-01,2024-05-01,Account,High,5,Yes,16
T5612,C13809,2024-09-07,2024-09-07,Billing,Low,4,Yes,7
T5613,C13540,2024-04-16,2024-04-16,Technical,Low,4,Yes,17
T5614,C13388,2024-04-07,2024-04-07,Network,Low,1,Yes,3
T5615,C14013,2024-11-16,2024-11-19,Technical,Low,3,Yes,80
T5616,C14663,2024-06-30,2024-07-01,Network,Critical,5,Yes,39
T5617,C12431,2024-11-29,2024-11-29,Billing,Low,5,Yes,5
T5618,C13475,2024-01-05,2024-01-05,Billing,Medium,5,Yes,7
T5619,C10716,2024-10-21,2024-10-21,Account,Medium,5,Yes,9
T5620,C13271,2024-08-06,2024-08-07,Billing,High,3,No,32
T5621,C10059,2024-06-03,2024-06-03,Technical,High,3,Yes,18
T5622,C14879,2024-09-02,2024-09-02,Technical,Low,5,Yes,8
T5623,C10358,2024-10-04,2024-10-04,Network,Medium,5,Yes,2
T5624,C14946,2024-06-08,2024-06-08,Technical,High,3,Yes,1
T5625,C10172,2024-08-24,2024-08-24,Billing,Low,5,Yes,2
T5626,C12123,2024-05-31,2024-06-01,Technical,Medium,4,No,34
T5627,C11374,2024-02-15,2024-02-15,Billing,Low,3,Yes,1
T5628,C12322,2024-04-04,2024-04-04,Account,High,4,Yes,1
T5629,C11907,2024-04-22,2024-04-22,Technical,Low,3,Yes,18
T5630,C12305,2024-08-21,2024-08-21,Network,Medium,4,Yes,7
T5631,C11315,2024-12-01,2024-12-01,Network,Critical,5,No,4
T5632,C11714,2024-02-13,2024-02-13,Network,Low,3,Yes,10
T5633,C10660,2024-10-30,2024-10-30,Account,High,5,Yes,3
T5634,C12428,2024-08-04,2024-08-04,Account,Medium,2,Yes,11
T5635,C10169,2024-03-08,2024-03-09,Network,Critical,1,Yes,26
T5636,C10248,2024-03-13,2024-03-13,Account,Medium,1,Yes,16
T5637,C10153,2024-06-08,2024-06-08,Account,Low,2,No,9
T5638,C11157,2024-01-29,2024-01-29,Billing,Critical,3,Yes,7
T5639,C11680,2024-11-08,2024-11-09,Network,Low,2,No,41
T5640,C14246,2024-08-03,2024-08-03,Technical,Medium,3,Yes,10
T5641,C13484,2024-02-14,2024-02-14,Network,Low,5,Yes,4
T5642,C14700,2024-02-12,2024-02-13,Account,Low,5,No,31
T5643,C11491,2024-07-12,2024-07-12,Billing,High,5,Yes,15
T5644,C12079,2024-11-30,2024-11-30,Network,Low,4,Yes,7
T5645,C13316,2024-06-07,2024-06-07,Billing,Medium,1,Yes,10
T5646,C11923,2024-09-25,2024-09-25,Network,Critical,5,Yes,12
T5647,C11206,2024-04-05,2024-04-05,Account,Medium,5,Yes,5
T5648,C13233,2024-08-13,2024-08-13,Network,Critical,4,Yes,5
T5649,C10784,2024-03-19,2024-03-20,Billing,High,1,Yes,25
T5650,C10491,2024-02-03,2024-02-03,Account,Medium,1,Yes,9
T5651,C13706,2024-11-16,2024-11-16,Account,High,5,Yes,5
T5652,C14272,2024-02-17,2024-02-17,Technical,Medium,5,Yes,21
T5653,C11370,2024-07-24,2024-07-24,Network,High,3,Yes,5
T5654,C11692,2024-03-06,2024-03-06,Billing,Low,4,No,1
T5655,C14481,2024-06-22,2024-06-22,Network,Low,3,Yes,3
T5656,C11250,2024-03-09,2024-03-14,Network,Low,4,Yes,125
T5657,C13972,2024-01-07,2024-01-07,Technical,Medium,5,Yes,11
T5658,C10527,2024-08-05,2024-08-05,Technical,Medium,3,Yes,9
T5659,C14139,2024-12-01,2024-12-01,Network,Low,4,Yes,2
T5660,C13932,2024-01-28,2024-01-28,Billing,Medium,3,Yes,17
T5661,C13270,2024-09-06,2024-09-06,Network,Medium,4,Yes,17
T5662,C10015,2024-12-04,2024-12-04,Account,Medium,4,Yes,14
T5663,C10682,2024-11-14,2024-11-14,Billing,Low,1,Yes,6
T5664,C10251,2024-06-28,2024-06-28,Network,Medium,5,Yes,4
T5665,C10232,2024-01-27,2024-01-29,Billing,High,2,Yes,52
T5666,C11672,2024-11-23,2024-11-23,Technical,Low,1,Yes,2
T5667,C12091,2024-06-09,2024-06-09,Network,High,1,Yes,2
T5668,C10794,2024-04-16,2024-04-17,Technical,Low,3,Yes,27
T5669,C14112,2024-09-12,2024-09-14,Billing,Low,5,Yes,53
T5670,C11434,2024-07-20,2024-07-20,Billing,Medium,4,Yes,17
T5671,C14601,2024-08-26,2024-08-27,Network,Medium,5,Yes,24
T5672,C10685,2024-10-26,2024-10-26,Billing,Low,5,Yes,10
T5673,C13488,2024-11-12,2024-11-12,Network,Low,2,No,11
T5674,C10347,2024-01-29,2024-01-30,Network,High,1,Yes,28
T5675,C12900,2024-06-13,2024-06-13,Account,Low,5,Yes,1
T5676,C12982,2024-01-31,2024-01-31,Network,Low,5,Yes,7
T5677,C13021,2024-01-13,2024-01-13,Account,Medium,4,Yes,6
T5678,C11732,2024-01-23,2024-01-25,Billing,Low,4,Yes,51
T5679,C14402,2024-04-22,2024-04-22,Technical,Medium,1,Yes,14
T5680,C11615,2024-04-23,2024-04-23,Network,Medium,1,Yes,16
T5681,C13235,2024-06-25,2024-06-25,Account,High,4,Yes,11
T5682,C11208,2024-03-23,2024-03-23,Account,Medium,4,Yes,4
T5683,C14828,2024-09-11,2024-09-13,Network,Low,3,Yes,54
T5684,C13161,2024-12-17,2024-12-17,Network,Medium,5,Yes,10
T5685,C12566,2024-04-05,2024-04-05,Technical,Critical,4,Yes,14
T5686,C13103,2024-01-31,2024-02-01,Billing,Low,2,Yes,40
T5687,C11235,2024-04-05,2024-04-05,Billing,Medium,3,Yes,19
T5688,C12800,2024-01-08,2024-01-09,Network,Medium,1,Yes,28
T5689,C14296,2024-02-13,2024-02-13,Technical,Medium,1,No,22
T5690,C12440,2024-08-28,2024-08-30,Network,Low,2,Yes,50
T5691,C14223,2024-03-22,2024-03-22,Network,Low,5,Yes,8
T5692,C13872,2024-12-14,2024-12-14,Account,High,5,Yes,1
T5693,C12112,2024-06-01,2024-06-02,Network,Low,5,Yes,25
T5694,C12965,2024-03-05,2024-03-05,Account,Medium,3,Yes,2
T5695,C14644,2024-02-26,2024-02-26,Network,Low,4,Yes,14
T5696,C13342,2024-09-22,2024-09-22,Network,Low,4,Yes,8
T5697,C14095,2024-08-27,2024-08-28,Billing,Low,4,Yes,31
T5698,C11775,2024-04-03,2024-04-03,Account,Low,3,Yes,7
T5699,C12452,2024-06-03,2024-06-03,Billing,Low,3,Yes,18
T5700,C10278,2024-10-11,2024-10-11,Technical,Low,1,Yes,20
T5701,C14762,2024-08-15,2024-08-15,Technical,Medium,3,Yes,18
T5702,C10264,2024-04-22,2024-04-23,Technical,Low,3,Yes,29
T5703,C12695,2024-01-25,2024-01-25,Billing,High,2,No,16
T5704,C14285,2024-02-02,2024-02-04,Network,Medium,1,Yes,70
T5705,C12859,2024-09-19,2024-09-19,Billing,High,5,Yes,16
T5706,C10724,2024-10-08,2024-10-08,Billing,Medium,2,Yes,5
T5707,C13902,2024-06-26,2024-06-26,Technical,Medium,5,Yes,6
T5708,C10858,2024-11-09,2024-11-09,Technical,Medium,5,No,18
T5709,C13201,2024-03-02,2024-03-04,Technical,Medium,5,No,60
T5710,C10927,2024-05-14,2024-05-14,Network,High,1,Yes,17
T5711,C11523,2024-11-04,2024-11-04,Technical,High,1,Yes,2
T5712,C10601,2024-03-01,2024-03-01,Technical,Low,5,Yes,5
T5713,C13506,2024-02-29,2024-02-29,Network,Medium,1,Yes,21
T5714,C10116,2024-12-23,2024-12-23,Billing,Low,5,No,17
T5715,C11024,2024-11-04,2024-11-07,Network,High,5,Yes,80
T5716,C14344,2024-10-07,2024-10-07,Technical,High,4,Yes,22
T5717,C10353,2024-06-12,2024-06-13,Billing,Medium,5,Yes,34
T5718,C14784,2024-01-04,2024-01-04,Technical,High,2,No,3
T5719,C14268,2024-11-28,2024-11-29,Technical,Critical,3,Yes,30
T5720,C12315,2024-08-31,2024-09-02,Network,High,2,Yes,53
T5721,C14153,2024-06-26,2024-06-26,Billing,Low,3,Yes,11
T5722,C13723,2024-06-02,2024-06-02,Network,Medium,1,No,20
T5723,C11988,2024-03-23,2024-03-23,Account,Medium,5,Yes,22
T5724,C12364,2024-07-26,2024-07-28,Account,Low,5,Yes,51
T5725,C12649,2024-12-30,2024-12-30,Network,High,5,Yes,23
T5726,C10033,2024-09-05,2024-09-05,Network,Medium,5,Yes,5
T5727,C12268,2024-02-10,2024-02-12,Billing,Low,5,Yes,50
T5728,C12089,2024-04-30,2024-04-30,Billing,Critical,4,No,2
T5729,C13309,2024-08-27,2024-08-27,Account,Low,1,Yes,12
T5730,C13313,2024-09-12,2024-09-12,Account,Medium,1,Yes,7
T5731,C12045,2024-07-14,2024-07-16,Network,Low,3,Yes,51
T5732,C10347,2024-03-12,2024-03-17,Technical,High,3,Yes,133
T5733,C12482,2024-06-26,2024-06-27,Billing,Critical,3,Yes,34
T5734,C14032,2024-01-01,2024-01-01,Account,High,1,Yes,1
T5735,C12292,2024-04-17,2024-04-17,Network,Medium,2,Yes,10
T5736,C10275,2024-12-28,2024-12-28,Technical,High,3,Yes,20
T5737,C10007,2024-12-07,2024-12-08,Network,Low,2,Yes,28
T5738,C10035,2024-03-23,2024-03-23,Billing,Low,5,Yes,1
T5739,C12935,2024-07-04,2024-07-04,Network,Critical,2,Yes,1
T5740,C11004,2024-04-12,2024-04-12,Billing,Medium,1,Yes,18
T5741,C13237,2024-07-22,2024-07-23,Billing,Critical,3,Yes,32
T5742,C14076,2024-08-16,2024-08-16,Technical,Low,3,Yes,12
T5743,C10368,2024-12-17,2024-12-17,Network,Low,3,Yes,9
T5744,C10833,2024-11-17,2024-11-17,Billing,Medium,4,Yes,1
T5745,C14661,2024-10-16,2024-10-19,Technical,Low,3,Yes,86
T5746,C12554,2024-04-11,2024-04-12,Network,Critical,5,Yes,26
T5747,C13339,2024-06-18,2024-06-18,Billing,Low,4,Yes,1
T5748,C14713,2024-04-15,2024-04-17,Account,Medium,5,Yes,55
T5749,C10749,2024-04-02,2024-04-02,Billing,Low,1,Yes,10
T5750,C12757,2024-02-11,2024-02-11,Technical,High,3,Yes,12
T5751,C12076,2024-01-12,2024-01-12,Billing,High,3,Yes,8
T5752,C11907,2024-09-15,2024-09-15,Technical,Medium,1,Yes,15
T5753,C12414,2024-09-15,2024-09-16,Network,Medium,1,Yes,25
T5754,C10604,2024-01-29,2024-01-30,Network,High,3,Yes,44
T5755,C13306,2024-02-23,2024-02-23,Network,Medium,3,Yes,21
T5756,C12680,2024-05-18,2024-05-18,Billing,High,3,Yes,14
T5757,C13103,2024-10-15,2024-10-15,Network,Medium,1,No,8
T5758,C13630,2024-07-06,2024-07-06,Network,Medium,1,Yes,3
T5759,C10810,2024-10-06,2024-10-06,Network,Low,4,Yes,7
T5760,C11764,2024-08-28,2024-08-29,Technical,Low,3,Yes,42
T5761,C13721,2024-10-10,2024-10-10,Network,Critical,4,Yes,1
T5762,C14110,2024-08-29,2024-08-29,Account,Low,3,Yes,4
T5763,C10280,2024-09-22,2024-09-22,Network,High,3,Yes,3
T5764,C14276,2024-06-14,2024-06-14,Technical,High,3,Yes,1
T5765,C13896,2024-10-04,2024-10-05,Network,Medium,1,Yes,39
T5766,C14612,2024-01-30,2024-01-30,Network,Medium,2,Yes,19
T5767,C14062,2024-08-23,2024-08-23,Network,High,3,Yes,19
T5768,C12643,2024-01-29,2024-01-29,Account,Medium,4,Yes,10
T5769,C14304,2024-11-29,2024-11-29,Account,Low,2,Yes,2
T5770,C12636,2024-05-09,2024-05-09,Network,Low,2,Yes,2
T5771,C11142,2024-07-06,2024-07-06,Network,Medium,5,Yes,13
T5772,C14731,2024-12-14,2024-12-14,Technical,Low,5,Yes,13
T5773,C13645,2024-04-10,2024-04-10,Billing,Critical,2,No,16
T5774,C11418,2024-05-14,2024-05-14,Network,High,5,Yes,3
T5775,C10513,2024-04-20,2024-04-20,Account,Medium,4,Yes,7
T5776,C10740,2024-10-14,2024-10-14,Account,Medium,2,Yes,19
T5777,C10689,2024-08-16,2024-08-17,Network,Low,1,No,28
T5778,C13402,2024-08-20,2024-08-21,Network,Medium,4,Yes,37
T5779,C10024,2024-04-10,2024-04-11,Billing,Low,5,Yes,42
T5780,C14369,2024-09-01,2024-09-01,Network,Medium,4,No,8
T5781,C13211,2024-12-25,2024-12-26,Billing,Low,2,Yes,41
T5782,C12472,2024-03-02,2024-03-02,Network,High,3,Yes,14
T5783,C10701,2024-09-13,2024-09-13,Technical,Medium,2,No,1
T5784,C12516,2024-07-22,2024-07-22,Billing,Medium,3,Yes,4
T5785,C13485,2024-02-15,2024-02-17,Network,Medium,5,Yes,48
T5786,C10904,2024-11-30,2024-12-01,Technical,Critical,4,Yes,39
T5787,C12506,2024-03-03,2024-03-03,Network,High,1,Yes,1
T5788,C10225,2024-11-04,2024-11-04,Billing,Medium,4,No,18
T5789,C12124,2024-12-16,2024-12-16,Billing,Low,3,Yes,1
T5790,C12543,2024-01-21,2024-01-21,Billing,Medium,4,Yes,10
T5791,C13514,2024-02-15,2024-02-15,Billing,Low,1,Yes,21
T5792,C11084,2024-05-21,2024-05-21,Billing,Medium,4,Yes,1
T5793,C13771,2024-11-19,2024-11-19,Network,Critical,5,Yes,13
T5794,C12161,2024-11-15,2024-11-17,Network,High,5,Yes,50
T5795,C14503,2024-09-28,2024-09-28,Network,Medium,3,Yes,8
T5796,C14021,2024-01-17,2024-01-17,Network,High,2,Yes,8
T5797,C11406,2024-06-30,2024-07-01,Billing,Medium,1,Yes,35
T5798,C14593,2024-07-07,2024-07-07,Network,Medium,4,Yes,8
T5799,C12088,2024-11-28,2024-11-29,Technical,Low,1,No,31
T5800,C12749,2024-01-20,2024-01-20,Billing,High,5,Yes,11
T5801,C10006,2024-05-29,2024-05-29,Billing,Medium,1,Yes,8
T5802,C11847,2024-10-07,2024-10-07,Network,Medium,5,Yes,10
T5803,C13003,2024-04-21,2024-04-21,Billing,High,4,Yes,3
T5804,C13355,2024-03-12,2024-03-12,Billing,Medium,5,Yes,1
T5805,C12138,2024-08-14,2024-08-14,Network,High,2,Yes,1
T5806,C11041,2024-05-18,2024-05-19,Billing,Medium,4,Yes,24
T5807,C11515,2024-09-23,2024-09-23,Network,Medium,5,Yes,15
T5808,C13454,2024-10-16,2024-10-16,Billing,High,4,Yes,20
T5809,C14796,2024-02-19,2024-02-19,Billing,Low,4,Yes,7
T5810,C10879,2024-08-15,2024-08-15,Billing,High,5,Yes,6
T5811,C13535,2024-09-05,2024-09-05,Technical,Medium,5,Yes,20
T5812,C14428,2024-09-29,2024-09-29,Account,Medium,5,Yes,19
T5813,C12072,2024-03-03,2024-03-03,Account,Medium,3,Yes,19
T5814,C10451,2024-06-06,2024-06-06,Technical,Medium,2,No,1
T5815,C13644,2024-02-02,2024-02-03,Account,Low,3,Yes,27
T5816,C10137,2024-04-27,2024-04-27,Network,High,3,Yes,6
T5817,C12793,2024-10-26,2024-10-26,Billing,Critical,5,Yes,6
T5818,C14393,2024-08-02,2024-08-03,Network,Medium,4,Yes,33
T5819,C12927,2024-01-02,2024-01-06,Billing,High,4,Yes,104
T5820,C14633,2024-06-04,2024-06-05,Network,Medium,1,No,45
T5821,C12226,2024-01-06,2024-01-06,Network,High,2,Yes,23
T5822,C11455,2024-06-10,2024-06-12,Technical,Low,5,Yes,62
T5823,C12158,2024-01-13,2024-01-14,Network,Low,5,No,31
T5824,C14817,2024-01-10,2024-01-10,Billing,Medium,4,Yes,5
T5825,C10362,2024-05-23,2024-05-23,Account,High,5,Yes,8
T5826,C14803,2024-06-19,2024-06-19,Billing,Low,4,Yes,5
T5827,C13137,2024-03-10,2024-03-11,Account,Medium,5,Yes,44
T5828,C12193,2024-11-04,2024-11-04,Technical,Low,2,Yes,11
T5829,C12609,2024-06-30,2024-06-30,Billing,High,4,Yes,1
T5830,C12156,2024-12-29,2024-12-29,Technical,High,4,Yes,1
T5831,C11805,2024-12-06,2024-12-06,Billing,Low,3,Yes,1
T5832,C12744,2024-08-30,2024-08-31,Network,Medium,2,Yes,35
T5833,C10993,2024-03-21,2024-03-21,Network,Low,3,Yes,11
T5834,C13831,2024-10-27,2024-10-27,Network,Medium,1,Yes,2
T5835,C11173,2024-10-04,2024-10-04,Billing,Low,5,Yes,17
T5836,C12708,2024-02-25,2024-02-25,Billing,High,3,Yes,3
T5837,C11930,2024-06-29,2024-06-29,Billing,Low,4,Yes,5
T5838,C14731,2024-12-24,2024-12-25,Network,Low,2,Yes,41
T5839,C13810,2024-08-18,2024-08-18,Billing,Critical,5,Yes,16
T5840,C14531,2024-10-25,2024-10-30,Technical,Critical,3,Yes,136
T5841,C14729,2024-09-24,2024-09-26,Billing,Low,3,Yes,63
T5842,C12969,2024-03-31,2024-03-31,Network,Medium,1,Yes,10
T5843,C10577,2024-12-10,2024-12-10,Technical,Medium,4,Yes,13
T5844,C14876,2024-01-21,2024-01-22,Account,Medium,1,Yes,37
T5845,C12203,2024-04-09,2024-04-09,Billing,Low,2,No,15
T5846,C12321,2024-12-10,2024-12-10,Billing,High,4,Yes,7
T5847,C11652,2024-03-15,2024-03-16,Network,Medium,2,Yes,25
T5848,C14390,2024-05-29,2024-05-31,Network,High,4,Yes,59
T5849,C12106,2024-07-23,2024-07-23,Network,Medium,5,Yes,8
T5850,C11704,2024-10-19,2024-10-22,Account,High,1,No,78
T5851,C10562,2024-05-14,2024-05-14,Billing,Medium,4,Yes,1
T5852,C12644,2024-07-01,2024-07-02,Technical,Medium,5,Yes,40
T5853,C12447,2024-08-09,2024-08-09,Account,Medium,4,Yes,11
T5854,C13480,2024-04-20,2024-04-20,Account,Medium,4,Yes,11
T5855,C12707,2024-06-06,2024-06-06,Account,High,5,No,16
T5856,C13982,2024-08-24,2024-08-24,Account,High,4,Yes,5
T5857,C11591,2024-08-27,2024-08-28,Network,Critical,3,Yes,42
T5858,C12931,2024-03-23,2024-03-23,Technical,Medium,3,Yes,9
T5859,C11538,2024-06-12,2024-06-13,Network,Medium,4,No,30
T5860,C13597,2024-05-16,2024-05-16,Account,High,5,Yes,21
T5861,C10001,2024-01-09,2024-01-09,Billing,Medium,4,Yes,2
T5862,C11829,2024-07-08,2024-07-08,Account,Medium,4,No,7
T5863,C12158,2024-08-03,2024-08-04,Network,Low,5,No,26
T5864,C13115,2024-02-25,2024-02-25,Technical,Medium,4,Yes,2
T5865,C14399,2024-12-22,2024-12-22,Account,Medium,1,Yes,3
T5866,C12130,2024-10-19,2024-10-20,Network,High,4,Yes,30
T5867,C13323,2024-05-20,2024-05-20,Billing,Low,2,Yes,4
T5868,C14301,2024-03-04,2024-03-05,Account,Low,3,Yes,26
T5869,C10873,2024-05-27,2024-05-27,Network,Medium,3,Yes,1
T5870,C12319,2024-06-15,2024-06-16,Network,Medium,4,Yes,34
T5871,C12277,2024-05-27,2024-05-27,Network,Low,5,No,14
T5872,C10807,2024-07-18,2024-07-18,Network,High,3,Yes,5
T5873,C10899,2024-02-19,2024-02-20,Technical,High,5,Yes,27
T5874,C10268,2024-12-18,2024-12-18,Network,Medium,5,Yes,20
T5875,C14987,2024-11-09,2024-11-09,Technical,Critical,2,No,1
T5876,C13044,2024-01-22,2024-01-22,Technical,Low,3,Yes,15
T5877,C10056,2024-07-24,2024-07-24,Account,Medium,1,Yes,15
T5878,C10749,2024-05-07,2024-05-07,Billing,Medium,5,Yes,15
T5879,C11085,2024-11-11,2024-11-12,Account,Low,5,Yes,26
T5880,C14871,2024-06-11,2024-06-12,Billing,Medium,4,Yes,36
T5881,C11594,2024-12-02,2024-12-02,Network,Low,4,Yes,2
T5882,C13899,2024-03-05,2024-03-07,Account,Medium,2,Yes,48
T5883,C13399,2024-08-20,2024-08-20,Network,Medium,2,Yes,14
T5884,C11231,2024-03-29,2024-03-29,Technical,Medium,5,Yes,22
T5885,C13311,2024-01-08,2024-01-08,Network,Low,4,Yes,5
T5886,C12100,2024-06-19,2024-06-20,Billing,Medium,3,Yes,36
T5887,C10522,2024-07-17,2024-07-17,Billing,Medium,1,Yes,8
T5888,C11264,2024-12-01,2024-12-02,Billing,Critical,5,Yes,26
T5889,C11953,2024-06-14,2024-06-14,Network,Low,5,Yes,1
T5890,C11806,2024-10-05,2024-10-06,Billing,Medium,3,Yes,27
T5891,C14589,2024-06-09,2024-06-09,Billing,Low,5,Yes,6
T5892,C12244,2024-08-25,2024-08-25,Network,High,4,Yes,6
T5893,C14144,2024-12-19,2024-12-19,Account,Medium,5,Yes,19
T5894,C13647,2024-08-31,2024-08-31,Billing,Low,4,Yes,7
T5895,C10118,2024-07-22,2024-07-24,Billing,Critical,3,Yes,60
T5896,C10702,2024-04-22,2024-04-22,Network,Low,1,No,5
T5897,C11738,2024-03-27,2024-03-27,Billing,Medium,2,No,20
T5898,C10107,2024-11-12,2024-11-12,Network,Low,2,Yes,15
T5899,C13495,2024-06-14,2024-06-14,Account,Low,4,Yes,5
T5900,C13221,2024-09-23,2024-09-26,Billing,Medium,2,Yes,94
T5901,C10138,2024-04-26,2024-04-29,Billing,Low,4,Yes,74
T5902,C13154,2024-12-10,2024-12-10,Technical,Low,3,Yes,10
T5903,C11153,2024-03-24,2024-03-24,Technical,Low,3,Yes,2
T5904,C10164,2024-11-30,2024-11-30,Billing,Low,3,Yes,15
T5905,C14386,2024-11-03,2024-11-03,Network,Low,4,Yes,16
T5906,C12621,2024-03-03,2024-03-04,Billing,Medium,2,Yes,26
T5907,C10992,2024-12-27,2024-12-28,Billing,Low,4,Yes,30
T5908,C13703,2024-10-11,2024-10-11,Network,High,4,Yes,15
T5909,C14896,2024-12-19,2024-12-20,Billing,Medium,3,Yes,34
T5910,C11317,2024-07-03,2024-07-03,Account,High,4,Yes,5
T5911,C14316,2024-03-18,2024-03-18,Billing,High,4,Yes,8
T5912,C14563,2024-03-31,2024-03-31,Network,Medium,5,Yes,8
T5913,C11116,2024-08-22,2024-08-23,Network,Medium,1,Yes,27
T5914,C10113,2024-08-10,2024-08-10,Network,Medium,1,Yes,4
T5915,C14160,2024-11-04,2024-11-06,Account,High,5,Yes,50
T5916,C10055,2024-11-22,2024-11-22,Account,Low,5,No,17
T5917,C10504,2024-02-03,2024-02-03,Billing,High,2,No,20
T5918,C11166,2024-07-20,2024-07-20,Network,High,5,Yes,21
T5919,C12086,2024-09-26,2024-09-26,Network,High,4,No,15
T5920,C10746,2024-11-25,2024-11-25,Technical,High,3,Yes,8
T5921,C12840,2024-10-31,2024-10-31,Billing,Low,3,Yes,3
T5922,C11837,2024-05-13,2024-05-14,Network,Critical,2,No,32
T5923,C12857,2024-11-23,2024-11-23,Network,High,2,Yes,8
T5924,C10447,2024-12-24,2024-12-25,Network,High,3,Yes,39
T5925,C12136,2024-08-06,2024-08-06,Technical,High,1,Yes,8
T5926,C14858,2024-11-28,2024-11-29,Account,Medium,5,Yes,37
T5927,C14299,2024-03-18,2024-03-18,Technical,High,4,Yes,15
T5928,C10815,2024-02-17,2024-02-17,Network,High,2,Yes,5
T5929,C11331,2024-05-23,2024-05-23,Network,Medium,4,No,11
T5930,C12268,2024-06-09,2024-06-09,Technical,Low,4,Yes,2
T5931,C14155,2024-05-03,2024-05-04,Network,Low,3,Yes,30
T5932,C10237,2024-08-15,2024-08-18,Network,Low,3,Yes,81
T5933,C12886,2024-06-05,2024-06-07,Billing,Medium,3,Yes,66
T5934,C13285,2024-09-09,2024-09-09,Technical,Critical,3,Yes,1
T5935,C10169,2024-05-10,2024-05-10,Account,Medium,4,Yes,19
T5936,C14577,2024-08-26,2024-08-26,Billing,Low,4,Yes,5
T5937,C12127,2024-04-15,2024-04-15,Network,High,1,Yes,2
T5938,C14858,2024-03-04,2024-03-05,Account,Medium,5,Yes,34
T5939,C14756,2024-12-06,2024-12-07,Billing,Medium,1,Yes,42
T5940,C13377,2024-09-18,2024-09-20,Network,Medium,3,Yes,64
T5941,C14028,2024-03-30,2024-03-31,Account,Medium,2,Yes,39
T5942,C14271,2024-09-11,2024-09-11,Network,High,3,Yes,2
T5943,C14496,2024-11-17,2024-11-17,Technical,High,2,Yes,14
T5944,C11648,2024-03-18,2024-03-18,Billing,Medium,5,Yes,20
T5945,C10630,2024-06-22,2024-06-22,Network,Medium,2,Yes,19
T5946,C13457,2024-07-28,2024-07-28,Network,High,4,Yes,23
T5947,C10005,2024-07-23,2024-07-25,Billing,Low,5,Yes,61
T5948,C10949,2024-12-19,2024-12-19,Billing,Low,2,No,19
T5949,C10409,2024-03-18,2024-03-22,Network,Critical,4,Yes,97
T5950,C11477,2024-12-17,2024-12-17,Technical,Low,5,Yes,2
T5951,C10111,2024-12-25,2024-12-25,Network,High,1,No,1
T5952,C10827,2024-05-21,2024-05-21,Billing,Medium,4,Yes,20
T5953,C14139,2024-01-31,2024-01-31,Network,Medium,4,Yes,13
T5954,C10168,2024-06-03,2024-06-03,Network,Critical,4,Yes,10
T5955,C10780,2024-09-05,2024-09-05,Network,High,3,Yes,14
T5956,C13687,2024-01-23,2024-01-23,Technical,Low,3,Yes,5
T5957,C11808,2024-12-17,2024-12-17,Account,Low,1,Yes,10
T5958,C14203,2024-05-08,2024-05-08,Billing,Medium,2,Yes,5
T5959,C10541,2024-01-01,2024-01-01,Account,Medium,5,Yes,14
T5960,C13431,2024-05-02,2024-05-02,Technical,Medium,2,Yes,4
T5961,C12781,2024-06-26,2024-06-26,Network,Low,5,Yes,5
T5962,C14386,2024-01-05,2024-01-05,Account,High,4,Yes,8
T5963,C10711,2024-09-06,2024-09-07,Network,Low,5,Yes,27
T5964,C11150,2024-02-08,2024-02-08,Network,Medium,5,No,5
T5965,C13768,2024-02-15,2024-02-15,Technical,Medium,5,Yes,11
T5966,C12409,2024-12-25,2024-12-25,Network,Medium,1,Yes,1
T5967,C14211,2024-03-24,2024-03-25,Billing,Medium,1,Yes,39
T5968,C10583,2024-12-11,2024-12-11,Billing,Critical,5,Yes,19
T5969,C14817,2024-08-22,2024-08-22,Billing,Medium,3,Yes,2
T5970,C10105,2024-01-23,2024-01-23,Network,Medium,1,Yes,22
T5971,C14143,2024-06-13,2024-06-13,Network,Medium,1,No,11
T5972,C13767,2024-03-25,2024-03-25,Technical,Medium,5,Yes,2
T5973,C10819,2024-01-21,2024-01-21,Account,Low,1,Yes,10
T5974,C13364,2024-11-28,2024-11-28,Technical,Low,3,Yes,1
T5975,C13984,2024-10-12,2024-10-12,Network,High,5,Yes,4
T5976,C12955,2024-04-25,2024-04-25,Network,Low,2,Yes,11
T5977,C14903,2024-10-12,2024-10-12,Technical,Low,4,Yes,23
T5978,C14767,2024-01-24,2024-01-24,Technical,Low,2,Yes,15
T5979,C13541,2024-11-06,2024-11-06,Network,Low,2,Yes,22
T5980,C10669,2024-09-10,2024-09-10,Billing,Medium,1,Yes,12
T5981,C11539,2024-03-12,2024-03-13,Technical,Medium,2,No,31
T5982,C11452,2024-05-15,2024-05-15,Account,Low,3,Yes,1
T5983,C11460,2024-02-23,2024-02-23,Billing,Medium,1,Yes,9
T5984,C11802,2024-11-19,2024-11-19,Account,Medium,4,Yes,1
T5985,C12330,2024-12-25,2024-12-27,Technical,Low,3,Yes,49
T5986,C11608,2024-02-11,2024-02-13,Billing,Medium,5,Yes,56
T5987,C11796,2024-07-20,2024-07-22,Network,Medium,3,Yes,70
T5988,C14609,2024-10-12,2024-10-12,Account,High,4,Yes,1
T5989,C13514,2024-06-09,2024-06-11,Network,Medium,2,Yes,48
T5990,C14090,2024-11-16,2024-11-16,Network,High,4,Yes,8
T5991,C10163,2024-06-11,2024-06-11,Billing,Medium,3,Yes,4
T5992,C12781,2024-07-11,2024-07-11,Account,Low,2,Yes,2
T5993,C12990,2024-03-17,2024-03-17,Billing,Medium,4,Yes,11
T5994,C14648,2024-10-26,2024-10-27,Billing,Low,4,Yes,43
T5995,C13771,2024-10-09,2024-10-09,Network,Medium,4,No,3
T5996,C11802,2024-09-01,2024-09-01,Account,High,3,No,16
T5997,C12685,2024-08-12,2024-08-12,Network,High,3,Yes,5
T5998,C10871,2024-01-25,2024-01-25,Network,High,4,Yes,5
T5999,C13479,2024-07-07,2024-07-07,Technical,Medium,4,Yes,2
T6000,C13687,2024-04-16,2024-04-16,Network,Medium,5,Yes,12
T6001,C10528,2024-11-04,2024-11-06,Network,Low,5,No,62
T6002,C13838,2024-12-08,2024-12-08,Network,Medium,5,Yes,2
T6003,C14637,2024-09-09,2024-09-09,Network,Medium,2,Yes,12
T6004,C13519,2024-01-19,2024-01-19,Technical,Medium,4,Yes,18
T6005,C10926,2024-11-03,2024-11-05,Technical,Medium,2,Yes,54
T6006,C10841,2024-12-22,2024-12-22,Account,Medium,2,Yes,23
T6007,C10620,2024-07-11,2024-07-11,Technical,Medium,1,Yes,1
T6008,C13888,2024-06-07,2024-06-07,Account,Medium,5,Yes,6
T6009,C13667,2024-08-14,2024-08-14,Network,Low,3,Yes,5
T6010,C12292,2024-06-09,2024-06-09,Network,Low,3,Yes,9
T6011,C11578,2024-01-22,2024-01-23,Billing,Low,1,Yes,31
T6012,C14923,2024-01-16,2024-01-18,Billing,Medium,5,No,55
T6013,C11789,2024-08-21,2024-08-23,Billing,Medium,3,No,48
T6014,C13487,2024-03-11,2024-03-12,Billing,High,5,Yes,30
T6015,C10840,2024-09-28,2024-09-28,Network,Medium,2,No,11
T6016,C10186,2024-08-07,2024-08-07,Technical,High,4,Yes,9
T6017,C12670,2024-06-04,2024-06-04,Technical,Medium,2,Yes,12
T6018,C11075,2024-10-03,2024-10-03,Account,Medium,1,Yes,15
T6019,C11135,2024-11-26,2024-11-26,Technical,Low,5,Yes,22
T6020,C11245,2024-11-01,2024-11-01,Account,Low,2,Yes,17
T6021,C11641,2024-07-02,2024-07-02,Network,Medium,3,Yes,9
T6022,C11824,2024-08-06,2024-08-06,Billing,Low,2,Yes,5
T6023,C14634,2024-03-22,2024-03-22,Technical,Medium,1,Yes,1
T6024,C12309,2024-03-17,2024-03-17,Network,High,4,Yes,14
T6025,C12610,2024-07-28,2024-07-30,Technical,Medium,4,No,50
T6026,C14626,2024-08-29,2024-08-29,Network,Medium,4,Yes,19
T6027,C11669,2024-04-02,2024-04-03,Network,Low,1,Yes,27
T6028,C11707,2024-12-22,2024-12-22,Network,High,4,Yes,3
T6029,C12445,2024-03-13,2024-03-13,Network,Medium,1,Yes,16
T6030,C14438,2024-01-07,2024-01-07,Billing,High,4,Yes,4
T6031,C11248,2024-09-20,2024-09-22,Technical,Low,3,No,66
T6032,C12710,2024-04-15,2024-04-16,Network,Low,5,Yes,25
T6033,C12446,2024-05-13,2024-05-13,Technical,Medium,4,Yes,8
T6034,C14882,2024-11-14,2024-11-14,Network,Low,1,Yes,2
T6035,C14997,2024-01-26,2024-01-27,Network,Medium,4,Yes,36
T6036,C10741,2024-10-10,2024-10-10,Network,Low,4,No,4
T6037,C11218,2024-10-11,2024-10-11,Technical,Medium,4,Yes,1
T6038,C13248,2024-09-22,2024-09-22,Billing,Low,5,Yes,3
T6039,C12656,2024-09-26,2024-09-26,Network,Medium,4,Yes,2
T6040,C12660,2024-10-01,2024-10-01,Network,Critical,5,Yes,1
T6041,C14204,2024-03-09,2024-03-09,Billing,Medium,1,Yes,2
T6042,C11989,2024-03-15,2024-03-15,Account,Low,3,Yes,11
T6043,C14603,2024-04-23,2024-04-23,Technical,Medium,2,Yes,9
T6044,C11734,2024-11-04,2024-11-05,Billing,Medium,5,Yes,28
T6045,C14932,2024-10-20,2024-10-20,Billing,Low,4,Yes,2
T6046,C14842,2024-12-19,2024-12-19,Technical,Low,1,Yes,1
T6047,C13642,2024-06-28,2024-06-28,Billing,Low,3,Yes,6
T6048,C11485,2024-09-16,2024-09-18,Network,Medium,5,Yes,61
T6049,C10801,2024-10-26,2024-10-26,Billing,Low,3,Yes,4
T6050,C10798,2024-11-03,2024-11-05,Network,Low,4,Yes,60
T6051,C10819,2024-04-18,2024-04-18,Billing,Critical,1,Yes,2
T6052,C11742,2024-09-21,2024-09-23,Technical,Low,3,Yes,49
T6053,C11476,2024-05-14,2024-05-17,Technical,Low,4,Yes,92
T6054,C14298,2024-01-21,2024-01-22,Billing,Medium,4,Yes,28
T6055,C11309,2024-08-24,2024-08-25,Technical,Low,1,Yes,40
T6056,C14768,2024-07-28,2024-07-28,Network,Low,3,Yes,5
T6057,C11667,2024-07-09,2024-07-09,Technical,Medium,3,Yes,23
T6058,C10841,2024-10-20,2024-10-21,Billing,Medium,2,Yes,24
T6059,C12983,2024-02-29,2024-03-01,Network,Low,4,Yes,33
T6060,C14419,2024-02-13,2024-02-14,Technical,High,5,Yes,41
T6061,C12052,2024-06-09,2024-06-09,Technical,Medium,5,Yes,11
T6062,C13476,2024-12-28,2024-12-28,Technical,Medium,5,Yes,8
T6063,C11688,2024-09-15,2024-09-15,Network,High,2,Yes,18
T6064,C10507,2024-06-07,2024-06-08,Technical,Medium,2,Yes,38
T6065,C13584,2024-12-06,2024-12-08,Billing,Medium,4,Yes,54
T6066,C12995,2024-06-28,2024-06-28,Account,Medium,4,No,1
T6067,C11548,2024-09-07,2024-09-07,Technical,Medium,3,No,1
T6068,C10259,2024-02-01,2024-02-01,Network,Medium,2,No,1
T6069,C12462,2024-09-21,2024-09-21,Billing,Medium,2,Yes,14
T6070,C10903,2024-05-26,2024-05-26,Network,Medium,2,Yes,23
T6071,C13698,2024-12-09,2024-12-09,Technical,Low,3,Yes,23
T6072,C12743,2024-04-23,2024-04-23,Network,Low,3,Yes,15
T6073,C13309,2024-11-02,2024-11-02,Network,Critical,3,No,2
T6074,C13485,2024-12-19,2024-12-19,Network,Critical,3,Yes,4
T6075,C13599,2024-06-07,2024-06-08,Billing,Low,1,Yes,27
T6076,C10591,2024-12-03,2024-12-04,Technical,Medium,5,Yes,41
T6077,C12243,2024-02-22,2024-02-23,Technical,Low,5,Yes,40
T6078,C13190,2024-05-11,2024-05-11,Technical,Low,3,Yes,20
T6079,C10311,2024-06-19,2024-06-19,Account,Medium,1,Yes,6
T6080,C13898,2024-05-09,2024-05-11,Account,Medium,1,Yes,55
T6081,C12101,2024-08-10,2024-08-10,Network,Low,5,Yes,5
T6082,C11446,2024-01-29,2024-01-29,Account,Low,2,Yes,10
T6083,C13398,2024-02-29,2024-03-01,Network,Medium,3,Yes,36
T6084,C10567,2024-04-18,2024-04-20,Account,Low,4,Yes,56
T6085,C12800,2024-08-20,2024-08-20,Technical,Low,2,Yes,1
T6086,C11547,2024-07-09,2024-07-09,Billing,Low,5,Yes,1
T6087,C12110,2024-01-11,2024-01-11,Billing,High,3,Yes,5
T6088,C12891,2024-12-14,2024-12-14,Network,Medium,1,Yes,14
T6089,C10137,2024-06-02,2024-06-02,Account,Low,2,Yes,12
T6090,C11478,2024-08-09,2024-08-09,Technical,Medium,3,Yes,3
T6091,C14046,2024-08-14,2024-08-14,Technical,Low,4,Yes,10
T6092,C12907,2024-03-11,2024-03-11,Network,Critical,2,Yes,16
T6093,C14952,2024-08-04,2024-08-04,Technical,High,5,No,6
T6094,C13731,2024-01-05,2024-01-05,Technical,Medium,5,Yes,6
T6095,C11341,2024-02-25,2024-02-26,Billing,High,3,Yes,36
T6096,C10641,2024-10-27,2024-10-27,Network,Low,5,Yes,9
T6097,C13693,2024-06-18,2024-06-18,Account,Low,3,Yes,2
T6098,C13245,2024-11-27,2024-11-27,Technical,Low,3,Yes,17
T6099,C10647,2024-12-15,2024-12-15,Technical,Low,1,No,11
T6100,C14529,2024-10-11,2024-10-11,Billing,Medium,4,Yes,22
T6101,C12063,2024-01-24,2024-01-24,Technical,Low,2,Yes,15
T6102,C12379,2024-07-04,2024-07-05,Technical,Medium,2,Yes,32
T6103,C12459,2024-01-14,2024-01-17,Network,Low,5,Yes,77
T6104,C10650,2024-03-22,2024-03-22,Billing,Medium,1,Yes,1
T6105,C12538,2024-09-06,2024-09-06,Technical,Critical,5,Yes,6
T6106,C14852,2024-07-03,2024-07-03,Billing,High,5,Yes,14
T6107,C11112,2024-05-02,2024-05-03,Network,Medium,3,Yes,28
T6108,C14091,2024-11-13,2024-11-15,Network,Low,1,Yes,49
T6109,C12739,2024-03-22,2024-03-22,Billing,Low,3,No,20
T6110,C12885,2024-10-09,2024-10-09,Network,Critical,5,Yes,18
T6111,C11901,2024-08-30,2024-08-31,Technical,High,3,Yes,30
T6112,C13387,2024-10-31,2024-10-31,Technical,High,5,Yes,20
T6113,C10476,2024-05-20,2024-05-22,Network,Medium,4,Yes,51
T6114,C13929,2024-12-05,2024-12-05,Technical,High,5,Yes,12
T6115,C10883,2024-05-05,2024-05-05,Billing,Critical,4,Yes,2
T6116,C10959,2024-05-04,2024-05-04,Network,Medium,4,Yes,1
T6117,C14898,2024-06-18,2024-06-18,Network,Low,4,Yes,9
T6118,C13485,2024-07-26,2024-07-26,Network,High,5,Yes,1
T6119,C13520,2024-02-12,2024-02-13,Network,Medium,1,Yes,26
T6120,C13919,2024-06-25,2024-06-25,Network,Medium,1,Yes,16
T6121,C10041,2024-11-26,2024-11-29,Billing,Critical,3,Yes,92
T6122,C11615,2024-08-27,2024-08-28,Billing,Medium,4,Yes,39
T6123,C12424,2024-01-13,2024-01-13,Network,Medium,2,Yes,4
T6124,C12123,2024-07-06,2024-07-06,Billing,Low,4,Yes,3
T6125,C14912,2024-06-05,2024-06-06,Account,Low,3,Yes,36
T6126,C13095,2024-06-22,2024-06-23,Account,Medium,5,Yes,24
T6127,C11315,2024-02-14,2024-02-14,Network,Low,5,Yes,19
T6128,C10357,2024-06-17,2024-06-17,Billing,Low,4,Yes,16
T6129,C14559,2024-01-11,2024-01-12,Billing,Critical,5,Yes,28
T6130,C12778,2024-06-08,2024-06-10,Billing,Low,5,Yes,52
T6131,C10307,2024-01-04,2024-01-04,Technical,Low,5,No,1
T6132,C13854,2024-04-25,2024-04-25,Technical,Low,3,Yes,21
T6133,C10781,2024-09-03,2024-09-03,Network,Low,4,Yes,11
T6134,C13803,2024-06-18,2024-06-18,Technical,High,2,Yes,9
T6135,C14707,2024-06-22,2024-06-24,Account,Medium,2,Yes,66
T6136,C14332,2024-11-14,2024-11-14,Account,High,5,Yes,17
T6137,C14835,2024-11-18,2024-11-18,Network,Critical,3,Yes,4
T6138,C10701,2024-08-19,2024-08-19,Billing,High,5,Yes,2
T6139,C13758,2024-08-05,2024-08-05,Billing,Low,2,Yes,19
T6140,C14341,2024-08-14,2024-08-14,Network,Medium,5,Yes,16
T6141,C12727,2024-06-01,2024-06-01,Technical,Low,3,Yes,2
T6142,C14311,2024-02-05,2024-02-05,Billing,Medium,3,Yes,14
T6143,C10954,2024-02-17,2024-02-17,Technical,Medium,1,Yes,1
T6144,C14495,2024-10-01,2024-10-01,Technical,High,5,Yes,11
T6145,C12962,2024-09-19,2024-09-19,Billing,Low,3,Yes,18
T6146,C10898,2024-11-09,2024-11-09,Technical,Low,4,No,22
T6147,C12749,2024-04-18,2024-04-18,Account,Medium,4,Yes,12
T6148,C10429,2024-07-01,2024-07-01,Account,High,3,Yes,10
T6149,C12882,2024-09-14,2024-09-14,Network,Low,5,Yes,8
T6150,C13686,2024-11-04,2024-11-04,Account,Medium,2,Yes,6
T6151,C12516,2024-03-06,2024-03-06,Billing,Medium,4,No,11
T6152,C13193,2024-05-16,2024-05-16,Network,High,5,Yes,1
T6153,C11569,2024-03-09,2024-03-09,Network,Low,5,Yes,22
T6154,C13830,2024-03-07,2024-03-07,Billing,Medium,5,Yes,7
T6155,C13872,2024-10-16,2024-10-17,Network,Medium,4,Yes,39
T6156,C10136,2024-04-28,2024-04-28,Network,High,4,Yes,9
T6157,C14675,2024-03-06,2024-03-06,Network,Medium,5,Yes,7
T6158,C12030,2024-08-07,2024-08-07,Network,High,4,Yes,8
T6159,C11752,2024-04-28,2024-04-28,Technical,Low,4,Yes,3
T6160,C11337,2024-03-21,2024-03-21,Network,Medium,1,Yes,1
T6161,C13714,2024-03-03,2024-03-03,Billing,Low,5,Yes,4
T6162,C13936,2024-09-01,2024-09-01,Network,Low,4,Yes,16
T6163,C13925,2024-09-18,2024-09-19,Network,Critical,5,Yes,24
T6164,C11792,2024-03-24,2024-03-24,Network,Medium,2,Yes,1
T6165,C10355,2024-03-22,2024-03-22,Technical,Critical,5,Yes,10
T6166,C11201,2024-05-30,2024-05-31,Network,High,4,Yes,34
T6167,C10814,2024-01-14,2024-01-14,Billing,High,4,Yes,6
T6168,C10031,2024-03-05,2024-03-05,Billing,Low,4,Yes,2
T6169,C12013,2024-11-01,2024-11-01,Billing,Medium,4,Yes,16
T6170,C10869,2024-09-25,2024-09-25,Billing,Low,2,Yes,6
T6171,C10237,2024-10-15,2024-10-15,Account,Low,3,Yes,9
T6172,C14934,2024-07-29,2024-07-30,Network,Low,1,No,30
T6173,C11220,2024-04-09,2024-04-10,Network,Medium,5,Yes,45
T6174,C10929,2024-08-11,2024-08-11,Billing,Low,5,Yes,12
T6175,C10467,2024-10-08,2024-10-08,Network,Low,5,No,1
T6176,C11189,2024-09-07,2024-09-07,Technical,Low,4,Yes,10
T6177,C11266,2024-07-06,2024-07-07,Network,High,2,Yes,47
T6178,C12763,2024-10-24,2024-10-24,Network,Medium,4,Yes,6
T6179,C11399,2024-08-26,2024-08-28,Billing,Low,5,No,48
T6180,C14976,2024-02-22,2024-02-24,Network,High,2,Yes,65
T6181,C10260,2024-10-09,2024-10-12,Billing,Low,4,No,85
T6182,C12263,2024-05-20,2024-05-20,Network,High,4,Yes,1
T6183,C10422,2024-07-28,2024-07-29,Network,Low,2,Yes,37
T6184,C11077,2024-10-05,2024-10-05,Technical,Medium,1,Yes,2
T6185,C11130,2024-01-18,2024-01-18,Network,Critical,2,Yes,15
T6186,C12288,2024-08-05,2024-08-07,Technical,Low,1,No,50
T6187,C10306,2024-12-18,2024-12-18,Technical,Low,2,Yes,2
T6188,C12839,2024-04-20,2024-04-20,Network,High,4,Yes,12
T6189,C11979,2024-03-05,2024-03-05,Technical,Critical,2,Yes,8
T6190,C14688,2024-11-13,2024-11-13,Network,Low,2,No,17
T6191,C12427,2024-05-25,2024-05-26,Technical,Medium,3,Yes,25
T6192,C14460,2024-01-31,2024-02-01,Account,Low,3,No,33
T6193,C11236,2024-09-23,2024-09-26,Billing,Low,2,Yes,92
T6194,C10171,2024-05-06,2024-05-06,Network,Critical,3,Yes,5
T6195,C11933,2024-04-16,2024-04-17,Network,Medium,3,Yes,27
T6196,C11561,2024-10-16,2024-10-16,Billing,High,3,Yes,14
T6197,C11677,2024-11-10,2024-11-12,Technical,Medium,5,Yes,51
T6198,C10713,2024-09-19,2024-09-19,Billing,Critical,3,Yes,5
T6199,C11416,2024-04-07,2024-04-07,Network,High,4,Yes,10
T6200,C10554,2024-09-15,2024-09-15,Technical,Low,3,Yes,1
T6201,C12578,2024-10-12,2024-10-13,Network,Low,2,Yes,36
T6202,C14328,2024-04-25,2024-05-01,Billing,Medium,5,Yes,152
T6203,C13457,2024-09-26,2024-09-26,Network,High,2,Yes,3
T6204,C12460,2024-11-21,2024-11-21,Network,Low,3,Yes,1
T6205,C10334,2024-07-28,2024-07-28,Billing,High,2,No,11
T6206,C13836,2024-11-12,2024-11-12,Network,Critical,4,Yes,4
T6207,C11388,2024-11-19,2024-11-19,Account,Low,3,Yes,19
T6208,C12220,2024-01-12,2024-01-15,Network,Low,2,Yes,81
T6209,C12718,2024-10-19,2024-10-19,Network,High,5,Yes,12
T6210,C11980,2024-01-16,2024-01-19,Technical,Medium,5,Yes,85
T6211,C12749,2024-10-06,2024-10-07,Network,Low,3,Yes,32
T6212,C11981,2024-05-10,2024-05-10,Network,Low,3,Yes,2
T6213,C12720,2024-11-06,2024-11-06,Network,Medium,5,Yes,16
T6214,C12218,2024-10-01,2024-10-01,Account,High,4,Yes,7
T6215,C11811,2024-11-01,2024-11-01,Account,Low,4,Yes,5
T6216,C12099,2024-02-15,2024-02-15,Network,Medium,1,Yes,16
T6217,C10485,2024-04-23,2024-04-24,Billing,Low,4,Yes,44
T6218,C13149,2024-08-04,2024-08-04,Account,Medium,3,Yes,4
T6219,C11731,2024-02-18,2024-02-18,Technical,High,3,Yes,9
T6220,C11454,2024-04-14,2024-04-14,Network,High,2,Yes,4
T6221,C14877,2024-02-28,2024-02-28,Network,Medium,4,Yes,2
T6222,C12579,2024-07-18,2024-07-18,Network,Medium,4,Yes,7
T6223,C10779,2024-01-09,2024-01-09,Technical,Medium,5,Yes,1
T6224,C14996,2024-02-29,2024-03-01,Billing,High,4,Yes,25
T6225,C13871,2024-04-12,2024-04-12,Technical,Low,1,Yes,11
T6226,C10054,2024-10-10,2024-10-10,Technical,Medium,2,Yes,1
T6227,C13376,2024-07-06,2024-07-06,Account,High,2,No,9
T6228,C11305,2024-02-01,2024-02-02,Account,Medium,2,Yes,28
T6229,C13452,2024-12-08,2024-12-08,Network,Low,1,Yes,1
T6230,C11447,2024-11-12,2024-11-12,Technical,Low,5,Yes,9
T6231,C12633,2024-05-03,2024-05-03,Billing,Low,3,Yes,10
T6232,C12394,2024-10-11,2024-10-11,Technical,Medium,2,Yes,20
T6233,C10727,2024-05-18,2024-05-18,Billing,Medium,4,Yes,21
T6234,C13549,2024-05-14,2024-05-15,Network,Medium,3,No,31
T6235,C12550,2024-09-05,2024-09-07,Technical,Medium,4,Yes,49
T6236,C12113,2024-06-03,2024-06-03,Network,Critical,1,Yes,10
T6237,C14341,2024-09-06,2024-09-06,Network,High,5,No,10
T6238,C14406,2024-11-14,2024-11-15,Account,Medium,1,Yes,27
T6239,C14511,2024-05-12,2024-05-12,Billing,High,5,Yes,14
T6240,C11581,2024-01-12,2024-01-14,Billing,Medium,1,Yes,53
T6241,C10425,2024-02-18,2024-02-18,Technical,Low,5,Yes,13
T6242,C14698,2024-04-16,2024-04-16,Network,Low,2,Yes,5
T6243,C12817,2024-08-24,2024-08-24,Billing,Medium,3,Yes,18
T6244,C12723,2024-09-30,2024-10-01,Technical,Low,2,Yes,27
T6245,C12184,2024-07-02,2024-07-04,Network,Medium,5,Yes,48
T6246,C12063,2024-10-20,2024-10-23,Network,Medium,2,Yes,81
T6247,C14148,2024-09-13,2024-09-13,Network,Low,5,Yes,5
T6248,C12290,2024-04-19,2024-04-20,Network,Low,1,Yes,37
T6249,C10819,2024-12-01,2024-12-01,Billing,Low,3,Yes,4
T6250,C13983,2024-05-12,2024-05-12,Technical,Medium,3,Yes,3
T6251,C10738,2024-08-25,2024-08-25,Technical,Medium,1,Yes,8
T6252,C13503,2024-04-12,2024-04-13,Network,High,5,Yes,34
T6253,C14331,2024-07-02,2024-07-02,Billing,Medium,2,Yes,10
T6254,C14467,2024-05-13,2024-05-14,Billing,Low,4,Yes,29
T6255,C10067,2024-11-03,2024-11-05,Network,Low,1,Yes,50
T6256,C10058,2024-05-19,2024-05-19,Account,Medium,3,Yes,5
T6257,C11683,2024-07-12,2024-07-12,Billing,Medium,2,Yes,1
T6258,C14166,2024-12-24,2024-12-24,Network,Medium,1,Yes,14
T6259,C11494,2024-10-02,2024-10-02,Billing,Medium,1,Yes,5
T6260,C10386,2024-11-14,2024-11-14,Billing,High,3,Yes,9
T6261,C14516,2024-01-28,2024-01-29,Network,Low,3,Yes,27
T6262,C12077,2024-12-27,2024-12-29,Billing,Medium,3,Yes,50
T6263,C13043,2024-12-07,2024-12-09,Technical,Critical,2,Yes,67
T6264,C11235,2024-09-24,2024-09-25,Billing,Low,3,Yes,42
T6265,C12420,2024-01-09,2024-01-10,Account,Medium,1,Yes,35
T6266,C10913,2024-08-24,2024-08-24,Billing,Low,5,Yes,6
T6267,C10392,2024-08-19,2024-08-19,Network,Low,2,Yes,9
T6268,C12875,2024-03-09,2024-03-09,Network,Low,1,Yes,1
T6269,C10910,2024-12-03,2024-12-03,Billing,Low,3,Yes,23
T6270,C12611,2024-05-29,2024-05-30,Network,High,3,Yes,29
T6271,C13545,2024-01-01,2024-01-03,Network,Low,2,Yes,71
T6272,C10640,2024-03-03,2024-03-03,Network,Low,4,No,11
T6273,C11506,2024-01-24,2024-01-24,Network,High,4,No,7
T6274,C12696,2024-10-11,2024-10-11,Billing,High,5,Yes,7
T6275,C14094,2024-06-15,2024-06-15,Network,Medium,3,Yes,1
T6276,C13863,2024-06-16,2024-06-16,Account,Medium,4,No,2
T6277,C11989,2024-11-11,2024-11-11,Technical,Medium,5,Yes,23
T6278,C12209,2024-08-09,2024-08-09,Network,Low,3,Yes,21
T6279,C12113,2024-05-16,2024-05-17,Account,Medium,5,Yes,40
T6280,C10925,2024-10-09,2024-10-09,Network,Critical,5,Yes,16
T6281,C11608,2024-01-20,2024-01-22,Network,Critical,4,Yes,50
T6282,C12937,2024-10-28,2024-10-29,Billing,Critical,1,Yes,42
T6283,C12676,2024-10-23,2024-10-23,Network,Medium,2,Yes,5
T6284,C12284,2024-03-02,2024-03-02,Network,Medium,5,Yes,3
T6285,C12440,2024-10-11,2024-10-11,Network,High,2,Yes,17
T6286,C10901,2024-09-30,2024-09-30,Billing,Low,2,Yes,2
T6287,C14179,2024-02-08,2024-02-08,Billing,Low,4,Yes,4
T6288,C13150,2024-10-20,2024-10-21,Network,Medium,3,Yes,33
T6289,C10774,2024-07-17,2024-07-17,Billing,Medium,1,Yes,6
T6290,C14685,2024-05-19,2024-05-19,Network,Medium,3,Yes,21
T6291,C11619,2024-05-14,2024-05-14,Network,Low,2,No,8
T6292,C14030,2024-12-08,2024-12-09,Billing,Critical,5,Yes,28
T6293,C13557,2024-07-31,2024-08-01,Billing,Low,5,Yes,24
T6294,C12112,2024-06-06,2024-06-06,Billing,High,1,No,1
T6295,C10342,2024-06-13,2024-06-14,Network,Low,1,Yes,28
T6296,C12783,2024-04-30,2024-04-30,Network,Low,4,Yes,1
T6297,C10965,2024-08-09,2024-08-09,Network,Low,2,No,4
T6298,C14459,2024-07-06,2024-07-07,Billing,Critical,2,Yes,39
T6299,C10049,2024-12-03,2024-12-04,Billing,High,5,Yes,37
T6300,C14482,2024-01-06,2024-01-06,Network,High,5,Yes,3
T6301,C12583,2024-04-02,2024-04-02,Network,Medium,3,Yes,1
T6302,C13295,2024-06-09,2024-06-09,Account,High,4,Yes,4
T6303,C12698,2024-09-17,2024-09-17,Technical,Low,5,Yes,18
T6304,C10630,2024-01-21,2024-01-21,Network,High,5,Yes,8
T6305,C11695,2024-11-20,2024-11-20,Network,High,5,Yes,3
T6306,C14152,2024-01-31,2024-01-31,Technical,Low,5,Yes,14
T6307,C14930,2024-06-21,2024-06-21,Technical,Medium,2,Yes,9
T6308,C13147,2024-10-11,2024-10-11,Technical,High,1,Yes,3
T6309,C12680,2024-12-29,2024-12-29,Technical,High,3,Yes,5
T6310,C13769,2024-02-07,2024-02-07,Network,High,3,Yes,1
T6311,C11548,2024-02-27,2024-02-28,Technical,Medium,3,Yes,37
T6312,C14108,2024-03-16,2024-03-16,Network,High,4,Yes,12
T6313,C10997,2024-04-20,2024-04-21,Billing,Low,2,Yes,24
T6314,C14583,2024-07-13,2024-07-14,Billing,High,4,No,24
T6315,C14285,2024-06-08,2024-06-08,Billing,Low,2,Yes,8
T6316,C11886,2024-08-19,2024-08-19,Network,High,3,No,23
T6317,C11238,2024-09-06,2024-09-07,Network,Low,1,Yes,25
T6318,C12046,2024-04-10,2024-04-10,Network,High,5,Yes,2
T6319,C11951,2024-07-10,2024-07-10,Network,Low,4,Yes,16
T6320,C11110,2024-07-28,2024-07-29,Technical,Medium,1,No,37
T6321,C14518,2024-09-27,2024-09-27,Network,Low,5,Yes,7
T6322,C14289,2024-02-20,2024-02-20,Network,Low,5,Yes,9
T6323,C12026,2024-02-29,2024-03-01,Network,Low,2,Yes,24
T6324,C11046,2024-03-29,2024-03-29,Billing,Low,4,Yes,7
T6325,C13577,2024-06-15,2024-06-15,Account,Low,3,Yes,19
T6326,C11023,2024-10-09,2024-10-11,Technical,High,5,Yes,53
T6327,C12919,2024-11-01,2024-11-02,Technical,Medium,1,Yes,31
T6328,C12378,2024-08-27,2024-08-27,Account,Low,3,Yes,8
T6329,C14555,2024-04-24,2024-04-24,Billing,Medium,3,Yes,15
T6330,C13963,2024-03-10,2024-03-10,Network,Medium,3,No,8
T6331,C12827,2024-09-16,2024-09-16,Network,Low,3,No,10
T6332,C14756,2024-12-03,2024-12-05,Technical,Medium,5,No,57
T6333,C12634,2024-03-02,2024-03-02,Network,High,5,Yes,12
T6334,C10913,2024-05-04,2024-05-04,Technical,Medium,2,Yes,4
T6335,C14005,2024-05-07,2024-05-07,Network,High,5,Yes,7
T6336,C10436,2024-02-24,2024-02-25,Technical,Medium,5,Yes,24
T6337,C13444,2024-10-16,2024-10-16,Network,Low,5,Yes,4
T6338,C13015,2024-02-01,2024-02-01,Billing,High,1,Yes,15
T6339,C10591,2024-02-16,2024-02-16,Network,Medium,5,Yes,7
T6340,C10347,2024-12-14,2024-12-15,Billing,Critical,4,Yes,28
T6341,C11996,2024-09-02,2024-09-02,Account,Low,3,Yes,16
T6342,C11802,2024-04-17,2024-04-17,Account,Critical,4,Yes,2
T6343,C12307,2024-08-18,2024-08-19,Network,Medium,2,Yes,29
T6344,C11913,2024-07-01,2024-07-01,Network,Low,2,Yes,17
T6345,C11315,2024-07-14,2024-07-14,Technical,Medium,3,Yes,8
T6346,C11162,2024-10-19,2024-10-19,Technical,High,2,Yes,2
T6347,C10446,2024-08-23,2024-08-24,Network,Low,1,Yes,24
T6348,C11862,2024-03-01,2024-03-03,Billing,Medium,3,No,61
T6349,C11474,2024-11-29,2024-11-29,Network,Critical,3,Yes,22
T6350,C10945,2024-06-02,2024-06-02,Account,Medium,4,Yes,16
T6351,C14118,2024-10-21,2024-10-22,Network,Medium,5,Yes,29
T6352,C14645,2024-02-06,2024-02-06,Technical,Medium,3,Yes,1
T6353,C10986,2024-12-11,2024-12-11,Technical,High,1,Yes,1
T6354,C14309,2024-01-23,2024-01-23,Network,Low,5,Yes,2
T6355,C14976,2024-10-04,2024-10-04,Billing,High,4,Yes,2
T6356,C10278,2024-05-27,2024-05-27,Technical,Low,1,Yes,23
T6357,C12022,2024-09-12,2024-09-13,Technical,Critical,4,Yes,26
T6358,C10308,2024-06-29,2024-06-29,Account,Low,2,Yes,10
T6359,C11205,2024-07-26,2024-07-26,Network,Low,3,Yes,17
T6360,C11847,2024-07-04,2024-07-04,Account,Medium,1,Yes,3
T6361,C13082,2024-09-26,2024-09-27,Account,Low,2,Yes,27
T6362,C12932,2024-10-08,2024-10-08,Network,Low,2,Yes,5
T6363,C13835,2024-08-11,2024-08-11,Technical,Critical,1,Yes,1
T6364,C10964,2024-11-29,2024-11-30,Account,Medium,1,Yes,28
T6365,C10738,2024-10-12,2024-10-13,Billing,High,3,Yes,29
T6366,C13601,2024-01-19,2024-01-19,Account,High,4,Yes,10
T6367,C12925,2024-10-03,2024-10-03,Network,High,2,Yes,13
T6368,C13431,2024-02-03,2024-02-03,Network,Low,5,Yes,21
T6369,C11598,2024-06-16,2024-06-16,Network,Medium,4,Yes,4
T6370,C13692,2024-01-18,2024-01-20,Billing,Medium,3,Yes,49
T6371,C14233,2024-04-04,2024-04-04,Account,Low,3,Yes,12
T6372,C14818,2024-10-18,2024-10-19,Network,Low,4,No,32
T6373,C11173,2024-05-30,2024-06-02,Account,Low,3,Yes,86
T6374,C12803,2024-06-05,2024-06-05,Account,High,1,Yes,18
T6375,C13341,2024-12-29,2024-12-29,Network,Medium,5,No,19
T6376,C14223,2024-02-27,2024-02-27,Network,High,1,Yes,1
T6377,C12581,2024-01-26,2024-01-26,Technical,Medium,2,Yes,12
T6378,C13089,2024-09-29,2024-10-01,Billing,Medium,2,Yes,54
T6379,C10280,2024-02-18,2024-02-19,Billing,Low,3,Yes,29
T6380,C14017,2024-01-15,2024-01-16,Network,High,3,Yes,32
T6381,C14707,2024-01-13,2024-01-13,Network,Low,5,Yes,7
T6382,C14606,2024-10-12,2024-10-12,Technical,Medium,1,Yes,4
T6383,C10258,2024-06-07,2024-06-07,Network,Low,5,Yes,9
T6384,C13087,2024-11-10,2024-11-10,Network,High,4,No,3
T6385,C11188,2024-03-15,2024-03-15,Billing,Low,4,Yes,11
T6386,C14122,2024-12-08,2024-12-08,Network,Medium,2,Yes,4
T6387,C12522,2024-12-27,2024-12-27,Network,High,4,No,7
T6388,C10910,2024-08-03,2024-08-04,Network,Medium,4,Yes,47
T6389,C11697,2024-08-09,2024-08-09,Billing,Low,5,Yes,2
T6390,C12857,2024-02-20,2024-02-22,Technical,Medium,3,Yes,53
T6391,C11252,2024-02-28,2024-02-28,Billing,High,4,Yes,6
T6392,C13826,2024-10-27,2024-10-29,Network,High,5,Yes,48
T6393,C11763,2024-02-06,2024-02-07,Billing,Medium,3,Yes,25
T6394,C11653,2024-07-27,2024-07-27,Network,Medium,5,Yes,14
T6395,C13221,2024-06-02,2024-06-02,Billing,Low,2,Yes,16
T6396,C14500,2024-03-06,2024-03-07,Account,Critical,4,Yes,30
T6397,C10067,2024-10-28,2024-10-28,Network,Critical,3,Yes,10
T6398,C13183,2024-07-30,2024-07-30,Technical,Low,1,Yes,6
T6399,C12114,2024-12-01,2024-12-02,Network,Medium,5,Yes,41
T6400,C10221,2024-11-22,2024-11-22,Network,Critical,2,Yes,2
T6401,C10715,2024-04-09,2024-04-09,Billing,High,1,Yes,14
T6402,C14547,2024-11-20,2024-11-20,Network,High,4,Yes,2
T6403,C12804,2024-09-10,2024-09-10,Network,Low,2,Yes,22
T6404,C14207,2024-10-14,2024-10-14,Technical,High,4,Yes,5
T6405,C14866,2024-10-26,2024-10-26,Network,Medium,5,Yes,3
T6406,C13485,2024-11-07,2024-11-07,Billing,High,2,Yes,18
T6407,C13071,2024-06-28,2024-06-28,Billing,Low,1,Yes,22
T6408,C13762,2024-04-25,2024-04-25,Network,Medium,5,No,18
T6409,C11285,2024-10-03,2024-10-03,Account,Medium,1,Yes,7
T6410,C14004,2024-02-29,2024-02-29,Network,Low,3,Yes,6
T6411,C12284,2024-05-09,2024-05-09,Network,Low,5,No,22
T6412,C11004,2024-04-11,2024-04-11,Network,Low,4,Yes,20
T6413,C10090,2024-03-19,2024-03-20,Technical,Low,2,Yes,27
T6414,C11120,2024-06-08,2024-06-08,Network,Medium,5,No,10
T6415,C12165,2024-10-04,2024-10-04,Technical,Low,3,Yes,5
T6416,C12395,2024-09-27,2024-09-28,Network,Low,5,Yes,29
T6417,C10350,2024-01-17,2024-01-20,Network,Medium,4,Yes,80
T6418,C14320,2024-11-19,2024-11-19,Billing,High,4,No,16
T6419,C12723,2024-02-21,2024-02-21,Billing,Low,4,Yes,12
T6420,C10635,2024-04-08,2024-04-09,Network,High,5,Yes,29
T6421,C10915,2024-08-26,2024-08-29,Network,High,5,Yes,80
T6422,C13717,2024-11-15,2024-11-15,Network,Low,2,Yes,1
T6423,C13715,2024-09-16,2024-09-18,Billing,Low,4,Yes,48
T6424,C11397,2024-01-15,2024-01-16,Network,Medium,2,No,36
T6425,C10541,2024-02-13,2024-02-14,Network,Low,4,Yes,32
T6426,C14645,2024-09-09,2024-09-10,Network,Medium,5,Yes,33
T6427,C13179,2024-04-16,2024-04-16,Account,Medium,1,Yes,17
T6428,C11229,2024-11-20,2024-11-20,Technical,Critical,4,Yes,1
T6429,C10294,2024-01-01,2024-01-02,Billing,Critical,2,Yes,41
T6430,C13015,2024-05-01,2024-05-01,Billing,High,3,Yes,23
T6431,C11707,2024-06-20,2024-06-20,Technical,Low,3,Yes,7
T6432,C10796,2024-02-09,2024-02-09,Network,Low,5,Yes,18
T6433,C14558,2024-09-25,2024-09-25,Billing,Low,4,Yes,9
T6434,C13451,2024-04-24,2024-04-24,Account,Low,4,No,1
T6435,C10686,2024-01-09,2024-01-11,Network,Low,1,Yes,49
T6436,C10406,2024-08-27,2024-08-27,Technical,High,5,Yes,10
T6437,C12045,2024-12-02,2024-12-04,Billing,Medium,3,Yes,65
T6438,C13853,2024-12-08,2024-12-08,Technical,Low,5,Yes,7
T6439,C14165,2024-08-19,2024-08-22,Network,Low,3,Yes,78
T6440,C14546,2024-07-05,2024-07-05,Billing,Low,3,Yes,1
T6441,C13738,2024-01-19,2024-01-20,Network,High,5,No,42
T6442,C13485,2024-02-24,2024-02-27,Billing,Low,1,Yes,92
T6443,C11417,2024-07-20,2024-07-21,Billing,Medium,2,Yes,27
T6444,C10003,2024-09-03,2024-09-05,Account,Low,3,Yes,54
T6445,C12834,2024-07-02,2024-07-02,Billing,High,2,Yes,1
T6446,C14188,2024-11-01,2024-11-01,Network,Low,3,Yes,13
T6447,C14184,2024-06-25,2024-06-25,Billing,Medium,1,Yes,11
T6448,C13282,2024-06-29,2024-06-30,Network,Low,5,Yes,35
T6449,C12429,2024-06-11,2024-06-12,Technical,Medium,5,Yes,24
T6450,C12090,2024-04-09,2024-04-09,Network,Critical,5,Yes,15
T6451,C12953,2024-09-21,2024-09-21,Account,High,3,Yes,1
T6452,C10664,2024-09-11,2024-09-12,Technical,Low,3,Yes,45
T6453,C13057,2024-08-11,2024-08-11,Technical,Medium,2,Yes,13
T6454,C14291,2024-02-11,2024-02-11,Technical,Low,1,Yes,15
T6455,C14220,2024-03-28,2024-03-28,Billing,Medium,1,No,11
T6456,C11443,2024-02-25,2024-02-27,Network,Critical,5,Yes,50
T6457,C10043,2024-01-22,2024-01-22,Billing,High,4,Yes,6
T6458,C13780,2024-10-24,2024-10-24,Billing,Critical,5,Yes,3
T6459,C14388,2024-02-11,2024-02-12,Billing,Critical,3,Yes,35
T6460,C14409,2024-08-09,2024-08-10,Account,High,4,Yes,24
T6461,C10682,2024-10-02,2024-10-03,Network,Low,1,Yes,30
T6462,C14478,2024-03-02,2024-03-02,Billing,Medium,3,Yes,1
T6463,C13866,2024-07-22,2024-07-22,Account,Medium,2,No,9
T6464,C11545,2024-02-02,2024-02-02,Billing,Medium,2,Yes,23
T6465,C12635,2024-01-03,2024-01-04,Billing,Low,2,Yes,24
T6466,C12629,2024-11-14,2024-11-14,Billing,High,3,No,3
T6467,C11701,2024-03-27,2024-03-27,Account,Low,4,Yes,1
T6468,C10273,2024-05-06,2024-05-08,Network,High,3,Yes,59
T6469,C11574,2024-05-31,2024-05-31,Technical,Medium,5,Yes,1
T6470,C12557,2024-11-03,2024-11-04,Technical,Medium,1,No,25
T6471,C13590,2024-09-17,2024-09-22,Billing,Low,3,Yes,127
T6472,C12250,2024-04-17,2024-04-17,Technical,Medium,3,Yes,5
T6473,C14241,2024-10-26,2024-10-27,Network,Medium,3,Yes,33
T6474,C14732,2024-10-29,2024-10-29,Network,Medium,5,Yes,2
T6475,C14656,2024-10-14,2024-10-14,Account,Medium,3,Yes,1
T6476,C11595,2024-07-20,2024-07-21,Technical,Critical,1,Yes,44
T6477,C12596,2024-05-14,2024-05-14,Network,Low,4,Yes,5
T6478,C13862,2024-12-03,2024-12-03,Technical,Low,4,Yes,5
T6479,C12730,2024-05-20,2024-05-20,Account,Medium,2,Yes,1
T6480,C14853,2024-06-22,2024-06-22,Billing,Medium,4,Yes,1
T6481,C13138,2024-09-29,2024-09-29,Network,High,4,Yes,13
T6482,C10968,2024-12-22,2024-12-22,Billing,Medium,5,Yes,18
T6483,C10276,2024-06-03,2024-06-04,Network,Low,3,Yes,28
T6484,C12916,2024-10-19,2024-10-20,Technical,High,4,Yes,41
T6485,C11469,2024-10-06,2024-10-08,Network,Low,5,Yes,65
T6486,C10592,2024-03-29,2024-03-29,Technical,Medium,3,Yes,4
T6487,C13792,2024-02-08,2024-02-08,Network,Medium,4,Yes,6
T6488,C11422,2024-08-03,2024-08-04,Account,Low,5,No,37
T6489,C11147,2024-07-28,2024-07-28,Technical,Medium,5,Yes,21
T6490,C14160,2024-02-09,2024-02-09,Network,High,5,Yes,1
T6491,C10461,2024-10-08,2024-10-09,Network,High,4,Yes,47
T6492,C11858,2024-10-29,2024-10-29,Network,High,5,Yes,4
T6493,C14783,2024-10-08,2024-10-09,Billing,Medium,5,Yes,26
T6494,C11087,2024-01-04,2024-01-04,Network,High,3,Yes,5
T6495,C12037,2024-08-26,2024-08-26,Technical,High,3,Yes,11
T6496,C11889,2024-02-21,2024-02-21,Network,Low,5,Yes,18
T6497,C11816,2024-05-19,2024-05-19,Network,High,4,Yes,21
T6498,C14677,2024-12-14,2024-12-14,Technical,Low,3,Yes,18
T6499,C10221,2024-10-01,2024-10-04,Network,High,4,Yes,91
T6500,C14446,2024-09-19,2024-09-20,Technical,High,5,Yes,29
T6501,C13835,2024-06-14,2024-06-14,Network,High,1,Yes,3
T6502,C14529,2024-03-10,2024-03-10,Network,Low,2,Yes,13
T6503,C11573,2024-08-27,2024-08-29,Network,High,4,No,53
T6504,C13085,2024-12-08,2024-12-08,Network,Low,4,Yes,2
T6505,C14020,2024-05-24,2024-05-26,Network,Medium,5,Yes,58
T6506,C13307,2024-08-13,2024-08-13,Network,Low,5,Yes,22
T6507,C11621,2024-01-24,2024-01-24,Technical,Medium,4,Yes,6
T6508,C14562,2024-10-16,2024-10-16,Billing,High,1,Yes,3
T6509,C13815,2024-11-10,2024-11-11,Account,High,2,Yes,39
T6510,C11226,2024-03-20,2024-03-20,Account,Medium,5,Yes,12
T6511,C10762,2024-07-18,2024-07-20,Network,Low,1,Yes,70
T6512,C10462,2024-01-20,2024-01-20,Network,High,4,Yes,14
T6513,C14182,2024-07-08,2024-07-08,Billing,Medium,1,Yes,6
T6514,C14513,2024-10-31,2024-10-31,Network,High,3,Yes,4
T6515,C14858,2024-12-02,2024-12-02,Technical,Low,2,Yes,21
T6516,C14692,2024-04-15,2024-04-15,Network,Low,1,Yes,9
T6517,C10894,2024-09-10,2024-09-10,Network,Low,1,Yes,13
T6518,C10574,2024-08-11,2024-08-11,Account,Medium,2,Yes,12
T6519,C11491,2024-02-28,2024-02-28,Account,High,5,Yes,14
T6520,C11608,2024-05-11,2024-05-11,Technical,Medium,3,Yes,3
T6521,C14306,2024-11-29,2024-11-29,Billing,High,4,No,19
T6522,C10001,2024-05-06,2024-05-06,Network,Critical,5,Yes,13
T6523,C14766,2024-03-07,2024-03-07,Network,Low,3,Yes,1
T6524,C14174,2024-08-09,2024-08-10,Account,Low,1,Yes,45
T6525,C10699,2024-07-28,2024-07-28,Account,Medium,3,Yes,8
T6526,C13833,2024-07-11,2024-07-13,Account,High,1,Yes,62
T6527,C11631,2024-04-30,2024-05-02,Account,Medium,1,Yes,54
T6528,C10137,2024-05-04,2024-05-04,Technical,High,3,Yes,20
T6529,C11356,2024-06-16,2024-06-16,Billing,Low,3,Yes,17
T6530,C10704,2024-11-01,2024-11-01,Account,Critical,2,Yes,8
T6531,C10773,2024-12-25,2024-12-25,Billing,Medium,4,Yes,3
T6532,C10515,2024-04-10,2024-04-10,Network,Medium,3,Yes,12
T6533,C10338,2024-11-15,2024-11-15,Billing,Medium,3,Yes,13
T6534,C10262,2024-08-30,2024-08-30,Network,High,5,Yes,2
T6535,C10411,2024-08-10,2024-08-10,Network,Critical,3,Yes,1
T6536,C11141,2024-02-02,2024-02-02,Network,Low,1,Yes,12
T6537,C14840,2024-09-22,2024-09-22,Account,Medium,4,Yes,6
T6538,C10580,2024-05-02,2024-05-04,Technical,Medium,3,Yes,64
T6539,C11936,2024-02-03,2024-02-03,Account,Medium,4,Yes,7
T6540,C14036,2024-10-24,2024-10-24,Billing,Medium,1,No,1
T6541,C13316,2024-01-06,2024-01-06,Technical,Low,1,No,9
T6542,C12058,2024-05-20,2024-05-20,Account,High,4,No,16
T6543,C12307,2024-12-13,2024-12-14,Network,Medium,3,Yes,40
T6544,C14242,2024-06-29,2024-07-02,Technical,Low,5,Yes,74
T6545,C12132,2024-08-04,2024-08-04,Account,Medium,3,Yes,15
T6546,C14154,2024-09-23,2024-09-23,Technical,High,5,Yes,22
T6547,C12409,2024-04-08,2024-04-08,Billing,Critical,4,Yes,1
T6548,C10432,2024-11-13,2024-11-15,Account,High,1,Yes,49
T6549,C12259,2024-01-23,2024-01-23,Account,Low,2,Yes,3
T6550,C13821,2024-05-12,2024-05-12,Technical,Medium,3,Yes,17
T6551,C13566,2024-06-03,2024-06-03,Network,Low,4,Yes,21
T6552,C10119,2024-01-28,2024-01-28,Billing,Medium,2,Yes,13
T6553,C14090,2024-03-03,2024-03-03,Network,Medium,1,Yes,16
T6554,C13557,2024-12-23,2024-12-23,Billing,Low,4,Yes,14
T6555,C13256,2024-04-07,2024-04-10,Network,Low,4,No,81
T6556,C14571,2024-03-13,2024-03-13,Network,High,2,Yes,10
T6557,C11540,2024-07-03,2024-07-03,Network,Low,2,Yes,11
T6558,C14170,2024-06-25,2024-06-25,Network,Medium,3,Yes,20
T6559,C10918,2024-04-13,2024-04-13,Account,Critical,5,Yes,2
T6560,C10667,2024-03-06,2024-03-06,Technical,High,3,Yes,17
T6561,C13552,2024-09-21,2024-09-21,Technical,Low,2,No,10
T6562,C11779,2024-01-06,2024-01-07,Network,Medium,5,Yes,24
T6563,C10715,2024-02-08,2024-02-08,Network,Medium,2,Yes,20
T6564,C10541,2024-07-20,2024-07-20,Billing,Medium,1,Yes,5
T6565,C11934,2024-07-28,2024-08-02,Network,Medium,2,Yes,123
T6566,C13373,2024-10-17,2024-10-17,Billing,Low,5,Yes,11
T6567,C12593,2024-12-17,2024-12-17,Account,Low,2,Yes,23
T6568,C12761,2024-02-16,2024-02-16,Technical,Low,5,No,20
T6569,C13722,2024-08-29,2024-08-30,Account,Medium,2,Yes,33
T6570,C14754,2024-02-25,2024-02-25,Technical,High,5,Yes,8
T6571,C11473,2024-12-26,2024-12-26,Network,High,3,No,17
T6572,C13083,2024-09-24,2024-09-24,Network,Low,5,Yes,2
T6573,C13870,2024-08-17,2024-08-17,Billing,Medium,1,No,13
T6574,C13455,2024-04-06,2024-04-06,Account,Medium,2,Yes,6
T6575,C10440,2024-10-08,2024-10-11,Network,High,1,Yes,94
T6576,C12571,2024-02-25,2024-02-25,Network,Low,1,Yes,6
T6577,C11386,2024-12-29,2024-12-30,Network,Low,3,Yes,34
T6578,C11425,2024-05-24,2024-05-24,Network,Medium,2,Yes,7
T6579,C12490,2024-09-22,2024-09-22,Technical,Low,3,Yes,16
T6580,C13759,2024-02-05,2024-02-05,Technical,Medium,5,Yes,9
T6581,C12969,2024-07-05,2024-07-05,Network,Low,4,Yes,6
T6582,C10934,2024-01-04,2024-01-04,Billing,Medium,4,Yes,13
T6583,C11375,2024-09-02,2024-09-02,Billing,Low,2,Yes,5
T6584,C10039,2024-02-19,2024-02-19,Technical,Medium,2,Yes,11
T6585,C14792,2024-04-07,2024-04-09,Billing,Medium,4,No,48
T6586,C13540,2024-02-19,2024-02-19,Billing,Critical,2,Yes,1
T6587,C13945,2024-11-28,2024-11-28,Network,Low,2,Yes,8
T6588,C12461,2024-01-08,2024-01-08,Network,High,5,Yes,8
T6589,C10689,2024-05-27,2024-05-28,Technical,Medium,3,No,42
T6590,C12035,2024-12-14,2024-12-14,Technical,Medium,3,Yes,11
T6591,C14792,2024-06-27,2024-06-27,Technical,High,4,Yes,4
T6592,C12589,2024-07-10,2024-07-10,Technical,Medium,1,Yes,9
T6593,C13995,2024-03-24,2024-03-24,Billing,Medium,3,Yes,13
T6594,C11497,2024-05-14,2024-05-16,Network,High,4,Yes,52
T6595,C11398,2024-01-29,2024-01-29,Billing,Low,4,Yes,21
T6596,C14263,2024-07-16,2024-07-16,Account,Low,2,Yes,10
T6597,C11468,2024-12-11,2024-12-11,Account,Low,5,No,1
T6598,C12435,2024-06-14,2024-06-14,Technical,High,2,Yes,1
T6599,C14012,2024-01-20,2024-01-21,Billing,Low,5,Yes,27
T6600,C10360,2024-11-06,2024-11-06,Technical,High,4,Yes,1
T6601,C13436,2024-07-12,2024-07-13,Network,Critical,2,Yes,29
T6602,C10172,2024-07-24,2024-07-24,Network,Medium,2,Yes,7
T6603,C12330,2024-10-30,2024-10-30,Technical,Medium,2,Yes,22
T6604,C12718,2024-01-26,2024-01-26,Billing,Low,3,No,16
T6605,C12443,2024-04-21,2024-04-21,Network,Critical,2,No,3
T6606,C14676,2024-03-26,2024-03-26,Network,Low,2,Yes,9
T6607,C11568,2024-09-22,2024-09-23,Network,Critical,2,No,29
T6608,C13444,2024-05-02,2024-05-04,Network,Low,3,Yes,54
T6609,C12909,2024-02-19,2024-02-20,Billing,High,2,Yes,27
T6610,C10642,2024-06-20,2024-06-20,Network,Medium,3,Yes,1
T6611,C14977,2024-09-30,2024-09-30,Network,Medium,2,Yes,4
T6612,C13403,2024-03-20,2024-03-23,Billing,Low,3,Yes,78
T6613,C14360,2024-09-30,2024-09-30,Network,Low,5,Yes,4
T6614,C13789,2024-01-25,2024-01-25,Network,Low,1,Yes,2
T6615,C11128,2024-03-06,2024-03-11,Network,High,2,No,131
T6616,C14738,2024-02-27,2024-02-27,Network,Low,2,Yes,6
T6617,C12565,2024-09-10,2024-09-10,Billing,High,3,Yes,17
T6618,C14397,2024-11-30,2024-11-30,Billing,Medium,4,Yes,22
T6619,C12402,2024-05-04,2024-05-05,Account,Medium,4,No,33
T6620,C12071,2024-09-04,2024-09-04,Technical,Low,5,Yes,8
T6621,C12909,2024-06-18,2024-06-18,Technical,Low,2,Yes,7
T6622,C13946,2024-06-29,2024-06-30,Network,High,4,No,43
T6623,C10569,2024-08-12,2024-08-13,Account,Medium,1,Yes,26
T6624,C10863,2024-12-05,2024-12-05,Network,Medium,4,Yes,18
T6625,C12186,2024-10-12,2024-10-16,Network,Low,4,No,116
T6626,C12457,2024-09-01,2024-09-01,Billing,High,3,Yes,23
T6627,C12398,2024-02-14,2024-02-15,Network,Critical,3,Yes,40
T6628,C13302,2024-12-20,2024-12-20,Account,Low,2,Yes,18
T6629,C10377,2024-08-14,2024-08-15,Network,Medium,1,Yes,29
T6630,C10281,2024-07-26,2024-07-26,Network,Medium,4,Yes,6
T6631,C13316,2024-03-13,2024-03-13,Billing,Medium,1,Yes,23
T6632,C12920,2024-07-28,2024-07-29,Technical,Medium,2,Yes,25
T6633,C14031,2024-12-10,2024-12-10,Network,Medium,5,Yes,1
T6634,C13691,2024-06-29,2024-06-29,Network,Medium,2,Yes,2
T6635,C14309,2024-02-01,2024-02-01,Network,Low,4,Yes,2
T6636,C13853,2024-07-02,2024-07-02,Technical,Medium,2,Yes,11
T6637,C14209,2024-02-12,2024-02-13,Network,Low,4,Yes,34
T6638,C10118,2024-07-25,2024-07-26,Technical,High,5,No,33
T6639,C12931,2024-12-12,2024-12-13,Billing,Medium,2,Yes,26
T6640,C14727,2024-07-16,2024-07-16,Network,Low,4,Yes,6
T6641,C11916,2024-08-22,2024-08-22,Network,Low,4,Yes,7
T6642,C11577,2024-01-20,2024-01-21,Account,Low,4,Yes,34
T6643,C12843,2024-11-12,2024-11-12,Network,Medium,5,Yes,1
T6644,C13978,2024-10-10,2024-10-11,Technical,Medium,4,Yes,28
T6645,C13742,2024-11-23,2024-11-23,Network,Medium,5,Yes,7
T6646,C13324,2024-12-22,2024-12-22,Billing,Low,4,Yes,10
T6647,C10631,2024-11-11,2024-11-11,Technical,Medium,2,Yes,2
T6648,C10461,2024-05-13,2024-05-13,Billing,Low,3,Yes,17
T6649,C13385,2024-11-27,2024-11-27,Billing,Medium,4,Yes,12
T6650,C10650,2024-01-28,2024-01-28,Billing,Critical,3,Yes,5
T6651,C10074,2024-03-11,2024-03-11,Account,High,2,Yes,10
T6652,C13490,2024-06-17,2024-06-17,Billing,Medium,5,Yes,8
T6653,C12844,2024-12-27,2024-12-29,Account,High,5,Yes,55
T6654,C14577,2024-07-01,2024-07-01,Network,High,4,Yes,3
T6655,C12669,2024-01-25,2024-01-26,Technical,High,2,No,38
T6656,C12248,2024-02-02,2024-02-02,Network,Low,4,Yes,7
T6657,C10052,2024-01-08,2024-01-08,Network,Low,5,Yes,1
T6658,C12830,2024-05-19,2024-05-19,Billing,High,5,Yes,15
T6659,C11012,2024-07-26,2024-07-26,Billing,Medium,5,Yes,9
T6660,C10265,2024-01-16,2024-01-18,Billing,Low,3,Yes,62
T6661,C10246,2024-04-12,2024-04-12,Technical,High,1,Yes,4
T6662,C12091,2024-03-26,2024-03-26,Account,Medium,3,Yes,12
T6663,C14939,2024-08-04,2024-08-06,Network,Low,2,Yes,67
T6664,C13219,2024-10-19,2024-10-20,Network,Low,3,Yes,34
T6665,C12662,2024-08-11,2024-08-11,Account,High,5,Yes,3
T6666,C13078,2024-11-01,2024-11-01,Network,Low,4,Yes,5
T6667,C10401,2024-07-14,2024-07-17,Network,Medium,3,Yes,84
T6668,C11689,2024-12-26,2024-12-26,Technical,Medium,5,Yes,12
T6669,C10647,2024-01-14,2024-01-14,Account,Low,3,Yes,2
T6670,C13193,2024-02-11,2024-02-12,Account,Low,4,No,33
T6671,C13315,2024-08-20,2024-08-20,Network,Low,4,Yes,22
T6672,C12204,2024-09-18,2024-09-18,Network,Medium,3,Yes,7
T6673,C14169,2024-09-20,2024-09-20,Technical,Medium,5,Yes,9
T6674,C13274,2024-09-18,2024-09-18,Network,Medium,4,Yes,1
T6675,C11453,2024-12-13,2024-12-13,Billing,Medium,4,Yes,8
T6676,C13311,2024-05-30,2024-05-30,Network,Low,5,Yes,11
T6677,C11028,2024-06-21,2024-06-21,Billing,Low,2,Yes,13
T6678,C11968,2024-05-06,2024-05-07,Billing,Low,1,Yes,26
T6679,C10165,2024-05-07,2024-05-07,Billing,Low,4,Yes,2
T6680,C13472,2024-03-29,2024-03-29,Network,High,5,Yes,16
T6681,C13254,2024-07-09,2024-07-09,Billing,Medium,4,Yes,23
T6682,C14464,2024-03-20,2024-03-20,Technical,Medium,2,Yes,5
T6683,C14882,2024-12-23,2024-12-23,Billing,Medium,5,Yes,7
T6684,C12905,2024-12-26,2024-12-28,Account,Medium,4,Yes,70
T6685,C12750,2024-05-26,2024-05-26,Technical,Medium,4,Yes,14
T6686,C15000,2024-07-10,2024-07-10,Billing,High,4,Yes,23
T6687,C14548,2024-07-06,2024-07-07,Technical,Low,5,Yes,29
T6688,C11942,2024-11-27,2024-11-27,Billing,Medium,4,Yes,15
T6689,C12677,2024-05-14,2024-05-14,Billing,Medium,1,No,10
T6690,C14932,2024-09-08,2024-09-08,Network,Low,3,No,12
T6691,C14313,2024-05-05,2024-05-05,Network,Low,1,Yes,4
T6692,C12613,2024-05-29,2024-05-29,Billing,Low,1,Yes,7
T6693,C13981,2024-12-20,2024-12-21,Billing,Medium,4,Yes,37
T6694,C10713,2024-05-29,2024-05-29,Billing,Low,4,Yes,20
T6695,C10089,2024-03-06,2024-03-07,Network,High,2,No,35
T6696,C10669,2024-08-31,2024-09-01,Billing,Medium,5,Yes,26
T6697,C14602,2024-01-24,2024-01-24,Billing,Medium,1,No,22
T6698,C14778,2024-07-03,2024-07-03,Billing,Low,1,Yes,18
T6699,C10409,2024-03-31,2024-03-31,Billing,Low,5,No,4
T6700,C14168,2024-06-01,2024-06-01,Billing,Medium,5,Yes,17
T6701,C12979,2024-12-28,2024-12-30,Billing,Medium,4,No,48
T6702,C14442,2024-09-07,2024-09-07,Billing,Low,5,No,13
T6703,C14449,2024-11-27,2024-11-27,Network,High,2,Yes,16
T6704,C14063,2024-11-06,2024-11-07,Account,Medium,5,Yes,42
T6705,C12630,2024-11-20,2024-11-22,Billing,Medium,3,No,70
T6706,C11602,2024-07-25,2024-07-25,Technical,Medium,2,Yes,22
T6707,C13855,2024-02-17,2024-02-17,Network,High,1,No,7
T6708,C14254,2024-07-23,2024-07-23,Network,Critical,2,Yes,2
T6709,C10358,2024-10-28,2024-10-29,Technical,Medium,5,No,28
T6710,C12362,2024-11-17,2024-11-17,Billing,Medium,2,Yes,2
T6711,C13949,2024-12-18,2024-12-18,Billing,Medium,4,Yes,2
T6712,C14947,2024-07-08,2024-07-08,Network,Low,3,Yes,13
T6713,C11816,2024-12-20,2024-12-26,Network,Low,5,Yes,144
T6714,C13550,2024-12-27,2024-12-28,Network,Medium,2,Yes,35
T6715,C14752,2024-10-01,2024-10-01,Billing,Low,3,Yes,16
T6716,C10898,2024-09-12,2024-09-12,Network,Low,3,Yes,10
T6717,C13140,2024-06-18,2024-06-18,Network,High,3,Yes,3
T6718,C12344,2024-08-11,2024-08-11,Technical,High,5,Yes,15
T6719,C14883,2024-11-17,2024-11-17,Technical,Low,3,Yes,19
T6720,C11319,2024-02-12,2024-02-14,Network,High,3,Yes,55
T6721,C14103,2024-11-25,2024-11-26,Billing,Low,3,Yes,36
T6722,C14186,2024-07-05,2024-07-05,Billing,High,3,Yes,22
T6723,C12753,2024-09-23,2024-09-23,Network,Medium,2,Yes,5
T6724,C14294,2024-03-20,2024-03-20,Technical,Low,3,Yes,1
T6725,C14262,2024-10-29,2024-10-29,Network,Low,4,Yes,1
T6726,C14468,2024-11-21,2024-11-21,Network,High,2,Yes,15
T6727,C11911,2024-09-28,2024-09-30,Network,Low,3,Yes,61
T6728,C11633,2024-08-04,2024-08-04,Billing,Low,1,Yes,12
T6729,C14231,2024-07-31,2024-07-31,Network,Medium,4,Yes,16
T6730,C14719,2024-06-21,2024-06-24,Network,Low,4,Yes,73
T6731,C12801,2024-09-09,2024-09-09,Technical,Medium,3,Yes,7
T6732,C11513,2024-08-12,2024-08-13,Technical,High,3,Yes,27
T6733,C12602,2024-07-10,2024-07-11,Billing,High,4,Yes,29
T6734,C10588,2024-10-26,2024-10-26,Billing,Medium,1,Yes,17
T6735,C14253,2024-05-22,2024-05-23,Technical,Low,2,Yes,26
T6736,C13579,2024-07-03,2024-07-03,Billing,Medium,1,Yes,14
T6737,C10829,2024-05-25,2024-05-25,Network,Low,4,No,1
T6738,C11473,2024-11-20,2024-11-20,Network,Medium,5,No,20
T6739,C13209,2024-04-02,2024-04-03,Account,Medium,2,Yes,29
T6740,C12426,2024-10-31,2024-11-03,Billing,High,4,Yes,79
T6741,C11286,2024-05-16,2024-05-16,Technical,Low,3,Yes,4
T6742,C12077,2024-03-27,2024-03-28,Network,Medium,1,Yes,44
T6743,C13501,2024-04-16,2024-04-16,Billing,High,3,Yes,4
T6744,C11026,2024-03-15,2024-03-15,Network,Low,3,Yes,5
T6745,C12321,2024-11-30,2024-11-30,Network,Medium,5,Yes,15
T6746,C12731,2024-02-10,2024-02-10,Network,High,3,No,11
T6747,C11655,2024-12-13,2024-12-13,Billing,Low,4,Yes,8
T6748,C13293,2024-10-08,2024-10-08,Technical,High,1,Yes,11
T6749,C13769,2024-06-11,2024-06-13,Billing,Medium,1,Yes,57
T6750,C11724,2024-03-05,2024-03-05,Technical,High,2,Yes,1
T6751,C10310,2024-10-06,2024-10-06,Account,High,2,Yes,18
T6752,C10636,2024-01-28,2024-01-28,Technical,Low,4,Yes,3
T6753,C13599,2024-09-12,2024-09-13,Account,Low,2,Yes,25
T6754,C11822,2024-06-26,2024-06-26,Network,Low,3,Yes,12
T6755,C12352,2024-01-21,2024-01-21,Billing,Low,1,Yes,17
T6756,C10453,2024-12-06,2024-12-08,Network,Critical,4,Yes,49
T6757,C11604,2024-01-15,2024-01-15,Billing,Low,5,Yes,2
T6758,C10439,2024-01-16,2024-01-17,Account,Medium,2,Yes,25
T6759,C12204,2024-04-22,2024-04-23,Network,Medium,1,Yes,37
T6760,C13772,2024-05-22,2024-05-22,Billing,Medium,2,Yes,12
T6761,C12066,2024-10-10,2024-10-12,Technical,High,3,Yes,60
T6762,C12690,2024-04-15,2024-04-15,Billing,Low,3,Yes,1
T6763,C11393,2024-01-03,2024-01-04,Network,Low,5,Yes,42
T6764,C10295,2024-04-23,2024-04-23,Technical,Medium,1,Yes,6
T6765,C12162,2024-08-01,2024-08-01,Billing,Medium,5,Yes,10
T6766,C10719,2024-02-14,2024-02-14,Network,High,4,Yes,10
T6767,C10161,2024-11-03,2024-11-03,Network,High,2,Yes,11
T6768,C12383,2024-07-31,2024-08-05,Billing,Low,5,Yes,137
T6769,C14369,2024-11-22,2024-11-22,Network,Low,5,No,6
T6770,C12515,2024-07-11,2024-07-11,Network,High,3,Yes,6
T6771,C13527,2024-05-14,2024-05-14,Account,Medium,5,Yes,5
T6772,C11335,2024-04-11,2024-04-11,Billing,Medium,2,Yes,1
T6773,C14066,2024-11-09,2024-11-09,Billing,Medium,5,Yes,18
T6774,C14397,2024-03-03,2024-03-03,Technical,Medium,5,Yes,6
T6775,C10092,2024-01-04,2024-01-04,Billing,Low,3,Yes,4
T6776,C13859,2024-02-11,2024-02-11,Technical,Medium,1,Yes,23
T6777,C13847,2024-10-09,2024-10-09,Network,Medium,3,Yes,5
T6778,C11280,2024-10-12,2024-10-12,Technical,Medium,3,Yes,7
T6779,C14556,2024-09-29,2024-09-29,Technical,Low,5,Yes,3
T6780,C12765,2024-11-27,2024-11-28,Technical,Medium,5,Yes,35
T6781,C11668,2024-06-17,2024-06-17,Account,Medium,5,Yes,10
T6782,C14401,2024-11-29,2024-11-29,Billing,High,4,Yes,22
T6783,C12333,2024-12-04,2024-12-05,Network,High,3,Yes,36
T6784,C10383,2024-04-09,2024-04-10,Network,Medium,5,Yes,32
T6785,C11640,2024-11-26,2024-11-26,Network,Low,4,No,1
T6786,C11765,2024-08-09,2024-08-10,Account,Low,4,Yes,35
T6787,C13055,2024-12-07,2024-12-07,Network,Low,4,Yes,1
T6788,C10192,2024-01-10,2024-01-10,Account,Low,3,Yes,21
T6789,C13993,2024-11-14,2024-11-14,Technical,Low,4,Yes,10
T6790,C10695,2024-09-06,2024-09-07,Network,Critical,2,Yes,32
T6791,C13887,2024-08-11,2024-08-13,Network,Low,4,Yes,52
T6792,C13669,2024-03-10,2024-03-10,Technical,Critical,4,No,7
T6793,C14489,2024-06-20,2024-06-20,Technical,Low,3,No,20
T6794,C13468,2024-03-19,2024-03-19,Billing,High,2,Yes,14
T6795,C13077,2024-12-26,2024-12-26,Network,High,2,No,1
T6796,C12065,2024-07-06,2024-07-07,Technical,Low,5,Yes,28
T6797,C13581,2024-01-21,2024-01-21,Technical,Medium,4,Yes,2
T6798,C14630,2024-03-10,2024-03-10,Account,Medium,2,Yes,14
T6799,C13054,2024-01-20,2024-01-20,Billing,Medium,5,Yes,14
T6800,C14533,2024-03-06,2024-03-06,Technical,Medium,2,Yes,10
T6801,C13642,2024-07-05,2024-07-05,Network,High,1,Yes,1
T6802,C14354,2024-01-19,2024-01-19,Network,Low,5,No,17
T6803,C12137,2024-10-14,2024-10-14,Billing,Medium,1,Yes,13
T6804,C12726,2024-11-18,2024-11-18,Billing,Low,4,Yes,21
T6805,C11145,2024-06-23,2024-06-24,Technical,Medium,2,Yes,28
T6806,C11962,2024-08-23,2024-08-25,Billing,Medium,5,Yes,65
T6807,C10538,2024-08-12,2024-08-12,Billing,Critical,2,Yes,1
T6808,C10169,2024-09-08,2024-09-08,Network,Critical,5,Yes,12
T6809,C10986,2024-06-26,2024-06-28,Technical,Critical,5,Yes,51
T6810,C14470,2024-09-07,2024-09-07,Network,Medium,3,Yes,17
T6811,C12180,2024-08-19,2024-08-19,Network,Medium,3,Yes,2
T6812,C13772,2024-07-02,2024-07-03,Technical,Medium,5,Yes,45
T6813,C12574,2024-10-05,2024-10-06,Account,High,5,Yes,43
T6814,C12762,2024-12-23,2024-12-23,Billing,High,2,Yes,8
T6815,C10264,2024-07-28,2024-07-29,Network,Medium,5,No,26
T6816,C10551,2024-02-19,2024-02-20,Network,Low,5,Yes,39
T6817,C13461,2024-11-17,2024-11-17,Billing,High,3,Yes,7
T6818,C13997,2024-04-10,2024-04-10,Billing,Medium,1,No,11
T6819,C12004,2024-11-02,2024-11-03,Network,Medium,1,No,27
T6820,C14712,2024-04-08,2024-04-09,Network,Low,5,Yes,35
T6821,C13358,2024-04-24,2024-04-24,Billing,Low,3,No,2
T6822,C14147,2024-04-05,2024-04-05,Network,Medium,2,No,1
T6823,C11791,2024-10-12,2024-10-13,Technical,Medium,4,No,24
T6824,C12477,2024-01-05,2024-01-05,Account,Low,5,Yes,1
T6825,C14544,2024-06-12,2024-06-12,Network,Low,3,Yes,13
T6826,C10835,2024-05-10,2024-05-15,Technical,Medium,4,Yes,126
T6827,C10970,2024-05-09,2024-05-09,Network,Low,5,Yes,12
T6828,C13707,2024-06-24,2024-06-24,Account,Medium,1,Yes,18
T6829,C14016,2024-11-24,2024-11-25,Network,High,3,No,31
T6830,C12728,2024-02-15,2024-02-15,Account,High,2,Yes,10
T6831,C11665,2024-03-27,2024-03-27,Network,Low,2,Yes,1
T6832,C12352,2024-11-06,2024-11-07,Network,Medium,3,Yes,46
T6833,C11361,2024-10-21,2024-10-21,Network,Low,5,Yes,9
T6834,C14371,2024-04-09,2024-04-09,Network,Low,5,Yes,8
T6835,C12946,2024-05-09,2024-05-09,Billing,Low,3,Yes,1
T6836,C12901,2024-04-24,2024-04-24,Billing,Critical,4,Yes,9
T6837,C12084,2024-07-20,2024-07-20,Billing,Medium,3,Yes,20
T6838,C12548,2024-03-19,2024-03-19,Network,Medium,5,Yes,23
T6839,C11059,2024-01-13,2024-01-13,Billing,Low,3,No,11
T6840,C11903,2024-07-05,2024-07-05,Network,Low,5,No,4
T6841,C11276,2024-06-13,2024-06-13,Network,High,2,Yes,8
T6842,C11091,2024-08-08,2024-08-08,Billing,Medium,3,No,8
T6843,C10623,2024-02-24,2024-02-28,Network,High,2,Yes,114
T6844,C12666,2024-09-18,2024-09-18,Technical,Low,3,Yes,16
T6845,C14658,2024-11-01,2024-11-01,Account,High,1,Yes,14
T6846,C10105,2024-05-21,2024-05-21,Network,High,5,Yes,20
T6847,C10483,2024-08-11,2024-08-11,Network,Medium,3,Yes,7
T6848,C10575,2024-02-04,2024-02-05,Network,High,3,Yes,31
T6849,C14786,2024-01-06,2024-01-06,Network,Medium,4,Yes,1
T6850,C11643,2024-03-10,2024-03-10,Technical,Low,3,Yes,4
T6851,C10648,2024-04-25,2024-04-28,Billing,Critical,4,Yes,82
T6852,C13600,2024-09-24,2024-09-24,Account,Medium,2,Yes,5
T6853,C10232,2024-12-18,2024-12-18,Billing,Low,4,Yes,5
T6854,C12522,2024-04-08,2024-04-08,Network,Critical,5,No,4
T6855,C13943,2024-03-30,2024-03-31,Billing,Low,4,Yes,46
T6856,C11996,2024-04-29,2024-04-29,Network,Low,1,Yes,21
T6857,C10887,2024-11-24,2024-11-24,Network,High,2,Yes,10
T6858,C12998,2024-04-01,2024-04-02,Billing,Low,3,Yes,26
T6859,C14456,2024-01-02,2024-01-02,Account,Low,1,Yes,5
T6860,C14581,2024-12-30,2024-12-30,Technical,Low,2,Yes,23
T6861,C13961,2024-05-29,2024-05-29,Account,Low,3,Yes,8
T6862,C13885,2024-05-21,2024-05-21,Billing,Medium,4,Yes,12
T6863,C10167,2024-09-04,2024-09-05,Account,High,2,Yes,32
T6864,C12002,2024-10-01,2024-10-01,Billing,Medium,3,No,7
T6865,C14229,2024-11-03,2024-11-06,Technical,Medium,4,Yes,84
T6866,C14854,2024-08-08,2024-08-08,Network,High,3,No,7
T6867,C11687,2024-07-27,2024-07-27,Account,Critical,3,Yes,6
T6868,C14494,2024-05-10,2024-05-11,Network,Critical,5,Yes,25
T6869,C11584,2024-04-19,2024-04-19,Network,High,1,No,4
T6870,C11773,2024-06-10,2024-06-10,Account,High,3,Yes,21
T6871,C12998,2024-07-08,2024-07-08,Network,Critical,2,Yes,10
T6872,C12333,2024-01-26,2024-01-26,Technical,Medium,2,Yes,1
T6873,C13255,2024-01-12,2024-01-12,Network,Medium,3,Yes,1
T6874,C13808,2024-07-07,2024-07-07,Billing,Low,4,Yes,1
T6875,C14050,2024-02-02,2024-02-04,Technical,Low,5,Yes,57
T6876,C13172,2024-05-17,2024-05-17,Technical,High,4,Yes,7
T6877,C10288,2024-03-20,2024-03-20,Account,Low,4,Yes,7
T6878,C13518,2024-07-13,2024-07-13,Technical,Medium,4,Yes,20
T6879,C11121,2024-04-09,2024-04-10,Technical,Medium,3,Yes,30
T6880,C14250,2024-06-03,2024-06-05,Billing,High,3,No,49
T6881,C11203,2024-06-27,2024-06-28,Billing,Medium,2,Yes,26
T6882,C13064,2024-02-01,2024-02-01,Technical,Medium,4,Yes,8
T6883,C11737,2024-08-07,2024-08-07,Network,High,2,Yes,1
T6884,C10821,2024-06-03,2024-06-03,Billing,Medium,3,Yes,16
T6885,C14282,2024-11-03,2024-11-04,Account,Medium,3,Yes,26
T6886,C13204,2024-02-11,2024-02-11,Technical,Low,2,No,9
T6887,C12770,2024-04-20,2024-04-20,Network,Medium,1,Yes,6
T6888,C12682,2024-09-09,2024-09-10,Technical,Medium,3,Yes,27
T6889,C13977,2024-05-22,2024-05-22,Billing,Low,3,Yes,11
T6890,C11777,2024-08-15,2024-08-17,Network,Medium,1,Yes,58
T6891,C11894,2024-03-01,2024-03-01,Technical,Low,1,Yes,3
T6892,C13968,2024-06-01,2024-06-01,Account,Medium,4,Yes,6
T6893,C13122,2024-02-02,2024-02-03,Network,Low,4,Yes,46
T6894,C14496,2024-02-13,2024-02-13,Technical,Medium,5,Yes,3
T6895,C11634,2024-11-09,2024-11-09,Network,Critical,4,Yes,2
T6896,C14083,2024-03-14,2024-03-14,Billing,Critical,3,No,22
T6897,C13736,2024-03-31,2024-03-31,Technical,Low,5,No,6
T6898,C14413,2024-08-16,2024-08-16,Network,Medium,3,Yes,5
T6899,C10310,2024-12-21,2024-12-23,Network,Medium,1,No,66
T6900,C12608,2024-08-05,2024-08-06,Technical,Medium,4,Yes,46
T6901,C12147,2024-09-20,2024-09-22,Billing,Low,3,Yes,50
T6902,C10315,2024-10-25,2024-10-25,Billing,Low,1,Yes,1
T6903,C14599,2024-04-05,2024-04-08,Network,Medium,5,Yes,76
T6904,C14598,2024-05-25,2024-05-25,Network,Low,5,Yes,9
T6905,C14089,2024-06-30,2024-07-01,Account,Medium,3,No,35
T6906,C12975,2024-08-01,2024-08-01,Network,Low,4,Yes,6
T6907,C10789,2024-02-06,2024-02-10,Account,Medium,4,Yes,98
T6908,C14599,2024-12-13,2024-12-13,Technical,Low,1,Yes,2
T6909,C10353,2024-11-28,2024-11-28,Billing,Medium,4,Yes,15
T6910,C14034,2024-11-19,2024-11-19,Billing,Medium,4,Yes,6
T6911,C13044,2024-06-17,2024-06-18,Technical,High,2,Yes,32
T6912,C13334,2024-03-29,2024-03-30,Account,Medium,4,No,29
T6913,C11820,2024-05-08,2024-05-11,Technical,Medium,3,Yes,84
T6914,C14340,2024-05-24,2024-05-24,Network,High,2,Yes,1
T6915,C12750,2024-06-09,2024-06-10,Billing,Low,5,Yes,29
T6916,C13064,2024-03-05,2024-03-05,Billing,Low,2,Yes,10
T6917,C11212,2024-10-06,2024-10-06,Network,High,5,Yes,11
T6918,C12565,2024-01-22,2024-01-22,Technical,Medium,3,Yes,19
T6919,C10558,2024-02-28,2024-02-28,Billing,Low,5,No,20
T6920,C10541,2024-10-02,2024-10-02,Network,Low,5,Yes,8
T6921,C13956,2024-08-18,2024-08-18,Billing,Critical,1,Yes,2
T6922,C13941,2024-07-13,2024-07-14,Network,High,2,Yes,39
T6923,C10958,2024-12-27,2024-12-27,Network,Low,3,Yes,2
T6924,C11025,2024-07-24,2024-07-24,Billing,High,1,Yes,3
T6925,C12243,2024-11-16,2024-11-16,Billing,Medium,2,Yes,16
T6926,C13508,2024-01-31,2024-01-31,Network,Critical,4,Yes,8
T6927,C10231,2024-06-04,2024-06-05,Account,Low,5,Yes,39
T6928,C10182,2024-11-28,2024-11-28,Technical,Medium,2,Yes,12
T6929,C13780,2024-10-11,2024-10-12,Billing,High,4,Yes,33
T6930,C13569,2024-01-26,2024-01-26,Account,Low,4,Yes,8
T6931,C14148,2024-10-26,2024-10-26,Account,Low,5,Yes,1
T6932,C10498,2024-02-04,2024-02-05,Billing,Low,5,Yes,30
T6933,C11957,2024-04-23,2024-04-23,Network,Medium,5,Yes,13
T6934,C14676,2024-05-30,2024-05-30,Network,Critical,4,No,3
T6935,C13367,2024-12-24,2024-12-24,Billing,Low,4,Yes,7
T6936,C13827,2024-11-10,2024-11-12,Billing,Medium,4,Yes,54
T6937,C13065,2024-02-03,2024-02-04,Network,High,5,Yes,45
T6938,C13014,2024-07-14,2024-07-15,Technical,Low,2,Yes,27
T6939,C14350,2024-12-04,2024-12-04,Network,Medium,5,Yes,9
T6940,C10305,2024-03-09,2024-03-09,Billing,Medium,4,Yes,19
T6941,C11133,2024-04-27,2024-04-27,Billing,Low,3,Yes,8
T6942,C13912,2024-11-06,2024-11-06,Technical,Low,3,Yes,16
T6943,C10429,2024-01-24,2024-01-25,Network,Medium,2,Yes,32
T6944,C11255,2024-09-14,2024-09-15,Account,High,2,Yes,35
T6945,C12561,2024-11-02,2024-11-02,Network,Critical,4,Yes,8
T6946,C14591,2024-08-03,2024-08-03,Network,Low,2,Yes,5
T6947,C14000,2024-10-20,2024-10-21,Network,High,3,Yes,42
T6948,C11317,2024-03-18,2024-03-18,Network,Low,3,No,5
T6949,C12761,2024-07-05,2024-07-05,Billing,Low,3,Yes,20
T6950,C11620,2024-02-04,2024-02-05,Account,Low,4,Yes,30
T6951,C13099,2024-03-19,2024-03-19,Technical,High,3,Yes,10
T6952,C14770,2024-04-28,2024-05-01,Technical,Medium,2,Yes,72
T6953,C12007,2024-03-08,2024-03-09,Account,Medium,2,Yes,46
T6954,C13594,2024-10-13,2024-10-14,Billing,Medium,5,Yes,33
T6955,C10533,2024-12-23,2024-12-24,Billing,Low,5,No,45
T6956,C12378,2024-11-12,2024-11-12,Network,Low,4,Yes,1
T6957,C13498,2024-07-06,2024-07-06,Technical,High,2,Yes,5
T6958,C11392,2024-05-13,2024-05-13,Network,Critical,2,Yes,2
T6959,C12218,2024-06-07,2024-06-07,Network,Low,2,Yes,6
T6960,C14006,2024-09-11,2024-09-12,Technical,High,5,Yes,25
T6961,C13039,2024-03-20,2024-03-21,Technical,Low,5,Yes,41
T6962,C13852,2024-03-19,2024-03-20,Network,High,4,Yes,36
T6963,C13695,2024-05-13,2024-05-13,Billing,Medium,5,Yes,15
T6964,C11394,2024-09-25,2024-09-25,Network,High,3,Yes,19
T6965,C12723,2024-02-07,2024-02-07,Network,Low,1,No,14
T6966,C12717,2024-11-05,2024-11-05,Billing,High,4,Yes,2
T6967,C14115,2024-10-14,2024-10-14,Network,High,4,No,16
T6968,C11196,2024-08-17,2024-08-17,Network,Critical,4,Yes,5
T6969,C12720,2024-05-30,2024-05-30,Network,High,5,No,14
T6970,C12543,2024-04-17,2024-04-17,Account,Medium,5,Yes,7
T6971,C11089,2024-06-22,2024-06-22,Billing,Low,2,Yes,22
T6972,C11108,2024-05-05,2024-05-06,Technical,High,4,Yes,26
T6973,C10763,2024-03-24,2024-03-24,Network,Medium,2,Yes,3
T6974,C13791,2024-03-12,2024-03-12,Billing,Medium,1,Yes,6
T6975,C11990,2024-04-05,2024-04-07,Billing,Low,4,Yes,50
T6976,C10219,2024-12-08,2024-12-08,Technical,High,5,Yes,19
T6977,C10306,2024-06-11,2024-06-13,Technical,Low,3,Yes,51
T6978,C10527,2024-10-21,2024-10-21,Network,Low,4,Yes,23
T6979,C14386,2024-09-14,2024-09-14,Billing,Low,2,Yes,22
T6980,C12409,2024-01-21,2024-01-21,Network,Low,4,No,16
T6981,C14789,2024-05-07,2024-05-07,Technical,Medium,5,Yes,20
T6982,C12049,2024-06-13,2024-06-13,Network,Medium,4,Yes,1
T6983,C14822,2024-05-13,2024-05-14,Network,Low,5,Yes,29
T6984,C11435,2024-02-17,2024-02-18,Technical,High,5,Yes,25
T6985,C14463,2024-08-20,2024-08-21,Network,Low,1,Yes,44
T6986,C11423,2024-08-27,2024-08-28,Billing,Medium,1,Yes,40
T6987,C12465,2024-02-06,2024-02-06,Network,Medium,4,Yes,8
T6988,C11516,2024-02-05,2024-02-05,Technical,Low,5,No,13
T6989,C10858,2024-04-22,2024-04-24,Technical,Medium,1,Yes,49
T6990,C14526,2024-07-05,2024-07-06,Billing,Medium,1,Yes,31
T6991,C13587,2024-11-12,2024-11-12,Technical,Medium,2,Yes,18
T6992,C14576,2024-06-15,2024-06-16,Technical,High,1,Yes,35
T6993,C14867,2024-01-17,2024-01-17,Account,Medium,3,No,1
T6994,C12484,2024-04-08,2024-04-08,Account,High,5,No,16
T6995,C10053,2024-03-27,2024-03-27,Account,Medium,5,Yes,14
T6996,C12201,2024-03-10,2024-03-11,Billing,Critical,4,Yes,26
T6997,C10077,2024-06-28,2024-06-28,Network,Medium,2,Yes,2
T6998,C14559,2024-06-23,2024-06-23,Account,Medium,4,Yes,6
T6999,C14001,2024-03-11,2024-03-11,Technical,High,5,Yes,13
T7000,C12605,2024-02-23,2024-02-25,Network,Low,4,Yes,68
T7001,C12660,2024-08-18,2024-08-19,Network,High,2,Yes,35
T7002,C14507,2024-04-06,2024-04-06,Network,Low,5,Yes,13
T7003,C13329,2024-08-05,2024-08-05,Billing,High,5,Yes,1
T7004,C11395,2024-08-23,2024-08-23,Network,Low,1,Yes,14
T7005,C12908,2024-06-09,2024-06-09,Account,Low,2,Yes,6
T7006,C14358,2024-04-21,2024-04-21,Network,Critical,1,Yes,2
T7007,C13822,2024-04-25,2024-04-25,Network,Medium,1,Yes,5
T7008,C14592,2024-06-30,2024-07-01,Network,Medium,3,Yes,27
T7009,C14359,2024-09-24,2024-09-26,Billing,Critical,1,Yes,70
T7010,C14250,2024-09-22,2024-09-22,Account,High,5,Yes,10
T7011,C14058,2024-06-01,2024-06-01,Technical,Medium,2,Yes,1
T7012,C10443,2024-04-12,2024-04-12,Billing,Low,4,No,1
T7013,C10787,2024-12-18,2024-12-18,Billing,Low,3,Yes,10
T7014,C14938,2024-12-23,2024-12-23,Account,Critical,5,Yes,1
T7015,C12039,2024-07-06,2024-07-06,Network,Low,5,No,22
T7016,C11018,2024-02-29,2024-02-29,Network,Low,5,No,6
T7017,C12780,2024-08-10,2024-08-10,Account,High,5,No,20
T7018,C12955,2024-09-29,2024-09-29,Billing,Low,4,No,9
T7019,C11195,2024-04-24,2024-04-26,Billing,Low,2,No,69
T7020,C10811,2024-10-20,2024-10-20,Network,Low,5,Yes,18
T7021,C14599,2024-01-13,2024-01-15,Technical,Medium,2,Yes,57
T7022,C14514,2024-07-13,2024-07-13,Billing,Medium,3,Yes,10
T7023,C11878,2024-05-15,2024-05-15,Account,Medium,4,No,16
T7024,C12794,2024-09-12,2024-09-12,Billing,Low,1,Yes,9
T7025,C12272,2024-02-21,2024-02-22,Billing,Low,3,Yes,42
T7026,C12165,2024-03-11,2024-03-11,Technical,Low,4,Yes,8
T7027,C13635,2024-01-13,2024-01-13,Network,Low,4,Yes,1
T7028,C14784,2024-06-25,2024-06-25,Network,Low,2,Yes,16
T7029,C12703,2024-06-21,2024-06-24,Account,Low,5,Yes,80
T7030,C10896,2024-01-19,2024-01-19,Network,Low,3,Yes,3
T7031,C11631,2024-04-13,2024-04-13,Network,High,2,Yes,10
T7032,C12588,2024-08-13,2024-08-13,Billing,Low,3,Yes,7
T7033,C14049,2024-08-09,2024-08-09,Network,Medium,3,Yes,2
T7034,C10857,2024-10-21,2024-10-21,Billing,Medium,5,Yes,16
T7035,C12045,2024-02-22,2024-02-25,Network,Low,3,Yes,80
T7036,C13323,2024-11-05,2024-11-05,Billing,Medium,4,No,6
T7037,C12849,2024-09-17,2024-09-18,Billing,Medium,4,Yes,30
T7038,C13692,2024-07-11,2024-07-11,Network,Medium,5,Yes,11
T7039,C13512,2024-01-05,2024-01-05,Account,High,4,Yes,14
T7040,C14662,2024-05-03,2024-05-03,Technical,Low,4,Yes,11
T7041,C13745,2024-03-18,2024-03-18,Billing,High,4,Yes,4
T7042,C13935,2024-09-12,2024-09-12,Billing,High,4,Yes,12
T7043,C13519,2024-09-10,2024-09-10,Network,Medium,4,Yes,8
T7044,C13836,2024-12-26,2024-12-26,Account,Low,4,Yes,13
T7045,C14177,2024-11-29,2024-11-30,Network,High,5,Yes,35
T7046,C10509,2024-03-11,2024-03-13,Account,Medium,5,Yes,51
T7047,C13540,2024-01-20,2024-01-20,Network,Medium,3,Yes,16
T7048,C10521,2024-01-22,2024-01-22,Network,Low,5,Yes,21
T7049,C13691,2024-02-07,2024-02-08,Network,Low,4,Yes,47
T7050,C14910,2024-05-18,2024-05-21,Billing,Low,1,Yes,76
T7051,C14563,2024-07-09,2024-07-09,Network,Medium,2,Yes,20
T7052,C14150,2024-07-17,2024-07-18,Network,Medium,2,Yes,37
T7053,C11771,2024-06-25,2024-06-26,Network,Medium,4,Yes,31
T7054,C10685,2024-06-21,2024-06-21,Billing,High,3,Yes,9
T7055,C10971,2024-09-27,2024-09-27,Technical,High,2,No,3
T7056,C14118,2024-10-11,2024-10-11,Network,Medium,4,Yes,2
T7057,C13357,2024-11-14,2024-11-14,Network,High,3,Yes,22
T7058,C10426,2024-01-02,2024-01-02,Technical,High,3,Yes,1
T7059,C14016,2024-08-26,2024-08-26,Technical,Medium,2,Yes,10
T7060,C10129,2024-01-31,2024-02-01,Account,Medium,2,Yes,33
T7061,C14348,2024-03-29,2024-03-31,Account,Low,3,Yes,49
T7062,C10465,2024-08-01,2024-08-01,Technical,Medium,4,Yes,10
T7063,C10717,2024-10-24,2024-10-24,Billing,Medium,3,Yes,12
T7064,C13821,2024-12-04,2024-12-04,Network,Medium,2,Yes,9
T7065,C14724,2024-03-04,2024-03-04,Billing,Low,5,Yes,1
T7066,C12725,2024-09-22,2024-09-22,Network,Medium,4,No,2
T7067,C14590,2024-11-06,2024-11-06,Network,Medium,5,Yes,17
T7068,C10748,2024-11-01,2024-11-03,Technical,Low,1,Yes,57
T7069,C12764,2024-09-30,2024-09-30,Network,Critical,4,Yes,13
T7070,C11896,2024-01-26,2024-01-26,Account,Medium,4,No,10
T7071,C12228,2024-07-29,2024-07-29,Billing,Low,2,Yes,2
T7072,C10462,2024-09-17,2024-09-17,Billing,Critical,5,Yes,15
T7073,C14022,2024-12-13,2024-12-13,Billing,Critical,1,Yes,14
T7074,C14811,2024-09-01,2024-09-01,Network,Low,3,Yes,5
T7075,C10014,2024-07-04,2024-07-04,Technical,High,3,Yes,1
T7076,C12448,2024-08-11,2024-08-13,Technical,Low,2,Yes,56
T7077,C12469,2024-09-02,2024-09-02,Billing,Low,3,Yes,8
T7078,C12935,2024-07-11,2024-07-11,Network,Medium,3,Yes,18
T7079,C13555,2024-07-20,2024-07-20,Network,Medium,3,Yes,4
T7080,C12288,2024-08-22,2024-08-23,Network,Low,4,Yes,31
T7081,C12807,2024-11-19,2024-11-20,Technical,Low,5,Yes,25
T7082,C13743,2024-09-18,2024-09-19,Billing,High,3,Yes,40
T7083,C14191,2024-09-24,2024-09-24,Billing,Low,1,Yes,11
T7084,C12619,2024-04-08,2024-04-10,Network,High,3,Yes,62
T7085,C12641,2024-08-01,2024-08-01,Technical,Low,1,Yes,20
T7086,C12827,2024-01-17,2024-01-17,Account,Medium,4,Yes,1
T7087,C14260,2024-10-04,2024-10-04,Technical,Low,5,Yes,4
T7088,C11058,2024-07-05,2024-07-05,Network,Low,1,Yes,3
T7089,C14089,2024-09-25,2024-09-26,Technical,Low,2,Yes,24
T7090,C12128,2024-12-27,2024-12-27,Network,High,2,Yes,15
T7091,C13011,2024-11-27,2024-11-27,Network,Low,4,Yes,7
T7092,C11204,2024-09-28,2024-09-29,Network,High,3,Yes,24
T7093,C12839,2024-06-16,2024-06-18,Technical,Medium,5,Yes,55
T7094,C14311,2024-07-12,2024-07-12,Network,Medium,3,Yes,4
T7095,C12326,2024-09-05,2024-09-06,Network,Medium,1,Yes,33
T7096,C11106,2024-11-12,2024-11-12,Account,Low,2,Yes,20
T7097,C11159,2024-01-17,2024-01-17,Network,Low,4,Yes,21
T7098,C11847,2024-10-14,2024-10-16,Network,High,5,No,60
T7099,C10039,2024-09-29,2024-09-30,Network,Low,4,Yes,46
T7100,C11583,2024-01-30,2024-01-30,Billing,Low,3,Yes,9
T7101,C14879,2024-10-22,2024-10-22,Account,Low,2,No,7
T7102,C11208,2024-11-20,2024-11-21,Billing,High,3,Yes,35
T7103,C11029,2024-05-24,2024-05-26,Billing,Low,2,Yes,51
T7104,C14821,2024-10-26,2024-10-26,Billing,High,2,Yes,3
T7105,C12097,2024-07-29,2024-07-30,Technical,Low,1,Yes,27
T7106,C12423,2024-03-09,2024-03-09,Network,High,1,Yes,11
T7107,C11686,2024-10-06,2024-10-06,Billing,Critical,3,Yes,23
T7108,C11383,2024-07-07,2024-07-07,Account,Medium,5,Yes,7
T7109,C13829,2024-08-15,2024-08-15,Account,Low,4,No,8
T7110,C11162,2024-12-21,2024-12-23,Billing,Low,1,Yes,49
T7111,C11115,2024-04-28,2024-04-28,Billing,Medium,2,Yes,9
T7112,C13204,2024-05-12,2024-05-12,Billing,Low,5,Yes,8
T7113,C10212,2024-07-30,2024-07-30,Network,Medium,2,No,4
T7114,C10346,2024-12-08,2024-12-09,Network,High,4,Yes,27
T7115,C12991,2024-02-09,2024-02-10,Billing,Low,3,Yes,32
T7116,C12108,2024-01-16,2024-01-18,Network,High,1,No,50
T7117,C11604,2024-06-19,2024-06-19,Technical,Medium,3,No,21
T7118,C13809,2024-01-06,2024-01-06,Network,Low,2,Yes,20
T7119,C11280,2024-11-14,2024-11-14,Network,Medium,3,Yes,8
T7120,C12412,2024-05-20,2024-05-20,Billing,Medium,5,Yes,12
T7121,C14631,2024-10-15,2024-10-15,Technical,Low,2,No,1
T7122,C11266,2024-03-09,2024-03-10,Network,Low,5,Yes,31
T7123,C13308,2024-02-16,2024-02-17,Network,High,1,Yes,27
T7124,C10162,2024-02-27,2024-02-27,Network,High,3,Yes,13
T7125,C14476,2024-08-13,2024-08-16,Network,High,5,Yes,90
T7126,C14927,2024-08-06,2024-08-07,Billing,Medium,4,Yes,28
T7127,C11992,2024-02-07,2024-02-07,Account,High,1,Yes,8
T7128,C14523,2024-07-23,2024-07-23,Network,Low,4,Yes,20
T7129,C12132,2024-01-26,2024-01-27,Account,Low,5,Yes,26
T7130,C14215,2024-11-29,2024-11-29,Network,Medium,5,Yes,10
T7131,C12816,2024-05-08,2024-05-08,Network,Low,5,Yes,21
T7132,C11095,2024-01-06,2024-01-06,Technical,Low,4,Yes,3
T7133,C12166,2024-07-22,2024-07-22,Billing,Low,4,No,20
T7134,C10548,2024-06-28,2024-06-30,Billing,Low,2,Yes,52
T7135,C14974,2024-06-26,2024-06-26,Network,High,2,Yes,1
T7136,C12700,2024-01-15,2024-01-15,Billing,Medium,4,Yes,1
T7137,C12698,2024-02-27,2024-02-27,Network,Low,2,Yes,10
T7138,C10846,2024-03-14,2024-03-16,Billing,High,4,Yes,50
T7139,C10618,2024-10-14,2024-10-14,Network,Low,4,Yes,3
T7140,C14851,2024-12-11,2024-12-11,Network,High,5,Yes,3
T7141,C10018,2024-01-14,2024-01-14,Technical,Low,4,Yes,8
T7142,C13664,2024-07-08,2024-07-08,Account,High,2,Yes,11
T7143,C12359,2024-03-27,2024-03-27,Network,Low,3,No,22
T7144,C11885,2024-08-12,2024-08-13,Technical,Medium,1,No,28
T7145,C12583,2024-09-24,2024-09-24,Account,Medium,4,Yes,8
T7146,C10676,2024-01-08,2024-01-08,Technical,Critical,5,Yes,2
T7147,C12386,2024-11-27,2024-11-27,Billing,Low,5,Yes,10
T7148,C11707,2024-02-03,2024-02-05,Billing,High,4,Yes,65
T7149,C10025,2024-11-10,2024-11-10,Network,Medium,2,Yes,4
T7150,C13219,2024-01-08,2024-01-08,Account,Low,1,Yes,3
T7151,C13063,2024-05-08,2024-05-10,Account,Low,1,Yes,50
T7152,C11332,2024-07-30,2024-07-30,Billing,Medium,4,No,11
T7153,C14680,2024-06-21,2024-06-21,Network,Critical,5,Yes,19
T7154,C14612,2024-04-05,2024-04-05,Technical,Low,1,No,23
T7155,C11216,2024-02-22,2024-02-23,Technical,Low,4,Yes,24
T7156,C10298,2024-07-09,2024-07-09,Network,High,2,Yes,12
T7157,C14201,2024-09-12,2024-09-12,Account,Medium,5,Yes,22
T7158,C11586,2024-08-09,2024-08-09,Network,Low,1,Yes,16
T7159,C12408,2024-01-03,2024-01-03,Billing,Low,4,Yes,23
T7160,C10788,2024-03-06,2024-03-07,Billing,Medium,5,No,28
T7161,C10216,2024-12-17,2024-12-17,Network,Low,3,No,6
T7162,C10424,2024-01-12,2024-01-14,Billing,Medium,1,Yes,62
T7163,C12466,2024-06-17,2024-06-20,Network,Low,4,Yes,72
T7164,C13786,2024-06-25,2024-06-27,Technical,Low,4,Yes,54
T7165,C13352,2024-08-13,2024-08-13,Technical,Medium,4,Yes,21
T7166,C11010,2024-01-30,2024-01-30,Technical,Low,4,Yes,1
T7167,C10054,2024-02-18,2024-02-18,Network,Medium,3,Yes,1
T7168,C14701,2024-11-06,2024-11-06,Technical,Medium,3,Yes,7
T7169,C12518,2024-03-01,2024-03-01,Network,Low,2,Yes,6
T7170,C13115,2024-06-27,2024-06-27,Technical,Low,3,Yes,22
T7171,C10296,2024-02-19,2024-02-19,Network,Low,3,Yes,12
T7172,C14125,2024-06-23,2024-06-23,Network,Medium,5,Yes,8
T7173,C12232,2024-12-10,2024-12-10,Billing,Low,4,No,5
T7174,C13688,2024-11-15,2024-11-15,Billing,Medium,5,Yes,6
T7175,C11713,2024-08-10,2024-08-10,Network,Critical,5,Yes,13
T7176,C10573,2024-12-12,2024-12-12,Billing,High,4,Yes,1
T7177,C14876,2024-01-13,2024-01-14,Billing,Medium,3,No,42
T7178,C13305,2024-04-18,2024-04-21,Billing,Medium,4,Yes,84
T7179,C11812,2024-10-05,2024-10-05,Billing,High,1,No,8
T7180,C10563,2024-11-01,2024-11-01,Network,Medium,1,Yes,19
T7181,C13554,2024-02-08,2024-02-08,Network,Critical,5,No,17
T7182,C10493,2024-05-31,2024-05-31,Billing,Critical,5,Yes,13
T7183,C10242,2024-03-21,2024-03-21,Billing,High,2,Yes,1
T7184,C13511,2024-08-30,2024-09-01,Network,Low,2,Yes,66
T7185,C14395,2024-05-03,2024-05-03,Technical,Medium,2,Yes,2
T7186,C11353,2024-01-16,2024-01-16,Network,Low,5,Yes,12
T7187,C10384,2024-11-01,2024-11-03,Technical,Low,4,No,54
T7188,C12484,2024-10-20,2024-10-22,Account,High,2,Yes,48
T7189,C10164,2024-01-17,2024-01-19,Billing,High,4,Yes,64
T7190,C13727,2024-02-19,2024-02-19,Network,Medium,5,Yes,1
T7191,C12799,2024-08-18,2024-08-19,Account,High,4,Yes,27
T7192,C12212,2024-12-11,2024-12-11,Network,Medium,5,No,9
T7193,C13395,2024-03-04,2024-03-04,Technical,Medium,2,No,1
T7194,C14437,2024-09-09,2024-09-09,Billing,Medium,5,Yes,20
T7195,C10114,2024-08-14,2024-08-14,Billing,High,2,Yes,8
T7196,C11731,2024-09-11,2024-09-11,Network,Medium,2,Yes,5
T7197,C10103,2024-07-14,2024-07-14,Technical,Low,4,Yes,12
T7198,C13022,2024-11-22,2024-11-22,Network,Low,1,No,1
T7199,C13122,2024-02-24,2024-02-25,Billing,Low,3,Yes,29
T7200,C14682,2024-07-09,2024-07-09,Technical,Medium,4,No,5
T7201,C12735,2024-01-21,2024-01-21,Network,Low,2,Yes,3
T7202,C11825,2024-08-05,2024-08-07,Account,Medium,4,Yes,63
T7203,C14304,2024-04-15,2024-04-15,Technical,High,4,Yes,6
T7204,C13496,2024-07-24,2024-07-24,Billing,Low,2,Yes,8
T7205,C10823,2024-02-28,2024-02-28,Network,Medium,5,Yes,11
T7206,C14409,2024-01-19,2024-01-19,Network,Medium,2,Yes,22
T7207,C10304,2024-08-29,2024-08-30,Network,Medium,2,Yes,24
T7208,C14544,2024-09-03,2024-09-04,Billing,High,4,Yes,26
T7209,C13213,2024-09-21,2024-09-22,Account,Low,5,Yes,28
T7210,C14524,2024-10-20,2024-10-22,Billing,Low,1,Yes,64
T7211,C14149,2024-11-11,2024-11-11,Network,High,4,Yes,9
T7212,C10098,2024-06-27,2024-06-27,Technical,High,2,Yes,3
T7213,C10448,2024-06-08,2024-06-08,Network,Low,4,Yes,20
T7214,C13534,2024-12-12,2024-12-12,Network,Low,3,Yes,1
T7215,C12680,2024-10-16,2024-10-16,Billing,Medium,3,Yes,7
T7216,C11704,2024-06-26,2024-06-27,Technical,High,1,Yes,42
T7217,C10283,2024-04-13,2024-04-13,Network,Low,1,Yes,1
T7218,C13655,2024-02-10,2024-02-10,Technical,High,1,Yes,11
T7219,C11708,2024-03-01,2024-03-01,Account,Critical,4,Yes,22
T7220,C13582,2024-05-03,2024-05-03,Network,Medium,4,Yes,1
T7221,C10823,2024-12-25,2024-12-25,Technical,High,1,Yes,5
T7222,C13849,2024-08-31,2024-08-31,Billing,Low,3,Yes,13
T7223,C11405,2024-04-20,2024-04-20,Network,Medium,4,Yes,3
T7224,C10703,2024-03-23,2024-03-23,Account,Critical,3,Yes,6
T7225,C12801,2024-08-22,2024-08-22,Technical,High,3,No,4
T7226,C11723,2024-09-30,2024-09-30,Network,Low,5,Yes,2
T7227,C13698,2024-11-19,2024-11-19,Network,High,1,No,15
T7228,C13432,2024-05-30,2024-05-30,Technical,Medium,5,Yes,23
T7229,C13397,2024-04-01,2024-04-01,Billing,Critical,1,Yes,6
T7230,C13036,2024-05-03,2024-05-03,Account,High,3,Yes,5
T7231,C14414,2024-01-10,2024-01-11,Network,Low,4,Yes,41
T7232,C11481,2024-01-31,2024-01-31,Network,Medium,4,Yes,16
T7233,C12349,2024-12-21,2024-12-22,Technical,Low,5,Yes,37
T7234,C11952,2024-11-02,2024-11-03,Network,Low,3,No,44
T7235,C12896,2024-07-01,2024-07-01,Billing,High,4,Yes,12
T7236,C14414,2024-05-12,2024-05-14,Technical,Medium,5,Yes,50
T7237,C14143,2024-10-15,2024-10-16,Billing,High,5,Yes,35
T7238,C14249,2024-09-04,2024-09-04,Technical,Low,5,No,9
T7239,C13399,2024-11-29,2024-11-30,Account,High,4,Yes,34
T7240,C13717,2024-08-16,2024-08-16,Billing,Medium,1,Yes,11
T7241,C14636,2024-07-17,2024-07-19,Billing,Medium,3,Yes,56
T7242,C11236,2024-05-21,2024-05-21,Account,High,4,Yes,12
T7243,C10914,2024-08-01,2024-08-02,Network,Low,4,Yes,35
T7244,C14389,2024-07-17,2024-07-17,Account,Low,4,Yes,16
T7245,C13938,2024-07-09,2024-07-09,Billing,High,4,Yes,3
T7246,C10302,2024-05-01,2024-05-01,Technical,Medium,5,Yes,11
T7247,C11896,2024-05-07,2024-05-07,Network,High,2,No,3
T7248,C10655,2024-07-12,2024-07-12,Billing,Medium,5,Yes,2
T7249,C14489,2024-10-26,2024-10-27,Network,Medium,4,Yes,24
T7250,C11784,2024-03-20,2024-03-20,Network,Low,4,Yes,5
T7251,C14643,2024-07-15,2024-07-16,Account,Medium,2,No,37
T7252,C12931,2024-05-12,2024-05-12,Billing,Medium,1,Yes,20
T7253,C10762,2024-01-08,2024-01-08,Billing,Critical,2,No,9
T7254,C14397,2024-01-15,2024-01-15,Account,Low,3,Yes,7
T7255,C14425,2024-05-12,2024-05-12,Technical,Low,4,Yes,5
T7256,C11895,2024-09-02,2024-09-02,Technical,Low,2,Yes,3
T7257,C13013,2024-10-26,2024-10-26,Network,Critical,2,Yes,1
T7258,C13358,2024-04-21,2024-04-22,Account,Medium,1,Yes,26
T7259,C11443,2024-01-10,2024-01-10,Technical,Low,4,Yes,16
T7260,C11347,2024-11-10,2024-11-14,Account,Low,5,Yes,96
T7261,C12944,2024-02-19,2024-02-19,Account,Medium,4,No,9
T7262,C12343,2024-03-01,2024-03-01,Billing,Medium,4,No,10
T7263,C11873,2024-11-14,2024-11-15,Network,Medium,3,No,28
T7264,C14215,2024-12-22,2024-12-22,Account,Medium,3,Yes,2
T7265,C10524,2024-08-05,2024-08-07,Technical,Low,2,Yes,59
T7266,C14606,2024-12-11,2024-12-11,Technical,Low,4,Yes,23
T7267,C10933,2024-02-16,2024-02-17,Billing,High,2,No,26
T7268,C10822,2024-10-31,2024-11-01,Account,Low,5,Yes,27
T7269,C13723,2024-06-20,2024-06-22,Account,Medium,2,Yes,50
T7270,C13370,2024-11-10,2024-11-11,Billing,High,1,Yes,38
T7271,C10584,2024-07-25,2024-07-25,Account,Low,3,Yes,4
T7272,C13617,2024-05-27,2024-05-28,Technical,Medium,4,Yes,34
T7273,C11702,2024-12-20,2024-12-20,Network,Medium,4,No,12
T7274,C10316,2024-08-05,2024-08-05,Network,Low,1,Yes,14
T7275,C12100,2024-05-02,2024-05-03,Technical,Low,4,Yes,26
T7276,C13540,2024-03-04,2024-03-04,Account,Critical,3,Yes,2
T7277,C10228,2024-01-21,2024-01-22,Billing,High,3,Yes,27
T7278,C10135,2024-06-02,2024-06-04,Account,Low,2,Yes,51
T7279,C14400,2024-05-08,2024-05-08,Network,Low,4,Yes,1
T7280,C13353,2024-04-27,2024-04-27,Network,Medium,3,No,5
T7281,C13252,2024-10-10,2024-10-10,Billing,Medium,3,Yes,13
T7282,C13358,2024-05-13,2024-05-16,Network,High,3,Yes,87
T7283,C12807,2024-05-23,2024-05-23,Technical,Medium,5,No,2
T7284,C13189,2024-05-01,2024-05-02,Technical,High,4,Yes,28
T7285,C12520,2024-08-14,2024-08-14,Technical,Medium,2,Yes,2
T7286,C12254,2024-12-13,2024-12-13,Network,Low,2,No,2
T7287,C10741,2024-06-12,2024-06-13,Network,Low,2,Yes,38
T7288,C10430,2024-12-09,2024-12-10,Network,Medium,4,Yes,30
T7289,C14222,2024-02-26,2024-02-27,Technical,Medium,4,Yes,28
T7290,C14197,2024-12-03,2024-12-03,Network,Low,1,Yes,6
T7291,C10991,2024-03-07,2024-03-07,Billing,Low,1,Yes,2
T7292,C11138,2024-08-09,2024-08-11,Network,Low,5,Yes,50
T7293,C13224,2024-09-26,2024-09-28,Account,Medium,2,Yes,53
T7294,C10348,2024-03-16,2024-03-18,Network,High,5,Yes,66
T7295,C12919,2024-02-23,2024-02-23,Network,Medium,3,Yes,7
T7296,C12451,2024-06-02,2024-06-02,Network,High,3,No,2
T7297,C11910,2024-01-24,2024-01-25,Billing,High,4,Yes,27
T7298,C13996,2024-09-01,2024-09-01,Network,Critical,3,Yes,13
T7299,C14640,2024-05-04,2024-05-04,Network,Medium,3,Yes,8
T7300,C10230,2024-01-06,2024-01-09,Network,Low,3,Yes,85
T7301,C11957,2024-07-22,2024-07-22,Technical,Low,5,No,1
T7302,C10491,2024-07-19,2024-07-19,Billing,Low,2,Yes,12
T7303,C13825,2024-09-12,2024-09-12,Network,Medium,1,Yes,5
T7304,C12933,2024-03-20,2024-03-23,Technical,Medium,3,No,81
T7305,C14477,2024-10-06,2024-10-06,Network,High,3,Yes,11
T7306,C14870,2024-02-22,2024-02-22,Network,Low,3,Yes,3
T7307,C12046,2024-11-17,2024-11-18,Technical,Critical,4,Yes,26
T7308,C14376,2024-10-14,2024-10-14,Network,High,1,Yes,7
T7309,C12764,2024-09-29,2024-09-29,Network,High,3,Yes,8
T7310,C10489,2024-08-31,2024-08-31,Billing,Low,2,Yes,8
T7311,C10376,2024-12-08,2024-12-08,Network,Low,5,Yes,23
T7312,C10396,2024-11-19,2024-11-20,Network,Medium,4,Yes,33
T7313,C10197,2024-03-06,2024-03-06,Network,Medium,1,Yes,7
T7314,C11297,2024-07-25,2024-07-26,Billing,Low,5,Yes,24
T7315,C12586,2024-09-13,2024-09-14,Billing,Low,2,Yes,32
T7316,C12729,2024-08-08,2024-08-09,Account,Low,2,Yes,25
T7317,C12355,2024-05-31,2024-06-01,Network,High,5,Yes,35
T7318,C14973,2024-10-11,2024-10-11,Billing,Low,4,Yes,18
T7319,C14878,2024-12-24,2024-12-24,Account,Low,5,Yes,13
T7320,C10910,2024-07-09,2024-07-11,Network,Low,4,Yes,71
T7321,C13343,2024-10-27,2024-10-28,Network,High,3,No,30
T7322,C12403,2024-05-29,2024-05-29,Technical,Low,1,Yes,18
T7323,C10114,2024-07-27,2024-07-27,Network,Low,5,Yes,11
T7324,C14041,2024-02-27,2024-02-28,Billing,Low,4,No,47
T7325,C10937,2024-05-08,2024-05-09,Billing,High,2,No,25
T7326,C10736,2024-03-28,2024-03-28,Network,Medium,4,Yes,5
T7327,C12540,2024-06-13,2024-06-13,Billing,High,5,Yes,19
T7328,C14988,2024-03-15,2024-03-15,Network,Medium,3,No,19
T7329,C13694,2024-03-12,2024-03-13,Technical,High,3,Yes,40
T7330,C13280,2024-01-03,2024-01-04,Network,High,1,Yes,41
T7331,C13119,2024-12-25,2024-12-26,Account,Medium,1,Yes,30
T7332,C13180,2024-12-06,2024-12-06,Network,Low,3,Yes,2
T7333,C10350,2024-01-23,2024-01-23,Technical,Medium,3,Yes,5
T7334,C11810,2024-05-23,2024-05-24,Technical,Low,3,Yes,24
T7335,C10892,2024-01-15,2024-01-15,Technical,Medium,3,Yes,13
T7336,C12427,2024-11-29,2024-11-30,Network,Low,5,Yes,30
T7337,C11312,2024-04-10,2024-04-11,Network,Low,3,Yes,36
T7338,C12777,2024-08-29,2024-08-29,Technical,High,1,Yes,2
T7339,C11757,2024-12-21,2024-12-21,Technical,Medium,3,Yes,8
T7340,C14215,2024-04-10,2024-04-10,Network,Medium,5,Yes,7
T7341,C10026,2024-09-21,2024-09-21,Billing,Low,1,Yes,4
T7342,C11430,2024-08-04,2024-08-04,Technical,Medium,4,Yes,9
T7343,C13194,2024-06-04,2024-06-04,Network,Low,1,Yes,6
T7344,C14463,2024-03-28,2024-03-28,Network,Medium,2,Yes,21
T7345,C12242,2024-11-15,2024-11-15,Network,Medium,5,No,23
T7346,C13174,2024-03-24,2024-03-27,Network,High,1,Yes,89
T7347,C10117,2024-05-30,2024-05-31,Network,High,4,Yes,32
T7348,C13072,2024-04-12,2024-04-12,Technical,Critical,3,Yes,14
T7349,C11652,2024-05-28,2024-05-28,Network,Low,5,Yes,12
T7350,C14302,2024-08-04,2024-08-04,Technical,Medium,5,Yes,17
T7351,C10885,2024-05-01,2024-05-01,Billing,Medium,4,Yes,11
T7352,C13137,2024-08-15,2024-08-16,Billing,Low,5,Yes,26
T7353,C12016,2024-07-02,2024-07-02,Billing,Medium,2,Yes,3
T7354,C13788,2024-01-28,2024-01-28,Technical,Low,4,Yes,1
T7355,C11067,2024-02-05,2024-02-05,Technical,Medium,3,Yes,9
T7356,C12658,2024-07-13,2024-07-14,Technical,High,5,Yes,32
T7357,C12945,2024-09-01,2024-09-02,Account,High,4,Yes,39
T7358,C10459,2024-10-06,2024-10-06,Network,High,4,Yes,9
T7359,C13918,2024-03-15,2024-03-15,Network,Medium,4,Yes,12
T7360,C12920,2024-12-18,2024-12-18,Account,High,4,Yes,6
T7361,C11398,2024-01-09,2024-01-10,Account,Low,4,No,24
T7362,C11384,2024-02-20,2024-02-20,Network,Medium,2,Yes,5
T7363,C14297,2024-02-01,2024-02-01,Account,Medium,4,Yes,6
T7364,C11377,2024-12-19,2024-12-19,Network,Medium,4,Yes,11
T7365,C10819,2024-09-23,2024-09-23,Technical,Low,5,Yes,4
T7366,C14185,2024-04-21,2024-04-21,Network,High,4,Yes,1
T7367,C12368,2024-06-19,2024-06-19,Account,Medium,4,Yes,1
T7368,C13936,2024-10-20,2024-10-20,Network,Low,1,Yes,13
T7369,C13300,2024-05-14,2024-05-14,Billing,Medium,2,Yes,17
T7370,C11700,2024-07-26,2024-07-26,Account,Low,2,Yes,10
T7371,C14405,2024-02-03,2024-02-05,Network,Medium,4,Yes,65
T7372,C12267,2024-09-26,2024-09-26,Network,High,1,Yes,1
T7373,C13353,2024-12-05,2024-12-06,Network,High,5,Yes,28
T7374,C14326,2024-01-26,2024-01-26,Network,High,2,Yes,5
T7375,C14342,2024-06-18,2024-06-18,Network,Medium,5,Yes,16
T7376,C12599,2024-01-19,2024-01-19,Technical,Medium,5,Yes,6
T7377,C12880,2024-07-15,2024-07-16,Account,Low,2,Yes,26
T7378,C11803,2024-11-28,2024-11-29,Technical,Medium,1,Yes,33
T7379,C12340,2024-05-31,2024-05-31,Network,Low,5,Yes,18
T7380,C14646,2024-08-03,2024-08-03,Network,Low,3,Yes,9
T7381,C14858,2024-04-20,2024-04-20,Account,Low,5,Yes,11
T7382,C12041,2024-03-02,2024-03-02,Billing,High,4,Yes,5
T7383,C13503,2024-05-29,2024-05-29,Billing,Low,5,Yes,10
T7384,C11073,2024-10-27,2024-10-28,Network,Medium,3,Yes,26
T7385,C12116,2024-06-03,2024-06-03,Technical,Critical,4,Yes,14
T7386,C11532,2024-05-26,2024-05-26,Network,Medium,1,Yes,9
T7387,C11684,2024-03-04,2024-03-05,Billing,Medium,5,Yes,39
T7388,C12158,2024-07-12,2024-07-12,Technical,Low,3,Yes,21
T7389,C14411,2024-12-13,2024-12-13,Account,Medium,3,Yes,12
T7390,C11028,2024-08-15,2024-08-15,Billing,High,4,Yes,11
T7391,C12692,2024-09-21,2024-09-21,Technical,High,3,No,6
T7392,C12443,2024-12-11,2024-12-11,Network,Low,4,Yes,1
T7393,C13798,2024-11-06,2024-11-07,Network,Medium,2,Yes,26
T7394,C13774,2024-08-29,2024-08-30,Technical,High,4,Yes,27
T7395,C10449,2024-03-07,2024-03-07,Network,High,1,Yes,22
T7396,C13673,2024-06-28,2024-06-28,Billing,Low,5,Yes,5
T7397,C11671,2024-11-15,2024-11-15,Billing,Low,5,No,5
T7398,C10666,2024-11-22,2024-11-23,Billing,Low,3,No,29
T7399,C12024,2024-01-13,2024-01-13,Network,Medium,3,Yes,6
T7400,C14234,2024-09-28,2024-09-28,Billing,Low,1,Yes,14
T7401,C11490,2024-04-13,2024-04-13,Network,Low,4,Yes,8
T7402,C14380,2024-08-13,2024-08-13,Network,High,1,Yes,1
T7403,C14644,2024-04-12,2024-04-12,Technical,Low,4,Yes,1
T7404,C12099,2024-03-25,2024-03-25,Account,High,4,Yes,10
T7405,C10673,2024-12-02,2024-12-02,Billing,Medium,1,Yes,19
T7406,C11940,2024-02-03,2024-02-03,Network,Low,4,Yes,1
T7407,C12071,2024-06-20,2024-06-23,Billing,Low,4,Yes,87
T7408,C10645,2024-11-16,2024-11-16,Billing,Critical,2,Yes,2
T7409,C13972,2024-08-15,2024-08-15,Network,High,3,Yes,1
T7410,C13350,2024-03-31,2024-03-31,Technical,Low,2,Yes,3
T7411,C14407,2024-05-14,2024-05-14,Billing,Low,4,Yes,5
T7412,C13281,2024-03-07,2024-03-07,Network,Medium,2,Yes,1
T7413,C11999,2024-12-06,2024-12-06,Network,Low,4,Yes,21
T7414,C11664,2024-03-20,2024-03-21,Billing,Critical,2,Yes,44
T7415,C11677,2024-02-28,2024-02-29,Technical,Medium,4,Yes,30
T7416,C12949,2024-12-28,2024-12-28,Network,Low,2,Yes,9
T7417,C14206,2024-09-28,2024-09-28,Network,High,4,Yes,2
T7418,C11261,2024-11-27,2024-11-27,Billing,Low,3,No,1
T7419,C12023,2024-05-01,2024-05-01,Account,Medium,5,No,1
T7420,C10025,2024-11-03,2024-11-04,Network,Medium,1,No,43
T7421,C13383,2024-11-01,2024-11-01,Billing,Low,1,Yes,14
T7422,C11858,2024-06-25,2024-06-25,Technical,Medium,5,No,1
T7423,C10343,2024-11-05,2024-11-05,Network,Low,5,Yes,17
T7424,C12731,2024-08-25,2024-08-25,Billing,Low,3,Yes,6
T7425,C10499,2024-08-01,2024-08-01,Network,Low,4,No,12
T7426,C12695,2024-02-04,2024-02-04,Account,High,5,Yes,20
T7427,C13466,2024-10-27,2024-10-28,Billing,High,1,No,24
T7428,C10812,2024-09-26,2024-09-26,Network,Medium,4,Yes,14
T7429,C14523,2024-12-20,2024-12-21,Technical,Medium,5,Yes,24
T7430,C10897,2024-12-29,2024-12-29,Technical,Low,5,Yes,9
T7431,C12376,2024-12-01,2024-12-01,Technical,Critical,2,Yes,19
T7432,C12836,2024-10-03,2024-10-04,Account,High,4,Yes,47
T7433,C11840,2024-10-15,2024-10-15,Network,Low,1,Yes,16
T7434,C12153,2024-08-28,2024-08-29,Account,Low,4,Yes,46
T7435,C12283,2024-12-04,2024-12-04,Network,Low,4,Yes,4
T7436,C12679,2024-05-19,2024-05-19,Network,High,2,Yes,15
T7437,C14103,2024-10-17,2024-10-17,Technical,Medium,4,Yes,5
T7438,C11363,2024-06-23,2024-06-23,Billing,High,2,Yes,18
T7439,C12166,2024-11-14,2024-11-14,Network,High,3,Yes,5
T7440,C14136,2024-11-08,2024-11-10,Network,Low,1,Yes,56
T7441,C14709,2024-05-20,2024-05-20,Billing,Medium,2,Yes,1
T7442,C11694,2024-11-23,2024-11-24,Billing,High,5,Yes,29
T7443,C11148,2024-11-20,2024-11-20,Billing,Medium,4,Yes,4
T7444,C14726,2024-04-13,2024-04-13,Network,Low,3,Yes,16
T7445,C11782,2024-10-03,2024-10-03,Billing,Low,4,Yes,2
T7446,C10025,2024-07-22,2024-07-22,Network,High,5,Yes,2
T7447,C13077,2024-11-03,2024-11-03,Network,Low,2,Yes,6
T7448,C14512,2024-01-19,2024-01-20,Network,Low,4,Yes,34
T7449,C11677,2024-04-17,2024-04-17,Network,Low,4,Yes,10
T7450,C14369,2024-09-03,2024-09-05,Account,Low,1,Yes,70
T7451,C10038,2024-10-20,2024-10-20,Network,Medium,1,Yes,6
T7452,C10608,2024-09-25,2024-09-25,Network,Medium,2,Yes,1
T7453,C14886,2024-04-21,2024-04-22,Billing,Low,5,No,29
T7454,C10092,2024-10-28,2024-10-28,Billing,High,2,No,7
T7455,C12174,2024-12-15,2024-12-15,Network,Medium,1,Yes,6
T7456,C14106,2024-12-01,2024-12-02,Technical,High,2,Yes,32
T7457,C12226,2024-08-22,2024-08-22,Network,Low,3,Yes,21
T7458,C10108,2024-05-25,2024-05-25,Network,Medium,1,No,3
T7459,C10955,2024-12-20,2024-12-20,Billing,Low,2,Yes,1
T7460,C14730,2024-09-04,2024-09-04,Technical,Medium,1,Yes,12
T7461,C14510,2024-11-14,2024-11-15,Technical,Low,3,Yes,42
T7462,C12285,2024-07-18,2024-07-20,Account,Medium,1,Yes,56
T7463,C14908,2024-10-14,2024-10-14,Network,High,5,Yes,10
T7464,C11050,2024-07-25,2024-07-25,Technical,Medium,1,No,15
T7465,C13689,2024-11-04,2024-11-04,Billing,Medium,1,No,4
T7466,C12124,2024-02-14,2024-02-15,Billing,Low,3,Yes,26
T7467,C14985,2024-02-12,2024-02-13,Network,Low,5,Yes,31
T7468,C10248,2024-08-05,2024-08-05,Billing,Medium,5,Yes,10
T7469,C12456,2024-09-08,2024-09-08,Billing,Low,3,No,22
T7470,C13190,2024-04-24,2024-04-24,Network,High,2,Yes,9
T7471,C14015,2024-02-07,2024-02-07,Billing,Medium,2,Yes,1
T7472,C11685,2024-01-22,2024-01-24,Network,High,4,Yes,69
T7473,C13599,2024-04-05,2024-04-05,Account,High,4,Yes,17
T7474,C11264,2024-08-19,2024-08-19,Technical,Low,1,Yes,7
T7475,C12228,2024-07-24,2024-07-24,Account,Medium,3,Yes,10
T7476,C10030,2024-04-28,2024-04-28,Technical,Medium,3,Yes,8
T7477,C10263,2024-02-05,2024-02-05,Network,Low,2,Yes,8
T7478,C14511,2024-06-06,2024-06-06,Billing,Medium,3,Yes,13
T7479,C11508,2024-04-26,2024-04-26,Technical,Low,3,Yes,5
T7480,C13938,2024-08-31,2024-08-31,Technical,Low,3,Yes,9
T7481,C11228,2024-03-10,2024-03-11,Technical,Low,5,Yes,32
T7482,C10450,2024-03-31,2024-04-01,Technical,Medium,1,Yes,27
T7483,C10530,2024-01-04,2024-01-05,Network,Medium,4,No,34
T7484,C13412,2024-09-28,2024-09-29,Network,Medium,1,Yes,28
T7485,C14623,2024-04-10,2024-04-10,Technical,Low,5,Yes,13
T7486,C11763,2024-10-25,2024-10-25,Network,Critical,4,Yes,4
T7487,C12231,2024-03-02,2024-03-02,Billing,High,5,Yes,9
T7488,C13967,2024-11-04,2024-11-05,Network,High,5,No,38
T7489,C12328,2024-09-27,2024-09-29,Technical,Medium,4,No,70
T7490,C10561,2024-08-06,2024-08-06,Network,Medium,5,Yes,20
T7491,C14324,2024-04-20,2024-04-20,Network,Low,2,Yes,22
T7492,C13423,2024-04-10,2024-04-10,Technical,Low,4,Yes,2
T7493,C11278,2024-01-01,2024-01-01,Network,Medium,2,Yes,4
T7494,C12604,2024-12-19,2024-12-19,Network,Medium,4,Yes,17
T7495,C11776,2024-09-18,2024-09-19,Network,Medium,2,Yes,36
T7496,C10614,2024-10-29,2024-10-29,Billing,Medium,2,Yes,11
T7497,C14861,2024-02-20,2024-02-20,Network,Critical,4,Yes,13
T7498,C12484,2024-08-16,2024-08-17,Billing,Medium,4,No,25
T7499,C10690,2024-06-06,2024-06-06,Network,Medium,2,No,10
T7500,C11032,2024-03-06,2024-03-06,Network,Low,1,Yes,9
T7501,C14947,2024-12-02,2024-12-03,Billing,Critical,5,Yes,44
T7502,C12026,2024-07-13,2024-07-13,Technical,Medium,5,Yes,1
T7503,C14255,2024-08-14,2024-08-15,Network,High,3,Yes,27
T7504,C14864,2024-10-19,2024-10-19,Technical,High,4,Yes,5
T7505,C10952,2024-01-22,2024-01-22,Billing,Low,5,Yes,23
T7506,C13320,2024-04-09,2024-04-09,Billing,Low,5,Yes,14
T7507,C12472,2024-02-09,2024-02-09,Account,Medium,3,Yes,11
T7508,C10877,2024-08-15,2024-08-15,Technical,High,4,Yes,6
T7509,C11435,2024-07-03,2024-07-03,Technical,Medium,5,Yes,6
T7510,C12952,2024-03-24,2024-03-24,Network,Low,3,Yes,3
T7511,C13953,2024-08-16,2024-08-16,Technical,Medium,5,Yes,13
T7512,C10123,2024-01-23,2024-01-23,Technical,Low,3,Yes,5
T7513,C11458,2024-02-28,2024-02-28,Technical,Low,2,Yes,12
T7514,C10684,2024-08-14,2024-08-15,Technical,Low,4,No,28
T7515,C10103,2024-09-26,2024-09-26,Technical,Low,5,Yes,15
T7516,C13049,2024-11-08,2024-11-09,Network,Medium,2,Yes,39
T7517,C10623,2024-03-20,2024-03-20,Account,Low,1,No,11
T7518,C12092,2024-01-04,2024-01-05,Network,Low,3,No,25
T7519,C12435,2024-05-17,2024-05-17,Billing,Medium,4,Yes,5
T7520,C11931,2024-08-20,2024-08-21,Billing,Medium,1,Yes,35
T7521,C13596,2024-08-06,2024-08-06,Account,Low,5,Yes,16
T7522,C13461,2024-02-10,2024-02-10,Billing,Medium,3,No,5
T7523,C13750,2024-03-12,2024-03-13,Technical,Medium,4,Yes,34
T7524,C12663,2024-12-28,2024-12-28,Billing,Low,4,Yes,15
T7525,C14386,2024-10-18,2024-10-18,Network,High,5,Yes,13
T7526,C13044,2024-01-09,2024-01-09,Technical,Low,3,Yes,4
T7527,C11883,2024-01-02,2024-01-03,Account,Medium,4,No,39
T7528,C14815,2024-02-16,2024-02-16,Billing,Medium,3,Yes,8
T7529,C14096,2024-04-13,2024-04-14,Network,Medium,4,Yes,45
T7530,C12241,2024-07-01,2024-07-01,Technical,Medium,1,No,13
T7531,C14186,2024-02-05,2024-02-05,Network,Low,3,Yes,20
T7532,C11419,2024-02-05,2024-02-05,Technical,Medium,2,Yes,7
T7533,C10833,2024-08-23,2024-08-23,Technical,Low,2,Yes,1
T7534,C11219,2024-06-04,2024-06-04,Billing,High,4,Yes,20
T7535,C13458,2024-10-06,2024-10-08,Technical,Low,4,Yes,53
T7536,C13978,2024-12-07,2024-12-08,Network,High,3,No,24
T7537,C14557,2024-07-02,2024-07-02,Network,High,2,Yes,14
T7538,C12878,2024-07-30,2024-07-30,Billing,Medium,2,Yes,18
T7539,C12596,2024-07-31,2024-07-31,Technical,Low,4,Yes,3
T7540,C10214,2024-02-02,2024-02-03,Billing,High,4,Yes,43
T7541,C11379,2024-05-10,2024-05-10,Billing,Low,4,Yes,22
T7542,C11767,2024-06-17,2024-06-21,Account,Medium,4,No,104
T7543,C13370,2024-05-07,2024-05-08,Billing,Medium,3,Yes,44
T7544,C12551,2024-11-13,2024-11-13,Network,Medium,3,No,3
T7545,C13758,2024-09-24,2024-09-24,Network,Medium,1,Yes,1
T7546,C13347,2024-11-10,2024-11-10,Network,High,4,Yes,10
T7547,C11269,2024-06-08,2024-06-09,Network,High,5,Yes,27
T7548,C12686,2024-05-26,2024-05-26,Network,High,2,Yes,15
T7549,C12219,2024-07-02,2024-07-02,Network,Medium,4,Yes,16
T7550,C13917,2024-08-20,2024-08-23,Billing,Medium,1,Yes,86
T7551,C10071,2024-08-19,2024-08-19,Network,Low,3,Yes,7
T7552,C12827,2024-06-10,2024-06-10,Network,Low,4,Yes,11
T7553,C10030,2024-02-11,2024-02-11,Account,High,2,Yes,15
T7554,C14838,2024-06-08,2024-06-08,Network,Medium,3,Yes,7
T7555,C10771,2024-01-24,2024-01-24,Network,Low,2,Yes,16
T7556,C10924,2024-06-23,2024-06-23,Billing,Medium,5,Yes,2
T7557,C10043,2024-01-17,2024-01-17,Network,Low,3,No,4
T7558,C12711,2024-01-15,2024-01-15,Account,Low,4,Yes,15
T7559,C13073,2024-05-25,2024-05-25,Network,High,4,Yes,22
T7560,C11040,2024-05-17,2024-05-19,Billing,Critical,4,Yes,62
T7561,C12249,2024-02-06,2024-02-06,Billing,Medium,4,Yes,1
T7562,C12695,2024-11-18,2024-11-18,Account,Low,1,Yes,20
T7563,C10005,2024-08-16,2024-08-17,Billing,Low,2,Yes,29
T7564,C11522,2024-09-09,2024-09-11,Network,High,5,Yes,61
T7565,C13480,2024-02-17,2024-02-17,Account,Medium,5,Yes,9
T7566,C14824,2024-11-29,2024-11-29,Account,Medium,5,Yes,5
T7567,C13395,2024-04-28,2024-04-28,Network,Medium,1,No,7
T7568,C14797,2024-09-05,2024-09-06,Network,High,1,Yes,43
T7569,C13841,2024-02-06,2024-02-06,Network,Medium,5,Yes,18
T7570,C11866,2024-11-04,2024-11-04,Network,Low,1,Yes,6
T7571,C11701,2024-08-05,2024-08-05,Account,Critical,3,Yes,5
T7572,C14177,2024-05-14,2024-05-14,Network,Low,5,Yes,4
T7573,C11732,2024-01-20,2024-01-20,Technical,High,5,Yes,19
T7574,C10700,2024-01-30,2024-01-30,Technical,High,5,Yes,9
T7575,C13343,2024-07-24,2024-07-24,Technical,High,3,Yes,2
T7576,C11782,2024-06-02,2024-06-03,Network,Medium,3,Yes,43
T7577,C12555,2024-03-14,2024-03-14,Network,Medium,4,Yes,1
T7578,C12386,2024-05-10,2024-05-10,Technical,High,5,Yes,10
T7579,C11982,2024-01-18,2024-01-18,Network,Low,2,Yes,12
T7580,C12342,2024-01-31,2024-02-02,Technical,Medium,5,No,59
T7581,C14003,2024-02-11,2024-02-11,Technical,Low,3,Yes,14
T7582,C13778,2024-05-11,2024-05-13,Technical,Low,2,Yes,49
T7583,C10142,2024-06-30,2024-06-30,Technical,Medium,3,Yes,16
T7584,C10193,2024-04-05,2024-04-05,Technical,Medium,5,Yes,1
T7585,C10061,2024-10-10,2024-10-10,Network,Low,1,Yes,1
T7586,C11634,2024-07-02,2024-07-03,Network,High,5,Yes,37
T7587,C12898,2024-10-14,2024-10-14,Billing,Low,4,Yes,21
T7588,C14377,2024-05-16,2024-05-16,Network,Low,1,Yes,5
T7589,C12380,2024-10-20,2024-10-20,Network,Medium,5,No,11
T7590,C14778,2024-02-26,2024-02-27,Network,Medium,1,Yes,33
T7591,C13125,2024-06-16,2024-06-16,Billing,High,4,Yes,5
T7592,C13607,2024-05-05,2024-05-05,Billing,Medium,1,Yes,3
T7593,C14425,2024-10-03,2024-10-03,Billing,Medium,2,Yes,8
T7594,C12347,2024-12-19,2024-12-19,Network,Medium,2,Yes,6
T7595,C14722,2024-05-04,2024-05-04,Technical,High,5,Yes,11
T7596,C12673,2024-08-12,2024-08-12,Billing,Low,1,Yes,5
T7597,C14241,2024-10-28,2024-10-28,Network,Low,3,Yes,3
T7598,C12533,2024-12-10,2024-12-10,Network,Medium,3,Yes,14
T7599,C11252,2024-07-27,2024-07-28,Network,Low,4,Yes,28
T7600,C11902,2024-12-25,2024-12-25,Account,Low,5,Yes,6
T7601,C10240,2024-02-16,2024-02-16,Network,Low,3,Yes,1
T7602,C14673,2024-11-13,2024-11-13,Account,High,1,Yes,1
T7603,C11345,2024-03-19,2024-03-19,Network,Medium,5,Yes,17
T7604,C13147,2024-07-07,2024-07-08,Network,High,5,Yes,32
T7605,C10316,2024-05-20,2024-05-20,Account,Low,4,Yes,4
T7606,C11654,2024-03-20,2024-03-20,Technical,Medium,1,Yes,17
T7607,C11129,2024-08-08,2024-08-08,Billing,Medium,3,Yes,6
T7608,C14639,2024-11-11,2024-11-12,Technical,Low,3,No,29
T7609,C14585,2024-01-28,2024-01-28,Network,Medium,2,No,1
T7610,C11856,2024-03-12,2024-03-12,Billing,Low,3,Yes,20
T7611,C13799,2024-03-24,2024-03-24,Billing,High,4,No,1
T7612,C11244,2024-09-16,2024-09-16,Billing,High,5,Yes,20
T7613,C14952,2024-07-19,2024-07-21,Billing,Low,2,Yes,51
T7614,C11811,2024-05-05,2024-05-05,Account,Low,5,Yes,1
T7615,C10474,2024-10-17,2024-10-19,Network,High,3,Yes,55
T7616,C10241,2024-12-26,2024-12-26,Network,Medium,5,Yes,22
T7617,C10892,2024-01-03,2024-01-03,Network,Low,4,Yes,1
T7618,C11707,2024-08-12,2024-08-12,Technical,High,3,Yes,1
T7619,C10338,2024-10-17,2024-10-17,Billing,Critical,4,Yes,21
T7620,C10789,2024-05-31,2024-05-31,Network,High,3,Yes,2
T7621,C11211,2024-06-25,2024-06-25,Network,Medium,5,Yes,5
T7622,C12853,2024-07-15,2024-07-15,Technical,Medium,4,Yes,15
T7623,C12777,2024-05-02,2024-05-03,Network,High,5,No,31
T7624,C14525,2024-06-19,2024-06-19,Technical,High,2,Yes,20
T7625,C14782,2024-11-16,2024-11-16,Network,Medium,2,Yes,1
T7626,C10109,2024-01-08,2024-01-08,Technical,Low,2,Yes,18
T7627,C14390,2024-05-24,2024-05-24,Billing,Medium,5,Yes,8
T7628,C12632,2024-05-20,2024-05-20,Network,Medium,1,Yes,3
T7629,C12635,2024-04-21,2024-04-21,Network,Medium,2,No,5
T7630,C13216,2024-01-19,2024-01-20,Billing,Medium,2,Yes,29
T7631,C10421,2024-02-29,2024-02-29,Technical,High,3,Yes,1
T7632,C14190,2024-01-29,2024-01-29,Network,High,3,No,7
T7633,C12359,2024-12-20,2024-12-20,Technical,Medium,1,Yes,14
T7634,C10179,2024-11-13,2024-11-13,Technical,Medium,5,No,5
T7635,C13367,2024-07-23,2024-07-23,Network,Medium,5,Yes,12
T7636,C12678,2024-02-20,2024-02-23,Billing,High,2,Yes,82
T7637,C10569,2024-02-02,2024-02-02,Network,Low,5,Yes,9
T7638,C13777,2024-08-29,2024-09-01,Network,Medium,3,Yes,81
T7639,C10502,2024-07-03,2024-07-03,Network,Low,4,Yes,2
T7640,C12508,2024-01-25,2024-01-26,Billing,Low,5,Yes,35
T7641,C11828,2024-11-15,2024-11-15,Technical,Critical,2,No,10
T7642,C10395,2024-08-08,2024-08-08,Network,Low,4,Yes,1
T7643,C12176,2024-08-04,2024-08-04,Technical,Critical,1,Yes,1
T7644,C13786,2024-10-06,2024-10-08,Technical,Medium,2,No,61
T7645,C11330,2024-11-04,2024-11-04,Technical,High,3,Yes,17
T7646,C12836,2024-03-29,2024-03-29,Network,Medium,5,Yes,5
T7647,C12853,2024-07-08,2024-07-08,Technical,Medium,3,No,5
T7648,C12218,2024-04-10,2024-04-10,Network,Medium,1,Yes,22
T7649,C12926,2024-09-27,2024-09-28,Account,Medium,4,Yes,35
T7650,C12645,2024-03-10,2024-03-11,Technical,Low,1,Yes,30
T7651,C13815,2024-11-14,2024-11-14,Network,Medium,5,Yes,6
T7652,C13903,2024-01-03,2024-01-03,Network,Medium,3,Yes,18
T7653,C10196,2024-11-16,2024-11-19,Network,Medium,2,Yes,72
T7654,C14887,2024-09-18,2024-09-18,Technical,High,2,Yes,14
T7655,C11205,2024-04-30,2024-04-30,Technical,Low,3,Yes,8
T7656,C12654,2024-12-14,2024-12-15,Billing,Critical,2,No,39
T7657,C12892,2024-12-06,2024-12-06,Billing,Critical,2,Yes,9
T7658,C10554,2024-03-24,2024-03-24,Billing,Medium,3,Yes,15
T7659,C12781,2024-08-27,2024-08-28,Network,Critical,4,Yes,26
T7660,C13431,2024-02-23,2024-02-23,Technical,Medium,3,Yes,12
T7661,C14670,2024-08-18,2024-08-20,Technical,Critical,4,Yes,57
T7662,C13760,2024-03-05,2024-03-05,Technical,Medium,4,Yes,8
T7663,C11451,2024-03-27,2024-03-27,Billing,Low,2,Yes,21
T7664,C11989,2024-03-18,2024-03-18,Technical,Low,1,No,1
T7665,C13037,2024-08-25,2024-08-26,Network,Medium,5,Yes,39
T7666,C11274,2024-07-18,2024-07-19,Network,Medium,3,Yes,32
T7667,C14656,2024-05-20,2024-05-20,Billing,Low,2,Yes,15
T7668,C13422,2024-09-30,2024-10-03,Network,Critical,5,Yes,79
T7669,C13500,2024-04-16,2024-04-16,Technical,High,3,Yes,8
T7670,C11754,2024-07-23,2024-07-24,Technical,Low,3,Yes,29
T7671,C13059,2024-01-12,2024-01-12,Technical,Critical,2,Yes,2
T7672,C14113,2024-05-13,2024-05-13,Network,High,4,Yes,4
T7673,C11696,2024-09-10,2024-09-12,Network,Low,5,Yes,60
T7674,C13322,2024-10-08,2024-10-08,Network,Medium,3,Yes,4
T7675,C13313,2024-09-17,2024-09-17,Technical,High,3,Yes,5
T7676,C12739,2024-10-06,2024-10-06,Network,High,2,Yes,10
T7677,C10079,2024-03-23,2024-03-23,Technical,Low,5,Yes,7
T7678,C14339,2024-08-04,2024-08-04,Billing,Low,4,Yes,1
T7679,C10007,2024-08-25,2024-08-27,Network,High,2,Yes,58
T7680,C13288,2024-04-22,2024-04-23,Network,High,1,Yes,24
T7681,C10388,2024-10-20,2024-10-20,Technical,High,4,Yes,11
T7682,C10237,2024-11-20,2024-11-20,Network,Low,4,No,6
T7683,C14477,2024-04-09,2024-04-09,Network,High,5,Yes,1
T7684,C15000,2024-07-16,2024-07-17,Network,Low,3,Yes,27
T7685,C14546,2024-02-04,2024-02-04,Account,Medium,3,Yes,1
T7686,C12748,2024-11-11,2024-11-11,Billing,Medium,3,Yes,17
T7687,C13207,2024-05-30,2024-05-30,Network,Low,2,No,8
T7688,C12574,2024-08-27,2024-08-27,Account,Medium,3,Yes,18
T7689,C10948,2024-09-02,2024-09-04,Network,Low,5,Yes,48
T7690,C13497,2024-04-22,2024-04-23,Network,High,4,Yes,38
T7691,C12560,2024-03-07,2024-03-07,Billing,Low,4,Yes,3
T7692,C12030,2024-05-04,2024-05-05,Technical,Low,3,Yes,29
T7693,C11335,2024-08-25,2024-08-25,Billing,Low,2,Yes,2
T7694,C10358,2024-01-13,2024-01-13,Billing,Low,2,Yes,8
T7695,C12449,2024-03-28,2024-03-28,Network,Low,4,Yes,6
T7696,C13763,2024-06-09,2024-06-09,Billing,High,3,Yes,1
T7697,C13668,2024-12-18,2024-12-21,Network,High,2,Yes,87
T7698,C13319,2024-02-19,2024-02-19,Technical,Low,3,Yes,6
T7699,C14973,2024-05-01,2024-05-01,Billing,Low,5,No,1
T7700,C12120,2024-02-14,2024-02-16,Billing,Medium,3,Yes,59
T7701,C10578,2024-01-08,2024-01-08,Network,Medium,1,Yes,3
T7702,C10067,2024-06-16,2024-06-16,Network,Low,5,Yes,17
T7703,C12495,2024-02-19,2024-02-19,Billing,High,2,Yes,4
T7704,C13467,2024-04-18,2024-04-18,Billing,Low,5,Yes,10
T7705,C14950,2024-08-19,2024-08-23,Billing,Low,3,Yes,108
T7706,C14541,2024-09-30,2024-10-01,Billing,Medium,2,Yes,35
T7707,C10131,2024-07-15,2024-07-16,Billing,Low,5,No,25
T7708,C13515,2024-08-18,2024-08-18,Technical,High,2,Yes,1
T7709,C13276,2024-10-16,2024-10-16,Billing,Critical,3,Yes,8
T7710,C14818,2024-01-21,2024-01-21,Network,Medium,4,No,21
T7711,C10282,2024-03-18,2024-03-18,Billing,Low,2,Yes,1
T7712,C14272,2024-07-28,2024-07-28,Network,High,4,Yes,1
T7713,C11603,2024-06-26,2024-06-26,Technical,High,2,Yes,1
T7714,C14079,2024-01-06,2024-01-06,Account,Low,3,Yes,23
T7715,C11969,2024-11-11,2024-11-11,Account,Medium,3,Yes,4
T7716,C10820,2024-03-05,2024-03-05,Network,Low,1,Yes,16
T7717,C12152,2024-01-09,2024-01-09,Network,Critical,5,Yes,1
T7718,C14239,2024-08-11,2024-08-11,Technical,Low,2,Yes,21
T7719,C14694,2024-06-15,2024-06-16,Technical,Low,3,Yes,39
T7720,C14404,2024-08-01,2024-08-02,Technical,High,2,Yes,39
T7721,C11310,2024-03-10,2024-03-11,Technical,Low,5,No,24
T7722,C14895,2024-11-07,2024-11-08,Network,High,3,Yes,47
T7723,C14189,2024-03-01,2024-03-02,Network,High,2,Yes,32
T7724,C13107,2024-09-28,2024-09-28,Technical,Low,1,Yes,22
T7725,C12963,2024-06-21,2024-06-21,Technical,Medium,1,Yes,7
T7726,C12787,2024-03-28,2024-03-28,Billing,Medium,5,Yes,3
T7727,C14746,2024-08-30,2024-08-30,Billing,Low,2,Yes,12
T7728,C14814,2024-12-25,2024-12-25,Billing,High,5,Yes,7
T7729,C10925,2024-02-15,2024-02-15,Network,Low,3,Yes,1
T7730,C11843,2024-07-13,2024-07-13,Network,Medium,2,Yes,16
T7731,C12237,2024-01-02,2024-01-02,Account,Medium,2,Yes,7
T7732,C11877,2024-02-21,2024-02-21,Technical,High,2,Yes,8
T7733,C11621,2024-05-27,2024-05-27,Network,Low,2,Yes,21
T7734,C11044,2024-01-16,2024-01-17,Network,Medium,5,Yes,47
T7735,C14513,2024-07-03,2024-07-04,Billing,High,2,Yes,28
T7736,C10168,2024-02-09,2024-02-09,Billing,Critical,1,Yes,11
T7737,C11868,2024-12-07,2024-12-07,Technical,Low,5,Yes,1
T7738,C10789,2024-05-26,2024-05-26,Network,Low,4,Yes,4
T7739,C13321,2024-11-06,2024-11-06,Technical,Low,4,Yes,16
T7740,C12576,2024-06-03,2024-06-04,Account,Low,4,Yes,27
T7741,C12814,2024-07-28,2024-07-31,Network,High,4,Yes,85
T7742,C13932,2024-10-02,2024-10-03,Technical,Medium,4,Yes,26
T7743,C10011,2024-01-01,2024-01-02,Technical,Medium,2,Yes,38
T7744,C14017,2024-03-27,2024-03-27,Technical,Medium,3,Yes,8
T7745,C10447,2024-02-24,2024-02-24,Technical,Critical,5,Yes,11
T7746,C14164,2024-12-22,2024-12-23,Technical,Medium,4,Yes,39
T7747,C12072,2024-07-29,2024-07-30,Technical,Medium,4,Yes,43
T7748,C11748,2024-05-14,2024-05-14,Billing,High,3,Yes,12
T7749,C10590,2024-02-16,2024-02-17,Network,Medium,4,No,30
T7750,C14470,2024-05-07,2024-05-07,Network,Low,5,Yes,1
T7751,C10533,2024-08-19,2024-08-19,Account,High,5,Yes,12
T7752,C11424,2024-08-18,2024-08-18,Technical,High,2,Yes,3
T7753,C13996,2024-11-15,2024-11-15,Billing,Medium,5,Yes,17
T7754,C11404,2024-06-07,2024-06-07,Network,Critical,4,No,6
T7755,C13673,2024-01-14,2024-01-14,Account,High,1,No,5
T7756,C12642,2024-06-12,2024-06-12,Technical,Low,5,Yes,11
T7757,C12839,2024-03-10,2024-03-10,Billing,High,4,Yes,7
T7758,C14101,2024-06-10,2024-06-13,Account,High,2,Yes,72
T7759,C12274,2024-03-21,2024-03-21,Network,Low,5,Yes,5
T7760,C13952,2024-06-08,2024-06-08,Technical,Low,2,Yes,1
T7761,C12277,2024-09-20,2024-09-20,Network,Low,5,Yes,22
T7762,C12393,2024-06-24,2024-06-24,Technical,Low,4,Yes,14
T7763,C10527,2024-04-20,2024-04-20,Network,Low,3,Yes,19
T7764,C13897,2024-01-14,2024-01-14,Technical,Medium,5,Yes,8
T7765,C12725,2024-01-07,2024-01-07,Billing,Low,5,Yes,10
T7766,C11704,2024-07-26,2024-07-27,Billing,High,3,Yes,29
T7767,C10454,2024-12-16,2024-12-16,Technical,Low,2,Yes,1
T7768,C11669,2024-09-03,2024-09-03,Billing,Medium,5,No,20
T7769,C12010,2024-07-08,2024-07-09,Technical,High,4,Yes,45
T7770,C13601,2024-08-16,2024-08-16,Account,Medium,5,Yes,12
T7771,C13730,2024-08-03,2024-08-03,Network,Medium,3,No,11
T7772,C10263,2024-04-10,2024-04-10,Technical,Medium,4,Yes,8
T7773,C13445,2024-06-17,2024-06-17,Account,High,3,Yes,11
T7774,C13586,2024-08-08,2024-08-08,Billing,High,2,Yes,1
T7775,C10183,2024-02-03,2024-02-03,Technical,Critical,1,Yes,4
T7776,C13437,2024-03-13,2024-03-13,Technical,High,4,Yes,11
T7777,C13030,2024-04-28,2024-04-30,Network,High,2,Yes,49
T7778,C10013,2024-06-17,2024-06-17,Network,Medium,5,Yes,3
T7779,C10058,2024-02-11,2024-02-12,Billing,Low,4,Yes,24
T7780,C10718,2024-10-20,2024-10-20,Billing,Low,4,Yes,7
T7781,C14400,2024-08-30,2024-08-30,Billing,Low,4,Yes,3
T7782,C10470,2024-01-08,2024-01-09,Account,Medium,4,Yes,34
T7783,C11927,2024-12-06,2024-12-07,Technical,Medium,1,Yes,46
T7784,C11300,2024-09-19,2024-09-21,Network,Medium,3,Yes,50
T7785,C10840,2024-06-27,2024-06-28,Billing,High,5,Yes,35
T7786,C14264,2024-09-07,2024-09-07,Account,Low,3,Yes,1
T7787,C10986,2024-07-02,2024-07-02,Technical,Low,4,No,3
T7788,C14947,2024-03-23,2024-03-26,Technical,Critical,5,Yes,82
T7789,C14536,2024-09-23,2024-09-23,Account,High,5,Yes,2
T7790,C14104,2024-04-21,2024-04-21,Account,High,5,Yes,7
T7791,C12990,2024-12-01,2024-12-01,Technical,Medium,3,Yes,4
T7792,C10734,2024-10-13,2024-10-13,Technical,Low,5,Yes,20
T7793,C10111,2024-08-26,2024-08-26,Network,Low,3,Yes,2
T7794,C11733,2024-09-27,2024-09-27,Billing,Low,2,Yes,4
T7795,C10893,2024-08-21,2024-08-22,Network,Medium,4,Yes,46
T7796,C14690,2024-01-17,2024-01-18,Network,Medium,3,Yes,31
T7797,C11718,2024-12-26,2024-12-26,Billing,Critical,4,Yes,22
T7798,C13563,2024-08-13,2024-08-15,Network,Critical,4,No,66
T7799,C12140,2024-10-09,2024-10-09,Billing,High,2,Yes,11
T7800,C14029,2024-02-10,2024-02-10,Technical,Low,3,Yes,8
T7801,C13974,2024-06-21,2024-06-22,Network,Low,5,Yes,39
T7802,C11816,2024-06-29,2024-06-29,Technical,High,5,Yes,17
T7803,C13402,2024-11-10,2024-11-10,Network,Medium,4,Yes,13
T7804,C14590,2024-11-18,2024-11-18,Billing,High,5,Yes,19
T7805,C12804,2024-01-27,2024-01-28,Account,High,5,Yes,33
T7806,C12464,2024-08-29,2024-09-04,Technical,High,1,Yes,157
T7807,C10269,2024-10-09,2024-10-10,Account,Low,2,Yes,27
T7808,C14866,2024-10-09,2024-10-09,Account,Medium,4,No,1
T7809,C13880,2024-05-27,2024-05-27,Network,Medium,5,Yes,13
T7810,C11977,2024-12-01,2024-12-02,Account,Medium,5,Yes,27
T7811,C12650,2024-05-17,2024-05-17,Technical,Medium,2,Yes,1
T7812,C13771,2024-11-16,2024-11-16,Account,Low,5,Yes,4
T7813,C14292,2024-12-25,2024-12-28,Technical,Critical,5,Yes,82
T7814,C13358,2024-06-12,2024-06-15,Billing,High,3,Yes,85
T7815,C12744,2024-09-08,2024-09-08,Network,Critical,2,Yes,8
T7816,C13055,2024-08-27,2024-08-28,Technical,Medium,1,Yes,32
T7817,C12799,2024-05-30,2024-05-31,Account,Medium,2,Yes,40
T7818,C12941,2024-02-22,2024-02-22,Technical,Low,4,Yes,15
T7819,C12366,2024-05-18,2024-05-19,Billing,High,2,Yes,25
T7820,C14660,2024-12-25,2024-12-27,Network,Medium,3,Yes,64
T7821,C13074,2024-03-21,2024-03-21,Technical,Low,1,Yes,15
T7822,C14550,2024-02-08,2024-02-08,Billing,Low,5,Yes,6
T7823,C12126,2024-12-24,2024-12-25,Technical,Medium,3,Yes,34
T7824,C13144,2024-04-14,2024-04-14,Account,Medium,2,No,21
T7825,C14015,2024-12-28,2024-12-29,Billing,Low,3,Yes,26
T7826,C13040,2024-10-23,2024-10-23,Billing,Low,4,Yes,9
T7827,C10101,2024-07-28,2024-07-28,Network,Low,2,Yes,5
T7828,C10418,2024-06-29,2024-06-29,Network,Low,1,Yes,16
T7829,C12383,2024-11-23,2024-11-23,Network,High,3,Yes,20
T7830,C14123,2024-08-22,2024-08-22,Account,Low,1,Yes,3
T7831,C14735,2024-07-14,2024-07-14,Billing,Low,3,Yes,19
T7832,C11745,2024-11-15,2024-11-15,Technical,Medium,1,Yes,17
T7833,C11849,2024-03-28,2024-03-28,Network,Low,1,Yes,5
T7834,C11814,2024-01-20,2024-01-20,Technical,Medium,4,No,5
T7835,C10014,2024-02-03,2024-02-03,Billing,High,5,Yes,8
T7836,C13976,2024-08-28,2024-08-29,Account,High,3,Yes,42
T7837,C12104,2024-07-15,2024-07-15,Network,Low,4,Yes,6
T7838,C13106,2024-02-22,2024-02-22,Technical,High,5,Yes,1
T7839,C10204,2024-10-19,2024-10-20,Network,Low,5,Yes,33
T7840,C12285,2024-11-17,2024-11-17,Network,Medium,3,Yes,11
T7841,C12949,2024-07-14,2024-07-14,Billing,High,1,Yes,4
T7842,C13198,2024-05-19,2024-05-19,Network,High,4,Yes,1
T7843,C12701,2024-04-15,2024-04-15,Billing,Low,4,No,23
T7844,C14508,2024-05-16,2024-05-16,Technical,High,5,No,15
T7845,C12582,2024-03-17,2024-03-17,Billing,Medium,3,Yes,16
T7846,C14666,2024-02-17,2024-02-21,Network,Low,4,Yes,114
T7847,C13024,2024-06-05,2024-06-06,Billing,Low,3,Yes,47
T7848,C10588,2024-05-20,2024-05-20,Network,Medium,3,Yes,6
T7849,C12787,2024-04-15,2024-04-15,Network,Medium,3,Yes,17
T7850,C14918,2024-06-01,2024-06-01,Network,Medium,3,Yes,2
T7851,C10175,2024-02-07,2024-02-07,Network,Medium,5,Yes,1
T7852,C10007,2024-04-17,2024-04-17,Network,Medium,4,Yes,21
T7853,C14417,2024-08-19,2024-08-19,Technical,High,3,Yes,18
T7854,C14783,2024-11-29,2024-11-30,Network,Low,4,Yes,42
T7855,C11350,2024-09-19,2024-09-19,Network,Low,3,No,3
T7856,C14290,2024-02-02,2024-02-03,Technical,Low,4,Yes,25
T7857,C10556,2024-06-18,2024-06-19,Technical,Low,5,Yes,30
T7858,C13039,2024-08-16,2024-08-16,Account,Low,3,Yes,8
T7859,C11628,2024-07-06,2024-07-07,Network,Medium,2,Yes,35
T7860,C10041,2024-10-03,2024-10-03,Network,Low,4,Yes,4
T7861,C13013,2024-08-23,2024-08-23,Billing,Low,4,Yes,5
T7862,C10078,2024-08-03,2024-08-03,Technical,High,4,Yes,18
T7863,C13893,2024-03-20,2024-03-20,Network,Low,4,Yes,2
T7864,C11743,2024-05-24,2024-05-24,Account,Low,4,Yes,3
T7865,C12373,2024-06-16,2024-06-17,Technical,Medium,5,Yes,36
T7866,C13071,2024-09-05,2024-09-05,Billing,Low,2,Yes,6
T7867,C10334,2024-03-08,2024-03-08,Billing,Low,2,Yes,1
T7868,C10994,2024-11-04,2024-11-04,Technical,Medium,4,Yes,1
T7869,C13124,2024-05-29,2024-05-30,Billing,High,1,Yes,32
T7870,C11271,2024-01-21,2024-01-21,Network,Medium,1,Yes,2
T7871,C13004,2024-04-28,2024-04-28,Billing,High,2,Yes,3
T7872,C11776,2024-11-27,2024-11-28,Billing,Low,3,Yes,24
T7873,C11190,2024-04-07,2024-04-07,Network,High,1,Yes,6
T7874,C14696,2024-02-26,2024-02-26,Billing,High,5,Yes,21
T7875,C13808,2024-08-13,2024-08-13,Account,Medium,5,Yes,11
T7876,C14673,2024-09-24,2024-09-24,Network,High,2,Yes,9
T7877,C11588,2024-08-22,2024-08-24,Network,Critical,2,Yes,69
T7878,C10852,2024-12-25,2024-12-25,Network,High,1,Yes,10
T7879,C14884,2024-12-19,2024-12-19,Network,Low,3,Yes,5
T7880,C14042,2024-12-21,2024-12-21,Technical,Medium,5,No,9
T7881,C11760,2024-09-27,2024-09-27,Network,High,3,Yes,16
T7882,C12824,2024-02-21,2024-02-21,Billing,Low,2,Yes,18
T7883,C12589,2024-10-03,2024-10-03,Technical,Low,4,No,7
T7884,C12629,2024-12-21,2024-12-23,Account,Medium,4,Yes,57
T7885,C12872,2024-12-27,2024-12-28,Network,Medium,1,Yes,24
T7886,C12911,2024-08-10,2024-08-11,Network,Medium,2,Yes,41
T7887,C12791,2024-06-20,2024-06-21,Technical,Medium,4,Yes,35
T7888,C14661,2024-01-22,2024-01-22,Network,Medium,1,Yes,2
T7889,C10579,2024-12-03,2024-12-04,Network,Medium,4,Yes,36
T7890,C10575,2024-03-01,2024-03-02,Network,Low,5,No,44
T7891,C13968,2024-06-13,2024-06-13,Technical,Low,5,Yes,16
T7892,C13876,2024-12-26,2024-12-26,Network,High,5,Yes,5
T7893,C12410,2024-08-16,2024-08-17,Network,Low,3,No,44
T7894,C14070,2024-09-15,2024-09-15,Network,Low,1,Yes,2
T7895,C12747,2024-01-30,2024-02-04,Network,Medium,4,Yes,127
T7896,C13648,2024-10-07,2024-10-08,Network,Critical,5,Yes,33
T7897,C12685,2024-09-27,2024-09-27,Network,Medium,4,Yes,19
T7898,C10034,2024-04-09,2024-04-09,Network,Low,1,Yes,20
T7899,C11896,2024-12-16,2024-12-16,Technical,Medium,5,Yes,23
T7900,C12371,2024-03-05,2024-03-05,Account,Medium,3,Yes,1
T7901,C13833,2024-05-27,2024-05-27,Billing,Medium,5,Yes,4
T7902,C13512,2024-05-22,2024-05-22,Billing,Medium,4,Yes,11
T7903,C10363,2024-07-26,2024-07-27,Network,Low,2,Yes,41
T7904,C10020,2024-05-15,2024-05-15,Technical,Medium,4,No,17
T7905,C12034,2024-03-31,2024-03-31,Billing,High,4,Yes,10
T7906,C11664,2024-03-29,2024-03-30,Technical,High,5,Yes,36
T7907,C14046,2024-02-10,2024-02-10,Billing,Medium,5,Yes,1
T7908,C14974,2024-01-12,2024-01-12,Billing,High,3,No,6
T7909,C14617,2024-02-13,2024-02-13,Technical,High,2,Yes,5
T7910,C12379,2024-04-27,2024-04-28,Network,High,1,Yes,43
T7911,C12637,2024-12-14,2024-12-14,Network,High,4,Yes,4
T7912,C13198,2024-02-07,2024-02-07,Billing,Medium,2,Yes,16
T7913,C11462,2024-02-07,2024-02-07,Network,Medium,4,Yes,1
T7914,C11703,2024-09-11,2024-09-11,Technical,Low,5,Yes,23
T7915,C14479,2024-06-14,2024-06-14,Network,Medium,1,Yes,2
T7916,C11158,2024-11-28,2024-11-28,Network,Medium,3,Yes,12
T7917,C11295,2024-12-01,2024-12-01,Network,Medium,5,No,23
T7918,C13926,2024-07-13,2024-07-13,Network,Low,2,Yes,3
T7919,C10848,2024-11-21,2024-11-22,Network,Low,3,Yes,28
T7920,C12607,2024-08-17,2024-08-17,Network,Medium,2,Yes,5
T7921,C11280,2024-06-14,2024-06-14,Billing,Low,3,Yes,7
T7922,C11449,2024-08-30,2024-09-01,Account,Low,3,Yes,59
T7923,C14178,2024-11-20,2024-11-20,Billing,Low,1,Yes,2
T7924,C11981,2024-12-12,2024-12-14,Billing,High,2,Yes,64
T7925,C12258,2024-12-06,2024-12-06,Technical,Low,4,Yes,19
T7926,C14557,2024-09-17,2024-09-17,Network,High,2,Yes,11
T7927,C14047,2024-11-03,2024-11-03,Technical,Low,3,Yes,14
T7928,C14024,2024-04-28,2024-04-28,Billing,Critical,5,Yes,2
T7929,C14381,2024-03-17,2024-03-17,Billing,Low,5,Yes,22
T7930,C10533,2024-02-08,2024-02-09,Network,Medium,3,Yes,31
T7931,C13762,2024-06-09,2024-06-10,Technical,High,2,Yes,34
T7932,C13680,2024-03-28,2024-03-28,Billing,Low,5,Yes,17
T7933,C12987,2024-03-06,2024-03-07,Billing,Low,1,Yes,40
T7934,C14080,2024-04-26,2024-04-26,Network,Critical,5,Yes,7
T7935,C13796,2024-04-01,2024-04-01,Billing,Low,5,Yes,14
T7936,C12314,2024-10-08,2024-10-08,Billing,Low,4,Yes,7
T7937,C12289,2024-03-26,2024-03-26,Network,Low,1,Yes,6
T7938,C13784,2024-06-12,2024-06-12,Network,Low,2,Yes,3
T7939,C14336,2024-05-11,2024-05-13,Account,High,1,Yes,50
T7940,C12537,2024-05-22,2024-05-22,Network,Medium,4,Yes,16
T7941,C11252,2024-06-11,2024-06-11,Account,Medium,2,Yes,5
T7942,C12468,2024-04-11,2024-04-11,Billing,Low,2,No,7
T7943,C10534,2024-04-15,2024-04-15,Technical,Low,4,Yes,17
T7944,C10278,2024-08-23,2024-08-23,Network,High,3,Yes,5
T7945,C12245,2024-03-16,2024-03-16,Network,Low,2,Yes,12
T7946,C13812,2024-11-06,2024-11-07,Network,Medium,4,Yes,35
T7947,C12543,2024-06-29,2024-06-29,Technical,Low,3,Yes,2
T7948,C12329,2024-12-10,2024-12-10,Billing,Medium,4,Yes,14
T7949,C14402,2024-12-18,2024-12-18,Billing,Low,1,Yes,15
T7950,C14600,2024-07-25,2024-07-25,Network,High,2,Yes,13
T7951,C14108,2024-03-30,2024-03-30,Account,Medium,2,Yes,4
T7952,C10735,2024-02-12,2024-02-12,Billing,High,5,Yes,16
T7953,C12969,2024-12-07,2024-12-07,Billing,Medium,3,No,2
T7954,C10225,2024-09-28,2024-09-29,Network,Medium,1,Yes,24
T7955,C12276,2024-12-08,2024-12-08,Account,Critical,1,No,4
T7956,C13426,2024-01-04,2024-01-04,Account,Medium,5,Yes,18
T7957,C10264,2024-04-17,2024-04-17,Technical,Medium,3,Yes,1
T7958,C13469,2024-12-13,2024-12-13,Network,Medium,5,Yes,5
T7959,C11149,2024-05-08,2024-05-08,Network,Low,2,Yes,3
T7960,C14105,2024-04-23,2024-04-24,Technical,Low,4,No,38
T7961,C14966,2024-12-28,2024-12-28,Technical,High,2,Yes,8
T7962,C14944,2024-06-19,2024-06-19,Network,Low,2,Yes,14
T7963,C10434,2024-08-28,2024-08-28,Account,Low,3,Yes,10
T7964,C10071,2024-04-24,2024-04-25,Network,Critical,4,Yes,33
T7965,C13398,2024-11-01,2024-11-01,Network,Medium,4,No,3
T7966,C11529,2024-04-15,2024-04-15,Network,Medium,4,Yes,6
T7967,C11940,2024-12-08,2024-12-08,Network,High,5,Yes,17
T7968,C14981,2024-05-17,2024-05-17,Billing,Low,2,Yes,4
T7969,C11106,2024-12-20,2024-12-20,Technical,High,2,Yes,5
T7970,C14486,2024-01-05,2024-01-05,Billing,High,5,Yes,12
T7971,C12840,2024-03-09,2024-03-09,Billing,Medium,4,Yes,17
T7972,C14338,2024-08-08,2024-08-08,Billing,Medium,2,Yes,2
T7973,C14986,2024-10-12,2024-10-12,Billing,Medium,2,Yes,11
T7974,C13320,2024-06-11,2024-06-11,Network,Low,4,Yes,13
T7975,C12047,2024-08-01,2024-08-01,Billing,High,4,Yes,7
T7976,C13863,2024-07-30,2024-07-30,Network,Medium,1,Yes,22
T7977,C11772,2024-08-29,2024-08-29,Network,Low,4,Yes,7
T7978,C13343,2024-04-19,2024-04-19,Billing,Low,3,No,17
T7979,C12871,2024-03-13,2024-03-13,Network,Low,4,Yes,13
T7980,C10195,2024-10-13,2024-10-13,Account,Critical,2,Yes,16
T7981,C13565,2024-04-30,2024-05-02,Account,Low,4,No,53
T7982,C11323,2024-07-30,2024-07-31,Account,Medium,3,No,37
T7983,C13324,2024-09-23,2024-09-23,Technical,Low,3,Yes,1
T7984,C14172,2024-10-07,2024-10-07,Billing,Medium,5,Yes,16
T7985,C14058,2024-03-18,2024-03-18,Network,Low,3,Yes,10
T7986,C14098,2024-05-25,2024-05-25,Network,Critical,4,Yes,10
T7987,C11042,2024-09-10,2024-09-10,Technical,Critical,4,Yes,20
T7988,C12083,2024-03-05,2024-03-05,Account,Medium,5,Yes,15
T7989,C14730,2024-09-17,2024-09-17,Billing,Low,1,Yes,7
T7990,C11985,2024-09-05,2024-09-05,Technical,Critical,4,Yes,12
T7991,C11113,2024-05-30,2024-05-30,Network,Critical,4,Yes,1
T7992,C12465,2024-11-07,2024-11-08,Technical,Low,3,Yes,36
T7993,C10599,2024-06-29,2024-06-29,Network,Low,5,Yes,7
T7994,C12246,2024-07-28,2024-07-28,Technical,Low,3,Yes,16
T7995,C12517,2024-07-17,2024-07-17,Account,Low,5,No,6
T7996,C11280,2024-07-02,2024-07-02,Technical,Medium,5,Yes,15
T7997,C11474,2024-03-28,2024-03-28,Network,Low,1,Yes,5
T7998,C12322,2024-11-21,2024-11-21,Technical,Low,5,Yes,16
T7999,C13836,2024-03-07,2024-03-07,Network,Low,4,Yes,1
T8000,C12831,2024-06-02,2024-06-03,Network,Critical,1,Yes,36
T8001,C14908,2024-01-27,2024-01-27,Account,High,4,Yes,16
T8002,C12096,2024-12-26,2024-12-27,Billing,Medium,5,No,28
T8003,C12170,2024-04-08,2024-04-08,Technical,Low,4,Yes,15
T8004,C10865,2024-08-26,2024-08-26,Billing,Low,5,Yes,6
T8005,C13588,2024-08-21,2024-08-21,Technical,Low,3,No,23
T8006,C14093,2024-01-25,2024-01-25,Technical,High,5,Yes,1
T8007,C14237,2024-02-14,2024-02-14,Network,Medium,3,Yes,16
T8008,C13240,2024-12-22,2024-12-22,Billing,High,1,Yes,3
T8009,C12631,2024-10-15,2024-10-15,Network,Medium,2,Yes,1
T8010,C10385,2024-12-27,2024-12-27,Technical,Medium,5,Yes,7
T8011,C14145,2024-10-12,2024-10-13,Network,High,5,Yes,25
T8012,C14753,2024-07-07,2024-07-07,Network,Medium,1,Yes,19
T8013,C11426,2024-11-24,2024-11-24,Billing,Low,2,Yes,23
T8014,C10331,2024-08-06,2024-08-06,Billing,High,3,Yes,1
T8015,C10662,2024-05-29,2024-05-29,Network,Low,3,Yes,9
T8016,C10588,2024-02-18,2024-02-19,Technical,Low,1,No,44
T8017,C10413,2024-10-08,2024-10-08,Technical,Medium,1,Yes,1
T8018,C10159,2024-11-24,2024-11-24,Technical,High,5,Yes,12
T8019,C13460,2024-11-09,2024-11-09,Billing,High,1,Yes,18
T8020,C10936,2024-03-11,2024-03-11,Network,Low,5,Yes,13
T8021,C12982,2024-07-16,2024-07-17,Technical,Low,3,Yes,36
T8022,C11394,2024-04-25,2024-04-26,Network,High,4,Yes,26
T8023,C13215,2024-11-01,2024-11-01,Network,Medium,3,Yes,13
T8024,C12247,2024-07-13,2024-07-13,Technical,Medium,5,Yes,21
T8025,C11888,2024-07-09,2024-07-09,Technical,Medium,4,No,3
T8026,C10435,2024-12-02,2024-12-02,Account,High,2,Yes,1
T8027,C12409,2024-04-01,2024-04-01,Billing,Low,4,Yes,23
T8028,C11690,2024-11-23,2024-11-23,Network,Low,4,Yes,9
T8029,C12748,2024-02-21,2024-02-21,Billing,High,4,Yes,7
T8030,C11605,2024-11-05,2024-11-05,Technical,Low,1,Yes,19
T8031,C10587,2024-03-17,2024-03-18,Billing,Medium,5,Yes,42
T8032,C13835,2024-02-03,2024-02-03,Network,High,4,Yes,1
T8033,C10253,2024-02-05,2024-02-06,Billing,High,4,Yes,44
T8034,C10878,2024-12-17,2024-12-17,Network,Medium,2,Yes,7
T8035,C12868,2024-09-12,2024-09-12,Technical,Low,5,Yes,10
T8036,C14737,2024-03-31,2024-03-31,Billing,Medium,3,Yes,12
T8037,C14355,2024-04-17,2024-04-17,Billing,Medium,5,Yes,1
T8038,C11494,2024-01-20,2024-01-20,Network,Medium,5,Yes,9
T8039,C13541,2024-01-19,2024-01-19,Technical,Low,5,Yes,6
T8040,C11803,2024-04-06,2024-04-06,Technical,Critical,4,Yes,23
T8041,C10248,2024-06-16,2024-06-16,Network,Medium,2,Yes,21
T8042,C14309,2024-01-01,2024-01-01,Billing,Low,2,Yes,11
T8043,C12035,2024-04-19,2024-04-19,Account,Low,1,Yes,13
T8044,C14237,2024-01-15,2024-01-16,Billing,Medium,1,Yes,42
T8045,C14707,2024-07-16,2024-07-16,Account,Medium,5,Yes,6
T8046,C12920,2024-07-11,2024-07-11,Network,Medium,5,Yes,3
T8047,C11600,2024-06-10,2024-06-10,Network,Medium,5,Yes,16
T8048,C12616,2024-12-16,2024-12-16,Billing,High,4,Yes,7
T8049,C13800,2024-02-19,2024-02-19,Technical,High,2,Yes,3
T8050,C12543,2024-08-31,2024-08-31,Network,High,5,No,16
T8051,C14672,2024-07-21,2024-07-22,Technical,Medium,3,Yes,37
T8052,C12052,2024-05-12,2024-05-12,Account,Medium,3,Yes,1
T8053,C12094,2024-01-22,2024-01-24,Network,High,4,Yes,57
T8054,C12274,2024-04-25,2024-04-25,Technical,Medium,5,Yes,10
T8055,C12828,2024-04-09,2024-04-09,Technical,High,2,Yes,19
T8056,C10836,2024-08-11,2024-08-11,Technical,Low,5,Yes,12
T8057,C10060,2024-06-23,2024-06-23,Technical,Medium,2,Yes,2
T8058,C10571,2024-11-24,2024-11-24,Network,Critical,5,Yes,15
T8059,C14510,2024-12-18,2024-12-24,Billing,Low,3,Yes,159
T8060,C13170,2024-12-11,2024-12-11,Account,High,1,Yes,16
T8061,C13175,2024-03-24,2024-03-26,Billing,Low,4,Yes,62
T8062,C11032,2024-04-10,2024-04-11,Technical,Medium,1,Yes,36
T8063,C11475,2024-08-07,2024-08-07,Network,Low,4,Yes,5
T8064,C10383,2024-09-19,2024-09-21,Network,Low,2,No,69
T8065,C10929,2024-11-08,2024-11-09,Network,Critical,4,No,33
T8066,C11195,2024-08-27,2024-08-27,Technical,Low,2,Yes,2
T8067,C11793,2024-11-25,2024-11-25,Billing,High,5,Yes,6
T8068,C13067,2024-03-15,2024-03-15,Network,Low,2,Yes,1
T8069,C11175,2024-11-11,2024-11-12,Network,Medium,1,Yes,24
T8070,C14090,2024-02-12,2024-02-12,Network,Medium,5,Yes,3
T8071,C12641,2024-01-29,2024-01-29,Technical,Low,4,Yes,8
T8072,C10103,2024-05-03,2024-05-03,Billing,Medium,5,Yes,20
T8073,C11625,2024-08-19,2024-08-19,Billing,Low,4,Yes,2
T8074,C10476,2024-01-31,2024-01-31,Billing,Low,3,Yes,3
T8075,C14473,2024-09-25,2024-09-25,Technical,Medium,1,Yes,14
T8076,C11052,2024-10-12,2024-10-12,Network,High,1,Yes,11
T8077,C10622,2024-02-03,2024-02-03,Network,Critical,4,No,18
T8078,C14638,2024-05-10,2024-05-12,Technical,High,2,Yes,58
T8079,C11634,2024-09-12,2024-09-12,Account,High,2,Yes,3
T8080,C11318,2024-11-14,2024-11-14,Network,High,1,No,1
T8081,C10343,2024-07-01,2024-07-01,Billing,Low,5,Yes,3
T8082,C14234,2024-03-20,2024-03-20,Network,Medium,2,Yes,18
T8083,C13371,2024-02-13,2024-02-13,Network,Low,3,Yes,4
T8084,C13227,2024-10-31,2024-10-31,Billing,Low,3,Yes,8
T8085,C12419,2024-12-02,2024-12-02,Network,Medium,5,Yes,22
T8086,C11976,2024-07-30,2024-07-30,Technical,Medium,4,Yes,11
T8087,C14206,2024-11-04,2024-11-05,Account,High,1,Yes,34
T8088,C13402,2024-05-05,2024-05-05,Technical,Low,4,Yes,8
T8089,C11642,2024-09-17,2024-09-17,Technical,Low,5,Yes,19
T8090,C13218,2024-10-19,2024-10-19,Network,Medium,2,Yes,20
T8091,C12079,2024-07-18,2024-07-18,Technical,Low,3,Yes,11
T8092,C14126,2024-04-15,2024-04-15,Technical,Low,5,Yes,8
T8093,C13557,2024-08-26,2024-08-27,Billing,Medium,1,No,27
T8094,C14055,2024-03-02,2024-03-02,Account,Low,3,Yes,14
T8095,C11884,2024-07-19,2024-07-19,Technical,Medium,2,Yes,17
T8096,C14425,2024-07-28,2024-07-31,Account,Medium,4,Yes,80
T8097,C14464,2024-11-23,2024-11-23,Account,Low,2,Yes,9
T8098,C12212,2024-07-02,2024-07-02,Network,Medium,4,Yes,13
T8099,C14171,2024-01-15,2024-01-15,Billing,High,3,No,2
T8100,C11386,2024-10-03,2024-10-03,Network,Medium,3,Yes,17
T8101,C11647,2024-03-20,2024-03-20,Billing,Low,3,Yes,8
T8102,C14896,2024-04-25,2024-04-25,Billing,Medium,3,Yes,5
T8103,C10421,2024-12-03,2024-12-03,Network,Medium,5,No,13
T8104,C10960,2024-12-16,2024-12-16,Account,Low,4,Yes,19
T8105,C12707,2024-05-01,2024-05-01,Billing,Medium,5,Yes,19
T8106,C10047,2024-08-28,2024-08-28,Network,High,1,Yes,18
T8107,C13587,2024-08-27,2024-08-27,Technical,Medium,5,Yes,8
T8108,C10625,2024-05-27,2024-05-27,Network,High,3,Yes,4
T8109,C11082,2024-10-11,2024-10-11,Network,Medium,2,Yes,14
T8110,C12389,2024-10-30,2024-10-30,Network,High,4,Yes,1
T8111,C11658,2024-04-28,2024-04-28,Technical,High,4,Yes,21
T8112,C13408,2024-10-14,2024-10-15,Billing,High,2,Yes,25
T8113,C14233,2024-11-21,2024-11-21,Account,High,3,Yes,20
T8114,C12221,2024-10-16,2024-10-16,Technical,Medium,5,Yes,7
T8115,C14940,2024-08-17,2024-08-17,Network,Medium,1,Yes,6
T8116,C11668,2024-06-06,2024-06-06,Billing,Low,2,Yes,17
T8117,C11452,2024-12-14,2024-12-14,Billing,Medium,5,No,12
T8118,C12434,2024-10-16,2024-10-16,Technical,Low,5,No,16
T8119,C13099,2024-11-28,2024-11-28,Billing,Low,1,Yes,16
T8120,C14252,2024-03-13,2024-03-14,Billing,Low,3,Yes,24
T8121,C14682,2024-04-25,2024-04-25,Billing,Medium,3,Yes,16
T8122,C13835,2024-03-23,2024-03-24,Technical,High,2,Yes,47
T8123,C10256,2024-09-01,2024-09-01,Network,Medium,3,Yes,1
T8124,C12556,2024-01-09,2024-01-09,Account,Medium,4,Yes,1
T8125,C12779,2024-11-20,2024-11-21,Network,Medium,3,Yes,39
T8126,C13483,2024-06-24,2024-06-24,Network,Low,4,Yes,4
T8127,C13847,2024-01-22,2024-01-22,Account,Critical,5,Yes,18
T8128,C10644,2024-07-24,2024-07-24,Network,Medium,2,Yes,8
T8129,C13375,2024-06-24,2024-06-24,Technical,Medium,4,Yes,1
T8130,C11546,2024-06-19,2024-06-19,Technical,High,2,Yes,21
T8131,C11755,2024-07-22,2024-07-23,Billing,Low,3,Yes,35
T8132,C10917,2024-06-14,2024-06-15,Network,Medium,2,Yes,32
T8133,C10717,2024-05-31,2024-05-31,Billing,Medium,3,Yes,4
T8134,C13355,2024-03-04,2024-03-04,Technical,Medium,5,Yes,5
T8135,C12214,2024-01-14,2024-01-14,Network,High,2,Yes,3
T8136,C11078,2024-05-26,2024-05-26,Network,Medium,5,Yes,5
T8137,C14837,2024-06-03,2024-06-03,Technical,Low,5,No,21
T8138,C12100,2024-12-21,2024-12-21,Billing,Low,3,Yes,2
T8139,C11735,2024-10-12,2024-10-12,Network,High,2,Yes,4
T8140,C14415,2024-06-16,2024-06-17,Network,High,2,Yes,35
T8141,C10447,2024-06-26,2024-06-26,Network,Low,1,No,7
T8142,C10165,2024-02-21,2024-02-21,Billing,Low,4,Yes,12
T8143,C13507,2024-11-27,2024-11-27,Account,High,5,Yes,10
T8144,C11248,2024-02-19,2024-02-19,Billing,Medium,3,Yes,3
T8145,C12450,2024-02-29,2024-02-29,Technical,Medium,5,No,3
T8146,C10154,2024-06-10,2024-06-10,Technical,Low,3,Yes,12
T8147,C11975,2024-02-10,2024-02-10,Account,Low,3,No,3
T8148,C11904,2024-06-10,2024-06-10,Network,Medium,4,Yes,4
T8149,C12904,2024-07-01,2024-07-01,Billing,Low,4,Yes,5
T8150,C12510,2024-07-07,2024-07-07,Account,Low,3,Yes,13
T8151,C11019,2024-04-18,2024-04-19,Technical,Low,1,Yes,39
T8152,C10938,2024-12-22,2024-12-22,Technical,Medium,4,Yes,1
T8153,C14389,2024-10-19,2024-10-20,Network,Medium,4,Yes,37
T8154,C12373,2024-01-29,2024-01-29,Billing,Low,1,Yes,10
T8155,C12818,2024-05-04,2024-05-04,Billing,High,3,Yes,14
T8156,C13020,2024-08-04,2024-08-04,Network,High,5,No,7
T8157,C10839,2024-03-31,2024-04-01,Network,Medium,5,Yes,37
T8158,C13714,2024-06-07,2024-06-07,Technical,Low,3,No,4
T8159,C10918,2024-04-11,2024-04-11,Technical,Medium,5,Yes,4
T8160,C14603,2024-12-18,2024-12-18,Billing,Low,3,Yes,23
T8161,C12099,2024-01-10,2024-01-10,Network,Low,1,Yes,17
T8162,C10200,2024-07-05,2024-07-05,Billing,Low,2,Yes,15
T8163,C12708,2024-05-04,2024-05-04,Billing,Critical,2,Yes,4
T8164,C13676,2024-07-22,2024-07-22,Account,Critical,3,No,5
T8165,C12804,2024-12-04,2024-12-04,Technical,Low,3,Yes,15
T8166,C13467,2024-11-21,2024-11-21,Network,Low,5,Yes,1
T8167,C10472,2024-06-11,2024-06-11,Network,Low,1,Yes,7
T8168,C11407,2024-05-18,2024-05-18,Network,High,5,Yes,22
T8169,C12800,2024-09-04,2024-09-05,Technical,Critical,4,Yes,27
T8170,C10224,2024-02-23,2024-02-24,Network,Medium,4,Yes,42
T8171,C13213,2024-05-04,2024-05-04,Network,Low,3,Yes,12
T8172,C10230,2024-10-21,2024-10-21,Technical,Medium,5,Yes,13
T8173,C12562,2024-01-07,2024-01-10,Network,Low,5,No,77
T8174,C11130,2024-08-03,2024-08-03,Billing,Low,5,No,5
T8175,C14059,2024-07-15,2024-07-15,Network,Medium,4,Yes,16
T8176,C10482,2024-11-08,2024-11-08,Billing,Low,3,Yes,2
T8177,C10635,2024-08-03,2024-08-03,Network,Low,2,Yes,3
T8178,C10423,2024-04-23,2024-04-23,Account,Medium,5,Yes,7
T8179,C12889,2024-04-22,2024-04-22,Technical,High,3,Yes,2
T8180,C10121,2024-07-28,2024-07-29,Technical,Critical,1,Yes,27
T8181,C13333,2024-04-25,2024-04-25,Network,Medium,2,Yes,6
T8182,C12411,2024-02-07,2024-02-07,Billing,Low,4,No,3
T8183,C13886,2024-01-09,2024-01-09,Technical,Low,4,Yes,1
T8184,C11844,2024-02-25,2024-02-25,Technical,High,4,No,16
T8185,C12501,2024-07-02,2024-07-02,Technical,Medium,4,Yes,1
T8186,C10877,2024-04-21,2024-04-21,Account,Medium,4,Yes,5
T8187,C12466,2024-12-25,2024-12-25,Technical,Low,4,No,1
T8188,C14618,2024-03-08,2024-03-08,Billing,Medium,4,No,1
T8189,C10214,2024-03-23,2024-03-25,Billing,Medium,5,Yes,52
T8190,C10339,2024-06-25,2024-06-25,Technical,High,2,Yes,4
T8191,C12420,2024-11-14,2024-11-15,Network,High,2,Yes,27
T8192,C12332,2024-08-13,2024-08-13,Network,Medium,3,Yes,1
T8193,C14128,2024-11-17,2024-11-17,Account,High,2,Yes,17
T8194,C13812,2024-09-04,2024-09-05,Network,Medium,5,Yes,25
T8195,C14038,2024-02-07,2024-02-07,Billing,High,4,Yes,3
T8196,C11656,2024-02-15,2024-02-15,Network,High,5,Yes,1
T8197,C11169,2024-11-04,2024-11-04,Network,Medium,1,Yes,1
T8198,C14130,2024-06-13,2024-06-13,Billing,High,1,Yes,4
T8199,C14271,2024-12-18,2024-12-18,Network,High,3,No,3
T8200,C12138,2024-07-20,2024-07-21,Network,Low,3,Yes,36
T8201,C13277,2024-12-12,2024-12-13,Billing,Medium,5,Yes,24
T8202,C12320,2024-07-13,2024-07-13,Billing,Low,5,Yes,21
T8203,C13068,2024-05-03,2024-05-03,Account,High,1,Yes,17
T8204,C14237,2024-08-25,2024-08-28,Account,High,1,Yes,75
T8205,C10373,2024-08-31,2024-08-31,Account,Medium,5,Yes,4
T8206,C12635,2024-01-17,2024-01-17,Network,Low,4,Yes,8
T8207,C12125,2024-04-14,2024-04-14,Network,Medium,3,Yes,3
T8208,C10259,2024-03-19,2024-03-20,Technical,Low,2,Yes,39
T8209,C11451,2024-01-29,2024-01-29,Billing,Medium,4,Yes,1
T8210,C10060,2024-10-31,2024-10-31,Billing,Critical,2,Yes,1
T8211,C12743,2024-05-14,2024-05-16,Billing,Medium,3,Yes,61
T8212,C13891,2024-12-25,2024-12-25,Network,Medium,4,No,21
T8213,C13869,2024-10-24,2024-10-24,Technical,Low,4,No,7
T8214,C14041,2024-02-11,2024-02-11,Account,Low,2,Yes,1
T8215,C10067,2024-09-28,2024-09-29,Technical,Medium,1,Yes,30
T8216,C10766,2024-02-19,2024-02-19,Billing,Low,4,Yes,11
T8217,C13655,2024-12-19,2024-12-19,Billing,Medium,1,Yes,16
T8218,C14143,2024-08-31,2024-09-04,Technical,Critical,1,Yes,101
T8219,C11398,2024-11-25,2024-11-27,Network,Medium,4,Yes,64
T8220,C11696,2024-03-10,2024-03-10,Billing,Medium,1,Yes,5
T8221,C12033,2024-11-04,2024-11-04,Technical,Low,2,Yes,23
T8222,C12178,2024-07-11,2024-07-11,Billing,Medium,4,No,2
T8223,C11989,2024-07-10,2024-07-10,Technical,Medium,1,Yes,9
T8224,C11024,2024-01-01,2024-01-01,Technical,Low,1,Yes,12
T8225,C13251,2024-03-08,2024-03-10,Account,Medium,3,No,58
T8226,C13179,2024-04-11,2024-04-11,Technical,High,5,No,4
T8227,C13150,2024-04-18,2024-04-18,Billing,Low,5,Yes,5
T8228,C10338,2024-04-28,2024-04-28,Billing,High,4,No,16
T8229,C14229,2024-07-15,2024-07-17,Account,Medium,4,Yes,60
T8230,C12565,2024-05-18,2024-05-18,Billing,Medium,3,Yes,7
T8231,C10577,2024-04-21,2024-04-21,Technical,Low,1,Yes,13
T8232,C11152,2024-11-19,2024-11-19,Billing,Medium,2,Yes,4
T8233,C13016,2024-10-22,2024-10-22,Technical,High,2,Yes,2
T8234,C12104,2024-06-01,2024-06-01,Network,Low,5,Yes,15
T8235,C11718,2024-09-09,2024-09-11,Technical,Medium,1,Yes,51
T8236,C12593,2024-09-26,2024-09-26,Technical,Low,5,Yes,21
T8237,C12031,2024-05-28,2024-05-28,Billing,Low,1,Yes,8
T8238,C10442,2024-12-25,2024-12-25,Network,Critical,1,Yes,9
T8239,C11430,2024-03-04,2024-03-06,Technical,High,4,Yes,65
T8240,C10223,2024-11-22,2024-11-22,Account,High,4,Yes,9
T8241,C12043,2024-06-04,2024-06-06,Technical,High,5,Yes,62
T8242,C14193,2024-12-07,2024-12-07,Billing,Medium,4,Yes,10
T8243,C10463,2024-09-27,2024-09-27,Network,Medium,5,Yes,1
T8244,C14817,2024-04-07,2024-04-07,Technical,Medium,2,Yes,1
T8245,C14396,2024-01-11,2024-01-12,Network,Low,4,Yes,35
T8246,C10100,2024-04-29,2024-04-29,Network,Low,1,Yes,6
T8247,C12548,2024-10-21,2024-10-21,Network,High,1,Yes,6
T8248,C13845,2024-04-27,2024-04-28,Network,High,1,Yes,28
T8249,C13062,2024-05-27,2024-05-28,Technical,High,4,Yes,29
T8250,C12165,2024-06-27,2024-06-27,Network,Low,4,Yes,17
T8251,C11940,2024-07-08,2024-07-09,Billing,Low,3,Yes,36
T8252,C12449,2024-10-30,2024-10-30,Technical,Medium,5,Yes,8
T8253,C14458,2024-01-03,2024-01-04,Technical,Low,2,Yes,28
T8254,C13945,2024-01-21,2024-01-21,Network,High,4,Yes,3
T8255,C14885,2024-12-06,2024-12-07,Network,High,3,Yes,46
T8256,C10618,2024-11-09,2024-11-10,Technical,Medium,4,Yes,27
T8257,C13877,2024-06-18,2024-06-20,Billing,Medium,2,Yes,53
T8258,C13980,2024-12-26,2024-12-26,Network,Medium,4,Yes,13
T8259,C10554,2024-01-19,2024-01-19,Network,Medium,1,Yes,1
T8260,C10438,2024-05-07,2024-05-07,Billing,Medium,3,Yes,1
T8261,C13500,2024-04-11,2024-04-12,Network,Low,3,Yes,32
T8262,C10836,2024-05-24,2024-05-24,Network,Medium,5,Yes,5
T8263,C14770,2024-05-29,2024-05-31,Network,Low,2,No,62
T8264,C10655,2024-04-02,2024-04-03,Network,Low,4,Yes,31
T8265,C11219,2024-12-29,2024-12-29,Account,Medium,1,Yes,5
T8266,C13644,2024-01-20,2024-01-20,Billing,High,4,Yes,15
T8267,C13533,2024-12-07,2024-12-07,Billing,Low,3,No,21
T8268,C10566,2024-04-11,2024-04-11,Billing,High,2,No,3
T8269,C10008,2024-12-07,2024-12-09,Network,Low,4,Yes,57
T8270,C12690,2024-05-18,2024-05-18,Billing,High,4,Yes,2
T8271,C12608,2024-01-02,2024-01-02,Network,High,4,Yes,1
T8272,C10156,2024-06-21,2024-06-21,Technical,Low,4,Yes,13
T8273,C14727,2024-04-06,2024-04-06,Network,High,2,Yes,10
T8274,C13102,2024-07-24,2024-07-24,Network,Low,4,Yes,22
T8275,C12078,2024-05-30,2024-05-30,Technical,Low,5,No,4
T8276,C12753,2024-02-26,2024-02-26,Technical,High,3,Yes,4
T8277,C14192,2024-10-17,2024-10-17,Network,Medium,5,No,12
T8278,C12054,2024-07-08,2024-07-08,Network,Medium,5,Yes,7
T8279,C11536,2024-06-02,2024-06-02,Account,Low,2,Yes,8
T8280,C14402,2024-07-22,2024-07-22,Technical,Medium,5,Yes,10
T8281,C14013,2024-08-20,2024-08-20,Billing,Low,3,Yes,22
T8282,C11585,2024-12-30,2024-12-30,Billing,Medium,5,No,7
T8283,C14420,2024-04-29,2024-04-29,Billing,Low,1,Yes,16
T8284,C10164,2024-04-12,2024-04-13,Account,Medium,5,Yes,30
T8285,C12055,2024-02-14,2024-02-14,Account,Medium,1,Yes,11
T8286,C14178,2024-02-11,2024-02-11,Network,High,2,Yes,5
T8287,C10636,2024-11-17,2024-11-17,Network,Medium,3,Yes,3
T8288,C10776,2024-04-07,2024-04-08,Network,Low,3,Yes,25
T8289,C12798,2024-03-17,2024-03-17,Network,Medium,4,Yes,1
T8290,C14598,2024-11-21,2024-11-21,Network,Medium,5,No,19
T8291,C10005,2024-10-02,2024-10-05,Technical,Medium,4,Yes,74
T8292,C10210,2024-08-01,2024-08-01,Billing,Medium,5,No,1
T8293,C11514,2024-06-02,2024-06-02,Billing,Medium,3,No,1
T8294,C12164,2024-10-22,2024-10-23,Billing,Critical,3,No,33
T8295,C13815,2024-09-18,2024-09-19,Network,Low,2,Yes,29
T8296,C13206,2024-06-20,2024-06-21,Network,High,4,Yes,38
T8297,C14690,2024-11-01,2024-11-01,Billing,Low,5,Yes,6
T8298,C14878,2024-01-29,2024-01-29,Account,Low,3,No,19
T8299,C11512,2024-06-28,2024-06-29,Account,Low,4,No,29
T8300,C12173,2024-03-28,2024-03-28,Billing,Medium,1,Yes,10
T8301,C13443,2024-10-19,2024-10-21,Network,High,5,No,60
T8302,C12997,2024-09-13,2024-09-13,Account,Low,2,Yes,4
T8303,C13715,2024-08-17,2024-08-17,Network,Low,4,No,6
T8304,C13922,2024-03-06,2024-03-07,Billing,Medium,4,Yes,44
T8305,C14080,2024-05-19,2024-05-19,Technical,Low,2,No,8
T8306,C11447,2024-06-29,2024-06-30,Network,Medium,3,Yes,41
T8307,C11479,2024-11-14,2024-11-14,Network,High,5,Yes,12
T8308,C12156,2024-08-17,2024-08-18,Technical,Medium,2,Yes,32
T8309,C10479,2024-12-05,2024-12-05,Account,Medium,1,Yes,21
T8310,C13736,2024-05-04,2024-05-04,Technical,Medium,4,Yes,1
T8311,C13626,2024-03-09,2024-03-10,Technical,Low,3,Yes,24
T8312,C14087,2024-12-21,2024-12-21,Account,Low,5,Yes,8
T8313,C11393,2024-09-06,2024-09-06,Billing,High,4,Yes,3
T8314,C12372,2024-09-04,2024-09-04,Technical,High,5,Yes,5
T8315,C14412,2024-03-03,2024-03-03,Account,High,1,Yes,1
T8316,C14357,2024-01-23,2024-01-23,Billing,Low,2,Yes,16
T8317,C14398,2024-12-11,2024-12-11,Technical,Low,2,Yes,6
T8318,C13889,2024-02-21,2024-02-21,Account,Medium,2,Yes,19
T8319,C10751,2024-06-12,2024-06-12,Technical,Medium,3,Yes,1
T8320,C14624,2024-12-05,2024-12-05,Billing,High,5,Yes,14
T8321,C10485,2024-08-05,2024-08-05,Account,Critical,5,Yes,13
T8322,C10991,2024-07-14,2024-07-14,Billing,High,3,Yes,20
T8323,C11748,2024-02-24,2024-02-25,Network,Low,5,Yes,44
T8324,C10566,2024-01-28,2024-01-28,Account,Medium,2,No,11
T8325,C14597,2024-01-29,2024-01-31,Technical,Low,5,Yes,54
T8326,C13300,2024-09-01,2024-09-01,Network,Medium,2,Yes,3
T8327,C10745,2024-12-25,2024-12-25,Billing,Medium,3,Yes,8
T8328,C13790,2024-10-27,2024-10-28,Technical,High,2,Yes,47
T8329,C12906,2024-04-24,2024-04-24,Account,Low,2,Yes,15
T8330,C14088,2024-09-10,2024-09-13,Billing,Low,5,Yes,85
T8331,C13200,2024-06-13,2024-06-15,Network,High,1,Yes,63
T8332,C13059,2024-04-09,2024-04-09,Network,Low,2,Yes,3
T8333,C14534,2024-12-20,2024-12-21,Billing,Critical,5,Yes,32
T8334,C14807,2024-07-14,2024-07-14,Network,Medium,4,Yes,7
T8335,C10801,2024-07-05,2024-07-06,Technical,Low,2,Yes,42
T8336,C14807,2024-11-02,2024-11-02,Account,Medium,5,Yes,7
T8337,C10088,2024-04-18,2024-04-22,Network,High,1,Yes,100
T8338,C12079,2024-04-27,2024-04-29,Technical,Medium,5,Yes,60
T8339,C13094,2024-04-22,2024-04-22,Billing,Low,1,Yes,3
T8340,C10733,2024-03-14,2024-03-15,Network,Critical,4,Yes,38
T8341,C11400,2024-04-29,2024-04-29,Account,Low,2,Yes,6
T8342,C13148,2024-12-14,2024-12-14,Billing,Medium,4,Yes,20
T8343,C14093,2024-05-01,2024-05-01,Account,Low,3,Yes,10
T8344,C11344,2024-06-16,2024-06-16,Account,Low,1,Yes,7
T8345,C14633,2024-06-21,2024-06-21,Network,High,2,Yes,1
T8346,C14152,2024-04-23,2024-04-23,Network,Low,3,Yes,17
T8347,C11004,2024-08-03,2024-08-03,Network,Low,4,Yes,13
T8348,C13430,2024-09-14,2024-09-14,Account,High,1,Yes,1
T8349,C11415,2024-01-26,2024-01-26,Account,High,2,Yes,12
T8350,C13324,2024-02-07,2024-02-09,Network,Medium,3,Yes,57
T8351,C14753,2024-04-16,2024-04-16,Network,Medium,3,Yes,1
T8352,C14341,2024-09-06,2024-09-07,Billing,Medium,3,Yes,35
T8353,C14305,2024-03-05,2024-03-05,Technical,Critical,4,Yes,7
T8354,C11422,2024-04-21,2024-04-22,Billing,Medium,3,Yes,38
T8355,C10770,2024-01-04,2024-01-04,Network,Medium,3,Yes,1
T8356,C10991,2024-08-29,2024-08-29,Billing,Medium,2,Yes,2
T8357,C10269,2024-12-27,2024-12-27,Technical,Critical,3,Yes,20
T8358,C11757,2024-07-01,2024-07-02,Technical,High,4,Yes,32
T8359,C13468,2024-12-13,2024-12-13,Technical,Low,1,Yes,6
T8360,C11822,2024-08-26,2024-08-26,Network,Low,3,Yes,12
T8361,C12058,2024-11-24,2024-11-24,Billing,High,5,No,8
T8362,C12876,2024-09-13,2024-09-13,Network,Medium,1,Yes,7
T8363,C13771,2024-12-13,2024-12-13,Billing,Medium,5,Yes,1
T8364,C14040,2024-07-12,2024-07-12,Billing,Critical,4,No,4
T8365,C11039,2024-09-01,2024-09-01,Network,Medium,1,Yes,10
T8366,C11058,2024-06-19,2024-06-21,Network,Medium,4,No,57
T8367,C14735,2024-11-26,2024-11-26,Network,Low,4,Yes,3
T8368,C10302,2024-01-16,2024-01-16,Technical,Medium,5,No,2
T8369,C11018,2024-11-04,2024-11-04,Network,Low,4,No,18
T8370,C11306,2024-04-16,2024-04-16,Network,Medium,4,Yes,2
T8371,C12874,2024-01-12,2024-01-12,Billing,High,4,Yes,4
T8372,C13558,2024-06-25,2024-06-26,Network,Medium,4,Yes,24
T8373,C13292,2024-08-31,2024-08-31,Network,Medium,4,Yes,9
T8374,C12480,2024-01-12,2024-01-12,Network,Low,2,Yes,11
T8375,C13821,2024-05-06,2024-05-06,Network,Low,5,Yes,15
T8376,C13904,2024-09-30,2024-09-30,Network,Medium,5,Yes,11
T8377,C13880,2024-05-31,2024-05-31,Network,High,5,Yes,4
T8378,C11118,2024-03-25,2024-03-25,Technical,Critical,5,Yes,3
T8379,C14887,2024-09-29,2024-09-29,Network,Low,5,No,7
T8380,C11785,2024-04-24,2024-04-27,Billing,Low,2,Yes,75
T8381,C10789,2024-05-24,2024-05-24,Billing,Low,4,Yes,14
T8382,C13075,2024-12-19,2024-12-19,Network,Low,4,Yes,18
T8383,C14200,2024-11-16,2024-11-16,Technical,Medium,2,Yes,19
T8384,C12968,2024-09-29,2024-09-29,Network,Critical,5,Yes,8
T8385,C13308,2024-07-06,2024-07-06,Billing,High,3,Yes,1
T8386,C12099,2024-08-22,2024-08-23,Technical,Medium,1,Yes,26
T8387,C14237,2024-02-18,2024-02-18,Billing,Medium,2,No,2
T8388,C11016,2024-02-15,2024-02-21,Network,Low,4,Yes,152
T8389,C11478,2024-11-13,2024-11-13,Network,Low,5,Yes,16
T8390,C14201,2024-03-31,2024-03-31,Technical,High,3,Yes,15
T8391,C10986,2024-12-03,2024-12-03,Account,Medium,5,Yes,20
T8392,C10158,2024-12-19,2024-12-19,Account,Medium,4,Yes,4
T8393,C10571,2024-06-21,2024-06-21,Network,Medium,1,Yes,4
T8394,C10018,2024-04-19,2024-04-19,Network,Low,2,Yes,1
T8395,C14731,2024-09-15,2024-09-15,Billing,Medium,4,Yes,10
T8396,C11243,2024-06-27,2024-06-29,Network,Critical,1,Yes,48
T8397,C14960,2024-06-20,2024-06-21,Network,Low,5,Yes,25
T8398,C12559,2024-05-25,2024-05-26,Account,Medium,1,Yes,38
T8399,C14801,2024-09-26,2024-09-27,Billing,Medium,4,Yes,28
T8400,C12873,2024-04-08,2024-04-08,Technical,Low,4,No,12
T8401,C11978,2024-08-03,2024-08-04,Account,Medium,2,No,38
T8402,C11080,2024-05-28,2024-05-29,Billing,High,5,Yes,28
T8403,C14641,2024-12-12,2024-12-12,Network,Medium,5,Yes,15
T8404,C14959,2024-04-24,2024-04-25,Network,Medium,5,No,44
T8405,C12269,2024-05-29,2024-05-30,Billing,Low,5,Yes,30
T8406,C11983,2024-11-18,2024-11-19,Account,High,4,Yes,25
T8407,C13075,2024-05-22,2024-05-22,Billing,Medium,2,Yes,20
T8408,C13812,2024-11-15,2024-11-16,Technical,Critical,1,Yes,26
T8409,C11811,2024-09-18,2024-09-18,Technical,Low,3,No,19
T8410,C12229,2024-09-25,2024-09-26,Technical,Low,4,Yes,29
T8411,C13815,2024-11-14,2024-11-15,Billing,Critical,4,Yes,33
T8412,C11813,2024-09-20,2024-09-21,Technical,Low,1,Yes,32
T8413,C13254,2024-10-30,2024-10-30,Billing,Medium,1,Yes,1
T8414,C13867,2024-03-02,2024-03-02,Billing,Medium,1,Yes,14
T8415,C13919,2024-06-21,2024-06-21,Network,Medium,5,Yes,2
T8416,C10679,2024-11-06,2024-11-06,Network,Critical,5,Yes,14
T8417,C14870,2024-02-16,2024-02-17,Network,Medium,2,Yes,37
T8418,C11913,2024-11-03,2024-11-03,Network,Medium,2,Yes,11
T8419,C12710,2024-08-21,2024-08-24,Billing,Low,5,Yes,75
T8420,C11102,2024-01-23,2024-01-23,Network,Low,2,Yes,6
T8421,C14314,2024-06-18,2024-06-18,Billing,Low,3,Yes,3
T8422,C10257,2024-01-21,2024-01-21,Network,Medium,2,Yes,7
T8423,C14101,2024-11-09,2024-11-10,Network,Medium,5,Yes,27
T8424,C10155,2024-02-22,2024-02-22,Account,High,5,Yes,3
T8425,C13538,2024-10-23,2024-10-23,Network,High,1,Yes,10
T8426,C14900,2024-03-25,2024-03-27,Technical,Low,5,Yes,56
T8427,C11975,2024-04-17,2024-04-19,Account,Medium,1,Yes,59
T8428,C13676,2024-02-17,2024-02-17,Account,High,4,Yes,5
T8429,C12342,2024-01-18,2024-01-19,Technical,Medium,4,No,32
T8430,C11118,2024-09-09,2024-09-09,Network,Medium,4,Yes,10
T8431,C14821,2024-08-15,2024-08-16,Network,Low,2,Yes,27
T8432,C13243,2024-01-01,2024-01-01,Network,Medium,2,Yes,3
T8433,C14353,2024-07-21,2024-07-22,Network,Medium,1,Yes,42
T8434,C12774,2024-05-12,2024-05-15,Network,High,4,Yes,93
T8435,C12028,2024-10-13,2024-10-14,Network,High,1,Yes,24
T8436,C13859,2024-01-12,2024-01-13,Network,High,4,Yes,38
T8437,C10874,2024-06-26,2024-06-27,Network,Low,4,Yes,40
T8438,C14331,2024-10-07,2024-10-08,Account,Medium,1,Yes,24
T8439,C14157,2024-05-11,2024-05-11,Network,Medium,3,Yes,1
T8440,C14703,2024-06-20,2024-06-20,Technical,Medium,2,Yes,1
T8441,C11741,2024-01-17,2024-01-18,Network,Low,5,No,33
T8442,C10176,2024-06-18,2024-06-18,Network,Medium,5,Yes,14
T8443,C13060,2024-09-19,2024-09-19,Technical,Low,1,Yes,5
T8444,C10855,2024-06-29,2024-06-29,Billing,Critical,5,Yes,2
T8445,C14642,2024-06-06,2024-06-06,Billing,Low,5,Yes,17
T8446,C14459,2024-11-07,2024-11-07,Network,Low,4,Yes,7
T8447,C10062,2024-08-18,2024-08-18,Network,Low,5,Yes,14
T8448,C14093,2024-08-05,2024-08-06,Account,Medium,3,Yes,41
T8449,C14870,2024-09-23,2024-09-23,Technical,Medium,2,Yes,8
T8450,C12762,2024-06-13,2024-06-14,Network,High,3,Yes,25
T8451,C10504,2024-04-20,2024-04-21,Technical,Medium,3,Yes,27
T8452,C13493,2024-09-13,2024-09-13,Network,High,3,Yes,1
T8453,C13361,2024-02-06,2024-02-06,Account,High,3,Yes,1
T8454,C13098,2024-06-25,2024-06-25,Network,High,2,Yes,18
T8455,C10085,2024-09-29,2024-09-29,Technical,Medium,5,Yes,4
T8456,C13240,2024-08-23,2024-08-23,Account,Low,2,Yes,2
T8457,C14202,2024-05-22,2024-05-22,Technical,High,2,Yes,15
T8458,C11975,2024-10-31,2024-10-31,Billing,Low,3,Yes,1
T8459,C12058,2024-03-19,2024-03-19,Network,Low,4,No,1
T8460,C12255,2024-01-09,2024-01-09,Account,Low,1,Yes,12
T8461,C10611,2024-07-22,2024-07-22,Network,Medium,1,No,4
T8462,C12983,2024-11-06,2024-11-06,Network,Medium,1,Yes,8
T8463,C11296,2024-02-04,2024-02-06,Network,Low,3,Yes,62
T8464,C11358,2024-07-25,2024-07-26,Network,High,2,Yes,25
T8465,C10994,2024-10-31,2024-10-31,Network,Low,5,Yes,2
T8466,C11015,2024-01-31,2024-01-31,Billing,High,3,Yes,3
T8467,C11817,2024-08-11,2024-08-11,Technical,Medium,3,Yes,9
T8468,C13051,2024-03-30,2024-03-30,Billing,High,3,Yes,10
T8469,C11081,2024-11-09,2024-11-09,Billing,Medium,4,Yes,15
T8470,C10259,2024-04-18,2024-04-19,Network,High,3,No,35
T8471,C14227,2024-09-10,2024-09-11,Network,High,4,Yes,39
T8472,C13020,2024-03-27,2024-03-27,Network,High,3,Yes,1
T8473,C12997,2024-03-24,2024-03-24,Technical,High,4,Yes,12
T8474,C13331,2024-12-01,2024-12-01,Billing,Medium,4,Yes,2
T8475,C10867,2024-08-12,2024-08-14,Billing,Low,4,Yes,48
T8476,C12097,2024-07-24,2024-07-24,Account,Low,4,No,1
T8477,C12482,2024-11-29,2024-11-29,Billing,Low,2,Yes,23
T8478,C10007,2024-02-18,2024-02-18,Billing,High,3,No,4
T8479,C10816,2024-03-31,2024-03-31,Account,High,5,Yes,13
T8480,C14714,2024-09-12,2024-09-12,Billing,Low,5,Yes,1
T8481,C14907,2024-12-25,2024-12-25,Billing,Low,3,No,14
T8482,C11982,2024-05-28,2024-05-28,Billing,Low,5,No,18
T8483,C12805,2024-08-26,2024-08-27,Billing,Critical,2,Yes,24
T8484,C13768,2024-04-22,2024-04-22,Network,Medium,5,Yes,15
T8485,C11433,2024-02-28,2024-02-29,Account,Medium,4,No,28
T8486,C14831,2024-08-13,2024-08-15,Account,Low,3,No,58
T8487,C10045,2024-09-03,2024-09-04,Technical,Low,3,Yes,46
T8488,C11110,2024-11-16,2024-11-16,Network,Low,4,No,1
T8489,C14059,2024-02-06,2024-02-08,Technical,High,3,Yes,60
T8490,C14956,2024-03-14,2024-03-14,Billing,High,5,Yes,4
T8491,C14015,2024-01-26,2024-01-27,Technical,Low,1,Yes,33
T8492,C13540,2024-03-10,2024-03-11,Network,High,5,Yes,24
T8493,C13395,2024-08-11,2024-08-11,Network,Medium,4,Yes,20
T8494,C13497,2024-11-03,2024-11-03,Technical,Low,3,Yes,5
T8495,C11220,2024-03-01,2024-03-01,Billing,Medium,3,Yes,3
T8496,C12205,2024-09-21,2024-09-21,Technical,Medium,4,Yes,8
T8497,C13425,2024-07-20,2024-07-21,Account,Medium,5,Yes,33
T8498,C13825,2024-01-28,2024-01-28,Technical,Low,4,Yes,7
T8499,C12183,2024-12-26,2024-12-26,Network,High,2,Yes,1
T8500,C14466,2024-07-16,2024-07-16,Technical,High,5,Yes,10
